retained_kv_memory_gb,answers,retained_context_tokens,token_budget,compression_ratio,answer_prefix,task,uncompressed_kv_memory_gb,uncompressed_kv_memory_mb,predicted_answer,memory_budget,context_tokens,max_new_tokens,memory_budget_unit,kv_memory_per_token_kb,split,retained_kv_memory_mb,question
0.255983616,"['2010 Senior Open Championship' '2014 Senior Open Championship'
 '2017 Senior Open Championship' '2018 Senior Open Championship'
 '2019 Senior Open Championship']",1736.0,1736.0,0.9855564430244942,Final Answer: ,qampari_128k,17.723031552,17723.031552,"1. **Title:** ""What competition is a Senior British Open Championship?""  
   **ID:** 1  

- The Senior British Open Championship is a competition in the sport of golf.  
- It is one of the major championships in the sport and is part of the European Tour's schedule.  
- The competition is open to senior players, typically those who are 50 years old or older.  
- It is held annually and is one of the most prestigious events for senior golfers",256.0,120192.0,256,MB,147.456,dev,255.983616,"====== Now let's start! ======
Based on the documents above, can you answer the following query? Print out the TITLE and ID of the documents you use to answer. Then format the answers into a list.
query: What competition is a Senior British Open Championship?
"
0.255983616,"['Anantaram' 'Kodiyettam' 'Mathilukal' 'Mukhamukham'
 'Oru Pennum Randaanum']",1736.0,1736.0,0.9855564430244942,Final Answer: ,qampari_128k,17.723031552,17723.031552,"1992 movie ""The Elephant Vanishes"" was screenwritten by Adoor Gopalakrishnan.

- TITLE: The Elephant Vanishes
- ID: 1992",256.0,120192.0,256,MB,147.456,dev,255.983616,"====== Now let's start! ======
Based on the documents above, can you answer the following query? Print out the TITLE and ID of the documents you use to answer. Then format the answers into a list.
query: Which movie was screenwritten by Adoor Gopalakrishan?
"
0.255983616,"['Bradstone' 'Lezant' 'Plymouth' 'St Stephens by Launceston Rural'
 'Werrington']",1736.0,1736.0,0.9855564430244942,Final Answer: ,qampari_128k,17.723031552,17723.031552,"

- **TITLE**: ""What is the name of the settlement that is next to the Tamar River?""  
  **ID**: 1  

The name of the settlement that is next to the Tamar River is not directly provided in the given documents. However, based on the context and the mention of the Tamar River, it is implied that the settlement in question is related to the Tamar River's proximity. Without specific names, the exact settlement cannot be determined from the provided information.",256.0,120192.0,256,MB,147.456,dev,255.983616,"====== Now let's start! ======
Based on the documents above, can you answer the following query? Print out the TITLE and ID of the documents you use to answer. Then format the answers into a list.
query: What is the name of the settlement that is next to the Tamar River?
"
0.255983616,['Agnes' 'Montague' 'Rover' 'Sherbrooke' 'Sir John Sherbrooke'],1736.0,1736.0,0.9855564430244942,Final Answer: ,qampari_128k,17.723031552,17723.031552,"1234567890
- **TITLE**: Ships registered in Nova Scotia
- **ID**: 1234567890

**Answer:**
- The ships registered in Nova Scotia are:
  - HMCS *Algonquin*
  - HMCS *Alta*
  - HMCS *Anticosti*
  - HMCS *Cape Breton*
  - HMCS *Cape Sable*
  - HMCS",256.0,120192.0,256,MB,147.456,dev,255.983616,"====== Now let's start! ======
Based on the documents above, can you answer the following query? Print out the TITLE and ID of the documents you use to answer. Then format the answers into a list.
query: Name the ships registered in Nova Scotia.
"
0.255983616,"['Allein zu dir, Herr Jesu Christ, BWV 33'
 'Ein feste Burg ist unser Gott, BWV 80'
 'O Ewigkeit, du Donnerwort, BWV 20'
 'Wachet auf, ruft uns die Stimme, BWV 140'
 'Wie schön leuchtet der Morgenstern, BWV 1']",1736.0,1736.0,0.9855564430244942,Final Answer: ,qampari_128k,17.723031552,17723.031552,"1. **Title:** ""Choral Cantata""  
   **ID:** 1  
   **Answer:** ""Choral Cantata"" is an example of a chorale cantata.  

2. **Title:** ""Chorale""  
   **ID:** 2  
   **Answer:** ""Chorale"" is an example of a chorale cantata.  

3. **Title:** ""Cantata""  
   **ID:** 3  
   **Answer:**",256.0,120192.0,256,MB,147.456,dev,255.983616,"====== Now let's start! ======
Based on the documents above, can you answer the following query? Print out the TITLE and ID of the documents you use to answer. Then format the answers into a list.
query: What composition is an example of a chorale cantata?
"
0.255983616,"['Alternate Americas' 'Alternate Empires' 'Alternate Heroes'
 'Alternate Wars' 'Nebula Awards Showcase 2000']",1736.0,1736.0,0.9855564430244942,Final Answer: ,qampari_128k,17.723031552,17723.031552,"1. TITLE: ""The 2006...""; ID: 1  
2. TITLE: ""The 2007...""; ID: 2  
3. TITLE: ""The 2008...""; ID: 3  
4. TITLE: ""The 2009...""; ID: 4  
5. TITLE: ""The 2010...""; ID: 5  

Gregory Benford edited the piece of writing titled",256.0,120192.0,256,MB,147.456,dev,255.983616,"====== Now let's start! ======
Based on the documents above, can you answer the following query? Print out the TITLE and ID of the documents you use to answer. Then format the answers into a list.
query: Gregory Benford edited what piece of writing?
"
0.255983616,"['Michele Serros' 'Paul Seaton' 'Sun Mingming' 'Terrance Dotsy'
 'Zack Thornton']",1736.0,1736.0,0.9855564430244942,Final Answer: ,qampari_128k,17.723031552,17723.031552,"

- **TITLE**: ""What's the name of a former student from Ventura College?""  
  **ID**: 1  

**Answer List**:  
- The name of a former student from Ventura College is not directly provided in the given documents. However, based on the context, it can be inferred that the former student might be related to the Ventura College mentioned in the document.  
- **TITLE**: ""What's the name of a former student from Ventura College?""  
  **ID**:",256.0,120192.0,256,MB,147.456,dev,255.983616,"====== Now let's start! ======
Based on the documents above, can you answer the following query? Print out the TITLE and ID of the documents you use to answer. Then format the answers into a list.
query: What's the name of a former student from Ventura College?
"
0.255983616,['Aung Min' 'Maung Maung Ohn' 'Myint Swe' 'San Yu' 'Thein Sein'],1736.0,1736.0,0.9855564430244942,Final Answer: ,qampari_128k,17.723031552,17723.031552,"1979-01-01, 1979-01-02

**Answer:**
- **Title:** ""Myanmar Army""  
  **ID:** 1979-01-01  
  **Content:** The document mentions that the Myanmar Army is a military force in Myanmar and that it has been involved in various conflicts and operations.

- **Title:** ""Myanmar Army""  
  **ID:** 197",256.0,120192.0,256,MB,147.456,dev,255.983616,"====== Now let's start! ======
Based on the documents above, can you answer the following query? Print out the TITLE and ID of the documents you use to answer. Then format the answers into a list.
query: What individual served in the Myanmar Army?
"
0.255983616,"['Chadron Public Library' 'Crawford County Courthouse'
 'Dr. A.O. Thomas House' 'Franklin County Courthouse'
 'Howard County Courthouse']",1736.0,1736.0,0.9855564430244942,Final Answer: ,qampari_128k,17.723031552,17723.031552,"1. Title: ""George A. Berlinghof"" - ID: 1  
2. Title: ""George A. Berlinghof"" - ID: 2  

**Answer:**
- George A. Berlinghof created the ""George A. Berlinghof"" structure.  
- George A. Berlinghof created the ""George A. Berlinghof"" structure.",256.0,120192.0,256,MB,147.456,dev,255.983616,"====== Now let's start! ======
Based on the documents above, can you answer the following query? Print out the TITLE and ID of the documents you use to answer. Then format the answers into a list.
query: What structures di George A. Berlinghof create?
"
0.255983616,"['Last of the Time Lords' 'Music of the Spheres'
 'The Unicorn and the Wasp' 'Time Crash' 'Voyage of the Damned']",1736.0,1736.0,0.9855564430244942,Final Answer: ,qampari_128k,17.723031552,17723.031552," [""Doctor Who"", ""DOCTORWHOWEB1""]

**Answer:**
- The show executively produced by Russell T Davies is ""Doctor Who"".",256.0,120192.0,256,MB,147.456,dev,255.983616,"====== Now let's start! ======
Based on the documents above, can you answer the following query? Print out the TITLE and ID of the documents you use to answer. Then format the answers into a list.
query: What show was executively produced by Russell T Davies?
"
0.255983616,"[""2018 Kentucky Bank Tennis Championships – Men's Singles""
 ""2018 Kunming Open – Men's Doubles""
 ""2018 Stockton Challenger – Men's Singles""
 ""2019 Burnie International – Men's Doubles""
 ""2019 Launceston Tennis International – Men's Singles""]",1736.0,1736.0,0.9855564430244942,Final Answer: ,qampari_128k,17.723031552,17723.031552,"1967 Wimbledon Championships

**Document Used:**
- TITLE: ""Lloyd Harris - Wikipedia""
- ID: 2",256.0,120192.0,256,MB,147.456,test,255.983616,"====== Now let's start! ======
Based on the documents above, can you answer the following query? Print out the TITLE and ID of the documents you use to answer. Then format the answers into a list.
query: Which competition did the tennis man Lloyd Harris win?
"
0.255983616,"['Dead Heavens' 'Gorilla Biscuits' 'Quicksand' 'Rival Schools'
 'Walking Concert']",1736.0,1736.0,0.9855564430244942,Final Answer: ,qampari_128k,17.723031552,17723.031552,"1. **Title:** ""The History of the Band""  
   **ID:** 1  
   **Answer:** Walter Schreifels was a member of the band **The Offspring**.

2. **Title:** ""The History of the Band""  
   **ID:** 1  
   **Answer:** Walter Schreifels was also a member of the band **The Vandals**.",256.0,120192.0,256,MB,147.456,test,255.983616,"====== Now let's start! ======
Based on the documents above, can you answer the following query? Print out the TITLE and ID of the documents you use to answer. Then format the answers into a list.
query: What groups was Walter Schreifels a member of?
"
0.255983616,['Arabsat-1A' 'Arabsat-1B' 'Arabsat-5A' 'Badr-4' 'INSAT-2DT'],1736.0,1736.0,0.9855564430244942,Final Answer: ,qampari_128k,17.723031552,17723.031552,"1. **Title**: Arab Satellite Communications Organization  
   **ID**: 1  
   **Answer**: The Arab Satellite Communications Organization owns the Arab Satellite, which is a communications satellite used by several Arab countries.",256.0,120192.0,256,MB,147.456,test,255.983616,"====== Now let's start! ======
Based on the documents above, can you answer the following query? Print out the TITLE and ID of the documents you use to answer. Then format the answers into a list.
query: What does the Arab Satellite Communications Organization own?
"
0.255983616,['Diplopedia' 'RationalWiki' 'Uncyclopedia' 'Veropedia' 'Wiktionary'],1736.0,1736.0,0.9855564430244942,Final Answer: ,qampari_128k,17.723031552,17723.031552,"1. **Title**: What are the existing wiki projects ?  
   **ID**: 1  
   **Answer**: The existing wiki projects include:  
   - Wikipedia (the main English-language general knowledge encyclopedia)  
   - Wiktionary (a multilingual, comprehensive dictionary)  
   - Wikisource (a free content repository of source texts)  
   - Wikispecies (a directory of animal, plant, and other life forms)  
   - Wikidata (a free knowledge",256.0,120192.0,256,MB,147.456,test,255.983616,"====== Now let's start! ======
Based on the documents above, can you answer the following query? Print out the TITLE and ID of the documents you use to answer. Then format the answers into a list.
query: What are the existing wiki projects ?
"
0.255983616,"['Chris McCormack' 'Chrissie Wellington' 'Helen Jenkins' 'Magali Messmer'
 'Pete Jacobs']",1736.0,1736.0,0.9855564430244942,Final Answer: ,qampari_128k,17.723031552,17723.031552,1987 - 1991 - 1993 - 1995 - 1997 - 1999 - 2001 - 2003 - 2005 - 2007 - 2009 - 2011 - 2013 - 2015 - 2017 - 2019 - 2021,256.0,120192.0,256,MB,147.456,test,255.983616,"====== Now let's start! ======
Based on the documents above, can you answer the following query? Print out the TITLE and ID of the documents you use to answer. Then format the answers into a list.
query: Who was a notable triathlete ?
"
0.255983616,['Ammonia' 'Collins reagent' 'Dimethylformamide' 'Ethanol' 'Sodium azide'],1736.0,1736.0,0.9855564430244942,Final Answer: ,qampari_128k,17.723031552,17723.031552,"1. **Title**: Reagent Compound List  
   **ID**: 1  
   - **Answer**: The existing reagent compounds include:  
     - Ethyl acetate  
     - Methanol  
     - Acetone  
     - Sodium hydroxide  
     - Hydrochloric acid  
     - Sodium chloride  
     - Distilled water  
     - Acetic acid  
     - Sodium bicarbonate  
     - Ethanol  

2. **Title**: Laboratory Reagent Inventory  
",256.0,120192.0,256,MB,147.456,test,255.983616,"====== Now let's start! ======
Based on the documents above, can you answer the following query? Print out the TITLE and ID of the documents you use to answer. Then format the answers into a list.
query: What are the existing reagent compounds ?
"
0.255983616,"['Byeongsan Seowon' 'Dosan Seowon' 'Oksan Seowon' 'Seoak Seowon'
 'Sosu Seowon']",1736.0,1736.0,0.9855564430244942,Final Answer: ,qampari_128k,17.723031552,17723.031552,"1. **Title:** Seowon (Confucian Academy)  
   **ID:** 1  
   - Seowon is a type of Confucian academy that emerged in the late Goryeo period and flourished during the Joseon dynasty. It was established to promote Confucian education and was often funded by local gentry or wealthy families. Notable examples include the Seowon of Kim, the Seowon of the Yangban, and the Seowon of",256.0,120192.0,256,MB,147.456,test,255.983616,"====== Now let's start! ======
Based on the documents above, can you answer the following query? Print out the TITLE and ID of the documents you use to answer. Then format the answers into a list.
query: What are some of the notable seowons ?
"
0.255983616,"[""2015 Wimbledon Championships – Boys' Singles""
 ""2016 Charlottesville Men's Pro Challenger – singles""
 '2018 BNP Paribas Primrose Bordeaux – singles'
 '2018 JSM Challenger of Champaign–Urbana – singles'
 '2018 Knoxville Challenger – singles']",1736.0,1736.0,0.9855564430244942,Final Answer: ,qampari_128k,17.723031552,17723.031552,"1997, Reilly Opelka emerged victorious in the sports competition of tennis. 

Document Used:
- TITLE: 1997, ID: 1997",256.0,120192.0,256,MB,147.456,test,255.983616,"====== Now let's start! ======
Based on the documents above, can you answer the following query? Print out the TITLE and ID of the documents you use to answer. Then format the answers into a list.
query: In which sports competition did Reilly Opelka emerge victorious?
"
0.255983616,"['Christian Peter' 'Howard Barbieri' 'Jeff Kunkel' 'Knowshon Moreno'
 'Melanie McGuire']",1736.0,1736.0,0.9855564430244942,Final Answer: ,qampari_128k,17.723031552,17723.031552,"1727

**Title:** Graduation Year of Middletown High School South  
**ID:** 1727",256.0,120192.0,256,MB,147.456,test,255.983616,"====== Now let's start! ======
Based on the documents above, can you answer the following query? Print out the TITLE and ID of the documents you use to answer. Then format the answers into a list.
query: Who graduated from Middletown High School South?
"
0.255983616,"['2015 Città di Caltanissetta – singles'
 '2016 Open Città della Disfida – singles' '2016 Stockholm Open – doubles'
 '2017 Internationaux de Tennis de Vendée – singles'
 '2017 Internazionali di Tennis del Friuli Venezia Giulia – singles']",1736.0,1736.0,0.9855564430244942,Final Answer: ,qampari_128k,17.723031552,17723.031552,"1. **Title:** ""Elias Ymer""  
   **ID:** 1  
   **Answer:** Elias Ymer won the competition of being the ""Elder"" in the novel ""The Elder, the Merchant, and the Scholar"".  

2. **Title:** ""Elias Ymer""  
   **ID:** 2  
   **Answer:** Elias Ymer also won the competition of being the ""Elder"" in the story.",256.0,120192.0,256,MB,147.456,test,255.983616,"====== Now let's start! ======
Based on the documents above, can you answer the following query? Print out the TITLE and ID of the documents you use to answer. Then format the answers into a list.
query: What competition did Elias Ymer win?
"
0.255983616,"['Antonio London' 'Bryan Morris' 'Dewon Brazelton' 'Dustin Lynch'
 'Jordan Sheffield']",1736.0,1736.0,0.9855564430244942,Final Answer: ,qampari_128k,17.723031552,17723.031552,"1. **Title:** Tullahoma High School Alumni  
   **ID:** 1  
   - **Answer:** Tullahoma High School alumni include notable figures such as General William ""Bull"" McCoy, who was a Confederate general during the American Civil War. Other alumni may include individuals who have graduated from the school and gone on to achieve success in various fields, though specific names are not provided in the given documents.",256.0,120192.0,256,MB,147.456,test,255.983616,"====== Now let's start! ======
Based on the documents above, can you answer the following query? Print out the TITLE and ID of the documents you use to answer. Then format the answers into a list.
query: Who are Tullahoma High School alumni?
"
0.255983616,"['Conditional release' 'Ghost' 'The Bright Day' 'The Sale'
 'The Traces of Light']",1736.0,1736.0,0.9855564430244942,Final Answer: ,qampari_128k,17.723031552,17723.031552,"1979

**Title:** 1979  
**ID:** 1979  
**Answer:** Hossein Shahabi was responsible for the production of the motion picture ""1979"".",256.0,120192.0,256,MB,147.456,test,255.983616,"====== Now let's start! ======
Based on the documents above, can you answer the following query? Print out the TITLE and ID of the documents you use to answer. Then format the answers into a list.
query: For which motion picture was Hossein Shahabi responsible for production?
"
0.255983616,['Ego Ferguson' 'Jerry Janes' 'Ron Rivera' 'Roquan Smith' 'Will Sutton'],1736.0,1736.0,0.9855564430244942,Final Answer: ,qampari_128k,17.723031552,17723.031552,"1977 Chicago Bears draft

**Title:** 1977 Chicago Bears draft  
**ID:** 1977 Chicago Bears draft  

**Answer:**
- The linebacker drafted by the Chicago Bears was likely a player from the 1977 draft.  
- Specific player names would require more detailed information from the document.",256.0,120192.0,256,MB,147.456,test,255.983616,"====== Now let's start! ======
Based on the documents above, can you answer the following query? Print out the TITLE and ID of the documents you use to answer. Then format the answers into a list.
query: What lineback was drafted by the Chicago Bears?
"
0.255983616,"['Chamarajendra Wadiyar X' 'Kanthirava Narasaraja I'
 'Kanthirava Narasaraja II' 'Krishnaraja Wadiyar II'
 'Krishnaraja Wadiyar III' 'Mir Ghulam Ali']",1736.0,1736.0,0.9855564430244942,Final Answer: ,qampari_128k,17.723031552,17723.031552,"1. **Title:** Who habitated the Kingdom of Mysore?  
   **ID:** 1  
   **Answer:** The Kingdom of Mysore was habitated by the people of the Mysore region, primarily the Kannada-speaking population. The region was historically ruled by the Wodeyar dynasty, which was of Kannada origin. The people who lived in the kingdom were known as Mysoreans, and they were part of the broader Kannada-speaking community in the",256.0,120192.0,256,MB,147.456,test,255.983616,"====== Now let's start! ======
Based on the documents above, can you answer the following query? Print out the TITLE and ID of the documents you use to answer. Then format the answers into a list.
query: Who habitated the Kingdom of Mysore?
"
0.255983616,"['Gourdou-Leseurre GL-812 HY' 'Gourdou-Leseurre GL-832 HY'
 'Gourdou-Leseurre GL.2' 'Gourdou-Leseurre GL.30' 'Gourdou-Leseurre GL.50']",1736.0,1736.0,0.9855564430244942,Final Answer: ,qampari_128k,17.723031552,17723.031552,"1. Title: ""Gourdou-Leseurre"" - ID: 1  
2. Title: ""Gourdou-Leseurre"" - ID: 2  

- A **guitar**  
- A **composition**",256.0,120192.0,256,MB,147.456,test,255.983616,"====== Now let's start! ======
Based on the documents above, can you answer the following query? Print out the TITLE and ID of the documents you use to answer. Then format the answers into a list.
query: What is something that Gourdou-Leseurre produced?
"
0.255983616,['Charles Eastman' 'Little Crow' 'Sitting Bull' 'Spotted Elk' 'Zitkala-Sa'],1736.0,1736.0,0.9855564430244942,Final Answer: ,qampari_128k,17.723031552,17723.031552,"1947

**Title:** The 1947 Season  
**ID:** 2

**Answer:**
- The 1947 Season document mentions that ""the 1947 season"" is being discussed, but it does not directly answer the query about who spoke Sioux as their mother tongue. However, it is implied that the context of the query relates to this document.

**Answer List:**
- The 1947 Season document does not explicitly",256.0,120192.0,256,MB,147.456,test,255.983616,"====== Now let's start! ======
Based on the documents above, can you answer the following query? Print out the TITLE and ID of the documents you use to answer. Then format the answers into a list.
query: Who spoke Sioux as their mother tongue?
"
0.255983616,['Amy Fote' 'Connor Walsh' 'Jun Shuang Huang' 'Simon Ball' 'Stanton Welch'],1736.0,1736.0,0.9855564430244942,Final Answer: ,qampari_128k,17.723031552,17723.031552,"1234567890  
**Title:** Who is employed by the Houston Ballet?  
**ID:** 1234567890  

**Answer List:**  
- The Houston Ballet employs individuals such as dancers, choreographers, and other staff members.  
- Specific names of employees are not provided in the given document.  
- The document indicates that the Houston Ballet has a team of professionals, including dancers and choreographers.",256.0,120192.0,256,MB,147.456,test,255.983616,"====== Now let's start! ======
Based on the documents above, can you answer the following query? Print out the TITLE and ID of the documents you use to answer. Then format the answers into a list.
query: Who is employed by the Houston Ballet?
"
0.255983616,"['Carlos García Cambón' 'Gustavo Alfaro' 'Jorge José Benítez'
 'Mario Fortunato' 'Miguel Ángel Russo']",1736.0,1736.0,0.9855564430244942,Final Answer: ,qampari_128k,17.723031552,17723.031552,"1986

**Title:** The 1986 World Cup: A Concise Yet Comprehensive Writting  
**ID:** 1986

- The 1986 World Cup was hosted by Argentina.
- The team that won the 1986 World Cup was Argentina.
- The coach of the 1986 World Cup-winning team was Mario Meaza.
- The 1986 World Cup is remembered for Argentina's dramatic victory",256.0,120192.0,256,MB,147.456,test,255.983616,"====== Now let's start! ======
Based on the documents above, can you answer the following query? Print out the TITLE and ID of the documents you use to answer. Then format the answers into a list.
query: Who provided coaching for the Boca Juniors athletic team?
"
0.255983616,"['After the Rain' ""Alice's Adventures in Wonderland""
 'An American in Paris' 'Carousel' 'Liturgy']",1736.0,1736.0,0.9855564430244942,Final Answer: ,qampari_128k,17.723031552,17723.031552,"1. **Title:** ""The Nutcracker""  
   **ID:** 1  
   **Answer:** ""The Nutcracker"" features dances that were choreographed by Christopher Wheeldon.  

2. **Title:** ""Swan Lake""  
   **ID:** 2  
   **Answer:** ""Swan Lake"" features dances that were choreographed by Christopher Wheeldon.  

3. **Title:** ""Giselle""  
   **ID:** 3  
   **",256.0,120192.0,256,MB,147.456,test,255.983616,"====== Now let's start! ======
Based on the documents above, can you answer the following query? Print out the TITLE and ID of the documents you use to answer. Then format the answers into a list.
query: Which ballet features dances were choreographed by Christopher Wheeldon?
"
0.255983616,"['Custodio Parcon' 'Domingo Deluana' 'Herminigildo Yurong'
 'Lolinato To-ong' 'Tomas Campo Jr.']",1736.0,1736.0,0.9855564430244942,Final Answer: ,qampari_128k,17.723031552,17723.031552,"

- **TITLE**: ""What famous person was remembered for serving in the Philippine Marine corps?""  
  **ID**: 1  

**Answer List**:  
- The famous person remembered for serving in the Philippine Marine Corps is **Clint Eastwood**.",256.0,120192.0,256,MB,147.456,test,255.983616,"====== Now let's start! ======
Based on the documents above, can you answer the following query? Print out the TITLE and ID of the documents you use to answer. Then format the answers into a list.
query: What famous person was remembered for serving in the Philippine Marine corps?
"
0.255983616,"['Asterix and Cleopatra' ""Asterix and the Chieftain's Shield""
 'Asterix and the Great Crossing' 'Asterix in Belgium' 'Obelix and Co.']",1736.0,1736.0,0.9855564430244942,Final Answer: ,qampari_128k,17.723031552,17723.031552,"1. **Title:** ""The Adventures of Tintin""  
   **ID:** 1  
   **Answer:** Albert Uderzo illustrated the comic ""The Adventures of Tintin.""",256.0,120192.0,256,MB,147.456,test,255.983616,"====== Now let's start! ======
Based on the documents above, can you answer the following query? Print out the TITLE and ID of the documents you use to answer. Then format the answers into a list.
query: Albert Uderzo illustrated what comic?
"
0.255983616,"['Battle Creek' 'Better Call Saul' 'Breaking Bad' 'The Lone Gunmen'
 'The X-Files']",1736.0,1736.0,0.9855564430244942,Final Answer: ,qampari_128k,17.723031552,17723.031552,"1234567890
TITLE: ""Breaking Bad"" - A Television Series
ID: 1234567890

Vince Gilligan was the executive producer of the television program ""Breaking Bad.""",256.0,120192.0,256,MB,147.456,test,255.983616,"====== Now let's start! ======
Based on the documents above, can you answer the following query? Print out the TITLE and ID of the documents you use to answer. Then format the answers into a list.
query: Vince Gilligan was the executive producer of what television program?
"
0.255983616,"['Ivo Babuška' 'Petr Vopěnka' 'Vlastimil Dlab' 'Věra Trnková'
 'Zdeněk Frolík']",1736.0,1736.0,0.9855564430244942,Final Answer: ,qampari_128k,17.723031552,17723.031552,"1937 - 1938 - ""Eduard Čech was the doctoral advisor to whom?"" - The answer is that Eduard Čech was the doctoral advisor to **Václav Šváber**.

- **TITLE**: 1937 - 1938
- **ID**: 1937-1938

**Answer List:**
- Eduard Čech was the doctoral advisor to V",256.0,120192.0,256,MB,147.456,test,255.983616,"====== Now let's start! ======
Based on the documents above, can you answer the following query? Print out the TITLE and ID of the documents you use to answer. Then format the answers into a list.
query: Eduard Čech was the doctoral advisor to whom?
"
0.255983616,"['MS European Seaway' 'MS Pride of Burgundy' 'MS Pride of Calais'
 'MS Pride of Dover' 'MS Spirit of France']",1736.0,1736.0,0.9855564430244942,Final Answer: ,qampari_128k,17.723031552,17723.031552,"1937-1947, Dover, England

**TITLE:** The Home Port of the Vessels  
**ID:** 1",256.0,120192.0,256,MB,147.456,test,255.983616,"====== Now let's start! ======
Based on the documents above, can you answer the following query? Print out the TITLE and ID of the documents you use to answer. Then format the answers into a list.
query: Which vessels had a home port of Dover?
"
0.255983616,['argon' 'helium' 'krypton' 'neon' 'xenon'],1736.0,1736.0,0.9855564430244942,Final Answer: ,qampari_128k,17.723031552,17723.031552,"1. **Title:** The Discovery of Argon, 1894  
   **ID:** 1  
   **Answer:** William Ramsey discovered argon, a noble gas, which was the first noble gas to be identified. This discovery was made in 1894 while he was researching the composition of air.

2. **Title:** The Discovery of Argon, 1894  
   **ID:** 2  
   **Answer:** William Ramsey discovered argon",256.0,120192.0,256,MB,147.456,test,255.983616,"====== Now let's start! ======
Based on the documents above, can you answer the following query? Print out the TITLE and ID of the documents you use to answer. Then format the answers into a list.
query: What did WIlliam Ramsey discover?
"
0.255983616,"['Detention River Christian Community' 'Elmendorf Christian Community'
 'Milltown Hutterite Colony' 'Owa Hutterite Colony' 'Schmiedeleut']",1736.0,1736.0,0.9855564430244942,Final Answer: ,qampari_128k,17.723031552,17723.031552,"1. **Title:** Hutterite colonies, 1910-1940  
   **ID:** 1  
   **Answer:** The Hutterite colonies identify themselves as Hutterite. They are religious communities that follow the teachings of the Anabaptist movement and are known for their communal living and agricultural practices.

2. **Title:** Hutterite colonies, 1910-1940  
   **ID:** 1  
   **",256.0,120192.0,256,MB,147.456,test,255.983616,"====== Now let's start! ======
Based on the documents above, can you answer the following query? Print out the TITLE and ID of the documents you use to answer. Then format the answers into a list.
query: What group or person identifies itself as Hutterite?
"
0.255983616,['Alice Lon' 'Elena Jahn' 'Paul Klee' 'Perry DeAngelis' 'Will Sampson'],1736.0,1736.0,0.9855564430244942,Final Answer: ,qampari_128k,17.723031552,17723.031552,"1979-00113

**Answer:**
- The cause of death was scleroderma for the individual whose ID is 1979-00113.",256.0,120192.0,256,MB,147.456,test,255.983616,"====== Now let's start! ======
Based on the documents above, can you answer the following query? Print out the TITLE and ID of the documents you use to answer. Then format the answers into a list.
query: Whose cause of death was scleroderma?
"
0.255983616,"[""2008 Pilot Pen Tennis – Men's Singles"" '2009 Chennai Open – singles'
 '2010 Aircel Chennai Open – singles' '2010 PBZ Zagreb Indoors – singles'
 '2011 St. Petersburg Open – singles']",1736.0,1736.0,0.9855564430244942,Final Answer: ,qampari_128k,17.723031552,17723.031552,"2017 Australian Open

**Document Used:**
- TITLE: 2017 Australian Open
- ID: 2",256.0,120192.0,256,MB,147.456,test,255.983616,"====== Now let's start! ======
Based on the documents above, can you answer the following query? Print out the TITLE and ID of the documents you use to answer. Then format the answers into a list.
query: Marin Čilić was the victor of which competition?
"
0.255983616,"['Agys Ramsaran Verma' 'Lokendra Singh' 'Mithlesh Kumar'
 'Mukund Lal Agrawal' 'Virendra Singh']",1736.0,1736.0,0.9855564430244942,Final Answer: ,qampari_128k,17.723031552,17723.031552,"1. **Title:** ""Who is a former student from Bareilly College?""  
   **ID:** 1

- **Answer:** The document does not provide specific information about former students from Bareilly College.",256.0,120192.0,256,MB,147.456,test,255.983616,"====== Now let's start! ======
Based on the documents above, can you answer the following query? Print out the TITLE and ID of the documents you use to answer. Then format the answers into a list.
query: Who is a former student from Bareilly College?
"
0.255983616,['Breakfast' 'Rush TV' 'Us Girls' 'Wazzup Wazzup' 'Y Speak'],1736.0,1736.0,0.9855564430244942,Final Answer: ,qampari_128k,17.723031552,17723.031552,"1970s TV Show

TITLE: 1970s TV Show  
ID: 2",256.0,120192.0,256,MB,147.456,test,255.983616,"====== Now let's start! ======
Based on the documents above, can you answer the following query? Print out the TITLE and ID of the documents you use to answer. Then format the answers into a list.
query: What TV show originally was broadcast by Studio 23?
"
0.255983616,"['Edward Kennion' 'Eleanor Coade' 'Theodora Cowan' 'William Pether'
 'William Wynne Ryland']",1736.0,1736.0,0.9855564430244942,Final Answer: ,qampari_128k,17.723031552,17723.031552,"1897

**TITLE:** The Society of Artists has which person as a member?  
**ID:** 1897  

**Answer:**  
The Society of Artists has the person mentioned in the document with ID 1897 as a member.",256.0,120192.0,256,MB,147.456,test,255.983616,"====== Now let's start! ======
Based on the documents above, can you answer the following query? Print out the TITLE and ID of the documents you use to answer. Then format the answers into a list.
query: The Society of Artists has which person as a member?
"
0.255983616,['Nirel' 'Oriyardori Asal' 'Rang' 'Sompa' 'Suddha'],1736.0,1736.0,0.9855564430244942,Final Answer: ,qampari_128k,17.723031552,17723.031552,"1977 movie ""Jaya"" originally had dialogue spoken in Tulu.

- TITLE: Jaya
- ID: 1977",256.0,120192.0,256,MB,147.456,test,255.983616,"====== Now let's start! ======
Based on the documents above, can you answer the following query? Print out the TITLE and ID of the documents you use to answer. Then format the answers into a list.
query: Which movie originally had dialogue spoken in Tulu?
"
0.255983616,"['Bright Eyes' 'Conor Oberst and the Mystic Valley Band' 'Desaparecidos'
 'Monsters of Folk' 'Park Ave.']",1736.0,1736.0,0.9855564430244942,Final Answer: ,qampari_128k,17.723031552,17723.031552,"1. **Title:** ""Conor Oberst is part of what musical group?""  
   **ID:** 1

- Conor Oberst is part of the musical group **The Mystic Valley Band**.",256.0,120192.0,256,MB,147.456,test,255.983616,"====== Now let's start! ======
Based on the documents above, can you answer the following query? Print out the TITLE and ID of the documents you use to answer. Then format the answers into a list.
query: Conor Oberst is part of what musical group?
"
0.255983616,"['1998 Asian Super Cup' '2015 King Cup Final' '2015 Saudi Super Cup'
 '2016 King Cup Final' '2017–18 Saudi Professional League']",1736.0,1736.0,0.9855564430244942,Final Answer: ,qampari_128k,17.723031552,17723.031552,"1. Title: ""Al-Nassr and the 2023 AFC Champions League"", ID: 1  
2. Title: ""Al-Nassr's Participation in the 2023 FIFA Club World Cup"", ID: 2  

**Answer:**
- Al-Nassr took part in the 2023 AFC Champions League.
- Al-Nassr also participated in the 2023 FIFA Club World Cup.",256.0,120192.0,256,MB,147.456,test,255.983616,"====== Now let's start! ======
Based on the documents above, can you answer the following query? Print out the TITLE and ID of the documents you use to answer. Then format the answers into a list.
query: Which contests did Al-Nassr take part in?
"
0.255983616,['Baojun 510' 'Baojun 530' 'Baojun 630' 'Baojun 730' 'Baojun E300'],1736.0,1736.0,0.9855564430244942,Final Answer: ,qampari_128k,17.723031552,17723.031552,"1. **Title:** Baojun - Wikipedia, **ID:** 1  
2. **Title:** Baojun - Wikipedia, **ID:** 1  
3. **Title:** Baojun - Wikipedia, **ID:** 1  

**Answer:**
- Baojun produces the Chevrolet Spark.",256.0,120192.0,256,MB,147.456,test,255.983616,"====== Now let's start! ======
Based on the documents above, can you answer the following query? Print out the TITLE and ID of the documents you use to answer. Then format the answers into a list.
query: What car does the brand Baojun produce?
"
0.255983616,['Bobby Hope' 'Harold Bodle' 'John Barton' 'Kevin Poole' 'Mick Walker'],1736.0,1736.0,0.9855564430244942,Final Answer: ,qampari_128k,17.723031552,17723.031552,"1997-01-01 - The person in charge of Burton Albion F.C. was the club's manager, who was also the chairman at the time of the merger with Walsall. 

Title: 1997-01-01 - Burton Albion F.C. merger with Walsall
ID: 1997-01-01

Answer:
- The person in charge of Burton Albion F.C. was",256.0,120192.0,256,MB,147.456,test,255.983616,"====== Now let's start! ======
Based on the documents above, can you answer the following query? Print out the TITLE and ID of the documents you use to answer. Then format the answers into a list.
query: What person was in charge of Burton Albion F.C.?
"
0.255983616,"['330 West 42nd Street' 'Ideal House' 'Ocean Forest Hotel'
 'Rockefeller Center' 'Scranton Cultural Center']",1736.0,1736.0,0.9855564430244942,Final Answer: ,qampari_128k,17.723031552,17723.031552,"1. **Title:** The Chrysler Building  
   **ID:** 1  
   **Answer:** Raymond Hood designed the Chrysler Building.  

2. **Title:** The Empire State Building  
   **ID:** 2  
   **Answer:** Raymond Hood designed the Empire State Building.  

3. **Title:** The Rockefeller Center  
   **ID:** 3  
   **Answer:** Raymond Hood designed the Rockefeller Center.  

4. **Title:** The Waldorf-Astoria  
   **",256.0,120192.0,256,MB,147.456,test,255.983616,"====== Now let's start! ======
Based on the documents above, can you answer the following query? Print out the TITLE and ID of the documents you use to answer. Then format the answers into a list.
query: Which architectural structure did Raymond Hood design?
"
0.255983616,"['Coppélia' 'La Vivandière or Markitenka' 'La source' 'Pâquerette'
 'The Little Humpbacked Horse']",1736.0,1736.0,0.9855564430244942,Final Answer: ,qampari_128k,17.723031552,17723.031552,"1. Title: ""Arthur Saint-Léon choreographed what kind of dance?"", ID: 1  
   - Arthur Saint-Léon choreographed contemporary and modern dance.",256.0,120192.0,256,MB,147.456,test,255.983616,"====== Now let's start! ======
Based on the documents above, can you answer the following query? Print out the TITLE and ID of the documents you use to answer. Then format the answers into a list.
query: Arthur Saint-Léon choreographed what kind of dance?
"
0.255983616,['Amdo Tibetan' 'Central Tibetan' 'Khams Tibetan' 'Ladakhi' 'Tibetan'],1736.0,1736.0,0.9855564430244942,Final Answer: ,qampari_128k,17.723031552,17723.031552," The language native to Tibet is Tibetan. 

Document Used:
- TITLE: Languages of China
- ID: 2",256.0,120192.0,256,MB,147.456,test,255.983616,"====== Now let's start! ======
Based on the documents above, can you answer the following query? Print out the TITLE and ID of the documents you use to answer. Then format the answers into a list.
query: Which language is native to Tibet?
"
0.255983616,"['Good Morning Britain' ""Hey, Hey, It's Saturday!"" 'The Shoe People'
 'Wacaday' 'Wide Awake Club']",1736.0,1736.0,0.9855564430244942,Final Answer: ,qampari_128k,17.723031552,17723.031552,"1970s TV show ""The Prisoner"" was originally on TV-AM.

**Document Used:**
- TITLE: The Prisoner (1967 TV series)
- ID: 2",256.0,120192.0,256,MB,147.456,test,255.983616,"====== Now let's start! ======
Based on the documents above, can you answer the following query? Print out the TITLE and ID of the documents you use to answer. Then format the answers into a list.
query: What TV show was originally on TV-AM?
"
0.255983616,"['Geita Gold Mine' 'Sadiola Gold Mine' 'Sunrise Dam Gold Mine'
 'TauTona Mine' 'Yatela Mine']",1736.0,1736.0,0.9855564430244942,Final Answer: ,qampari_128k,17.723031552,17723.031552,"1. **Title**: AngloGold Ashanti - A Global Mining Giant  
   **ID**: 1  
   **Answer**: AngloGold Ashanti owns the Mponeng Gold Mine, which is the world's deepest mine.

2. **Title**: AngloGold Ashanti - A Global Mining Giant  
   **ID**: 1  
   **Answer**: The Mponeng Gold Mine is owned by AngloGold Ashanti.",256.0,120192.0,256,MB,147.456,test,255.983616,"====== Now let's start! ======
Based on the documents above, can you answer the following query? Print out the TITLE and ID of the documents you use to answer. Then format the answers into a list.
query: Which facility does AngloGold Ashanti own?
"
0.255983616,['Auguste Piccard' 'Ben Franklin' 'F.-A. Forel' 'Goliath' 'Titan'],1736.0,1736.0,0.9855564430244942,Final Answer: ,qampari_128k,17.723031552,17723.031552,"1. **Title:** ""What items did Giovanola produce?""  
   **ID:** 1  

- The document does not provide specific information about the items produced by Giovanola. It only mentions that Giovanola is a name associated with a production or a list of items, but no details are given about what those items are.",256.0,120192.0,256,MB,147.456,test,255.983616,"====== Now let's start! ======
Based on the documents above, can you answer the following query? Print out the TITLE and ID of the documents you use to answer. Then format the answers into a list.
query: What items did Giovanola produce?
"
0.255983616,"['Adam Wakeman' 'Geoff Nicholls' 'Neil Murray' 'Tony Martin'
 'Vinny Appice']",1736.0,1736.0,0.9855564430244942,Final Answer: ,qampari_128k,17.723031552,17723.031552,"1. **Title:** Black Sabbath - Wikipedia  
   **ID:** 1  
   **Answer:** Black Sabbath had Tony Iommi as a member.

2. **Title:** Black Sabbath - Wikipedia  
   **ID:** 1  
   **Answer:** Black Sabbath had Geezer Butler as a member.

3. **Title:** Black Sabbath - Wikipedia  
   **ID:** 1  
   **Answer:** Black Sabbath had Bill Ward as a member.

4. **Title:** Black Sabbath",256.0,120192.0,256,MB,147.456,test,255.983616,"====== Now let's start! ======
Based on the documents above, can you answer the following query? Print out the TITLE and ID of the documents you use to answer. Then format the answers into a list.
query: Black Sabbath had who as a member?
"
0.255983616,"['633 Squadron' 'The Great Escape' 'The Satan Bug' 'To Sir, with Love'
 'Walk Like a Dragon']",1736.0,1736.0,0.9855564430244942,Final Answer: ,qampari_128k,17.723031552,17723.031552,"1. **Title:** ""The Great Escape"", **ID:** 1  
2. **Title:** ""The Terminal Man"", **ID:** 2",256.0,120192.0,256,MB,147.456,test,255.983616,"====== Now let's start! ======
Based on the documents above, can you answer the following query? Print out the TITLE and ID of the documents you use to answer. Then format the answers into a list.
query: James Clavell was screenwriter for what movie?
"
0.255983616,"['Bad Astronaut' ""Joey Cape's Bad Loud"" 'Lagwagon'
 'Me First and the Gimme Gimmes' 'The Playing Favorites']",1736.0,1736.0,0.9855564430244942,Final Answer: ,qampari_128k,17.723031552,17723.031552,"1. **Title:** ""Joey Cape is part of what musical group?""  
   **ID:** 1

- Joey Cape is part of the musical group **The Strayers**.",256.0,120192.0,256,MB,147.456,test,255.983616,"====== Now let's start! ======
Based on the documents above, can you answer the following query? Print out the TITLE and ID of the documents you use to answer. Then format the answers into a list.
query: Joey Cape is part of what musical group?
"
0.255983616,"['Blaine Island' 'Magic Island' 'Scotts Island' 'Tyler Island'
 'Wilson Island (West Virginia)']",1736.0,1736.0,0.9855564430244942,Final Answer: ,qampari_128k,17.723031552,17723.031552,"1. **Title:** Kanawha River - Wikipedia  
   **ID:** 1  
   **Answer:** The geographic entity next to the Kanawha River is the state of West Virginia.

2. **Title:** Kanawha River - Wikipedia  
   **ID:** 2  
   **Answer:** The geographic entity next to the Kanawha River is the state of West Virginia.",256.0,120192.0,256,MB,147.456,test,255.983616,"====== Now let's start! ======
Based on the documents above, can you answer the following query? Print out the TITLE and ID of the documents you use to answer. Then format the answers into a list.
query: What geographic entity is next to Kanawha River?
"
0.255983616,"['Arthur Mann' 'George Kerr' 'Jimmy Cringan' ""Ray O'Brien"" 'Rob Scott']",1736.0,1736.0,0.9855564430244942,Final Answer: ,qampari_128k,17.723031552,17723.031552,"1234567890  
**Title:** Who was the coach of Boston United FC?  
**ID:** 1234567890  

**Answer List:**  
- The coach of Boston United FC was not explicitly mentioned in the provided documents. However, based on the information given, it appears that the coach might be associated with the team through the context of the ""Boston United"" reference. Further details would be needed to confirm the specific coach",256.0,120192.0,256,MB,147.456,test,255.983616,"====== Now let's start! ======
Based on the documents above, can you answer the following query? Print out the TITLE and ID of the documents you use to answer. Then format the answers into a list.
query: Who was the coach of Boston United FC?
"
0.255983616,"['Colton Greene' 'David Rice Atchison' 'Frank James' 'M. Jeff Thompson'
 'Sterling Price']",1736.0,1736.0,0.9855564430244942,Final Answer: ,qampari_128k,17.723031552,17723.031552,"

**Document Used:**
- TITLE: ""Who is within the Missouri State Guard?""
- ID: 1

**Answer:**
- The Missouri State Guard includes individuals who are part of the Missouri National Guard, as well as those who are members of the Army National Guard and Air National Guard. It also encompasses individuals who are part of the state's military reserve forces.",256.0,120192.0,256,MB,147.456,test,255.983616,"====== Now let's start! ======
Based on the documents above, can you answer the following query? Print out the TITLE and ID of the documents you use to answer. Then format the answers into a list.
query: Who is within the Missouri State Guard?
"
0.255983616,"['Death Stalks the Night' 'Sleep No More' 'Three Tales of Horror'
 'Who Knocks?' 'Worse Things Waiting']",1736.0,1736.0,0.9855564430244942,Final Answer: ,qampari_128k,17.723031552,17723.031552,"1. **Title:** ""The Literature of Illustration"" **ID:** 3  
2. **Title:** ""Illustration in Literature"" **ID:** 5  

The piece of literature that featured illustrations by Lee Brown Coye is ""The Literature of Illustration"".",256.0,120192.0,256,MB,147.456,test,255.983616,"====== Now let's start! ======
Based on the documents above, can you answer the following query? Print out the TITLE and ID of the documents you use to answer. Then format the answers into a list.
query: What piece of literature featured illustrations by Lee Brown Coye?
"
0.255983616,"['Black Thorn, White Rose' 'Ruby Slippers, Golden Tears'
 'Salon Fantastique' 'Snow White, Blood Red'
 ""Year's Best Fantasy and Horror""]",1736.0,1736.0,0.9855564430244942,Final Answer: ,qampari_128k,17.723031552,17723.031552,"1987-01-01, 1987-01-02, 1987-01-03, 1987-01-04, 1987-01-05, 1987-01-06, 1987-01-07, 1987-01-08, 1987",256.0,120192.0,256,MB,147.456,test,255.983616,"====== Now let's start! ======
Based on the documents above, can you answer the following query? Print out the TITLE and ID of the documents you use to answer. Then format the answers into a list.
query: Which work of literature did Terri Windling edit?
"
0.255983616,['Central Ojibwa' 'Eastern Ojibwa' 'Mohawk' 'Northwestern Ojibwa' 'Oneida'],1736.0,1736.0,0.9855564430244942,Final Answer: ,qampari_128k,17.723031552,17723.031552,"1. **Title:** What is Ontario's native language ?  
   **ID:** 1  
   **Answer:** Ontario's native language is English.",256.0,120192.0,256,MB,147.456,test,255.983616,"====== Now let's start! ======
Based on the documents above, can you answer the following query? Print out the TITLE and ID of the documents you use to answer. Then format the answers into a list.
query: What is Ontario's native language ?
"
0.255983616,"['Florida State Road 112' 'Florida State Road 836'
 'Florida State Road 874' 'Florida State Road 878'
 'Florida State Road 924']",1736.0,1736.0,0.9855564430244942,Final Answer: ,qampari_128k,17.723031552,17723.031552,"1. **Title:** Miami-Dade Expressway Authority (MDX)  
   **ID:** 1  
   **Answer:** The Miami-Dade Expressway Authority (MDX) keeps the structures of the expressways in good working condition.  

2. **Title:** Florida's Turnpike  
   **ID:** 2  
   **Answer:** The structure of Florida's Turnpike, including its bridges and tunnels, is maintained in good working condition by the authority.  

3. **",256.0,120192.0,256,MB,147.456,test,255.983616,"====== Now let's start! ======
Based on the documents above, can you answer the following query? Print out the TITLE and ID of the documents you use to answer. Then format the answers into a list.
query: What structures does the Miami-Dade Expressway Authority keep in good working condition?
"
0.255983616,['Aneroid Lake' 'Bonny Lakes' 'Dollar Lake' 'Legore Lake' 'Roger Lake'],1736.0,1736.0,0.9855564430244942,Final Answer: ,qampari_128k,17.723031552,17723.031552,"1. **Title:** Landforms in the Eagle Cap Wilderness  
   **ID:** 2  
   2. **Title:** Eagle Cap Wilderness  
   **ID:** 3  
   3. **Title:** Landforms in the Eagle Cap Wilderness  
   **ID:** 4  

   **Answer List:**  
   - The Eagle Cap is a landform located in the protected area Eagle Cap Wilderness.  
   - The Eagle Cap is a prominent mountain in the Eagle Cap Wilderness.",256.0,120192.0,256,MB,147.456,test,255.983616,"====== Now let's start! ======
Based on the documents above, can you answer the following query? Print out the TITLE and ID of the documents you use to answer. Then format the answers into a list.
query: Which landform is located in the protected area Eagle Cap Wilderness?
"
0.255983616,"['A Girl Worth Fighting For' 'Beautiful Disaster' 'Break My Stride'
 'Honor to Us All' 'Mulan' 'Reflection']",1736.0,1736.0,0.9855564430244942,Final Answer: ,qampari_128k,17.723031552,17723.031552,"1234567890
TITLE: ""What tracks did Matthew Wilder compose?""
ID: 1234567890

- ""What tracks did Matthew Wilder compose?""",256.0,120192.0,256,MB,147.456,test,255.983616,"====== Now let's start! ======
Based on the documents above, can you answer the following query? Print out the TITLE and ID of the documents you use to answer. Then format the answers into a list.
query: What tracks did Matthew Wilder compose?
"
0.255983616,"['Bee and PuppyCat' 'Castlevania' 'My Life as a Teenage Robot'
 'Oh Yeah! Cartoons' 'Random! Cartoons']",1736.0,1736.0,0.9855564430244942,Final Answer: ,qampari_128k,17.723031552,17723.031552,"1. **Title:** ""What TV show did Frederator Studios produce?""  
   **ID:** 1  

- **The Adventures of Jimmy Neutron: Boy Genius**  
  - **Title:** The Adventures of Jimmy Neutron: Boy Genius  
  - **ID:** 2  

- **The Adventures of Jimmy Neutron: Boy Genius**  
  - **Title:** The Adventures of Jimmy Neutron: Boy Genius  
  - **ID:** 2",256.0,120192.0,256,MB,147.456,test,255.983616,"====== Now let's start! ======
Based on the documents above, can you answer the following query? Print out the TITLE and ID of the documents you use to answer. Then format the answers into a list.
query: What TV show did Frederator Studios produce?
"
0.255983616,"['Curtis Brown' 'David Paulson' 'Devin Bush Jr.' 'Joshua Dobbs'
 'Mason Rudolph']",1736.0,1736.0,0.9855564430244942,Final Answer: ,qampari_128k,17.723031552,17723.031552,"1997-01-01  
**Title:** 1997 Pittsburgh Steelers season  
**ID:** 1997-01-01  
**Answer:** The Pittsburgh Steelers drafted players during the 1997 season, but the specific names of the players drafted are not provided in the given document.  

**Title:** 1997 Pittsburgh Steelers season  
**ID:** 1997-01-01  
**",256.0,120192.0,256,MB,147.456,test,255.983616,"====== Now let's start! ======
Based on the documents above, can you answer the following query? Print out the TITLE and ID of the documents you use to answer. Then format the answers into a list.
query: The Pittsburgh Steelers drafted whom?
"
0.255983616,['Rassilon' 'Romana' 'Susan Foreman' 'The Doctor' 'The Master'],1736.0,1736.0,0.9855564430244942,Final Answer: ,qampari_128k,17.723031552,17723.031552,"1. TITLE: ""Doctor Who: The Ninth Doctor"", ID: 1  
2. TITLE: ""Doctor Who: The Tenth Doctor"", ID: 2  
3. TITLE: ""Doctor Who: The Eleventh Doctor"", ID: 3  
4. TITLE: ""Doctor Who: The Twelfth Doctor"", ID: 4  
5. TITLE: ""Doctor Who: The Thirteenth Doctor"", ID: 5  

The character whose native language was Gallifreyan",256.0,120192.0,256,MB,147.456,test,255.983616,"====== Now let's start! ======
Based on the documents above, can you answer the following query? Print out the TITLE and ID of the documents you use to answer. Then format the answers into a list.
query: Which character's native language was Gallifreyan?
"
0.255983616,"['Frank Kitto' 'John Toohey' 'Michael McHugh' 'Patrick Keane'
 'William Deane']",1736.0,1736.0,0.9855564430244942,Final Answer: ,qampari_128k,17.723031552,17723.031552,"1. TITLE: ""The High Court of Australia"", ID: 1  
2. TITLE: ""The High Court of Australia"", ID: 2  

The High Court of Australia was served by Justices such as Sir Samuel Griffith, who was a member of the High Court. The High Court of Australia also included Justices like Sir Isaac Isaacs and Justice Sir Owen Dixon, who were involved in significant decisions and served as part of the court's judiciary.",256.0,120192.0,256,MB,147.456,test,255.983616,"====== Now let's start! ======
Based on the documents above, can you answer the following query? Print out the TITLE and ID of the documents you use to answer. Then format the answers into a list.
query: Who served on the High Court of Australia as a Justice?
"
0.255983616,['Dan Panosian' 'Jim Zub' 'Marc Silvestri' 'Riley Rossmo' 'Sam Liu'],1736.0,1736.0,0.9855564430244942,Final Answer: ,qampari_128k,17.723031552,17723.031552,1000000000000000000000000000000000000000000000000000000000000000000000000000000000000000000000000000,256.0,120192.0,256,MB,147.456,test,255.983616,"====== Now let's start! ======
Based on the documents above, can you answer the following query? Print out the TITLE and ID of the documents you use to answer. Then format the answers into a list.
query: Who is employed by Image Comics?
"
0.255983616,"['Aattakatha' 'Onnum Mindatha Bharya' 'Paavam Poornima'
 'Thakilu Kottampuram' 'Visa']",1736.0,1736.0,0.9855564430244942,Final Answer: ,qampari_128k,17.723031552,17723.031552,"1977 - Star Wars: Episode IV - A New Hope

**Title:** Star Wars: Episode IV - A New Hope  
**ID:** 1977 - Star Wars: Episode IV - A New Hope",256.0,120192.0,256,MB,147.456,test,255.983616,"====== Now let's start! ======
Based on the documents above, can you answer the following query? Print out the TITLE and ID of the documents you use to answer. Then format the answers into a list.
query: What movie did Balu Kiriyath screenwrite for?
"
0.255983616,"[""Brock's Monument"" 'Old City Hall'
 ""St Matthew's Church, Duddeston and Nechells"" ""St. Michael's Cathedral""
 ""St. Paul's Presbyterian Church""]",1736.0,1736.0,0.9855564430244942,Final Answer: ,qampari_128k,17.723031552,17723.031552,"1. Title: ""The Buildings of William Thomas"", ID: D123  
2. Title: ""William Thomas: Architect and Designer"", ID: D456  
3. Title: ""Design Contributions of William Thomas"", ID: D789  

**Answer:**
- William Thomas designed the following buildings:  
  1. The main building of the university campus.  
  2. The library complex with modern architectural features.  
  3. The administrative",256.0,120192.0,256,MB,147.456,test,255.983616,"====== Now let's start! ======
Based on the documents above, can you answer the following query? Print out the TITLE and ID of the documents you use to answer. Then format the answers into a list.
query: What buildings did William Thomas design?
"
0.255983616,"['1982 World Snooker Championship' '2002 World Snooker Championship'
 '2003 World Snooker Championship' '2004 World Snooker Championship'
 '2005 World Snooker Championship']",1736.0,1736.0,0.9855564430244942,Final Answer: ,qampari_128k,17.723031552,17723.031552,"1970 World Cup

**Title:** The 1970 World Cup  
**ID:** 1970-World-Cup",256.0,120192.0,256,MB,147.456,test,255.983616,"====== Now let's start! ======
Based on the documents above, can you answer the following query? Print out the TITLE and ID of the documents you use to answer. Then format the answers into a list.
query: Embassy sponsored what competition?
"
0.255983616,"['Italian aircraft carrier Cavour'
 'Italian aircraft carrier Giuseppe Garibaldi'
 'Italian battleship Littorio' 'Italian battleship Roma' 'Vittorio Veneto']",1736.0,1736.0,0.9855564430244942,Final Answer: ,qampari_128k,17.723031552,17723.031552,"1234567890  
**Title:** What marine vessel was based out of Taranto?  
**ID:** 1234567890  

**Answer:**  
The marine vessel based out of Taranto is the ""San Giorgio"".",256.0,120192.0,256,MB,147.456,test,255.983616,"====== Now let's start! ======
Based on the documents above, can you answer the following query? Print out the TITLE and ID of the documents you use to answer. Then format the answers into a list.
query: What marine vessel was based out of Taranto?
"
0.255983616,"['Broken Horses' 'Mission Kashmir' 'Murder at Monkey Hill' 'Parinda'
 'Shikara']",1736.0,1736.0,0.9855564430244942,Final Answer: ,qampari_128k,17.723031552,17723.031552,"1. **Title:** ""Vidhu Vinod Chopra directed which film?""  
   **ID:** 1

- **Answer:** Vidhu Vinod Chopra directed the film ""Munna Bhai M.B.B.C.""",256.0,120192.0,256,MB,147.456,test,255.983616,"====== Now let's start! ======
Based on the documents above, can you answer the following query? Print out the TITLE and ID of the documents you use to answer. Then format the answers into a list.
query: Vidhu Vinod Chopra directed which film?
"
0.255983616,"['Anne Begg' 'Joseph Fairweather Lamb' 'Kevin Thomson' 'Kirstene Hair'
 'Robert Watson-Watt']",1736.0,1736.0,0.9855564430244942,Final Answer: ,qampari_128k,17.723031552,17723.031552,"1983

**Title:** The 1983 American Basketball Association Season  
**ID:** 1

**Title:** The 1983 American Basketball Association Season  
**ID:** 1

- **Answer:** The 1983 American Basketball Association Season document mentions that ""the 1983 season"" was part of the history of the league, but it does not specifically name any graduates of Brechin High School. However, the document titled """,256.0,120192.0,256,MB,147.456,test,255.983616,"====== Now let's start! ======
Based on the documents above, can you answer the following query? Print out the TITLE and ID of the documents you use to answer. Then format the answers into a list.
query: Who was a graduate of Brechin High School?
"
0.255983616,"['Adam and Eve' 'Column X' 'Peter the Mariner'
 ""We'll Meet Again in the Heimat"" 'You Walk So Softly']",1736.0,1736.0,0.9855564430244942,Final Answer: ,qampari_128k,17.723031552,17723.031552,"1. **Title:** The film produced by Reinhold Schünzel is ""The Man from Toronto"". **ID:** 1234567890

2. **Title:** The film produced by Reinhold Schünzel is ""The Man from Toronto"". **ID:** 1234567890

**Answer List:**
- The name of the film produced by Reinhold Schünzel is ""The Man from Toronto"".",256.0,120192.0,256,MB,147.456,test,255.983616,"====== Now let's start! ======
Based on the documents above, can you answer the following query? Print out the TITLE and ID of the documents you use to answer. Then format the answers into a list.
query: What's the name of the film produced by Reinhold Schünzel?
"
0.255983616,"['Ace of Diamond' 'Attack on Titan' 'Giant Killing' 'Monster Soul'
 'The Seven Deadly Sins']",1736.0,1736.0,0.9855564430244942,Final Answer: ,qampari_128k,17.723031552,17723.031552,"1. **Title:** ""Kodansha USA published what literary works?""  
   **ID:** 1  

- **Title:** ""Kodansha USA published what literary works?""  
  **ID:** 1  
  **Answer:** Kodansha USA published literary works such as ""The Art of Japanese Cooking"" and ""The Art of Japanese Garden Design.""",256.0,120192.0,256,MB,147.456,test,255.983616,"====== Now let's start! ======
Based on the documents above, can you answer the following query? Print out the TITLE and ID of the documents you use to answer. Then format the answers into a list.
query: Kodansha USA published what literary works?
"
0.255983616,['Aung San Suu Kyi' 'Bamar' 'Min Aung Hlaing' 'Saw Wai' 'Win Tin'],1736.0,1736.0,0.9855564430244942,Final Answer: ,qampari_128k,17.723031552,17723.031552,"1983-09-09-1  
**Title:** 1983-09-09-1  
**ID:** 1983-09-09-1  

- **Title:** 1983-09-09-1  
**ID:** 1983-09-09-1  
**Answer:** The document mentions that ""the speaker was a native speaker of Burmese",256.0,120192.0,256,MB,147.456,test,255.983616,"====== Now let's start! ======
Based on the documents above, can you answer the following query? Print out the TITLE and ID of the documents you use to answer. Then format the answers into a list.
query: Who was a native speaker of Burmese?
"
0.255983616,"['Anthony Lombard' 'Joshua Hassan' 'Julio Alcantara' 'Olga Zammitt'
 'Solomon Levy']",1736.0,1736.0,0.9855564430244942,Final Answer: ,qampari_128k,17.723031552,17723.031552,"1234567890
TITLE: List of Mayors of Gibraltar
ID: 1234567890
- **TITLE**: List of Mayors of Gibraltar  
  **ID**: 1234567890  
  **Answer**:  
  - Sir Robert S. W. W. W. W. W. W. W. W. W. W. W. W. W. W.",256.0,120192.0,256,MB,147.456,test,255.983616,"====== Now let's start! ======
Based on the documents above, can you answer the following query? Print out the TITLE and ID of the documents you use to answer. Then format the answers into a list.
query: List all the Mayors of Gibraltar?
"
0.255983616,"['Aled Jones' 'Gethin Jones' 'Helen Carnell' 'John Stapleton'
 'Laura Tobin']",1736.0,1736.0,0.9855564430244942,Final Answer: ,qampari_128k,17.723031552,17723.031552,"2023-09-05-01  
**Title:** What journalist is featured on the show ITV breakfast?  
**ID:** 2023-09-05-01  

The journalist featured on the show ITV Breakfast is **Richard Richardson**.",256.0,120192.0,256,MB,147.456,test,255.983616,"====== Now let's start! ======
Based on the documents above, can you answer the following query? Print out the TITLE and ID of the documents you use to answer. Then format the answers into a list.
query: What journalist is featured on the show ITV breakfast?
"
0.255983616,"['Gulzar Uddin Ahmed' 'Md Mahfuzur Rahman' 'Moinul Hossain Chowdhury'
 'Rezzakul Haider Chowdhury' 'Shamsul Haque']",1736.0,1736.0,0.9855564430244942,Final Answer: ,qampari_128k,17.723031552,17723.031552," The Bangladesh Army military branch contains the person **Abdul Kalam Azad**.

**Document Used:**
- TITLE: ""Bangladesh Army""
- ID: 2",256.0,120192.0,256,MB,147.456,test,255.983616,"====== Now let's start! ======
Based on the documents above, can you answer the following query? Print out the TITLE and ID of the documents you use to answer. Then format the answers into a list.
query: The Bangladesh Army military branch contains what person?
"
0.255983616,"['Barreiro/Anhemas Sustainable Development Reserve'
 'Caverna do Diabo State Park'
 'Pinheirinhos Sustainable Development Reserve'
 'Quilombos de Barra do Turvo Sustainable Development Reserve'
 'Rio Turvo State Park']",1736.0,1736.0,0.9855564430244942,Final Answer: ,qampari_128k,17.723031552,17723.031552,"1. **Title:** Barra do Turvo  
   **ID:** 1  
   **Answer:** Barra do Turvo is a geographical feature, specifically a coastal village and a beach area, located in the state of Paraná, Brazil. It is situated along the coast of the Atlantic Ocean, near the mouth of the Turvo River.

2. **Title:** Barra do Turvo  
   **ID:** 2  
   **Answer:** Barra do Turvo is a",256.0,120192.0,256,MB,147.456,test,255.983616,"====== Now let's start! ======
Based on the documents above, can you answer the following query? Print out the TITLE and ID of the documents you use to answer. Then format the answers into a list.
query: What geographical feature is located in or around Barra do Turvo?
"
0.255983616,"['Conan the Barbarian' 'Exeter' 'Frankenstein' 'Friday the 13th'
 'The Texas Chainsaw Massacre']",1736.0,1736.0,0.9855564430244942,Final Answer: ,qampari_128k,17.723031552,17723.031552,"1. Title: ""The Faculty"", ID: 1  
2. Title: ""The Wicker Man"", ID: 2",256.0,120192.0,256,MB,147.456,test,255.983616,"====== Now let's start! ======
Based on the documents above, can you answer the following query? Print out the TITLE and ID of the documents you use to answer. Then format the answers into a list.
query: What movies was Marcus Nispel the director of?
"
0.255983616,"[""2006 Australian Open – Women's Doubles""
 ""2006 Ordina Open – Women's Doubles""
 '2008 Internationaux de Strasbourg – doubles'
 ""2008 Medibank International – Women's Doubles""
 '2010 MPS Group Championships – doubles']",1736.0,1736.0,0.9855564430244942,Final Answer: ,qampari_128k,17.723031552,17723.031552,"2006 Chinese Open

**Document Used:**
- TITLE: ""Yan Zi Wins 2006 Chinese Open""
- ID: 1",256.0,120192.0,256,MB,147.456,test,255.983616,"====== Now let's start! ======
Based on the documents above, can you answer the following query? Print out the TITLE and ID of the documents you use to answer. Then format the answers into a list.
query: What tennis competition was won by Yan Zi?
"
0.255983616,['Black Panther' 'Dora Milaje' 'Man-Ape' 'Okoye' 'Storm'],1736.0,1736.0,0.9855564430244942,Final Answer: ,qampari_128k,17.723031552,17723.031552,"1. **Title:** ""Who possesses citizenship from Wakanda?""  
   **ID:** 1  

- **Answer:** The document indicates that the character ""Kathleen"" possesses citizenship from Wakanda.",256.0,120192.0,256,MB,147.456,test,255.983616,"====== Now let's start! ======
Based on the documents above, can you answer the following query? Print out the TITLE and ID of the documents you use to answer. Then format the answers into a list.
query: Who possesses citizenship from Wakanda?
"
0.255983616,"['Beached Az' 'Maximum Choppage' 'Review with Myles Barlow' 'Soul Mates'
 'Twentysomething']",1736.0,1736.0,0.9855564430244942,Final Answer: ,qampari_128k,17.723031552,17723.031552,"1. **Title:** ""The Adventures of Jimmy Neutron: Boy Genius""  
   **ID:** 1  
   **Answer:** ""The Adventures of Jimmy Neutron: Boy Genius"" originally aired on ABC2.",256.0,120192.0,256,MB,147.456,test,255.983616,"====== Now let's start! ======
Based on the documents above, can you answer the following query? Print out the TITLE and ID of the documents you use to answer. Then format the answers into a list.
query: Which TV show originally aired on ABC2?
"
0.255983616,"['Battles of Destiny' 'Conquered Kingdoms' ""Solitaire's Journey""
 'The Grandest Fleet' 'The Perfect General']",1736.0,1736.0,0.9855564430244942,Final Answer: ,qampari_128k,17.723031552,17723.031552,"1. **Title:** ""Quantum Quality Productions published what piece of writing?""  
   **ID:** 1

- **Answer:** Quantum Quality Productions published the piece of writing titled ""Quantum Quality Productions published what piece of writing?"" (This is a self-referential question and does not correspond to a specific document or piece of writing outside of the provided context.)",256.0,120192.0,256,MB,147.456,test,255.983616,"====== Now let's start! ======
Based on the documents above, can you answer the following query? Print out the TITLE and ID of the documents you use to answer. Then format the answers into a list.
query: Quantum Quality Productions published what piece of writing?
"
0.255983616,['Bob Knuth' 'Henry Mazer' 'Philip Farkas' 'Ray Still' 'Theodore Thomas'],1736.0,1736.0,0.9855564430244942,Final Answer: ,qampari_128k,17.723031552,17723.031552,"1947, the Chicago Symphony Orchestra was founded by the composer and conductor, which is the answer to the query. The title of the document is ""The Chicago Symphony Orchestra employs whom?"" and the ID is 1. 

- **Title**: The Chicago Symphony Orchestra employs whom?
- **ID**: 1

**Answer List**:
- The Chicago Symphony Orchestra employs the composer and conductor.",256.0,120192.0,256,MB,147.456,test,255.983616,"====== Now let's start! ======
Based on the documents above, can you answer the following query? Print out the TITLE and ID of the documents you use to answer. Then format the answers into a list.
query: The Chicago Symphony Orchestra employs whom?
"
0.255983616,"['Fantastic Mr. Fox' 'Hotel Chevalier' 'Rushmore'
 'The Life Aquatic with Steve Zissou' 'The Royal Tenenbaums']",1736.0,1736.0,0.9855564430244942,Final Answer: ,qampari_128k,17.723031552,17723.031552,"1979 movie ""The Royal Tenenbaums"" was screenwritten by Wes Anderson.

**Document Used:**
- TITLE: The Royal Tenenbaums
- ID: 1979",256.0,120192.0,256,MB,147.456,test,255.983616,"====== Now let's start! ======
Based on the documents above, can you answer the following query? Print out the TITLE and ID of the documents you use to answer. Then format the answers into a list.
query: What movie was screenwritten by Wes Anderson?
"
0.255983616,"['1998 U.S. Open Cup Final' ""2004 CONCACAF Champions' Cup""
 '2011 U.S. Open Cup Final' 'Brimstone Cup' 'MLS Cup 2000']",1736.0,1736.0,0.9855564430244942,Final Answer: ,qampari_128k,17.723031552,17723.031552,"1997 U.S. Open Cup

**Document Used:**
- TITLE: Chicago Fire FC
- ID: 2",256.0,120192.0,256,MB,147.456,test,255.983616,"====== Now let's start! ======
Based on the documents above, can you answer the following query? Print out the TITLE and ID of the documents you use to answer. Then format the answers into a list.
query: In which tournament was Chicago Fire FC a competitor?
"
0.255983616,"[""Children's Everywhere"" 'Elle Kari' 'Matti Lives in Finland'
 'Noy lives in Thailand' 'Sia lives on Kilimanjaro']",1736.0,1736.0,0.9855564430244942,Final Answer: ,qampari_128k,17.723031552,17723.031552,"1. **Title:** ""The Book of Disputed Art"" **ID:** 123  
2. **Title:** ""Art and the Artist's Legacy"" **ID:** 456  
3. **Title:** ""Masterpieces of the Modern Era"" **ID:** 789  

**List of Answers:**
- The Book of Disputed Art (ID: 123)
- Art and the Artist's Legacy (ID: 456)
-",256.0,120192.0,256,MB,147.456,test,255.983616,"====== Now let's start! ======
Based on the documents above, can you answer the following query? Print out the TITLE and ID of the documents you use to answer. Then format the answers into a list.
query: What's the name of a book containing art by Anna Riwkin-Brick?
"
0.255983616,"['Big Creek Bridge' 'Conde McCullough Memorial Bridge'
 'Ten Mile Creek Bridge' 'Wilson River Bridge' 'Yaquina Bay Bridge']",1736.0,1736.0,0.9855564430244942,Final Answer: ,qampari_128k,17.723031552,17723.031552,"1. **Title:** Conde McCullough - A Legacy of Leadership and Service  
   **ID:** 1  
   **Answer:** Conde Balcom McCullough designed the Conde McCullough Building, which is a significant structure associated with his legacy.

2. **Title:** Conde McCullough - A Legacy of Leadership and Service  
   **ID:** 1  
   **Answer:** Conde Balcom McCullough also designed the Conde McCullough Library",256.0,120192.0,256,MB,147.456,test,255.983616,"====== Now let's start! ======
Based on the documents above, can you answer the following query? Print out the TITLE and ID of the documents you use to answer. Then format the answers into a list.
query: What did Conde Balcom McCullough design?
"
0.255983616,"['Berthold Goldschmidt' 'Julius Bürger' 'Rudolf Kolisch' 'Walter Kaufmann'
 'Zdenka Ticharich']",1736.0,1736.0,0.9855564430244942,Final Answer: ,qampari_128k,17.723031552,17723.031552,"1234567890
TITLE: Who studied under Franz Schreker?
ID: 1234567890
- Franz Schreker was a composer and teacher, and several notable musicians studied under him. One of his most famous students was Viktor Ullmann, a composer and conductor. Additionally, other students included figures from the world of music and theater, though specific names may vary depending on the source.",256.0,120192.0,256,MB,147.456,test,255.983616,"====== Now let's start! ======
Based on the documents above, can you answer the following query? Print out the TITLE and ID of the documents you use to answer. Then format the answers into a list.
query: Who studied under Franz Schreker?
"
0.255983616,"['Ayodele Casel' 'Fayard Nicholas' 'Harold Nicholas' 'Maceo Anderson'
 'Nicholas Brothers']",1736.0,1736.0,0.9855564430244942,Final Answer: ,qampari_128k,17.723031552,17723.031552,"1976-01-01, 1976-01-02, 1976-01-03, 1976-01-04, 1976-01-05, 1976-01-06, 1976-01-07, 1976-01-08, 1976",256.0,120192.0,256,MB,147.456,test,255.983616,"====== Now let's start! ======
Based on the documents above, can you answer the following query? Print out the TITLE and ID of the documents you use to answer. Then format the answers into a list.
query: Who worked as a tap dancer?
"
0.255983616,"['Czechoslovakian Naval Forces' 'Josef Šnejdárek' 'Ján Nálepka'
 'No. 310 Squadron RAF' 'Radola Gajda']",1736.0,1736.0,0.9855564430244942,Final Answer: ,qampari_128k,17.723031552,17723.031552,"1947-1992 Czechoslovakia served as a military unit under the name of the Czechoslovak Armed Forces. This unit was responsible for the defense of the country during its existence.

- TITLE: ""Czechoslovakia Military Unit""
- ID: 1",256.0,120192.0,256,MB,147.456,test,255.983616,"====== Now let's start! ======
Based on the documents above, can you answer the following query? Print out the TITLE and ID of the documents you use to answer. Then format the answers into a list.
query: What military unit served for Czechoslovakia?
"
0.255983616,"['Barra Airport' 'Benbecula Airport' 'Islay Airport' 'Kirkwall Airport'
 'Tiree Airport']",1736.0,1736.0,0.9855564430244942,Final Answer: ,qampari_128k,17.723031552,17723.031552,"1. **Title:** What is operated by Highlands and Islands Airports?  
   **ID:** 1  
   **Answer:** Highlands and Islands Airports Limited operates several airports across the Scottish Highlands and Islands. These include airports such as those in Inverness, Fort William, and others in the region.

2. **Title:** What is operated by Highlands and Islands Airports?  
   **ID:** 2  
   **Answer:** Highlands and Islands Airports Limited is responsible for the",256.0,120192.0,256,MB,147.456,test,255.983616,"====== Now let's start! ======
Based on the documents above, can you answer the following query? Print out the TITLE and ID of the documents you use to answer. Then format the answers into a list.
query: What is operated by Highlands and Islands Airports?
"
0.255983616,"['estradiol benzoate/estradiol valerate/hydroxyprogesterone caproate'
 'estradiol benzoate/hydroxyprogesterone caproate'
 'estradiol cypionate/hydroxyprogesterone caproate'
 'estradiol dipropionate/hydroxyprogesterone caproate'
 'estradiol valerate/hydroxyprogesterone caproate']",1736.0,1736.0,0.9855564430244942,Final Answer: ,qampari_128k,17.723031552,17723.031552,"1. **Title:** Hydroxyprogesterone Caproate - Uses, Side Effects, and Brand Names  
   **ID:** 1437779  
   **Answer:** Hydroxyprogesterone caproate is a synthetic form of progesterone, a hormone that plays a key role in the female reproductive system. It is used in medical treatments, particularly for managing conditions related to hormone levels. The chemical substance in hydroxyprogesterone caproate is prog",256.0,120192.0,256,MB,147.456,test,255.983616,"====== Now let's start! ======
Based on the documents above, can you answer the following query? Print out the TITLE and ID of the documents you use to answer. Then format the answers into a list.
query: What are the chemical substances in hydroxyprogesterone caproate?
"
0.255983616,"['Archie Knox' 'Gary Megson' 'Jimmy McIlroy' 'Jimmy Phillips'
 'Phil Hughes']",1736.0,1736.0,0.9855564430244942,Final Answer: ,qampari_128k,17.723031552,17723.031552,"1947

**Title:** The 1947 Season  
**ID:** 2

**Answer:**
The coach of Bolton Wanders F.C. in 1947 was not explicitly mentioned in the provided documents. However, based on the context that the 1947 season was a significant year for Bolton Wanderers, and the mention of ""Bolton Wanders F.C."" in the query, it can be inferred that the coach during this time",256.0,120192.0,256,MB,147.456,test,255.983616,"====== Now let's start! ======
Based on the documents above, can you answer the following query? Print out the TITLE and ID of the documents you use to answer. Then format the answers into a list.
query: Who was the coach of Bolton Wanders F.C.?
"
0.255983616,"['David Hawley' 'Dudley Saltonstall' 'John Burroughs Hopkins'
 'John Paul Jones' 'Richard Wickes']",1736.0,1736.0,0.9855564430244942,Final Answer: ,qampari_128k,17.723031552,17723.031552,"1. **TITLE**: ""Who was a member of the Continental Navy?""  
   **ID**: 1  
   **Answer**: The Continental Navy was composed of sailors and officers who served during the American Revolution. Notable members included figures like John Paul Jones, who was a famous naval commander, and other sailors who contributed to the naval efforts against British forces.  

2. **TITLE**: ""Who was a member of the Continental Navy?""  
   **ID**: 2  
   **Answer",256.0,120192.0,256,MB,147.456,test,255.983616,"====== Now let's start! ======
Based on the documents above, can you answer the following query? Print out the TITLE and ID of the documents you use to answer. Then format the answers into a list.
query: Who was a member of the Continental Navy?
"
0.255983616,"['Another Round at the Spaceport Bar' ""Cthulhu's Reign""
 'Tales from the Spaceport Bar' 'That is Not Dead'
 'The Secret History of Vampires']",1736.0,1736.0,0.9855564430244942,Final Answer: ,qampari_128k,17.723031552,17723.031552,"1. **Title:** ""The Best of the Best""  
   **ID:** 12345  
   **Answer:** Darrell Schweitzer edited the anthology ""The Best of the Best"".",256.0,120192.0,256,MB,147.456,test,255.983616,"====== Now let's start! ======
Based on the documents above, can you answer the following query? Print out the TITLE and ID of the documents you use to answer. Then format the answers into a list.
query: What anthology did Darrell Schweitzer edit?
"
0.255983616,"['Ann-Sophie Qvarnström' 'Antonio Sancho de Benevento' 'Henry Petzal'
 'Louisa Courtauld' 'Tommy Singer']",1736.0,1736.0,0.9855564430244942,Final Answer: ,qampari_128k,17.723031552,17723.031552,"1. **Title:** Who is employed in the silversmith industry?  
   **ID:** 1  
   **Answer:** The document does not provide specific information about individuals employed in the silversmith industry. It only mentions that ""silversmith"" is a term that can refer to a person who works with silver, and it is listed as a possible profession in a general context. No specific names or details are given.",256.0,120192.0,256,MB,147.456,test,255.983616,"====== Now let's start! ======
Based on the documents above, can you answer the following query? Print out the TITLE and ID of the documents you use to answer. Then format the answers into a list.
query: Who is employed in the silversmith industry?
"
0.255983616,"['American Assassin' 'Beastly' 'Five Feet Apart' 'Last Vegas'
 'Scary Stories to Tell in the Dark']",1736.0,1736.0,0.9855564430244942,Final Answer: ,qampari_128k,17.723031552,17723.031552,"1977 - Star Wars: Episode IV - A New Hope  
Title: Star Wars: Episode IV - A New Hope  
ID: 1977 - Star Wars: Episode IV - A New Hope",256.0,120192.0,256,MB,147.456,test,255.983616,"====== Now let's start! ======
Based on the documents above, can you answer the following query? Print out the TITLE and ID of the documents you use to answer. Then format the answers into a list.
query: CBS Films produced which movie?
"
0.255983616,"['Braden Shewmake' 'Garry Hill' 'Kris Medlen' 'Shea Langeliers'
 'Sterling Sharp']",1736.0,1736.0,0.9855564430244942,Final Answer: ,qampari_128k,17.723031552,17723.031552,"1996 Atlanta Braves Draft Picks

- **TITLE**: 1996 Atlanta Braves Draft Picks
- **ID**: 1

- **TITLE**: 1996 Atlanta Braves Draft Picks
- **ID**: 1

The Atlanta Braves drafted the following players in 1996:

1. **Scott Rolen** - Selected in the 1st round (1st overall pick).
2. **Jason Varitek** - Selected in the 1",256.0,120192.0,256,MB,147.456,test,255.983616,"====== Now let's start! ======
Based on the documents above, can you answer the following query? Print out the TITLE and ID of the documents you use to answer. Then format the answers into a list.
query: The Atlanta Braves drafted whom?
"
0.255983616,"['1939 Taça de Portugal Final' '1951 Taça de Portugal Final'
 '1967 Taça de Portugal Final' '2012 Supertaça Cândido de Oliveira'
 '2012 Taça de Portugal Final']",1736.0,1736.0,0.9855564430244942,Final Answer: ,qampari_128k,17.723031552,17723.031552,"1997 UEFA Cup Final

Document Used:
- TITLE: 1997 UEFA Cup Final
- ID: 2",256.0,120192.0,256,MB,147.456,test,255.983616,"====== Now let's start! ======
Based on the documents above, can you answer the following query? Print out the TITLE and ID of the documents you use to answer. Then format the answers into a list.
query: Which competition final did the Associação Académica de Coimbra – O.A.F make?
"
0.255983616,"['Alto Rio Negro Indigenous Territory' 'Balaio Indigenous Territory'
 'Cué-cué/Marabitanas Indigenous Territory'
 'Morro dos Seis Lagos Biological Reserve' 'Pico da Neblina National Park']",1736.0,1736.0,0.9855564430244942,Final Answer: ,qampari_128k,17.723031552,17723.031552,"1. **Title:** São Gabriel da Cachoeira  
   **ID:** 2  
   2. **Title:** São Gabriel da Cachoeira  
      **ID:** 3  
   3. **Title:** São Gabriel da Cachoeira  
      **ID:** 4  

**Answer:**
- São Gabriel da Cachoeira is related to the location **São Gabriel da Cachoeira**.",256.0,120192.0,256,MB,147.456,test,255.983616,"====== Now let's start! ======
Based on the documents above, can you answer the following query? Print out the TITLE and ID of the documents you use to answer. Then format the answers into a list.
query: Which location is related to São Gabriel da Cachoeira?
"
0.255983616,"['ABM (video game)' 'Beyond Castle Wolfenstein' 'Castle Wolfenstein'
 'Firebug' 'Three Mile Island']",1736.0,1736.0,0.9855564430244942,Final Answer: ,qampari_128k,17.723031552,17723.031552,"1. **Title:** ""What did Muse Software publish?""  
   **ID:** 1  

   - Muse Software published the ""What did Muse Software publish?"" document.  
   - The document is titled ""What did Muse Software publish?"" and has an ID of 1.",256.0,120192.0,256,MB,147.456,test,255.983616,"====== Now let's start! ======
Based on the documents above, can you answer the following query? Print out the TITLE and ID of the documents you use to answer. Then format the answers into a list.
query: What did Muse Software publish?
"
0.255983616,['Cork Dry Gin' 'Green Spot' 'Jameson' 'Paddy Whiskey' 'Redbreast'],1736.0,1736.0,0.9855564430244942,Final Answer: ,qampari_128k,17.723031552,17723.031552," The drink manufactured by an Irish distiller is ""Jameson's Irish Whiskey"".

Document Used:
- TITLE: Jameson's Irish Whiskey
- ID: 2",256.0,120192.0,256,MB,147.456,test,255.983616,"====== Now let's start! ======
Based on the documents above, can you answer the following query? Print out the TITLE and ID of the documents you use to answer. Then format the answers into a list.
query: What drink is manfactured by an Irish distiller?
"
0.255983616,['Black Manta' 'Mad Mod' 'Mal Duncan' 'Mera' 'Ocean Master'],1736.0,1736.0,0.9855564430244942,Final Answer: ,qampari_128k,17.723031552,17723.031552,"1. **Title:** ""Nick Cardy"" **ID:** 1  
   **Title:** ""Nick Cardy"" **ID:** 2  
   **Title:** ""Nick Cardy"" **ID:** 3  
   **Title:** ""Nick Cardy"" **ID:** 4  
   **Title:** ""Nick Cardy"" **ID:** 5  

   - **Answer:** Nick Cardy created the fictional character **The Flash** (Barry Allen).",256.0,120192.0,256,MB,147.456,test,255.983616,"====== Now let's start! ======
Based on the documents above, can you answer the following query? Print out the TITLE and ID of the documents you use to answer. Then format the answers into a list.
query: Nick Cardy created which fictional character?
"
0.255983616,['Japhet Sery' 'Paul Smith' 'Phil Holder' 'Ron Noades' 'Terry Bullivant'],1736.0,1736.0,0.9855564430244942,Final Answer: ,qampari_128k,17.723031552,17723.031552,"127.1.1.1  
**Title:** Who works for Brentford football club?  
**ID:** 127.1.1.1  

**Answer:**  
The document does not provide specific information about individuals who work for Brentford football club.",256.0,120192.0,256,MB,147.456,test,255.983616,"====== Now let's start! ======
Based on the documents above, can you answer the following query? Print out the TITLE and ID of the documents you use to answer. Then format the answers into a list.
query: Who works for Brentford football club?
"
0.255983616,"['Bengals–Browns rivalry' 'Bengals–Ravens rivalry'
 'Bengals–Steelers rivalry' 'Super Bowl XVI' 'Super Bowl XXIII']",1736.0,1736.0,0.9855564430244942,Final Answer: ,qampari_128k,17.723031552,17723.031552,"1997 Super Bowl  
Title: 1997 Super Bowl  
ID: 2  

- **Title:** 1997 Super Bowl  
- **ID:** 2  
- **Answer:** The 1997 Super Bowl featured the Cincinnati Bengals as a competitor.",256.0,120192.0,256,MB,147.456,test,255.983616,"====== Now let's start! ======
Based on the documents above, can you answer the following query? Print out the TITLE and ID of the documents you use to answer. Then format the answers into a list.
query: What sporting event featured the Cincinnati Bengals as a competitor?
"
