memory_budget,task,retained_kv_memory_mb,uncompressed_kv_memory_gb,question,uncompressed_kv_memory_mb,kv_memory_per_token_kb,split,answer_prefix,retained_kv_memory_gb,max_new_tokens,context_tokens,memory_budget_unit,retained_context_tokens,token_budget,compression_ratio,predicted_answer,answers
2.0,musique_128k,1999.945728,17.613029376,"====== Now let's start! ======
Based on the documents above, can you answer the following query? Print out the TITLE and ID of the documents you use to answer. Then format the answers into a list.
query: How many times did plague occur in the birth city of the composer of Nulla in mundo pax sincera?
",17613.029376,147.456,dev,Final Answer: ,1.999945728,256,119446.0,GB,13563.0,13563.0,0.8864507811061065,1,['22']
2.0,musique_128k,1999.945728,17.613029376,"====== Now let's start! ======
Based on the documents above, can you answer the following query? Print out the TITLE and ID of the documents you use to answer. Then format the answers into a list.
query: What does seal stand for in the U.S. military branch that operates a list of destroyer classes and the USS Stag?
",17613.029376,147.456,dev,Final Answer: ,1.999945728,256,119446.0,GB,13563.0,13563.0,0.8864507811061065," ['Seal stands for Special Operations Command, which operates a list of destroyer classes and the USS Stag']","['Sea, Air, and Land']"
2.0,musique_128k,1999.945728,17.613029376,"====== Now let's start! ======
Based on the documents above, can you answer the following query? Print out the TITLE and ID of the documents you use to answer. Then format the answers into a list.
query: When did the political party Alaska generally supports take control of the determiner of rules of the US House and US Senate?
",17613.029376,147.456,dev,Final Answer: ,1.999945728,256,119446.0,GB,13563.0,13563.0,0.8864507811061065, ['1959'],['January 2015']
2.0,musique_128k,1999.945728,17.613029376,"====== Now let's start! ======
Based on the documents above, can you answer the following query? Print out the TITLE and ID of the documents you use to answer. Then format the answers into a list.
query: Who won the 1993 Indy Car Race in the largest city of the state where the library district and the city of Yuma share the same county?
",17613.029376,147.456,dev,Final Answer: ,1.999945728,256,119446.0,GB,13563.0,13563.0,0.8864507811061065, ['Bobby Bradley'],['Mario Andretti']
2.0,musique_128k,1999.945728,17.613029376,"====== Now let's start! ======
Based on the documents above, can you answer the following query? Print out the TITLE and ID of the documents you use to answer. Then format the answers into a list.
query: What is the capital of the county that shares a border with the county where KRSU is licensed to broadcast?
",17613.029376,147.456,dev,Final Answer: ,1.999945728,256,119446.0,GB,13563.0,13563.0,0.8864507811061065, ['Birmingham'],['Green Bay']
2.0,musique_128k,1999.945728,17.613029376,"====== Now let's start! ======
Based on the documents above, can you answer the following query? Print out the TITLE and ID of the documents you use to answer. Then format the answers into a list.
query: What is the deepest part of the ocean, near the state, where the county that holds the city of Winchester is found?
",17613.029376,147.456,dev,Final Answer: ,1.999945728,256,119446.0,GB,13563.0,13563.0,0.8864507811061065, ['the Puerto Rico Trench'],['Milwaukee Deep']
2.0,musique_128k,1999.945728,17.613029376,"====== Now let's start! ======
Based on the documents above, can you answer the following query? Print out the TITLE and ID of the documents you use to answer. Then format the answers into a list.
query: What is the largest medical school in the nation where, along with the country of citizenship of the mother of Marie Antoinette, many expelled French Jews relocated?
",17613.029376,147.456,dev,Final Answer: ,1.999945728,256,119446.0,GB,13563.0,13563.0,0.8864507811061065, ['University of Paris'],['Medical University of Warsaw']
2.0,musique_128k,1999.945728,17.613029376,"====== Now let's start! ======
Based on the documents above, can you answer the following query? Print out the TITLE and ID of the documents you use to answer. Then format the answers into a list.
query: In what region of Germany is the district where a sermon on Marian devotion was preached by the man who wanted to reform the religion of Victor Razafimahatratra?
",17613.029376,147.456,dev,Final Answer: ,1.999945728,256,119446.0,GB,13563.0,13563.0,0.8864507811061065, ['Bavaria'],['Saxony-Anhalt']
2.0,musique_128k,1999.945728,17.613029376,"====== Now let's start! ======
Based on the documents above, can you answer the following query? Print out the TITLE and ID of the documents you use to answer. Then format the answers into a list.
query: Who runs the school system in the country that is the natural boundary between the country that hosted the tournament and the country where That Dam is located?
",17613.029376,147.456,dev,Final Answer: ,1.999945728,256,119446.0,GB,13563.0,13563.0,0.8864507811061065, ['United States'],['the Ministry of Education']
2.0,musique_128k,1999.945728,17.613029376,"====== Now let's start! ======
Based on the documents above, can you answer the following query? Print out the TITLE and ID of the documents you use to answer. Then format the answers into a list.
query: Which university has more national championships, university of the state having Fort Hill or university of the state whose primary was won by Edwards besides the state having WEKL?
",17613.029376,147.456,dev,Final Answer: ,1.999945728,256,119446.0,GB,13563.0,13563.0,0.8864507811061065, ['University of the state having Fort Hill'],['University of South Carolina']
2.0,musique_128k,1999.945728,17.613029376,"====== Now let's start! ======
Based on the documents above, can you answer the following query? Print out the TITLE and ID of the documents you use to answer. Then format the answers into a list.
query: What is the great mosque constructed at the site of the old temple in the city originating christianity in Rome, Egypt, Judea and the country for Vasilopita?
",17613.029376,147.456,test,Final Answer: ,1.999945728,256,119446.0,GB,13563.0,13563.0,0.8864507811061065," ['St. Peter's Basilica', 'St. John the Baptist Church', 'Vasilopita']",['Al - Aqsa Mosque']
2.0,musique_128k,1999.945728,17.613029376,"====== Now let's start! ======
Based on the documents above, can you answer the following query? Print out the TITLE and ID of the documents you use to answer. Then format the answers into a list.
query: What label was bought in the UK by the other major New York broadcast that is in addition to ABC, and the one who released Stand Against Fear?
",17613.029376,147.456,test,Final Answer: ,1.999945728,256,119446.0,GB,13563.0,13563.0,0.8864507811061065, ['CBS Records'],['Oriole Records.']
2.0,musique_128k,1999.945728,17.613029376,"====== Now let's start! ======
Based on the documents above, can you answer the following query? Print out the TITLE and ID of the documents you use to answer. Then format the answers into a list.
query: When did the rx 350 model of the luxury division of the company that built Daihatsu boon change body style?
",17613.029376,147.456,test,Final Answer: ,1.999945728,256,119446.0,GB,13563.0,13563.0,0.8864507811061065, ['1993'],['Sales began worldwide in April 2012']
2.0,musique_128k,1999.945728,17.613029376,"====== Now let's start! ======
Based on the documents above, can you answer the following query? Print out the TITLE and ID of the documents you use to answer. Then format the answers into a list.
query: What year did the Governor of the city where the basilica named after the same saint as the one that Mantua Cathedral is dedicated to die?
",17613.029376,147.456,test,Final Answer: ,1.999945728,256,119446.0,GB,13563.0,13563.0,0.8864507811061065,1952,['1952']
2.0,musique_128k,1999.945728,17.613029376,"====== Now let's start! ======
Based on the documents above, can you answer the following query? Print out the TITLE and ID of the documents you use to answer. Then format the answers into a list.
query: What UK label was bought by the company which, along with ABC and the network which broadcasted Hello, Larry, is the other major broadcaster based in NY?
",17613.029376,147.456,test,Final Answer: ,1.999945728,256,119446.0,GB,13563.0,13563.0,0.8864507811061065, ['BBC Records'],['Oriole Records.']
2.0,musique_128k,1999.945728,17.613029376,"====== Now let's start! ======
Based on the documents above, can you answer the following query? Print out the TITLE and ID of the documents you use to answer. Then format the answers into a list.
query: What year did the country where Siddhi Savetsila was born form an alliance with Japan?
",17613.029376,147.456,test,Final Answer: ,1.999945728,256,119446.0,GB,13563.0,13563.0,0.8864507811061065,1941,['1941']
2.0,musique_128k,1999.945728,17.613029376,"====== Now let's start! ======
Based on the documents above, can you answer the following query? Print out the TITLE and ID of the documents you use to answer. Then format the answers into a list.
query: The Beach was filmed in what location of the country that contains the birth city of Siddhi Savetsila?
",17613.029376,147.456,test,Final Answer: ,1.999945728,256,119446.0,GB,13563.0,13563.0,0.8864507811061065, ['Tamil Nadu'],['island Koh Phi Phi']
2.0,musique_128k,1999.945728,17.613029376,"====== Now let's start! ======
Based on the documents above, can you answer the following query? Print out the TITLE and ID of the documents you use to answer. Then format the answers into a list.
query: Arie Supriyatna's birth country was one participant in a Commission of Truth and Friendship. Who is the president of the other country that participated?
",17613.029376,147.456,test,Final Answer: ,1.999945728,256,119446.0,GB,13563.0,13563.0,0.8864507811061065, ['Mohamed Kakay'],['Francisco Guterres']
2.0,musique_128k,1999.945728,17.613029376,"====== Now let's start! ======
Based on the documents above, can you answer the following query? Print out the TITLE and ID of the documents you use to answer. Then format the answers into a list.
query: What is the meaning of the word that is also a majority religion in the area that became India when the country that withdrew its forces was created in the Arabic dictionary?
",17613.029376,147.456,test,Final Answer: ,1.999945728,256,119446.0,GB,13563.0,13563.0,0.8864507811061065," ['The word ""Hindu"" refers to the majority religion in the area that became India, and it is derived from the Arabic term ""Hind"" meaning India.']",['the country of India']
2.0,musique_128k,1999.945728,17.613029376,"====== Now let's start! ======
Based on the documents above, can you answer the following query? Print out the TITLE and ID of the documents you use to answer. Then format the answers into a list.
query: Widely practiced in the region having the second largest rain-forest in the world, how long ago did this religion arrive in Zhejiang?
",17613.029376,147.456,test,Final Answer: ,1.999945728,256,119446.0,GB,13563.0,13563.0,0.8864507811061065,1400 years,"['1,400 years']"
2.0,musique_128k,1999.945728,17.613029376,"====== Now let's start! ======
Based on the documents above, can you answer the following query? Print out the TITLE and ID of the documents you use to answer. Then format the answers into a list.
query: What is the name of the famous bridge in the city where the composer of La Silvia was born?
",17613.029376,147.456,test,Final Answer: ,1.999945728,256,119446.0,GB,13563.0,13563.0,0.8864507811061065, ['The Golden Gate Bridge'],['Rialto Bridge']
2.0,musique_128k,1999.945728,17.613029376,"====== Now let's start! ======
Based on the documents above, can you answer the following query? Print out the TITLE and ID of the documents you use to answer. Then format the answers into a list.
query: When did the merchant of the city where the composer of Al gran sole carico d'amore takes place?
",17613.029376,147.456,test,Final Answer: ,1.999945728,256,119446.0,GB,13563.0,13563.0,0.8864507811061065, ['1950'],['16th - century']
2.0,musique_128k,1999.945728,17.613029376,"====== Now let's start! ======
Based on the documents above, can you answer the following query? Print out the TITLE and ID of the documents you use to answer. Then format the answers into a list.
query: Who is the president of the newly declared independent country that formed the Timor Leste Commission of Truth and Friendship with the country where Pantar is found?
",17613.029376,147.456,test,Final Answer: ,1.999945728,256,119446.0,GB,13563.0,13563.0,0.8864507811061065, ['Francisco Guterres'],['Francisco Guterres']
2.0,musique_128k,1999.945728,17.613029376,"====== Now let's start! ======
Based on the documents above, can you answer the following query? Print out the TITLE and ID of the documents you use to answer. Then format the answers into a list.
query: What is the name of the famous bridge in the place of birth of who composed the Concerto in C Major Op 3 6?
",17613.029376,147.456,test,Final Answer: ,1.999945728,256,119446.0,GB,13563.0,13563.0,0.8864507811061065, ['The Golden Gate Bridge'],['Rialto Bridge']
2.0,musique_128k,1999.945728,17.613029376,"====== Now let's start! ======
Based on the documents above, can you answer the following query? Print out the TITLE and ID of the documents you use to answer. Then format the answers into a list.
query: Where do greyhound buses leave from the in the city where the headquarters of the production company which produced A Cosmic Christmas is located?
",17613.029376,147.456,test,Final Answer: ,1.999945728,256,119446.0,GB,13563.0,13563.0,0.8864507811061065, ['New York City'],['Toronto Coach Terminal']
2.0,musique_128k,1999.945728,17.613029376,"====== Now let's start! ======
Based on the documents above, can you answer the following query? Print out the TITLE and ID of the documents you use to answer. Then format the answers into a list.
query: Who was a prominent figure at the radio division of the network that created the version of The Biggest Loser set in the country where Seria is?
",17613.029376,147.456,test,Final Answer: ,1.999945728,256,119446.0,GB,13563.0,13563.0,0.8864507811061065, ['Walter Sabo'],['Walter Sabo']
2.0,musique_128k,1999.945728,17.613029376,"====== Now let's start! ======
Based on the documents above, can you answer the following query? Print out the TITLE and ID of the documents you use to answer. Then format the answers into a list.
query: What were the Genesis's advantages over the platform that plays Drac's Night Out?
",17613.029376,147.456,test,Final Answer: ,1.999945728,256,119446.0,GB,13563.0,13563.0,0.8864507811061065," ['The Genesis had advantages over the platform that plays Drac's Night Out, as it was a more successful and widely recognized platform in the industry.']",['built on 16-bit architectures and offered improved graphics and sound']
2.0,musique_128k,1999.945728,17.613029376,"====== Now let's start! ======
Based on the documents above, can you answer the following query? Print out the TITLE and ID of the documents you use to answer. Then format the answers into a list.
query: When was the Palau de la Generalitat constructed in the city where Martin of the place where Castiliscar is located died?
",17613.029376,147.456,test,Final Answer: ,1.999945728,256,119446.0,GB,13563.0,13563.0,0.8864507811061065, ['1250'],['built in the 15th century']
2.0,musique_128k,1999.945728,17.613029376,"====== Now let's start! ======
Based on the documents above, can you answer the following query? Print out the TITLE and ID of the documents you use to answer. Then format the answers into a list.
query: When did the U.S. and the country in effective control of political and military functions of the group the People's Socialist Republic of Albania was a member of become allies?
",17613.029376,147.456,test,Final Answer: ,1.999945728,256,119446.0,GB,13563.0,13563.0,0.8864507811061065, ['1949'],['June 1941']
2.0,musique_128k,1999.945728,17.613029376,"====== Now let's start! ======
Based on the documents above, can you answer the following query? Print out the TITLE and ID of the documents you use to answer. Then format the answers into a list.
query: What team does the person who hit the first home run at the new stadium in South Bronx play for?
",17613.029376,147.456,test,Final Answer: ,1.999945728,256,119446.0,GB,13563.0,13563.0,0.8864507811061065, ['Papaya'],['New York Yankees']
2.0,musique_128k,1999.945728,17.613029376,"====== Now let's start! ======
Based on the documents above, can you answer the following query? Print out the TITLE and ID of the documents you use to answer. Then format the answers into a list.
query: When did the Governorship end of the city where the author of Paenitentiam Agere died?
",17613.029376,147.456,test,Final Answer: ,1.999945728,256,119446.0,GB,13563.0,13563.0,0.8864507811061065, ['1997'],['1952']
2.0,musique_128k,1999.945728,17.613029376,"====== Now let's start! ======
Based on the documents above, can you answer the following query? Print out the TITLE and ID of the documents you use to answer. Then format the answers into a list.
query: What is the name of the famous bridge in the birth city of the composer of Scanderbeg?
",17613.029376,147.456,test,Final Answer: ,1.999945728,256,119446.0,GB,13563.0,13563.0,0.8864507811061065, ['The Golden Gate Bridge'],['Rialto Bridge']
2.0,musique_128k,1999.945728,17.613029376,"====== Now let's start! ======
Based on the documents above, can you answer the following query? Print out the TITLE and ID of the documents you use to answer. Then format the answers into a list.
query: What year did the country where Ercole Manfredi was born form an alliance with Japan?
",17613.029376,147.456,test,Final Answer: ,1.999945728,256,119446.0,GB,13563.0,13563.0,0.8864507811061065,1941,['1941']
2.0,musique_128k,1999.945728,17.613029376,"====== Now let's start! ======
Based on the documents above, can you answer the following query? Print out the TITLE and ID of the documents you use to answer. Then format the answers into a list.
query: What year did the country that includes the birth city of Bodindecha form an alliance with Japan?
",17613.029376,147.456,test,Final Answer: ,1.999945728,256,119446.0,GB,13563.0,13563.0,0.8864507811061065,1941,['1941']
2.0,musique_128k,1999.945728,17.613029376,"====== Now let's start! ======
Based on the documents above, can you answer the following query? Print out the TITLE and ID of the documents you use to answer. Then format the answers into a list.
query: What was Nintendo's limit on games per developer per year for the platform with an abbreviated name that had the game Sunman?
",17613.029376,147.456,test,Final Answer: ,1.999945728,256,119446.0,GB,13563.0,13563.0,0.8864507811061065, ['5'],['five']
2.0,musique_128k,1999.945728,17.613029376,"====== Now let's start! ======
Based on the documents above, can you answer the following query? Print out the TITLE and ID of the documents you use to answer. Then format the answers into a list.
query: In the Arabic dictionary, what's the meaning of the word for the majority religion in the area of British India that became India when Dourkhan's country was created?
",17613.029376,147.456,test,Final Answer: ,1.999945728,256,119446.0,GB,13563.0,13563.0,0.8864507811061065, ['The majority religion in the area of British India is Hinduism.'],['the country of India']
2.0,musique_128k,1999.945728,17.613029376,"====== Now let's start! ======
Based on the documents above, can you answer the following query? Print out the TITLE and ID of the documents you use to answer. Then format the answers into a list.
query: What was the wettest year in the city that shares the same county as the ghost town Allen?
",17613.029376,147.456,test,Final Answer: ,1.999945728,256,119446.0,GB,13563.0,13563.0,0.8864507811061065, ['1905'],['1905']
2.0,musique_128k,1999.945728,17.613029376,"====== Now let's start! ======
Based on the documents above, can you answer the following query? Print out the TITLE and ID of the documents you use to answer. Then format the answers into a list.
query: What was Nintendo's limit on games per developer per year on the platform with a three letter abbreviation, that had the game Pinball Quest?
",17613.029376,147.456,test,Final Answer: ,1.999945728,256,119446.0,GB,13563.0,13563.0,0.8864507811061065, ['3'],['five']
2.0,musique_128k,1999.945728,17.613029376,"====== Now let's start! ======
Based on the documents above, can you answer the following query? Print out the TITLE and ID of the documents you use to answer. Then format the answers into a list.
query: What UK label was bought by the company which, along with ABC and the network which broadcasted Here and Now, is the other major broadcaster based in NY?
",17613.029376,147.456,test,Final Answer: ,1.999945728,256,119446.0,GB,13563.0,13563.0,0.8864507811061065, ['Sony Music'],['Oriole Records.']
2.0,musique_128k,1999.945728,17.613029376,"====== Now let's start! ======
Based on the documents above, can you answer the following query? Print out the TITLE and ID of the documents you use to answer. Then format the answers into a list.
query: What is the name of the castle in the city where the headquarters of the production company of Care Bear: Journey to Joke-a-lot is located?
",17613.029376,147.456,test,Final Answer: ,1.999945728,256,119446.0,GB,13563.0,13563.0,0.8864507811061065, ['St. Peter's Basilica'],['Casa Loma']
2.0,musique_128k,1999.945728,17.613029376,"====== Now let's start! ======
Based on the documents above, can you answer the following query? Print out the TITLE and ID of the documents you use to answer. Then format the answers into a list.
query: In the Arabic dictionary, what's the meaning of the word for the majority religion in the area of British India that became India when Achh's country was created?
",17613.029376,147.456,test,Final Answer: ,1.999945728,256,119446.0,GB,13563.0,13563.0,0.8864507811061065, ['The majority religion in the area of British India is Islam.'],['the country of India']
2.0,musique_128k,1999.945728,17.613029376,"====== Now let's start! ======
Based on the documents above, can you answer the following query? Print out the TITLE and ID of the documents you use to answer. Then format the answers into a list.
query: When did the RX 350 from the Scion xB manufacturer's luxury division change body style?
",17613.029376,147.456,test,Final Answer: ,1.999945728,256,119446.0,GB,13563.0,13563.0,0.8864507811061065, ['1993'],['Sales began worldwide in April 2012']
2.0,musique_128k,1999.945728,17.613029376,"====== Now let's start! ======
Based on the documents above, can you answer the following query? Print out the TITLE and ID of the documents you use to answer. Then format the answers into a list.
query: Who has the most hits in the history of the organization that includes the team Jim Wilson was released by?
",17613.029376,147.456,test,Final Answer: ,1.999945728,256,119446.0,GB,13563.0,13563.0,0.8864507811061065, ['Jacques Chabrol'],['Pete Rose']
2.0,musique_128k,1999.945728,17.613029376,"====== Now let's start! ======
Based on the documents above, can you answer the following query? Print out the TITLE and ID of the documents you use to answer. Then format the answers into a list.
query: Who is the owner of the record label that singer of the theme song from the movie Arthur belongs to?
",17613.029376,147.456,test,Final Answer: ,1.999945728,256,119446.0,GB,13563.0,13563.0,0.8864507811061065, ['Sony Music'],['Warner Music Group']
2.0,musique_128k,1999.945728,17.613029376,"====== Now let's start! ======
Based on the documents above, can you answer the following query? Print out the TITLE and ID of the documents you use to answer. Then format the answers into a list.
query: Where does the body of water by the city where Write This Down was formed empty into the Gulf of Mexico?
",17613.029376,147.456,test,Final Answer: ,1.999945728,256,119446.0,GB,13563.0,13563.0,0.8864507811061065, ['the Mississippi River'],['the Mississippi River Delta']
2.0,musique_128k,1999.945728,17.613029376,"====== Now let's start! ======
Based on the documents above, can you answer the following query? Print out the TITLE and ID of the documents you use to answer. Then format the answers into a list.
query: Who was appointed arbitrator by the first convert to the faith that is the most common religion in Southeast Asia?
",17613.029376,147.456,test,Final Answer: ,1.999945728,256,119446.0,GB,13563.0,13563.0,0.8864507811061065, ['John Sibyl'],['Abu Musa Ashaari']
2.0,musique_128k,1999.945728,17.613029376,"====== Now let's start! ======
Based on the documents above, can you answer the following query? Print out the TITLE and ID of the documents you use to answer. Then format the answers into a list.
query: Who is the host of Who Wants to be a Millionaire in the country that MacGruder and Loud's creator is from?
",17613.029376,147.456,test,Final Answer: ,1.999945728,256,119446.0,GB,13563.0,13563.0,0.8864507811061065, ['Mark McCloskey'],['Chris Harrison']
2.0,musique_128k,1999.945728,17.613029376,"====== Now let's start! ======
Based on the documents above, can you answer the following query? Print out the TITLE and ID of the documents you use to answer. Then format the answers into a list.
query: Who is the author of Growing Up this nationality of the creator MacGruder and Loud?
",17613.029376,147.456,test,Final Answer: ,1.999945728,256,119446.0,GB,13563.0,13563.0,0.8864507811061065, ['Christopher Pike'],['Min Zhou']
2.0,musique_128k,1999.945728,17.613029376,"====== Now let's start! ======
Based on the documents above, can you answer the following query? Print out the TITLE and ID of the documents you use to answer. Then format the answers into a list.
query: What does seal stand for in the U.S. military branch that operates a list of destroyer classes, as well as the USS Sable?
",17613.029376,147.456,test,Final Answer: ,1.999945728,256,119446.0,GB,13563.0,13563.0,0.8864507811061065," ['Seal stands for ""Specialized Equipment and Logistics"" in the U.S. military branch that operates a list of destroyer classes, as well as the USS Sable']","['Sea, Air, and Land']"
2.0,musique_128k,1999.945728,17.613029376,"====== Now let's start! ======
Based on the documents above, can you answer the following query? Print out the TITLE and ID of the documents you use to answer. Then format the answers into a list.
query: Where do greyhound buses leave from in the city the performer of Born a Lion formed in?
",17613.029376,147.456,test,Final Answer: ,1.999945728,256,119446.0,GB,13563.0,13563.0,0.8864507811061065," ['Knox County, Illinois']",['Toronto Coach Terminal']
2.0,musique_128k,1999.945728,17.613029376,"====== Now let's start! ======
Based on the documents above, can you answer the following query? Print out the TITLE and ID of the documents you use to answer. Then format the answers into a list.
query: What does seal stand for in the U.S. military branch that operates a list of destroyer classes as well as the USS Jason?
",17613.029376,147.456,test,Final Answer: ,1.999945728,256,119446.0,GB,13563.0,13563.0,0.8864507811061065," ['Seal stands for ""Special Forces"" in the U.S. military branch']","['Sea, Air, and Land']"
2.0,musique_128k,1999.945728,17.613029376,"====== Now let's start! ======
Based on the documents above, can you answer the following query? Print out the TITLE and ID of the documents you use to answer. Then format the answers into a list.
query: What was the wettest year of the administrative territorial entity that contains the administrative territorial entity where Drexel Heights is located?
",17613.029376,147.456,test,Final Answer: ,1.999945728,256,119446.0,GB,13563.0,13563.0,0.8864507811061065, ['1924'],['1905']
2.0,musique_128k,1999.945728,17.613029376,"====== Now let's start! ======
Based on the documents above, can you answer the following query? Print out the TITLE and ID of the documents you use to answer. Then format the answers into a list.
query: Why did Roncalli leave the place where Crucifixion's creator died?
",17613.029376,147.456,test,Final Answer: ,1.999945728,256,119446.0,GB,13563.0,13563.0,0.8864507811061065, ['To avoid the conflict with the French and to protect the interests of the Holy See'],['for the conclave in Rome']
2.0,musique_128k,1999.945728,17.613029376,"====== Now let's start! ======
Based on the documents above, can you answer the following query? Print out the TITLE and ID of the documents you use to answer. Then format the answers into a list.
query: How many times did the plague occur where the creator of The Entombment died?
",17613.029376,147.456,test,Final Answer: ,1.999945728,256,119446.0,GB,13563.0,13563.0,0.8864507811061065,1,['22']
2.0,musique_128k,1999.945728,17.613029376,"====== Now let's start! ======
Based on the documents above, can you answer the following query? Print out the TITLE and ID of the documents you use to answer. Then format the answers into a list.
query: When did the state, that contains the county where Elmo is found, reinstate the death penalty?
",17613.029376,147.456,test,Final Answer: ,1.999945728,256,119446.0,GB,13563.0,13563.0,0.8864507811061065, ['1976'],['1984']
2.0,musique_128k,1999.945728,17.613029376,"====== Now let's start! ======
Based on the documents above, can you answer the following query? Print out the TITLE and ID of the documents you use to answer. Then format the answers into a list.
query: How many square miles is the city where the Yongle emperor greeted the person to whom the edict was addressed?
",17613.029376,147.456,test,Final Answer: ,1.999945728,256,119446.0,GB,13563.0,13563.0,0.8864507811061065,14.34,"['2,548 sq mi']"
2.0,musique_128k,1999.945728,17.613029376,"====== Now let's start! ======
Based on the documents above, can you answer the following query? Print out the TITLE and ID of the documents you use to answer. Then format the answers into a list.
query: What is the name of the major basketball team from the city where the Yongle emperor greeted the person to whom the edict was addressed?
",17613.029376,147.456,test,Final Answer: ,1.999945728,256,119446.0,GB,13563.0,13563.0,0.8864507811061065, ['Yongle Emperor'],['Jiangsu Nangang Basketball Club']
2.0,musique_128k,1999.945728,17.613029376,"====== Now let's start! ======
Based on the documents above, can you answer the following query? Print out the TITLE and ID of the documents you use to answer. Then format the answers into a list.
query: Who is the child of the president who suffered a major defeat when the body which approves members of the American cabinet refused to ratify the Versailles treaty?
",17613.029376,147.456,test,Final Answer: ,1.999945728,256,119446.0,GB,13563.0,13563.0,0.8864507811061065, ['Woodrow Wilson'],['Jessie Woodrow Wilson']
2.0,musique_128k,1999.945728,17.613029376,"====== Now let's start! ======
Based on the documents above, can you answer the following query? Print out the TITLE and ID of the documents you use to answer. Then format the answers into a list.
query: How were the people that the Ajuran Empire declared independence from by minting coins expelled from David Htan's country?
",17613.029376,147.456,test,Final Answer: ,1.999945728,256,119446.0,GB,13563.0,13563.0,0.8864507811061065, ['Expelled by minting coins'],['The dynasty regrouped and defeated the Portuguese']
2.0,musique_128k,1999.945728,17.613029376,"====== Now let's start! ======
Based on the documents above, can you answer the following query? Print out the TITLE and ID of the documents you use to answer. Then format the answers into a list.
query: What was the language Auctor comes from during the era of Rotrude's father later known as?
",17613.029376,147.456,test,Final Answer: ,1.999945728,256,119446.0,GB,13563.0,13563.0,0.8864507811061065, ['Latin'],['Medieval Latin']
2.0,musique_128k,1999.945728,17.613029376,"====== Now let's start! ======
Based on the documents above, can you answer the following query? Print out the TITLE and ID of the documents you use to answer. Then format the answers into a list.
query: What was the language Auctor comes from during the era of the king who was crowned emperor of the west in 800 CE?
",17613.029376,147.456,test,Final Answer: ,1.999945728,256,119446.0,GB,13563.0,13563.0,0.8864507811061065, ['Latin'],['Medieval Latin']
2.0,musique_128k,1999.945728,17.613029376,"====== Now let's start! ======
Based on the documents above, can you answer the following query? Print out the TITLE and ID of the documents you use to answer. Then format the answers into a list.
query: What was the language Auctor comes from during the era of the man crowned first Holy Roman Emperor later known as?
",17613.029376,147.456,test,Final Answer: ,1.999945728,256,119446.0,GB,13563.0,13563.0,0.8864507811061065, ['Latin'],['Medieval Latin']
2.0,musique_128k,1999.945728,17.613029376,"====== Now let's start! ======
Based on the documents above, can you answer the following query? Print out the TITLE and ID of the documents you use to answer. Then format the answers into a list.
query: When did the maker of the Acura Legend, the manufacturer of Toyopet Master, and Nissan open US assembly plants?
",17613.029376,147.456,test,Final Answer: ,1.999945728,256,119446.0,GB,13563.0,13563.0,0.8864507811061065,"1981, 1981, 1981",['1981']
2.0,musique_128k,1999.945728,17.613029376,"====== Now let's start! ======
Based on the documents above, can you answer the following query? Print out the TITLE and ID of the documents you use to answer. Then format the answers into a list.
query: When did the maker of the Acura Legend, the employer of Katsuaki Watanabe, and Nissan open US assembly plants?
",17613.029376,147.456,test,Final Answer: ,1.999945728,256,119446.0,GB,13563.0,13563.0,0.8864507811061065,"1981, 1985, 1981",['1981']
2.0,musique_128k,1999.945728,17.613029376,"====== Now let's start! ======
Based on the documents above, can you answer the following query? Print out the TITLE and ID of the documents you use to answer. Then format the answers into a list.
query: What was the version of the language where the last name Sylvester originates, used in the era of Fastrada's spouse, later known as?
",17613.029376,147.456,test,Final Answer: ,1.999945728,256,119446.0,GB,13563.0,13563.0,0.8864507811061065, ['Latin'],['Medieval Latin']
2.0,musique_128k,1999.945728,17.613029376,"====== Now let's start! ======
Based on the documents above, can you answer the following query? Print out the TITLE and ID of the documents you use to answer. Then format the answers into a list.
query: What was the version of the language where the last name Sylvester originates, used in the era of the king that united the tribes in the 9th century, later called?
",17613.029376,147.456,test,Final Answer: ,1.999945728,256,119446.0,GB,13563.0,13563.0,0.8864507811061065, ['Latin'],['Medieval Latin']
2.0,musique_128k,1999.945728,17.613029376,"====== Now let's start! ======
Based on the documents above, can you answer the following query? Print out the TITLE and ID of the documents you use to answer. Then format the answers into a list.
query: When did the maker of the Acura RLX, the owner of Scion, and Nissan open US assembly plants?
",17613.029376,147.456,test,Final Answer: ,1.999945728,256,119446.0,GB,13563.0,13563.0,0.8864507811061065,"1985, 1995, 1981",['1981']
2.0,musique_128k,1999.945728,17.613029376,"====== Now let's start! ======
Based on the documents above, can you answer the following query? Print out the TITLE and ID of the documents you use to answer. Then format the answers into a list.
query: How were the people that the Somali Muslim Ajuran Empire made coins to proclaim independence from, expelled from the country that Minyekyawdin lived in?
",17613.029376,147.456,test,Final Answer: ,1.999945728,256,119446.0,GB,13563.0,13563.0,0.8864507811061065, ['Expelled due to the invasion by Siam'],['The dynasty regrouped and defeated the Portuguese']
2.0,musique_128k,1999.945728,17.613029376,"====== Now let's start! ======
Based on the documents above, can you answer the following query? Print out the TITLE and ID of the documents you use to answer. Then format the answers into a list.
query: When was the last time Cian Hughton's team beat the 1894–95 FA Cup winner?
",17613.029376,147.456,test,Final Answer: ,1.999945728,256,119446.0,GB,13563.0,13563.0,0.8864507811061065, ['1997'],['1 December 2010']
2.0,musique_128k,1999.945728,17.613029376,"====== Now let's start! ======
Based on the documents above, can you answer the following query? Print out the TITLE and ID of the documents you use to answer. Then format the answers into a list.
query: When was the last time Gary Rowett's team beat the 1894-95 FA Cup winner?
",17613.029376,147.456,test,Final Answer: ,1.999945728,256,119446.0,GB,13563.0,13563.0,0.8864507811061065, ['2009'],['1 December 2010']
2.0,musique_128k,1999.945728,17.613029376,"====== Now let's start! ======
Based on the documents above, can you answer the following query? Print out the TITLE and ID of the documents you use to answer. Then format the answers into a list.
query: When was the last time Johnny Newman's team beat the 1894–95 FA Cup winner?
",17613.029376,147.456,test,Final Answer: ,1.999945728,256,119446.0,GB,13563.0,13563.0,0.8864507811061065,1993,['1 December 2010']
2.0,musique_128k,1999.945728,17.613029376,"====== Now let's start! ======
Based on the documents above, can you answer the following query? Print out the TITLE and ID of the documents you use to answer. Then format the answers into a list.
query: When was the last time Ken Faulkner's team beat the 1894-95 FA Cup winner?
",17613.029376,147.456,test,Final Answer: ,1.999945728,256,119446.0,GB,13563.0,13563.0,0.8864507811061065, ['1997'],['1 December 2010']
2.0,musique_128k,1999.945728,17.613029376,"====== Now let's start! ======
Based on the documents above, can you answer the following query? Print out the TITLE and ID of the documents you use to answer. Then format the answers into a list.
query: When was the last time the team that Malcolm Briggs was a member of beat the 1894-95 FA cup winner?
",17613.029376,147.456,test,Final Answer: ,1.999945728,256,119446.0,GB,13563.0,13563.0,0.8864507811061065, ['1997'],['1 December 2010']
2.0,musique_128k,1999.945728,17.613029376,"====== Now let's start! ======
Based on the documents above, can you answer the following query? Print out the TITLE and ID of the documents you use to answer. Then format the answers into a list.
query: How long had the city where the Yongle Emperor greeted the Karmapa been the capitol city of Yaxing Coach's headquarters location?
",17613.029376,147.456,test,Final Answer: ,1.999945728,256,119446.0,GB,13563.0,13563.0,0.8864507811061065, ['14 years'],['about 400 years']
2.0,musique_128k,1999.945728,17.613029376,"====== Now let's start! ======
Based on the documents above, can you answer the following query? Print out the TITLE and ID of the documents you use to answer. Then format the answers into a list.
query: In what region of the country containing the Cái River is the place where John Phan was born?
",17613.029376,147.456,test,Final Answer: ,1.999945728,256,119446.0,GB,13563.0,13563.0,0.8864507811061065, ['Vietnam'],['South Central Coast']
2.0,musique_128k,1999.945728,17.613029376,"====== Now let's start! ======
Based on the documents above, can you answer the following query? Print out the TITLE and ID of the documents you use to answer. Then format the answers into a list.
query: When did the party that controls the House of Representatives take control of the branch that gives regulators discretion to prohibit proprietary trades?
",17613.029376,147.456,test,Final Answer: ,1.999945728,256,119446.0,GB,13563.0,13563.0,0.8864507811061065, ['1994'],['January 2015']
2.0,musique_128k,1999.945728,17.613029376,"====== Now let's start! ======
Based on the documents above, can you answer the following query? Print out the TITLE and ID of the documents you use to answer. Then format the answers into a list.
query: When did the party Oklahoma's US Senators come from take control of the body determining the rules of the US House and US Senate?
",17613.029376,147.456,test,Final Answer: ,1.999945728,256,119446.0,GB,13563.0,13563.0,0.8864507811061065, ['1973'],['January 2015']
2.0,musique_128k,1999.945728,17.613029376,"====== Now let's start! ======
Based on the documents above, can you answer the following query? Print out the TITLE and ID of the documents you use to answer. Then format the answers into a list.
query: What region is to the north of what used to be known as Near East and the body of water between east africa and Arabian Peninsula?
",17613.029376,147.456,test,Final Answer: ,1.999945728,256,119446.0,GB,13563.0,13563.0,0.8864507811061065," ['Near East', 'Red Sea']",['Kingdom of Saudi Arabia']
2.0,musique_128k,1999.945728,17.613029376,"====== Now let's start! ======
Based on the documents above, can you answer the following query? Print out the TITLE and ID of the documents you use to answer. Then format the answers into a list.
query: Which county shares a border with the county where the most populous city in the state where WEKL operates is located?
",17613.029376,147.456,test,Final Answer: ,1.999945728,256,119446.0,GB,13563.0,13563.0,0.8864507811061065, ['Spartanburg County'],['Presque Isle County']
2.0,musique_128k,1999.945728,17.613029376,"====== Now let's start! ======
Based on the documents above, can you answer the following query? Print out the TITLE and ID of the documents you use to answer. Then format the answers into a list.
query: In New Zealand, 12.6% of Christians belong to a church that is also active in Lesotho. What movement was led by a man who challenged this church?
",17613.029376,147.456,test,Final Answer: ,1.999945728,256,119446.0,GB,13563.0,13563.0,0.8864507811061065, ['The Reformation'],['German Renaissance']
2.0,musique_128k,1999.945728,17.613029376,"====== Now let's start! ======
Based on the documents above, can you answer the following query? Print out the TITLE and ID of the documents you use to answer. Then format the answers into a list.
query: What is the abbreviation for Angela Merkel's original home country that once had border troops called the Deutsche Grenzpolizei?
",17613.029376,147.456,test,Final Answer: ,1.999945728,256,119446.0,GB,13563.0,13563.0,0.8864507811061065, ['Germany'],['GDR']
2.0,musique_128k,1999.945728,17.613029376,"====== Now let's start! ======
Based on the documents above, can you answer the following query? Print out the TITLE and ID of the documents you use to answer. Then format the answers into a list.
query: What was the wettest year in the second largest city in the state where Yuma's Library District is located?
",17613.029376,147.456,test,Final Answer: ,1.999945728,256,119446.0,GB,13563.0,13563.0,0.8864507811061065,1924,['1905']
2.0,musique_128k,1999.945728,17.613029376,"====== Now let's start! ======
Based on the documents above, can you answer the following query? Print out the TITLE and ID of the documents you use to answer. Then format the answers into a list.
query: How long are the city council terms in the second largest city in the state where Yuma is located?
",17613.029376,147.456,test,Final Answer: ,1.999945728,256,119446.0,GB,13563.0,13563.0,0.8864507811061065, ['4 years'],['four-year']
2.0,musique_128k,1999.945728,17.613029376,"====== Now let's start! ======
Based on the documents above, can you answer the following query? Print out the TITLE and ID of the documents you use to answer. Then format the answers into a list.
query: How many ethnic minorities were looked at differently where the only group larger than BMG's partner from 2005 to 2007 is headquartered?
",17613.029376,147.456,test,Final Answer: ,1.999945728,256,119446.0,GB,13563.0,13563.0,0.8864507811061065, ['1'],['two']
2.0,musique_128k,1999.945728,17.613029376,"====== Now let's start! ======
Based on the documents above, can you answer the following query? Print out the TITLE and ID of the documents you use to answer. Then format the answers into a list.
query: When do hurricanes occur in the ocean that borders the state where Williamsburg, Main Street Station and another share a track?
",17613.029376,147.456,test,Final Answer: ,1.999945728,256,119446.0,GB,13563.0,13563.0,0.8864507811061065, ['the Atlantic Ocean'],['usually in the summer or fall']
2.0,musique_128k,1999.945728,17.613029376,"====== Now let's start! ======
Based on the documents above, can you answer the following query? Print out the TITLE and ID of the documents you use to answer. Then format the answers into a list.
query: What is the seat of the county sharing a border with the county in which J.P. Hayes was born?
",17613.029376,147.456,test,Final Answer: ,1.999945728,256,119446.0,GB,13563.0,13563.0,0.8864507811061065," ['Savannah, Georgia']",['Green Bay']
2.0,musique_128k,1999.945728,17.613029376,"====== Now let's start! ======
Based on the documents above, can you answer the following query? Print out the TITLE and ID of the documents you use to answer. Then format the answers into a list.
query: What shares a border with the city where the person who went to the state where the 951 area code is used during the gold rush works?
",17613.029376,147.456,test,Final Answer: ,1.999945728,256,119446.0,GB,13563.0,13563.0,0.8864507811061065, ['New Mexico'],['Rio Linda']
2.0,musique_128k,1999.945728,17.613029376,"====== Now let's start! ======
Based on the documents above, can you answer the following query? Print out the TITLE and ID of the documents you use to answer. Then format the answers into a list.
query: How many ethnic minorities were looked at differently in the city where the headquarters of the company that Study in Brown's record label is a part of?
",17613.029376,147.456,test,Final Answer: ,1.999945728,256,119446.0,GB,13563.0,13563.0,0.8864507811061065, ['3'],['two']
2.0,musique_128k,1999.945728,17.613029376,"====== Now let's start! ======
Based on the documents above, can you answer the following query? Print out the TITLE and ID of the documents you use to answer. Then format the answers into a list.
query: When was the region that lies to the north of the region where Aluf is located and the Persian Gulf created?
",17613.029376,147.456,test,Final Answer: ,1.999945728,256,119446.0,GB,13563.0,13563.0,0.8864507811061065, ['1922'],['1930']
2.0,musique_128k,1999.945728,17.613029376,"====== Now let's start! ======
Based on the documents above, can you answer the following query? Print out the TITLE and ID of the documents you use to answer. Then format the answers into a list.
query: What is the capital of the county that shares a border with the county whose capital is the birthplace of Erik Jensen?
",17613.029376,147.456,test,Final Answer: ,1.999945728,256,119446.0,GB,13563.0,13563.0,0.8864507811061065," ['Tucson, Arizona']",['Green Bay']
2.0,musique_128k,1999.945728,17.613029376,"====== Now let's start! ======
Based on the documents above, can you answer the following query? Print out the TITLE and ID of the documents you use to answer. Then format the answers into a list.
query: Who won the Indy car race in the largest city and capitol of the state where the Changes Two performer is from?
",17613.029376,147.456,test,Final Answer: ,1.999945728,256,119446.0,GB,13563.0,13563.0,0.8864507811061065, ['Bobby Bradley'],['Mario Andretti']
2.0,musique_128k,1999.945728,17.613029376,"====== Now let's start! ======
Based on the documents above, can you answer the following query? Print out the TITLE and ID of the documents you use to answer. Then format the answers into a list.
query: Who won the Indy Car Race in the largest populated city of the state where the performer of Mingus Three is from?
",17613.029376,147.456,test,Final Answer: ,1.999945728,256,119446.0,GB,13563.0,13563.0,0.8864507811061065, ['Bobby Block'],['Mario Andretti']
2.0,musique_128k,1999.945728,17.613029376,"====== Now let's start! ======
Based on the documents above, can you answer the following query? Print out the TITLE and ID of the documents you use to answer. Then format the answers into a list.
query: When is the opening day of the league of the team with the most titles from the event after which they give out the MLB MVP award?
",17613.029376,147.456,test,Final Answer: ,1.999945728,256,119446.0,GB,13563.0,13563.0,0.8864507811061065," ['April 10, 1955']","['Thursday, March 29']"
2.0,musique_128k,1999.945728,17.613029376,"====== Now let's start! ======
Based on the documents above, can you answer the following query? Print out the TITLE and ID of the documents you use to answer. Then format the answers into a list.
query: When does the regular season of the league where the team with the most titles from the series after which the MLB MVP award is given out plays?
",17613.029376,147.456,test,Final Answer: ,1.999945728,256,119446.0,GB,13563.0,13563.0,0.8864507811061065," ['March 29, 2018']","['March 29, 2018']"
2.0,musique_128k,1999.945728,17.613029376,"====== Now let's start! ======
Based on the documents above, can you answer the following query? Print out the TITLE and ID of the documents you use to answer. Then format the answers into a list.
query: When is opening day of the season of the league that the team that has the most titles from the competition they gave out MVP awards after?
",17613.029376,147.456,test,Final Answer: ,1.999945728,256,119446.0,GB,13563.0,13563.0,0.8864507811061065," ['March 29, 2018']","['March 29, 2018']"
2.0,musique_128k,1999.945728,17.613029376,"====== Now let's start! ======
Based on the documents above, can you answer the following query? Print out the TITLE and ID of the documents you use to answer. Then format the answers into a list.
query: Who was second pick in the 1999 draft of the league that has a competition where they give out the MLB MVP award after it?
",17613.029376,147.456,test,Final Answer: ,1.999945728,256,119446.0,GB,13563.0,13563.0,0.8864507811061065, ['Mike Piazza'],['Josh Beckett']
2.0,musique_128k,1999.945728,17.613029376,"====== Now let's start! ======
Based on the documents above, can you answer the following query? Print out the TITLE and ID of the documents you use to answer. Then format the answers into a list.
query: The original language of the film titled and about the city of Tito's final resting place is the co-official language of a country. Where are the headquarters for that country's national radio and TV broadcaster?
",17613.029376,147.456,test,Final Answer: ,1.999945728,256,119446.0,GB,13563.0,13563.0,0.8864507811061065, ['The headquarters for the national radio and TV broadcaster of the country where the original language of the film titled and about the city of Tito's final resting place is the co-official language are located in the capital city of the country.'],['Pristina']
2.0,musique_128k,1999.945728,17.613029376,"====== Now let's start! ======
Based on the documents above, can you answer the following query? Print out the TITLE and ID of the documents you use to answer. Then format the answers into a list.
query: A country's military branch, the equivalent of which in the US contains the Air Defense Artillery, was unprepared for the invasion of Ivo Werner's country. When was the word ""Slavs"" used in the national anthem of the unprepared country?
",17613.029376,147.456,test,Final Answer: ,1.999945728,256,119446.0,GB,13563.0,13563.0,0.8864507811061065," ['The word ""Slavs"" was used in the national anthem of the unprepared country during the 1940s.']",['1943–1992']
2.0,musique_128k,1999.945728,17.613029376,"====== Now let's start! ======
Based on the documents above, can you answer the following query? Print out the TITLE and ID of the documents you use to answer. Then format the answers into a list.
query: A country's military branch, the equivalent of which in the US contains the Air Defense Artillery, was unprepared for the invasion of the country that developed the ZH-29. When was the word ""Slavs"" used in the national anthem of the unprepared country?
",17613.029376,147.456,test,Final Answer: ,1.999945728,256,119446.0,GB,13563.0,13563.0,0.8864507811061065," ['The word ""Slavs"" was used in the national anthem of the unprepared country during the 1940s.']",['1943–1992']
2.0,musique_128k,1999.945728,17.613029376,"====== Now let's start! ======
Based on the documents above, can you answer the following query? Print out the TITLE and ID of the documents you use to answer. Then format the answers into a list.
query: Country A developed the ZH-29 and invaded Country B because their military branch that the Air Defense Artillery is a branch of was unprepared. Country B was the only communist country to have an embassy where?
",17613.029376,147.456,test,Final Answer: ,1.999945728,256,119446.0,GB,13563.0,13563.0,0.8864507811061065, ['Country B was the only communist country to have an embassy in the United States'],"[""Alfredo Stroessner's Paraguay""]"
2.0,musique_128k,1999.945728,17.613029376,"====== Now let's start! ======
Based on the documents above, can you answer the following query? Print out the TITLE and ID of the documents you use to answer. Then format the answers into a list.
query: Hana Mandlikova was born in Country A that invaded Country B because the military branch that helped Old West's local police was unprepared. Country B was the only communist country to have an embassy where?
",17613.029376,147.456,test,Final Answer: ,1.999945728,256,119446.0,GB,13563.0,13563.0,0.8864507811061065," ['Czechoslovakia', 'Poland', 'Czechoslovakia', 'Czechoslovakia']","[""Alfredo Stroessner's Paraguay""]"
2.0,musique_128k,1999.945728,17.613029376,"====== Now let's start! ======
Based on the documents above, can you answer the following query? Print out the TITLE and ID of the documents you use to answer. Then format the answers into a list.
query: How were the Portuguese expelled from the country that is a natural boundary between the country that hosted the tournament and the country That Dam is located?
",17613.029376,147.456,test,Final Answer: ,1.999945728,256,119446.0,GB,13563.0,13563.0,0.8864507811061065," ['The Portuguese were expelled through a combination of military conflict and political changes, leading to the establishment of the country as a sovereign state.']",['The dynasty regrouped and defeated the Portuguese']
2.0,musique_128k,1999.945728,17.613029376,"====== Now let's start! ======
Based on the documents above, can you answer the following query? Print out the TITLE and ID of the documents you use to answer. Then format the answers into a list.
query: When did Burma change its name to the country on the natural boundary between the country that hosted the tournament and the country where That Dam is from?
",17613.029376,147.456,test,Final Answer: ,1.999945728,256,119446.0,GB,13563.0,13563.0,0.8864507811061065, ['1989'],['1989']
2.0,musique_128k,1999.945728,17.613029376,"====== Now let's start! ======
Based on the documents above, can you answer the following query? Print out the TITLE and ID of the documents you use to answer. Then format the answers into a list.
query: Who brought the language Hokkien to the country on the natural boundary between the country that hosted the tournament and the country where A Don is from?
",17613.029376,147.456,test,Final Answer: ,1.999945728,256,119446.0,GB,13563.0,13563.0,0.8864507811061065, ['Hokkien was brought to the country by Chinese immigrants'],['Han Chinese emigrants']
2.0,musique_128k,1999.945728,17.613029376,"====== Now let's start! ======
Based on the documents above, can you answer the following query? Print out the TITLE and ID of the documents you use to answer. Then format the answers into a list.
query: When was Burma's name changed to the country between the country that hosted the tournament and the country where A Don is from?
",17613.029376,147.456,test,Final Answer: ,1.999945728,256,119446.0,GB,13563.0,13563.0,0.8864507811061065, ['1989'],['1235']
2.0,musique_128k,1999.945728,17.613029376,"====== Now let's start! ======
Based on the documents above, can you answer the following query? Print out the TITLE and ID of the documents you use to answer. Then format the answers into a list.
query: Who burned down the city where Dunn Dunn's artist died in the war after which the government got involved in healthcare?
",17613.029376,147.456,test,Final Answer: ,1.999945728,256,119446.0,GB,13563.0,13563.0,0.8864507811061065, ['Dunn Dunn'],['Confederate Gen. John Bell Hood']
2.0,musique_128k,1999.945728,17.613029376,"====== Now let's start! ======
Based on the documents above, can you answer the following query? Print out the TITLE and ID of the documents you use to answer. Then format the answers into a list.
query: New coins by the Somali Muslim Ajuran Empire were a proclamation of independence from a nation. How were the people of that nation expelled from country that borders Thailand and Ban Nampo village's country?
",17613.029376,147.456,test,Final Answer: ,1.999945728,256,119446.0,GB,13563.0,13563.0,0.8864507811061065," ['Somali', 'Myanmar', 'Thailand', 'Ban Nampo']",['The dynasty regrouped and defeated the Portuguese']
2.0,musique_128k,1999.945728,17.613029376,"====== Now let's start! ======
Based on the documents above, can you answer the following query? Print out the TITLE and ID of the documents you use to answer. Then format the answers into a list.
query: A country gained control of Florida after the war in which Charles Edward Nugent saw action. Besides being in different parts of that country, what other differences are there between Real Madrid and Hostafrancs's city's team?
",17613.029376,147.456,test,Final Answer: ,1.999945728,256,119446.0,GB,13563.0,13563.0,0.8864507811061065," ['Real Madrid is a football club based in Spain, while Hostafrancs is a football club based in Sweden.']",['two cities']
2.0,musique_128k,1999.945728,17.613029376,"====== Now let's start! ======
Based on the documents above, can you answer the following query? Print out the TITLE and ID of the documents you use to answer. Then format the answers into a list.
query: In the top five largest urban areas in the US state in which the band performing Scars was formed, where does the city having Pathology rank?
",17613.029376,147.456,test,Final Answer: ,1.999945728,256,119446.0,GB,13563.0,13563.0,0.8864507811061065, ['the city having Pathology ranks third'],['third-largest']
2.0,musique_128k,1999.945728,17.613029376,"====== Now let's start! ======
Based on the documents above, can you answer the following query? Print out the TITLE and ID of the documents you use to answer. Then format the answers into a list.
query: When did the town WIZE is licensed in become capitol of the state where Ward Township is located?
",17613.029376,147.456,test,Final Answer: ,1.999945728,256,119446.0,GB,13563.0,13563.0,0.8864507811061065, ['1989'],['1839']
