split,kv_memory_per_token_kb,context_tokens,retained_kv_memory_gb,compression_ratio,task,answers,uncompressed_kv_memory_mb,predicted_answer,retained_context_tokens,max_new_tokens,uncompressed_kv_memory_gb,question,answer_prefix,retained_kv_memory_mb
dev,65.536,119394.0,7.824605184,0.0,qampari_128k,"['2010 Senior Open Championship' '2014 Senior Open Championship'
 '2017 Senior Open Championship' '2018 Senior Open Championship'
 '2019 Senior Open Championship']",7824.605184,"2010 Senior Open Championship, 2014 Senior Open Championship, 2017 Senior Open Championship, 2018 Senior Open Championship, 2019 Senior Open Championship",119394.0,256,7.824605184,"====== Now let's start! ======
Based on the documents above, can you answer the following query? Print out the TITLE and ID of the documents you use to answer. Then format the answers into a list.
query: What competition is a Senior British Open Championship?
",Final Answer: ,7824.605184
dev,65.536,119394.0,7.824605184,0.0,qampari_128k,"['Anantaram' 'Kodiyettam' 'Mathilukal' 'Mukhamukham'
 'Oru Pennum Randaanum']",7824.605184," ['Anantaram', 'Kodiyettam', 'Mathilukal', 'Mukhamukham', 'Oru Pennum Randaanum']

**Documents Used:**
TITLE: Anantaram | ID: 514
TITLE: Kodiyettam | ID: 731
TITLE: Mathilukal | ID: 229
TITLE: Mukhamukham | ID: 37
TITLE: Oru Pennum Randaanum | ID: 14",119394.0,256,7.824605184,"====== Now let's start! ======
Based on the documents above, can you answer the following query? Print out the TITLE and ID of the documents you use to answer. Then format the answers into a list.
query: Which movie was screenwritten by Adoor Gopalakrishan?
",Final Answer: ,7824.605184
dev,65.536,119394.0,7.824605184,0.0,qampari_128k,"['Bradstone' 'Lezant' 'Plymouth' 'St Stephens by Launceston Rural'
 'Werrington']",7824.605184," ['Werrington']

**Documents used:**
TITLE: Werrington, Cornwall | ID: 741
TITLE: Bradstone | ID: 536",119394.0,256,7.824605184,"====== Now let's start! ======
Based on the documents above, can you answer the following query? Print out the TITLE and ID of the documents you use to answer. Then format the answers into a list.
query: What is the name of the settlement that is next to the Tamar River?
",Final Answer: ,7824.605184
dev,65.536,119394.0,7.824605184,0.0,qampari_128k,['Agnes' 'Montague' 'Rover' 'Sherbrooke' 'Sir John Sherbrooke'],7824.605184," ['Agnes (1849)', 'Montague (brigantine)', 'Rover (privateering ship)', 'Sir John Sherbrooke (Halifax)']

**Documents Used:**
*   TITLE: Agnes (1849) | ID: 504
*   TITLE: Montague (brigantine) | ID: 41
*   TITLE: Rover (privateering ship) | ID: 385
*   TITLE: Sir John Sherbrooke (Halifax) | ID: 151",119394.0,256,7.824605184,"====== Now let's start! ======
Based on the documents above, can you answer the following query? Print out the TITLE and ID of the documents you use to answer. Then format the answers into a list.
query: Name the ships registered in Nova Scotia.
",Final Answer: ,7824.605184
dev,65.536,119394.0,7.824605184,0.0,qampari_128k,"['Allein zu dir, Herr Jesu Christ, BWV 33'
 'Ein feste Burg ist unser Gott, BWV 80'
 'O Ewigkeit, du Donnerwort, BWV 20'
 'Wachet auf, ruft uns die Stimme, BWV 140'
 'Wie schön leuchtet der Morgenstern, BWV 1']",7824.605184," ['Allein zu dir, Herr Jesu Christ, BWV 33', 'Ein feste Burg ist unser Gott, BWV 80', 'O Ewigkeit, du Donnerwort, BWV 20', 'Wachet auf, ruft uns die Stimme, BWV 140', 'Wie schön leuchtet der Morgenstern, BWV 1']

**Documents Used:**
TITLE: Allein zu dir, Herr Jesu Christ, BWV 33 | ID: 691
TITLE: Ein feste Burg ist unser Gott, BWV 80 | ID: 501
TITLE: O Ewigkeit, du Donnerwort, BWV 20 | ID: 649
TITLE: Wachet auf, ruft uns die Stimme, BWV 140 | ID: 387
TITLE: Wie schön leuchtet der Morgenstern, BWV 1 | ID: 604",119394.0,256,7.824605184,"====== Now let's start! ======
Based on the documents above, can you answer the following query? Print out the TITLE and ID of the documents you use to answer. Then format the answers into a list.
query: What composition is an example of a chorale cantata?
",Final Answer: ,7824.605184
dev,65.536,119394.0,7.824605184,0.0,qampari_128k,"['Alternate Americas' 'Alternate Empires' 'Alternate Heroes'
 'Alternate Wars' 'Nebula Awards Showcase 2000']",7824.605184," ['Alternate Empires', 'Alternate Americas', 'Alternate Heroes', 'Alternate Wars', 'Nebula Awards Showcase 2000']

**Documents Used:**
TITLE: Alternate Empires | ID: 491
TITLE: Alternate Americas | ID: 512
TITLE: Alternate Heroes | ID: 586
TITLE: Alternate Wars | ID: 598
TITLE: Nebula Awards Showcase 2000 | ID: 476",119394.0,256,7.824605184,"====== Now let's start! ======
Based on the documents above, can you answer the following query? Print out the TITLE and ID of the documents you use to answer. Then format the answers into a list.
query: Gregory Benford edited what piece of writing?
",Final Answer: ,7824.605184
dev,65.536,119394.0,7.824605184,0.0,qampari_128k,"['Michele Serros' 'Paul Seaton' 'Sun Mingming' 'Terrance Dotsy'
 'Zack Thornton']",7824.605184," ['Blake Wingle', 'Dewon Brazelton', 'Leif Murphy', 'Sun Mingming', 'Terrance Dotsy']

**Documents Used:**
TITLE: Blake Wingle | ID: 312
TITLE: Dewon Brazelton | ID: 663
TITLE: Leif Murphy | ID: 386
TITLE: Sun Mingming | ID: 622
TITLE: Terrance Dotsy | ID: 282",119394.0,256,7.824605184,"====== Now let's start! ======
Based on the documents above, can you answer the following query? Print out the TITLE and ID of the documents you use to answer. Then format the answers into a list.
query: What's the name of a former student from Ventura College?
",Final Answer: ,7824.605184
dev,65.536,119394.0,7.824605184,0.0,qampari_128k,['Aung Min' 'Maung Maung Ohn' 'Myint Swe' 'San Yu' 'Thein Sein'],7824.605184," ['Aung Min', 'Myint Swe', 'Min Aung Hlaing', 'Maung Maung Ohn', 'Thein Sein', 'San Yu']

**Documents Used:**
*   TITLE: Aung Min | ID: 129
*   TITLE: Myint Swe | ID: 163
*   TITLE: Min Aung Hlaing | ID: 250
*   TITLE: Maung Maung Ohn | ID: 520
*   TITLE: Thein Sein | ID: 357
*   TITLE: San Yu | ID: 565",119394.0,256,7.824605184,"====== Now let's start! ======
Based on the documents above, can you answer the following query? Print out the TITLE and ID of the documents you use to answer. Then format the answers into a list.
query: What individual served in the Myanmar Army?
",Final Answer: ,7824.605184
dev,65.536,119394.0,7.824605184,0.0,qampari_128k,"['Chadron Public Library' 'Crawford County Courthouse'
 'Dr. A.O. Thomas House' 'Franklin County Courthouse'
 'Howard County Courthouse']",7824.605184," ['Chadron Public Library', 'Crawford County Courthouse (Iowa)', 'Dr. A.O. Thomas House', 'Franklin County Courthouse (Nebraska)', 'Howard County Courthouse (Nebraska)']

**Documents Used:**
TITLE: Chadron Public Library | ID: 293
TITLE: Crawford County Courthouse (Iowa) | ID: 252
TITLE: Dr. A.O. Thomas House | ID: 60
TITLE: Franklin County Courthouse (Nebraska) | ID: 746
TITLE: Howard County Courthouse (Nebraska) | ID: 270",119394.0,256,7.824605184,"====== Now let's start! ======
Based on the documents above, can you answer the following query? Print out the TITLE and ID of the documents you use to answer. Then format the answers into a list.
query: What structures di George A. Berlinghof create?
",Final Answer: ,7824.605184
dev,65.536,119394.0,7.824605184,0.0,qampari_128k,"['Last of the Time Lords' 'Music of the Spheres'
 'The Unicorn and the Wasp' 'Time Crash' 'Voyage of the Damned']",7824.605184," ['Doctor Who']

Based on the documents provided, specifically **ID: 36** (""Last of the Time Lords"") and **ID: 462** (""Music of the Spheres (Doctor Who)""), Russell T Davies is identified as the writer and Executive Producer of the television series **Doctor Who**.

*   **ID: 36**: ""In the episode's commentary, writer Russell T Davies called the implication... prompting Executive Producer Julie Gardner..."" (Implies his role as writer/producer on the show).
*   **ID: 462**: ""Russell T Davies and Julie Gardner decided to create a 'mini-episode' to be screened at the 'Doctor Who' Prom..."" (Confirms his executive role on the show).
*   **ID: 298**: ""The episode is written by Gareth Roberts... after executive producer Russell T Davies reviewed Roberts' script..."" (Confirms his role as Executive Producer).

The show is **Doctor Who**.

Final Answer: ['Doctor Who']",119394.0,256,7.824605184,"====== Now let's start! ======
Based on the documents above, can you answer the following query? Print out the TITLE and ID of the documents you use to answer. Then format the answers into a list.
query: What show was executively produced by Russell T Davies?
",Final Answer: ,7824.605184
test,65.536,119394.0,7.824605184,0.0,qampari_128k,"[""2018 Kentucky Bank Tennis Championships – Men's Singles""
 ""2018 Kunming Open – Men's Doubles""
 ""2018 Stockton Challenger – Men's Singles""
 ""2019 Burnie International – Men's Doubles""
 ""2019 Launceston Tennis International – Men's Singles""]",7824.605184,"2019 Launceston Tennis International – Men's Singles, 2018 Kentucky Bank Tennis Championships – Men's Singles, 2019 Burnie International – Men's Doubles, 2018 Kunming Open – Men's Doubles, 2018 Stockton Challenger – Men's Singles",119394.0,256,7.824605184,"====== Now let's start! ======
Based on the documents above, can you answer the following query? Print out the TITLE and ID of the documents you use to answer. Then format the answers into a list.
query: Which competition did the tennis man Lloyd Harris win?
",Final Answer: ,7824.605184
test,65.536,119394.0,7.824605184,0.0,qampari_128k,"['Dead Heavens' 'Gorilla Biscuits' 'Quicksand' 'Rival Schools'
 'Walking Concert']",7824.605184," ['Dead Heavens', 'Gorilla Biscuits', 'Quicksand', 'Rival Schools', 'Walking Concert']

**Documents Used:**
TITLE: Dead Heavens | ID: 734
TITLE: Gorilla Biscuits | ID: 91
TITLE: Quicksand (American band) | ID: 752
TITLE: Rival Schools (band) | ID: 25
TITLE: Walking Concert | ID: 113",119394.0,256,7.824605184,"====== Now let's start! ======
Based on the documents above, can you answer the following query? Print out the TITLE and ID of the documents you use to answer. Then format the answers into a list.
query: What groups was Walter Schreifels a member of?
",Final Answer: ,7824.605184
test,65.536,119394.0,7.824605184,0.0,qampari_128k,['Arabsat-1A' 'Arabsat-1B' 'Arabsat-5A' 'Badr-4' 'INSAT-2DT'],7824.605184," ['Arabsat-1A', 'Arabsat-1B', 'Arabsat-5A', 'INSAT-2DT']

**Documents used:**
TITLE: Arabsat-1A | ID: 446
TITLE: Arabsat-1B | ID: 710
TITLE: Arabsat-5A | ID: 355
TITLE: INSAT-2DT | ID: 747",119394.0,256,7.824605184,"====== Now let's start! ======
Based on the documents above, can you answer the following query? Print out the TITLE and ID of the documents you use to answer. Then format the answers into a list.
query: What does the Arab Satellite Communications Organization own?
",Final Answer: ,7824.605184
test,65.536,119394.0,7.824605184,0.0,qampari_128k,['Diplopedia' 'RationalWiki' 'Uncyclopedia' 'Veropedia' 'Wiktionary'],7824.605184," ['RationalWiki', 'Uncyclopedia', 'Veropedia', 'Diplopedia', 'Wiktionary']",119394.0,256,7.824605184,"====== Now let's start! ======
Based on the documents above, can you answer the following query? Print out the TITLE and ID of the documents you use to answer. Then format the answers into a list.
query: What are the existing wiki projects ?
",Final Answer: ,7824.605184
test,65.536,119394.0,7.824605184,0.0,qampari_128k,"['Chris McCormack' 'Chrissie Wellington' 'Helen Jenkins' 'Magali Messmer'
 'Pete Jacobs']",7824.605184," ['Chrissie Wellington', 'Helen Jenkins', 'Magali Messmer', 'Chris McCormack', 'Pete Jacobs']

**Documents Used:**
TITLE: Chrissie Wellington | ID: 32
TITLE: Helen Jenkins | ID: 29
TITLE: Magali Messmer | ID: 178
TITLE: Chris McCormack (triathlete) | ID: 281
TITLE: Pete Jacobs (triathlete) | ID: 592",119394.0,256,7.824605184,"====== Now let's start! ======
Based on the documents above, can you answer the following query? Print out the TITLE and ID of the documents you use to answer. Then format the answers into a list.
query: Who was a notable triathlete ?
",Final Answer: ,7824.605184
test,65.536,119394.0,7.824605184,0.0,qampari_128k,['Ammonia' 'Collins reagent' 'Dimethylformamide' 'Ethanol' 'Sodium azide'],7824.605184," ['Collins reagent', 'Jones reagent', 'pyridinium chlorochromate', 'pyridinium dichromate']

**Documents used:**
TITLE: Collins reagent | ID: 216",119394.0,256,7.824605184,"====== Now let's start! ======
Based on the documents above, can you answer the following query? Print out the TITLE and ID of the documents you use to answer. Then format the answers into a list.
query: What are the existing reagent compounds ?
",Final Answer: ,7824.605184
test,65.536,119394.0,7.824605184,0.0,qampari_128k,"['Byeongsan Seowon' 'Dosan Seowon' 'Oksan Seowon' 'Seoak Seowon'
 'Sosu Seowon']",7824.605184," ['Byeongsan Seowon', 'Dosan Seowon', 'Oksan Seowon', 'Seoak Seowon', 'Sosu Seowon']

**Documents Used:**
TITLE: Byeongsan Seowon | ID: 219
TITLE: Dosan Seowon | ID: 171
TITLE: Oksan Seowon, Gyeongju | ID: 45
TITLE: Seoak Seowon | ID: 47
TITLE: Sosu Seowon | ID: 90",119394.0,256,7.824605184,"====== Now let's start! ======
Based on the documents above, can you answer the following query? Print out the TITLE and ID of the documents you use to answer. Then format the answers into a list.
query: What are some of the notable seowons ?
",Final Answer: ,7824.605184
test,65.536,119394.0,7.824605184,0.0,qampari_128k,"[""2015 Wimbledon Championships – Boys' Singles""
 ""2016 Charlottesville Men's Pro Challenger – singles""
 '2018 BNP Paribas Primrose Bordeaux – singles'
 '2018 JSM Challenger of Champaign–Urbana – singles'
 '2018 Knoxville Challenger – singles']",7824.605184,"2018 Knoxville Challenger – Singles, 2015 Wimbledon Championships – Boys' Singles, 2016 Charlottesville Men's Pro Challenger – Singles, 2018 BNP Paribas Primrose Bordeaux – Singles, 2018 JSM Challenger of Champaign–Urbana – Singles

Based on the documents provided, here are the specific competitions where Reilly Opelka emerged victorious:

*   **2018 Knoxville Challenger – Singles** (ID: 84): ""Reilly Opelka won the title after defeating Bjorn Fratangelo...""
*   **2015 Wimbledon Championships – Boys' Singles** (ID: 318): ""Unseeded American Reilly Opelka won the title, defeating Swede Mikael Ymer...""
*   **2016 Charlottesville Men's Pro Challenger – Singles** (ID: 559): ""Reilly Opelka won the title after defeating Ruben Bemelmans...""
*   **2018 BNP Paribas Primrose Bordeaux – Singles** (ID: 717): ""Reilly Opelka won the title after defeating Grégoire Barrère...""
*   **2018",119394.0,256,7.824605184,"====== Now let's start! ======
Based on the documents above, can you answer the following query? Print out the TITLE and ID of the documents you use to answer. Then format the answers into a list.
query: In which sports competition did Reilly Opelka emerge victorious?
",Final Answer: ,7824.605184
test,65.536,119394.0,7.824605184,0.0,qampari_128k,"['Christian Peter' 'Howard Barbieri' 'Jeff Kunkel' 'Knowshon Moreno'
 'Melanie McGuire']",7824.605184," ['Christian Peter', 'Howard Barbieri', 'Jeff Kunkel', 'Knowshon Moreno', 'Melanie McGuire']

**Documents Used:**
TITLE: Christian Peter | ID: 430
TITLE: Howard Barbieri | ID: 728
TITLE: Jeff Kunkel | ID: 537
TITLE: Knowshon Moreno | ID: 316
TITLE: Melanie McGuire | ID: 438",119394.0,256,7.824605184,"====== Now let's start! ======
Based on the documents above, can you answer the following query? Print out the TITLE and ID of the documents you use to answer. Then format the answers into a list.
query: Who graduated from Middletown High School South?
",Final Answer: ,7824.605184
test,65.536,119394.0,7.824605184,0.0,qampari_128k,"['2015 Città di Caltanissetta – singles'
 '2016 Open Città della Disfida – singles' '2016 Stockholm Open – doubles'
 '2017 Internationaux de Tennis de Vendée – singles'
 '2017 Internazionali di Tennis del Friuli Venezia Giulia – singles']",7824.605184,"2015 Città di Caltanissetta – Singles, 2017 Internazionali di Tennis del Friuli Venezia Giulia – Singles, 2016 Open Città della Disfida – Singles, 2017 Internationaux de Tennis de Vendée – Singles, 2016 Stockholm Open – Doubles

Based on the documents provided, here are the competitions Elias Ymer won:

*   **2015 Città di Caltanissetta – Singles** (ID: 52): ""Elias Ymer won the title, defeating Bjorn Fratangelo in the final...""
*   **2017 Internazionali di Tennis del Friuli Venezia Giulia – Singles** (ID: 291): ""Elias Ymer won the title after defeating Roberto Carballés Baena...""
*   **2016 Open Città della Disfida – Singles** (ID: 669): ""Elias Ymer won the title, defeating Adam Pavlásek...""
*   **2017 Internationaux de Tennis de Vendée – Singles** (ID: 614): ""Elias Ymer won the title after defeating Yannick Maden",119394.0,256,7.824605184,"====== Now let's start! ======
Based on the documents above, can you answer the following query? Print out the TITLE and ID of the documents you use to answer. Then format the answers into a list.
query: What competition did Elias Ymer win?
",Final Answer: ,7824.605184
test,65.536,119394.0,7.824605184,0.0,qampari_128k,"['Antonio London' 'Bryan Morris' 'Dewon Brazelton' 'Dustin Lynch'
 'Jordan Sheffield']",7824.605184," ['Antonio London', 'Bryan Morris', 'Dewon Brazelton', 'Dustin Lynch', 'Jordan Sheffield']

**Documents Used:**
TITLE: Antonio London | ID: 643
TITLE: Bryan Morris | ID: 566
TITLE: Dewon Brazelton | ID: 663
TITLE: Dustin Lynch | ID: 347
TITLE: Jordan Sheffield | ID: 645",119394.0,256,7.824605184,"====== Now let's start! ======
Based on the documents above, can you answer the following query? Print out the TITLE and ID of the documents you use to answer. Then format the answers into a list.
query: Who are Tullahoma High School alumni?
",Final Answer: ,7824.605184
test,65.536,119394.0,7.824605184,0.0,qampari_128k,"['Conditional release' 'Ghost' 'The Bright Day' 'The Sale'
 'The Traces of Light']",7824.605184," ['The Sale', 'Conditional Release', 'The Bright Day', 'Ghost', 'The Traces of Light']

**Documents Used:**
TITLE: The Sale (film) | ID: 117
TITLE: Conditional Release (film) | ID: 615
TITLE: The Bright Day | ID: 558
TITLE: Ghost (1998 film) | ID: 31
TITLE: The Traces of Light | ID: 210",119394.0,256,7.824605184,"====== Now let's start! ======
Based on the documents above, can you answer the following query? Print out the TITLE and ID of the documents you use to answer. Then format the answers into a list.
query: For which motion picture was Hossein Shahabi responsible for production?
",Final Answer: ,7824.605184
test,65.536,119394.0,7.824605184,0.0,qampari_128k,['Ego Ferguson' 'Jerry Janes' 'Ron Rivera' 'Roquan Smith' 'Will Sutton'],7824.605184,"1. Roquan Smith (ID: 186)
2. Ron Rivera (ID: 413)
3. Will Sutton (ID: 461)
4. Ego Ferguson (ID: 564)
5. Devin Bush Jr. (ID: 631)

Based on the documents provided, the following linebackers were drafted by the Chicago Bears:

*   **Roquan Smith**: Drafted in the 2018 NFL Draft (Document ID: 186).
*   **Ron Rivera**: Drafted in the 1984 NFL Draft (Document ID: 413).
*   **Will Sutton**: Drafted in the 2014 NFL Draft (Document ID: 461).
*   **Ego Ferguson**: Drafted in the 2014 NFL Draft (Document ID: 564).
*   **Devin Bush Jr.**: Drafted in the 2018 NFL Draft (Document ID: 631).

Final Answer: ['Devin Bush Jr.', 'Ego Ferguson', 'Ron Rivera', 'Roquan Smith', 'Will Sutton']",119394.0,256,7.824605184,"====== Now let's start! ======
Based on the documents above, can you answer the following query? Print out the TITLE and ID of the documents you use to answer. Then format the answers into a list.
query: What lineback was drafted by the Chicago Bears?
",Final Answer: ,7824.605184
test,65.536,119394.0,7.824605184,0.0,qampari_128k,"['Chamarajendra Wadiyar X' 'Kanthirava Narasaraja I'
 'Kanthirava Narasaraja II' 'Krishnaraja Wadiyar II'
 'Krishnaraja Wadiyar III' 'Mir Ghulam Ali']",7824.605184," ['Kanthirava Narasaraja II', 'Krishnaraja Wadiyar II', 'Krishnaraja Wadiyar III', 'Chamarajendra Wadiyar X']

**Documents Used:**
TITLE: Kanthirava Narasaraja II | ID: 652
TITLE: Krishnaraja Wadiyar II | ID: 698
TITLE: Krishnaraja Wadiyar III | ID: 742
TITLE: Chamarajendra Wadiyar X | ID: 706",119394.0,256,7.824605184,"====== Now let's start! ======
Based on the documents above, can you answer the following query? Print out the TITLE and ID of the documents you use to answer. Then format the answers into a list.
query: Who habitated the Kingdom of Mysore?
",Final Answer: ,7824.605184
test,65.536,119394.0,7.824605184,0.0,qampari_128k,"['Gourdou-Leseurre GL-812 HY' 'Gourdou-Leseurre GL-832 HY'
 'Gourdou-Leseurre GL.2' 'Gourdou-Leseurre GL.30' 'Gourdou-Leseurre GL.50']",7824.605184," ['Gourdou-Leseurre GL.2', 'Gourdou-Leseurre GL-812 HY', 'Gourdou-Leseurre GL-832 HY', 'Gourdou-Leseurre GL.50', 'Gourdou-Leseurre GL.30']

**Documents Used:**
TITLE: Gourdou-Leseurre GL.2 | ID: 44
TITLE: Gourdou-Leseurre GL-812 HY | ID: 258
TITLE: Gourdou-Leseurre GL-832 HY | ID: 332
TITLE: Gourdou-Leseurre GL.50 | ID: 494
TITLE: Gourdou-Leseurre GL.30 | ID: 569",119394.0,256,7.824605184,"====== Now let's start! ======
Based on the documents above, can you answer the following query? Print out the TITLE and ID of the documents you use to answer. Then format the answers into a list.
query: What is something that Gourdou-Leseurre produced?
",Final Answer: ,7824.605184
test,65.536,119394.0,7.824605184,0.0,qampari_128k,['Charles Eastman' 'Little Crow' 'Sitting Bull' 'Spotted Elk' 'Zitkala-Sa'],7824.605184," ['Little Crow', 'Sitting Bull', 'Zitkala-Sa', 'Charles Eastman']

**Documents used:**
*   TITLE: Little Crow | ID: 488 (Mentions he was a Dakota Sioux and his Dakota name)
*   TITLE: Sitting Bull | ID: 94 (Mentions he was a Hunkpapa Dakota)
*   TITLE: Zitkala-Sa | ID: 95 (Mentions she was born on the Yankton Indian Reservation and wrote about Sioux themes)
*   TITLE: Charles Eastman | ID: 328 (Mentions he was Santee Dakota and wrote about Sioux ethnohistory)",119394.0,256,7.824605184,"====== Now let's start! ======
Based on the documents above, can you answer the following query? Print out the TITLE and ID of the documents you use to answer. Then format the answers into a list.
query: Who spoke Sioux as their mother tongue?
",Final Answer: ,7824.605184
test,65.536,119394.0,7.824605184,0.0,qampari_128k,['Amy Fote' 'Connor Walsh' 'Jun Shuang Huang' 'Simon Ball' 'Stanton Welch'],7824.605184," ['Amy Fote', 'Connor Walsh', 'Jun Shuang Huang', 'Simon Ball']

**Documents Used:**
TITLE: Amy Fote | ID: 480
TITLE: Connor Walsh (ballet dancer) | ID: 455
TITLE: Jun Shuang Huang | ID: 573
TITLE: Simon Ball | ID: 590",119394.0,256,7.824605184,"====== Now let's start! ======
Based on the documents above, can you answer the following query? Print out the TITLE and ID of the documents you use to answer. Then format the answers into a list.
query: Who is employed by the Houston Ballet?
",Final Answer: ,7824.605184
test,65.536,119394.0,7.824605184,0.0,qampari_128k,"['Carlos García Cambón' 'Gustavo Alfaro' 'Jorge José Benítez'
 'Mario Fortunato' 'Miguel Ángel Russo']",7824.605184," ['Carlos García Cambón', 'Gustavo Alfaro', 'Jorge José Benítez', 'Miguel Ángel Russo']

**Documents Used:**
TITLE: Carlos García Cambón | ID: 381
TITLE: Gustavo Alfaro | ID: 274
TITLE: Jorge José Benítez | ID: 567
TITLE: Miguel Ángel Russo | ID: 680",119394.0,256,7.824605184,"====== Now let's start! ======
Based on the documents above, can you answer the following query? Print out the TITLE and ID of the documents you use to answer. Then format the answers into a list.
query: Who provided coaching for the Boca Juniors athletic team?
",Final Answer: ,7824.605184
test,65.536,119394.0,7.824605184,0.0,qampari_128k,"['After the Rain' ""Alice's Adventures in Wonderland""
 'An American in Paris' 'Carousel' 'Liturgy']",7824.605184," ['Alice\'s Adventures in Wonderland', 'An American in Paris', 'After the Rain', 'Carousel', 'Liturgy']

**Documents Used:**
TITLE: Alice's Adventures in Wonderland (ballet) | ID: 551
TITLE: An American in Paris (ballet) | ID: 743
TITLE: After the Rain (ballet) | ID: 482
TITLE: Carousel (ballet) | ID: 709
TITLE: Liturgy (ballet) | ID: 278",119394.0,256,7.824605184,"====== Now let's start! ======
Based on the documents above, can you answer the following query? Print out the TITLE and ID of the documents you use to answer. Then format the answers into a list.
query: Which ballet features dances were choreographed by Christopher Wheeldon?
",Final Answer: ,7824.605184
test,65.536,119394.0,7.824605184,0.0,qampari_128k,"['Custodio Parcon' 'Domingo Deluana' 'Herminigildo Yurong'
 'Lolinato To-ong' 'Tomas Campo Jr.']",7824.605184," ['Custodio Parcon', 'Domingo Deluana', 'Herminigildo Yurong', 'Lolinato To-ong', 'Tomas Campo Jr.']

**Documents Used:**
TITLE: Custodio Parcon | ID: 749
TITLE: Domingo Deluana | ID: 305
TITLE: Herminigildo Yurong | ID: 456
TITLE: Lolinato To-ong | ID: 111
TITLE: Tomas Campo Jr. | ID: 422",119394.0,256,7.824605184,"====== Now let's start! ======
Based on the documents above, can you answer the following query? Print out the TITLE and ID of the documents you use to answer. Then format the answers into a list.
query: What famous person was remembered for serving in the Philippine Marine corps?
",Final Answer: ,7824.605184
test,65.536,119394.0,7.824605184,0.0,qampari_128k,"['Asterix and Cleopatra' ""Asterix and the Chieftain's Shield""
 'Asterix and the Great Crossing' 'Asterix in Belgium' 'Obelix and Co.']",7824.605184," ['Asterix and Cleopatra', 'Asterix and the Chieftain's Shield', 'Asterix and the Great Crossing', 'Asterix in Belgium', 'Obelix and Co.']

**Documents Used:**
TITLE: Asterix and Cleopatra | ID: 255
TITLE: Asterix and the Chieftain's Shield | ID: 404
TITLE: Asterix and the Great Crossing | ID: 378
TITLE: Asterix in Belgium | ID: 646
TITLE: Obelix and Co. | ID: 351",119394.0,256,7.824605184,"====== Now let's start! ======
Based on the documents above, can you answer the following query? Print out the TITLE and ID of the documents you use to answer. Then format the answers into a list.
query: Albert Uderzo illustrated what comic?
",Final Answer: ,7824.605184
test,65.536,119394.0,7.824605184,0.0,qampari_128k,"['Battle Creek' 'Better Call Saul' 'Breaking Bad' 'The Lone Gunmen'
 'The X-Files']",7824.605184," ['Better Call Saul', 'Breaking Bad', 'The Lone Gunmen', 'Quantico', 'Battle Creek']

**Documents Used:**
*   TITLE: Better Call Saul (season 1) | ID: 226
*   TITLE: Breaking Bad | ID: 575
*   TITLE: The Lone Gunmen (TV series) | ID: 469
*   TITLE: Quantico (season 2) | ID: 642
*   TITLE: Battle Creek (TV series) | ID: 525

**Reasoning:**
*   **Better Call Saul (season 1) (ID: 226):** States it is a spin-off of ""Breaking Bad"", a crime drama television series ""created and produced by Vince Gilligan"".
*   **Breaking Bad (ID: 575):** States it is a television series ""created and produced by Vince Gilligan"".
*   **The Lone Gunmen (TV series) (ID: 469):** States it was ""created by Chris Carter, Vince Gilligan, John Shiban, and Frank Spotnitz"". While listed as a creator, the prompt asks for executive producer. However, in",119394.0,256,7.824605184,"====== Now let's start! ======
Based on the documents above, can you answer the following query? Print out the TITLE and ID of the documents you use to answer. Then format the answers into a list.
query: Vince Gilligan was the executive producer of what television program?
",Final Answer: ,7824.605184
test,65.536,119394.0,7.824605184,0.0,qampari_128k,"['Ivo Babuška' 'Petr Vopěnka' 'Vlastimil Dlab' 'Věra Trnková'
 'Zdeněk Frolík']",7824.605184," ['Věra Trnková', 'Ivo Babuška', 'Zdeněk Frolík']

**Documents Used:**
TITLE: Věra Trnková | ID: 79
TITLE: Ivo Babuška | ID: 254
TITLE: Zdeněk Frolík | ID: 739",119394.0,256,7.824605184,"====== Now let's start! ======
Based on the documents above, can you answer the following query? Print out the TITLE and ID of the documents you use to answer. Then format the answers into a list.
query: Eduard Čech was the doctoral advisor to whom?
",Final Answer: ,7824.605184
test,65.536,119394.0,7.824605184,0.0,qampari_128k,"['MS European Seaway' 'MS Pride of Burgundy' 'MS Pride of Calais'
 'MS Pride of Dover' 'MS Spirit of France']",7824.605184," ['MS European Seaway', 'MS Pride of Burgundy', 'MS Pride of Calais', 'MS Pride of Dover', 'MS Spirit of France']

**Documents Used:**
TITLE: MS European Seaway | ID: 471
TITLE: MS Pride of Burgundy | ID: 633
TITLE: MS Pride of Calais | ID: 324
TITLE: MS Pride of Dover | ID: 673
TITLE: MS Spirit of France | ID: 515",119394.0,256,7.824605184,"====== Now let's start! ======
Based on the documents above, can you answer the following query? Print out the TITLE and ID of the documents you use to answer. Then format the answers into a list.
query: Which vessels had a home port of Dover?
",Final Answer: ,7824.605184
test,65.536,119394.0,7.824605184,0.0,qampari_128k,['argon' 'helium' 'krypton' 'neon' 'xenon'],7824.605184,"1. Krypton, 2. Neon, 3. Xenon, 4. Argon

Documents used:
TITLE: Krypton | ID: 261
TITLE: Neon | ID: 253
TITLE: Xenon | ID: 80
TITLE: Argon | ID: 86

Final Answer: ['Argon', 'Krypton', 'Neon', 'Xenon']",119394.0,256,7.824605184,"====== Now let's start! ======
Based on the documents above, can you answer the following query? Print out the TITLE and ID of the documents you use to answer. Then format the answers into a list.
query: What did WIlliam Ramsey discover?
",Final Answer: ,7824.605184
test,65.536,119394.0,7.824605184,0.0,qampari_128k,"['Detention River Christian Community' 'Elmendorf Christian Community'
 'Milltown Hutterite Colony' 'Owa Hutterite Colony' 'Schmiedeleut']",7824.605184," ['Elmendorf Christian Community', 'Milltown Hutterite Colony', 'Owa Hutterite Colony', 'Schmiedeleut']

**Documents Used:**
TITLE: Elmendorf Christian Community | ID: 18
TITLE: Milltown Hutterite Colony | ID: 1
TITLE: Owa Hutterite Colony | ID: 118
TITLE: Schmiedeleut | ID: 82",119394.0,256,7.824605184,"====== Now let's start! ======
Based on the documents above, can you answer the following query? Print out the TITLE and ID of the documents you use to answer. Then format the answers into a list.
query: What group or person identifies itself as Hutterite?
",Final Answer: ,7824.605184
test,65.536,119394.0,7.824605184,0.0,qampari_128k,['Alice Lon' 'Elena Jahn' 'Paul Klee' 'Perry DeAngelis' 'Will Sampson'],7824.605184," ['Alice Lon', 'Elena Jahn', 'Perry DeAngelis', 'Will Sampson']

**Documents Used:**
TITLE: Alice Lon | ID: 148
TITLE: Elena Jahn | ID: 533
TITLE: Perry DeAngelis | ID: 682
TITLE: Will Sampson | ID: 428",119394.0,256,7.824605184,"====== Now let's start! ======
Based on the documents above, can you answer the following query? Print out the TITLE and ID of the documents you use to answer. Then format the answers into a list.
query: Whose cause of death was scleroderma?
",Final Answer: ,7824.605184
test,65.536,119394.0,7.824605184,0.0,qampari_128k,"[""2008 Pilot Pen Tennis – Men's Singles"" '2009 Chennai Open – singles'
 '2010 Aircel Chennai Open – singles' '2010 PBZ Zagreb Indoors – singles'
 '2011 St. Petersburg Open – singles']",7824.605184,"2008 Pilot Pen Tennis, 2009 Chennai Open, 2010 Aircel Chennai Open, 2010 PBZ Zagreb Indoors, 2011 St. Petersburg Open

Documents used:
TITLE: 2008 Pilot Pen Tennis – Men's Singles | ID: 405
TITLE: 2009 Chennai Open – Singles | ID: 545
TITLE: 2010 Aircel Chennai Open – Singles | ID: 427
TITLE: 2010 PBZ Zagreb Indoors – Singles | ID: 485
TITLE: 2011 St. Petersburg Open – Singles | ID: 539",119394.0,256,7.824605184,"====== Now let's start! ======
Based on the documents above, can you answer the following query? Print out the TITLE and ID of the documents you use to answer. Then format the answers into a list.
query: Marin Čilić was the victor of which competition?
",Final Answer: ,7824.605184
test,65.536,119394.0,7.824605184,0.0,qampari_128k,"['Agys Ramsaran Verma' 'Lokendra Singh' 'Mithlesh Kumar'
 'Mukund Lal Agrawal' 'Virendra Singh']",7824.605184," ['Agys Ramsaran Verma', 'Lokendra Singh', 'Mukund Lal Agrawal', 'Virendra Singh']

**Documents Used:**
*   TITLE: Agys Ramsaran Verma | ID: 466
*   TITLE: Lokendra Singh (politician) | ID: 434
*   TITLE: Mukund Lal Agrawal | ID: 256
*   TITLE: Virendra Singh (politician) | ID: 581",119394.0,256,7.824605184,"====== Now let's start! ======
Based on the documents above, can you answer the following query? Print out the TITLE and ID of the documents you use to answer. Then format the answers into a list.
query: Who is a former student from Bareilly College?
",Final Answer: ,7824.605184
test,65.536,119394.0,7.824605184,0.0,qampari_128k,['Breakfast' 'Rush TV' 'Us Girls' 'Wazzup Wazzup' 'Y Speak'],7824.605184," ['Breakfast', 'Rush TV', 'Studio 23', 'Us Girls', 'Wazzup Wazzup', 'Y Speak']

**Documents Used:**
TITLE: Breakfast | ID: 556
TITLE: Rush TV | ID: 528
TITLE: Studio 23 | ID: 588
TITLE: Us Girls (TV program) | ID: 228
TITLE: Wazzup Wazzup | ID: 48
TITLE: Y Speak | ID: 732",119394.0,256,7.824605184,"====== Now let's start! ======
Based on the documents above, can you answer the following query? Print out the TITLE and ID of the documents you use to answer. Then format the answers into a list.
query: What TV show originally was broadcast by Studio 23?
",Final Answer: ,7824.605184
test,65.536,119394.0,7.824605184,0.0,qampari_128k,"['Edward Kennion' 'Eleanor Coade' 'Theodora Cowan' 'William Pether'
 'William Wynne Ryland']",7824.605184," ['Edward Kennion', 'Eleanor Coade', 'William Wynne Ryland', 'William Pether']

**Documents Used:**
*   TITLE: Edward Kennion | ID: 195
*   TITLE: Eleanor Coade | ID: 353
*   TITLE: William Wynne Ryland | ID: 549
*   TITLE: William Pether | ID: 596",119394.0,256,7.824605184,"====== Now let's start! ======
Based on the documents above, can you answer the following query? Print out the TITLE and ID of the documents you use to answer. Then format the answers into a list.
query: The Society of Artists has which person as a member?
",Final Answer: ,7824.605184
test,65.536,119394.0,7.824605184,0.0,qampari_128k,['Nirel' 'Oriyardori Asal' 'Rang' 'Sompa' 'Suddha'],7824.605184," ['Suddha']

**Documents used:**
TITLE: Suddha (film) | ID: 70
CONTENT: Suddha, also called ""The Cleansing Rites"", is an Indian film, the first-ever Tulu language film shot in the digital format. The 105-minute film was shot in 2004 in a village called Marnad near Mangalore, Karnataka, and was released in 2005. The film is an adaptation of the ""Tulu Sahitya Academy"" award-winning Tulu play called ""Bojja"" written by Mumbai -based playwright, Narayana Nandalike. ""Suddha"" was produced by three Mumbai Tuluva s Mohan Marnad, Surendra Kumar and Ramchandra PN.

*Note: While other documents mention Tulu films (Rang, Sompa, Oriyardori Asal, Nirel), the document for ""Suddha"" explicitly states it is the ""first-ever Tulu language film"", making it the original in this context.*",119394.0,256,7.824605184,"====== Now let's start! ======
Based on the documents above, can you answer the following query? Print out the TITLE and ID of the documents you use to answer. Then format the answers into a list.
query: Which movie originally had dialogue spoken in Tulu?
",Final Answer: ,7824.605184
test,65.536,119394.0,7.824605184,0.0,qampari_128k,"['Bright Eyes' 'Conor Oberst and the Mystic Valley Band' 'Desaparecidos'
 'Monsters of Folk' 'Park Ave.']",7824.605184," ['Bright Eyes', 'Conor Oberst and the Mystic Valley Band', 'Desaparecidos', 'Monsters of Folk']

**Documents Used:**
TITLE: Bright Eyes (band) | ID: 459
TITLE: Conor Oberst and the Mystic Valley Band | ID: 379
TITLE: Desaparecidos (band) | ID: 662
TITLE: Monsters of Folk | ID: 245",119394.0,256,7.824605184,"====== Now let's start! ======
Based on the documents above, can you answer the following query? Print out the TITLE and ID of the documents you use to answer. Then format the answers into a list.
query: Conor Oberst is part of what musical group?
",Final Answer: ,7824.605184
test,65.536,119394.0,7.824605184,0.0,qampari_128k,"['1998 Asian Super Cup' '2015 King Cup Final' '2015 Saudi Super Cup'
 '2016 King Cup Final' '2017–18 Saudi Professional League']",7824.605184,"2015 King Cup Final, 2015 Saudi Super Cup, 1998 Asian Super Cup, 2016 King Cup Final",119394.0,256,7.824605184,"====== Now let's start! ======
Based on the documents above, can you answer the following query? Print out the TITLE and ID of the documents you use to answer. Then format the answers into a list.
query: Which contests did Al-Nassr take part in?
",Final Answer: ,7824.605184
test,65.536,119394.0,7.824605184,0.0,qampari_128k,['Baojun 510' 'Baojun 530' 'Baojun 630' 'Baojun 730' 'Baojun E300'],7824.605184," ['Baojun 510', 'Baojun 530', 'Baojun 630', 'Baojun 730', 'Baojun E300']

**Documents Used:**
TITLE: Baojun 510 | ID: 686
TITLE: Baojun 530 | ID: 74
TITLE: Baojun 630 | ID: 451
TITLE: Baojun 730 | ID: 711
TITLE: Baojun E300 | ID: 134",119394.0,256,7.824605184,"====== Now let's start! ======
Based on the documents above, can you answer the following query? Print out the TITLE and ID of the documents you use to answer. Then format the answers into a list.
query: What car does the brand Baojun produce?
",Final Answer: ,7824.605184
test,65.536,119394.0,7.824605184,0.0,qampari_128k,['Bobby Hope' 'Harold Bodle' 'John Barton' 'Kevin Poole' 'Mick Walker'],7824.605184," ['Bobby Hope', 'Mick Walker', 'John Barton', 'Harold Bodle', 'Kevin Poole']

**Documents Used:**
*   TITLE: Bobby Hope | ID: 42
*   TITLE: Mick Walker (footballer, born 1940) | ID: 327
*   TITLE: John Barton (footballer, born 1953) | ID: 373
*   TITLE: Harold Bodle | ID: 534
*   TITLE: Kevin Poole | ID: 205",119394.0,256,7.824605184,"====== Now let's start! ======
Based on the documents above, can you answer the following query? Print out the TITLE and ID of the documents you use to answer. Then format the answers into a list.
query: What person was in charge of Burton Albion F.C.?
",Final Answer: ,7824.605184
test,65.536,119394.0,7.824605184,0.0,qampari_128k,"['330 West 42nd Street' 'Ideal House' 'Ocean Forest Hotel'
 'Rockefeller Center' 'Scranton Cultural Center']",7824.605184,"330 West 42nd Street, Ideal House, Rockefeller Center

Based on the documents provided, here are the architectural structures designed by Raymond Hood:

*   **330 West 42nd Street** (ID: 750): ""Designed by Raymond Hood and J. André Fouilhoux...""
*   **Ideal House, London** (ID: 23): ""The building was designed in by architects Raymond Hood and Gordon Jeeves...""
*   **Rockefeller Center** (ID: 269): ""The principal architect and leader of the Associated Architects was Raymond Hood...""
*   **Ocean Forest Hotel** (ID: 21): ""Designed by Raymond Hood, the architect of New York's Rockefeller Center...""

Final Answer: ['330 West 42nd Street', 'Ideal House', 'Ocean Forest Hotel', 'Rockefeller Center']",119394.0,256,7.824605184,"====== Now let's start! ======
Based on the documents above, can you answer the following query? Print out the TITLE and ID of the documents you use to answer. Then format the answers into a list.
query: Which architectural structure did Raymond Hood design?
",Final Answer: ,7824.605184
test,65.536,119394.0,7.824605184,0.0,qampari_128k,"['Coppélia' 'La Vivandière or Markitenka' 'La source' 'Pâquerette'
 'The Little Humpbacked Horse']",7824.605184," ['ballet']

Based on the documents provided, Arthur Saint-Léon choreographed the following **ballets**:

*   **Coppélia** (ID: 92) - ""Coppélia... is a comic ballet from 1870 originally choreographed by Arthur Saint-Léon...""
*   **The Little Humpbacked Horse** (ID: 213) - ""The Little Humpbacked Horse... is a ballet in four acts... The libretto is by Arthur Saint-Léon... However, the choreographer substantially deviated..."" (Note: The text says the libretto is by him, but the title section says ""Choreography of Saint-Léon"" is a section header, and the text implies he is the choreographer in the context of the ballet's creation, though it notes deviations. Other sources confirm he choreographed it).
*   **Pâquerette** (ID: 358) - ""Pâquerette is a ballet in 4 Acts-7 Scenes, with choreography by Arthur Saint-Léon...""
*   **La source** (ID: 653) - ""...premiered in Paris in 1",119394.0,256,7.824605184,"====== Now let's start! ======
Based on the documents above, can you answer the following query? Print out the TITLE and ID of the documents you use to answer. Then format the answers into a list.
query: Arthur Saint-Léon choreographed what kind of dance?
",Final Answer: ,7824.605184
test,65.536,119394.0,7.824605184,0.0,qampari_128k,['Amdo Tibetan' 'Central Tibetan' 'Khams Tibetan' 'Ladakhi' 'Tibetan'],7824.605184," ['Central Tibetan', 'Khams Tibetan', 'Amdo Tibetan', 'Lhasa Tibetan', 'Ladakhi']

**Documents used:**
TITLE: Central Tibetan | ID: 198
TITLE: Khams Tibetan | ID: 672
TITLE: Amdo Tibetan | ID: 289
TITLE: Lhasa Tibetan | ID: 736
TITLE: Ladakhi language | ID: 659",119394.0,256,7.824605184,"====== Now let's start! ======
Based on the documents above, can you answer the following query? Print out the TITLE and ID of the documents you use to answer. Then format the answers into a list.
query: Which language is native to Tibet?
",Final Answer: ,7824.605184
test,65.536,119394.0,7.824605184,0.0,qampari_128k,"['Good Morning Britain' ""Hey, Hey, It's Saturday!"" 'The Shoe People'
 'Wacaday' 'Wide Awake Club']",7824.605184," ['Good Morning Britain', 'Hey, Hey, It's Saturday!', 'The Shoe People', 'Wide Awake Club', 'Wacaday']

**Documents Used:**
TITLE: Good Morning Britain (1983 TV programme) | ID: 338
TITLE: Hey, Hey, It's Saturday! (British TV programme) | ID: 106
TITLE: The Shoe People | ID: 296
TITLE: Wide Awake Club | ID: 7
TITLE: Wacaday | ID: 61",119394.0,256,7.824605184,"====== Now let's start! ======
Based on the documents above, can you answer the following query? Print out the TITLE and ID of the documents you use to answer. Then format the answers into a list.
query: What TV show was originally on TV-AM?
",Final Answer: ,7824.605184
test,65.536,119394.0,7.824605184,0.0,qampari_128k,"['Geita Gold Mine' 'Sadiola Gold Mine' 'Sunrise Dam Gold Mine'
 'TauTona Mine' 'Yatela Mine']",7824.605184," ['Geita Gold Mine', 'Sadiola Gold Mine', 'Sunrise Dam Gold Mine', 'TauTona Mine', 'Yatela Mine']

**Documents Used:**
*   TITLE: Geita Gold Mine | ID: 142
*   TITLE: Sadiola Gold Mine | ID: 141
*   TITLE: Sunrise Dam Gold Mine | ID: 329
*   TITLE: TauTona Mine | ID: 73
*   TITLE: Yatela Mine | ID: 547",119394.0,256,7.824605184,"====== Now let's start! ======
Based on the documents above, can you answer the following query? Print out the TITLE and ID of the documents you use to answer. Then format the answers into a list.
query: Which facility does AngloGold Ashanti own?
",Final Answer: ,7824.605184
test,65.536,119394.0,7.824605184,0.0,qampari_128k,['Auguste Piccard' 'Ben Franklin' 'F.-A. Forel' 'Goliath' 'Titan'],7824.605184," ['Titan (Six Flags Over Texas)', 'Goliath (Six Flags Magic Mountain)', 'F.-A. Forel (PX-28)', 'Auguste Piccard (PX-8)']

**Documents Used:**
*   TITLE: Titan (Six Flags Over Texas) | ID: 12
*   TITLE: Goliath (Six Flags Magic Mountain) | ID: 268
*   TITLE: F.-A. Forel (PX-28) | ID: 248
*   TITLE: Auguste Piccard (PX-8) | ID: 463",119394.0,256,7.824605184,"====== Now let's start! ======
Based on the documents above, can you answer the following query? Print out the TITLE and ID of the documents you use to answer. Then format the answers into a list.
query: What items did Giovanola produce?
",Final Answer: ,7824.605184
test,65.536,119394.0,7.824605184,0.0,qampari_128k,"['Adam Wakeman' 'Geoff Nicholls' 'Neil Murray' 'Tony Martin'
 'Vinny Appice']",7824.605184," ['Geoff Nicholls', 'Neil Murray', 'Tony Martin', 'Vinny Appice', 'Adam Wakeman']

**Documents Used:**
TITLE: Geoff Nicholls | ID: 131
TITLE: Neil Murray (British musician) | ID: 183
TITLE: Tony Martin (British singer) | ID: 452
TITLE: Vinny Appice | ID: 651
TITLE: Adam Wakeman | ID: 688",119394.0,256,7.824605184,"====== Now let's start! ======
Based on the documents above, can you answer the following query? Print out the TITLE and ID of the documents you use to answer. Then format the answers into a list.
query: Black Sabbath had who as a member?
",Final Answer: ,7824.605184
test,65.536,119394.0,7.824605184,0.0,qampari_128k,"['633 Squadron' 'The Great Escape' 'The Satan Bug' 'To Sir, with Love'
 'Walk Like a Dragon']",7824.605184," ['633 Squadron', 'The Great Escape', 'The Satan Bug', 'To Sir, with Love', 'Walk Like a Dragon']

**Documents Used:**
*   TITLE: 633 Squadron | ID: 204
*   TITLE: The Great Escape (film) | ID: 744
*   TITLE: The Satan Bug | ID: 532
*   TITLE: To Sir, with Love | ID: 562
*   TITLE: Walk Like a Dragon | ID: 144",119394.0,256,7.824605184,"====== Now let's start! ======
Based on the documents above, can you answer the following query? Print out the TITLE and ID of the documents you use to answer. Then format the answers into a list.
query: James Clavell was screenwriter for what movie?
",Final Answer: ,7824.605184
test,65.536,119394.0,7.824605184,0.0,qampari_128k,"['Bad Astronaut' ""Joey Cape's Bad Loud"" 'Lagwagon'
 'Me First and the Gimme Gimmes' 'The Playing Favorites']",7824.605184," ['Bad Astronaut', 'Desaparecidos', 'Joey Cape's Bad Loud', 'Lagwagon', 'Me First and the Gimme Gimmes', 'The Playing Favorites']

**Documents Used:**
*   TITLE: Bad Astronaut | ID: 630
*   TITLE: Desaparecidos (band) | ID: 662
*   TITLE: Joey Cape's Bad Loud | ID: 265
*   TITLE: Lagwagon | ID: 574
*   TITLE: Me First and the Gimme Gimmes | ID: 35
*   TITLE: The Playing Favorites | ID: 600",119394.0,256,7.824605184,"====== Now let's start! ======
Based on the documents above, can you answer the following query? Print out the TITLE and ID of the documents you use to answer. Then format the answers into a list.
query: Joey Cape is part of what musical group?
",Final Answer: ,7824.605184
test,65.536,119394.0,7.824605184,0.0,qampari_128k,"['Blaine Island' 'Magic Island' 'Scotts Island' 'Tyler Island'
 'Wilson Island (West Virginia)']",7824.605184," ['Magic Island', 'Tyler Island', 'Scotts Island', 'Wilson Island', 'Blaine Island']

**Documents Used:**
TITLE: Magic Island (West Virginia) | ID: 135
TITLE: Tyler Island | ID: 156
TITLE: Scotts Island | ID: 169
TITLE: Wilson Island (West Virginia) | ID: 395
TITLE: Blaine Island | ID: 655",119394.0,256,7.824605184,"====== Now let's start! ======
Based on the documents above, can you answer the following query? Print out the TITLE and ID of the documents you use to answer. Then format the answers into a list.
query: What geographic entity is next to Kanawha River?
",Final Answer: ,7824.605184
test,65.536,119394.0,7.824605184,0.0,qampari_128k,"['Arthur Mann' 'George Kerr' 'Jimmy Cringan' ""Ray O'Brien"" 'Rob Scott']",7824.605184," ['Jimmy Cringan', 'Rob Scott', 'George Kerr', 'Ray O'Brien', 'Arthur Mann', 'Phil Holder']

**Documents Used:**
*   TITLE: Jimmy Cringan | ID: 314
*   TITLE: Rob Scott (footballer) | ID: 130
*   TITLE: George Kerr (footballer) | ID: 251
*   TITLE: Ray O'Brien | ID: 544
*   TITLE: Arthur Mann | ID: 560
*   TITLE: Phil Holder | ID: 563",119394.0,256,7.824605184,"====== Now let's start! ======
Based on the documents above, can you answer the following query? Print out the TITLE and ID of the documents you use to answer. Then format the answers into a list.
query: Who was the coach of Boston United FC?
",Final Answer: ,7824.605184
test,65.536,119394.0,7.824605184,0.0,qampari_128k,"['Colton Greene' 'David Rice Atchison' 'Frank James' 'M. Jeff Thompson'
 'Sterling Price']",7824.605184," ['Colton Greene', 'David Rice Atchison', 'Frank James', 'M. Jeff Thompson', 'Sterling Price']

**Documents Used:**
*   TITLE: Colton Greene | ID: 17
*   TITLE: David Rice Atchison | ID: 478
*   TITLE: Frank James | ID: 679
*   TITLE: M. Jeff Thompson | ID: 233
*   TITLE: Sterling Price | ID: 664",119394.0,256,7.824605184,"====== Now let's start! ======
Based on the documents above, can you answer the following query? Print out the TITLE and ID of the documents you use to answer. Then format the answers into a list.
query: Who is within the Missouri State Guard?
",Final Answer: ,7824.605184
test,65.536,119394.0,7.824605184,0.0,qampari_128k,"['Death Stalks the Night' 'Sleep No More' 'Three Tales of Horror'
 'Who Knocks?' 'Worse Things Waiting']",7824.605184," ['Death Stalks the Night', 'Three Tales of Horror', 'Worse Things Waiting', 'Who Knocks?', 'Sleep No More']

**Documents Used:**
TITLE: Death Stalks the Night | ID: 168
TITLE: Three Tales of Horror | ID: 119
TITLE: Worse Things Waiting | ID: 553
TITLE: Who Knocks? | ID: 320
TITLE: Sleep No More (anthology) | ID: 636",119394.0,256,7.824605184,"====== Now let's start! ======
Based on the documents above, can you answer the following query? Print out the TITLE and ID of the documents you use to answer. Then format the answers into a list.
query: What piece of literature featured illustrations by Lee Brown Coye?
",Final Answer: ,7824.605184
test,65.536,119394.0,7.824605184,0.0,qampari_128k,"['Black Thorn, White Rose' 'Ruby Slippers, Golden Tears'
 'Salon Fantastique' 'Snow White, Blood Red'
 ""Year's Best Fantasy and Horror""]",7824.605184," ['Black Thorn, White Rose', 'Ruby Slippers, Golden Tears', 'Salon Fantastique', 'Snow White, Blood Red', 'Year's Best Fantasy and Horror']

**Documents Used:**
TITLE: Black Thorn, White Rose | ID: 128
TITLE: Ruby Slippers, Golden Tears | ID: 262
TITLE: Salon Fantastique | ID: 27
TITLE: Snow White, Blood Red (book) | ID: 51
TITLE: Year's Best Fantasy and Horror | ID: 344",119394.0,256,7.824605184,"====== Now let's start! ======
Based on the documents above, can you answer the following query? Print out the TITLE and ID of the documents you use to answer. Then format the answers into a list.
query: Which work of literature did Terri Windling edit?
",Final Answer: ,7824.605184
test,65.536,119394.0,7.824605184,0.0,qampari_128k,['Central Ojibwa' 'Eastern Ojibwa' 'Mohawk' 'Northwestern Ojibwa' 'Oneida'],7824.605184," ['Central Ojibwa', 'Eastern Ojibwa', 'Northwestern Ojibwa', 'Mohawk', 'Oneida']

**Documents used:**
TITLE: Central Ojibwa language | ID: 120
TITLE: Eastern Ojibwa language | ID: 391
TITLE: Northwestern Ojibwa | ID: 716
TITLE: Mohawk language | ID: 372
TITLE: Oneida language | ID: 499",119394.0,256,7.824605184,"====== Now let's start! ======
Based on the documents above, can you answer the following query? Print out the TITLE and ID of the documents you use to answer. Then format the answers into a list.
query: What is Ontario's native language ?
",Final Answer: ,7824.605184
test,65.536,119394.0,7.824605184,0.0,qampari_128k,"['Florida State Road 112' 'Florida State Road 836'
 'Florida State Road 874' 'Florida State Road 878'
 'Florida State Road 924']",7824.605184," ['Florida State Road 874', 'Florida State Road 112', 'Florida State Road 836', 'Florida State Road 924', 'Florida State Road 878']

**Documents Used:**
TITLE: Florida State Road 874 | ID: 77
TITLE: Florida State Road 112 | ID: 140
TITLE: Florida State Road 836 | ID: 299
TITLE: Florida State Road 924 | ID: 656
TITLE: Florida State Road 878 | ID: 754",119394.0,256,7.824605184,"====== Now let's start! ======
Based on the documents above, can you answer the following query? Print out the TITLE and ID of the documents you use to answer. Then format the answers into a list.
query: What structures does the Miami-Dade Expressway Authority keep in good working condition?
",Final Answer: ,7824.605184
test,65.536,119394.0,7.824605184,0.0,qampari_128k,['Aneroid Lake' 'Bonny Lakes' 'Dollar Lake' 'Legore Lake' 'Roger Lake'],7824.605184," ['Aneroid Lake', 'Bonny Lakes', 'Dollar Lake', 'LeGore Lake', 'Roger Lake']

**Documents Used:**
TITLE: LeGore Lake | ID: 6
TITLE: Roger Lake | ID: 76
TITLE: Aneroid Lake | ID: 83
TITLE: Bonny Lakes | ID: 85
TITLE: Dollar Lake (Wallowa County, Oregon) | ID: 222",119394.0,256,7.824605184,"====== Now let's start! ======
Based on the documents above, can you answer the following query? Print out the TITLE and ID of the documents you use to answer. Then format the answers into a list.
query: Which landform is located in the protected area Eagle Cap Wilderness?
",Final Answer: ,7824.605184
test,65.536,119394.0,7.824605184,0.0,qampari_128k,"['A Girl Worth Fighting For' 'Beautiful Disaster' 'Break My Stride'
 'Honor to Us All' 'Mulan' 'Reflection']",7824.605184," ['A Girl Worth Fighting For', 'Beautiful Disaster', 'Break My Stride', 'Honor to Us All', 'Reflection']

**Documents Used:**
TITLE: A Girl Worth Fighting For | ID: 436
TITLE: Beautiful Disaster (Kelly Clarkson song) | ID: 445
TITLE: Break My Stride | ID: 266
TITLE: Honor to Us All | ID: 670
TITLE: Reflection (Mulan song) | ID: 285",119394.0,256,7.824605184,"====== Now let's start! ======
Based on the documents above, can you answer the following query? Print out the TITLE and ID of the documents you use to answer. Then format the answers into a list.
query: What tracks did Matthew Wilder compose?
",Final Answer: ,7824.605184
test,65.536,119394.0,7.824605184,0.0,qampari_128k,"['Bee and PuppyCat' 'Castlevania' 'My Life as a Teenage Robot'
 'Oh Yeah! Cartoons' 'Random! Cartoons']",7824.605184," ['Bee and PuppyCat', 'Castlevania', 'My Life as a Teenage Robot', 'Random! Cartoons', 'Oh Yeah! Cartoons']

**Documents Used:**
TITLE: Bee and PuppyCat | ID: 667
TITLE: Castlevania (TV series) | ID: 641
TITLE: My Life as a Teenage Robot | ID: 50
TITLE: Random! Cartoons | ID: 125
TITLE: Oh Yeah! Cartoons | ID: 458",119394.0,256,7.824605184,"====== Now let's start! ======
Based on the documents above, can you answer the following query? Print out the TITLE and ID of the documents you use to answer. Then format the answers into a list.
query: What TV show did Frederator Studios produce?
",Final Answer: ,7824.605184
test,65.536,119394.0,7.824605184,0.0,qampari_128k,"['Curtis Brown' 'David Paulson' 'Devin Bush Jr.' 'Joshua Dobbs'
 'Mason Rudolph']",7824.605184," ['Blake Wingle', 'Curtis Brown', 'David Paulson', 'Devin Bush Jr.', 'Joshua Dobbs', 'Mason Rudolph', 'Roquan Smith']

**Documents Used:**
TITLE: Blake Wingle | ID: 312
TITLE: Curtis Brown (cornerback) | ID: 207
TITLE: David Paulson | ID: 218
TITLE: Devin Bush Jr. | ID: 631
TITLE: Joshua Dobbs | ID: 249
TITLE: Mason Rudolph (American football) | ID: 276
TITLE: Roquan Smith | ID: 186",119394.0,256,7.824605184,"====== Now let's start! ======
Based on the documents above, can you answer the following query? Print out the TITLE and ID of the documents you use to answer. Then format the answers into a list.
query: The Pittsburgh Steelers drafted whom?
",Final Answer: ,7824.605184
test,65.536,119394.0,7.824605184,0.0,qampari_128k,['Rassilon' 'Romana' 'Susan Foreman' 'The Doctor' 'The Master'],7824.605184," ['The Doctor', 'Rassilon', 'Susan Foreman', 'Romana']

**Documents used:**
TITLE: The Doctor (Doctor Who) | ID: 394
TITLE: Rassilon | ID: 415
TITLE: Susan Foreman | ID: 352
TITLE: Romana (Doctor Who) | ID: 500",119394.0,256,7.824605184,"====== Now let's start! ======
Based on the documents above, can you answer the following query? Print out the TITLE and ID of the documents you use to answer. Then format the answers into a list.
query: Which character's native language was Gallifreyan?
",Final Answer: ,7824.605184
test,65.536,119394.0,7.824605184,0.0,qampari_128k,"['Frank Kitto' 'John Toohey' 'Michael McHugh' 'Patrick Keane'
 'William Deane']",7824.605184," ['Frank Kitto', 'John Toohey', 'Michael McHugh', 'Patrick Keane', 'William Deane']

**Documents Used:**
TITLE: Frank Kitto | ID: 137
TITLE: John Toohey (judge) | ID: 591
TITLE: Michael McHugh | ID: 593
TITLE: Patrick Keane | ID: 676
TITLE: William Deane | ID: 185",119394.0,256,7.824605184,"====== Now let's start! ======
Based on the documents above, can you answer the following query? Print out the TITLE and ID of the documents you use to answer. Then format the answers into a list.
query: Who served on the High Court of Australia as a Justice?
",Final Answer: ,7824.605184
test,65.536,119394.0,7.824605184,0.0,qampari_128k,['Dan Panosian' 'Jim Zub' 'Marc Silvestri' 'Riley Rossmo' 'Sam Liu'],7824.605184," ['Jim Zub', 'Marc Silvestri', 'Riley Rossmo', 'Dan Panosian']

**Documents Used:**
*   TITLE: Jim Zub | ID: 102
*   TITLE: Marc Silvestri | ID: 67
*   TITLE: Riley Rossmo | ID: 194
*   TITLE: Dan Panosian | ID: 627",119394.0,256,7.824605184,"====== Now let's start! ======
Based on the documents above, can you answer the following query? Print out the TITLE and ID of the documents you use to answer. Then format the answers into a list.
query: Who is employed by Image Comics?
",Final Answer: ,7824.605184
test,65.536,119394.0,7.824605184,0.0,qampari_128k,"['Aattakatha' 'Onnum Mindatha Bharya' 'Paavam Poornima'
 'Thakilu Kottampuram' 'Visa']",7824.605184," ['Aattakatha', 'Onnum Mindatha Bharya', 'Paavam Poornima', 'Thakilu Kottampuram', 'Visa']

**Documents Used:**
TITLE: Aattakatha (1987 film) | ID: 606
TITLE: Onnum Mindatha Bharya | ID: 535
TITLE: Paavam Poornima | ID: 390
TITLE: Thakilu Kottampuram | ID: 104
TITLE: Visa (film) | ID: 620",119394.0,256,7.824605184,"====== Now let's start! ======
Based on the documents above, can you answer the following query? Print out the TITLE and ID of the documents you use to answer. Then format the answers into a list.
query: What movie did Balu Kiriyath screenwrite for?
",Final Answer: ,7824.605184
test,65.536,119394.0,7.824605184,0.0,qampari_128k,"[""Brock's Monument"" 'Old City Hall'
 ""St Matthew's Church, Duddeston and Nechells"" ""St. Michael's Cathedral""
 ""St. Paul's Presbyterian Church""]",7824.605184," ['Old City Hall (Guelph)', 'St. Michael's Cathedral Basilica (Toronto)', 'St. Paul's Presbyterian Church (Hamilton, Ontario)', 'St Matthew's Church, Duddeston and Nechells', ""Brock's Monument""]

**Documents Used:**
*   TITLE: Old City Hall (Guelph) | ID: 109
*   TITLE: St. Michael's Cathedral Basilica (Toronto) | ID: 639
*   TITLE: St. Paul's Presbyterian Church (Hamilton, Ontario) | ID: 677
*   TITLE: St Matthew's Church, Duddeston and Nechells | ID: 701
*   TITLE: Brock's Monument | ID: 301",119394.0,256,7.824605184,"====== Now let's start! ======
Based on the documents above, can you answer the following query? Print out the TITLE and ID of the documents you use to answer. Then format the answers into a list.
query: What buildings did William Thomas design?
",Final Answer: ,7824.605184
test,65.536,119394.0,7.824605184,0.0,qampari_128k,"['1982 World Snooker Championship' '2002 World Snooker Championship'
 '2003 World Snooker Championship' '2004 World Snooker Championship'
 '2005 World Snooker Championship']",7824.605184,"2002 World Snooker Championship, 2003 World Snooker Championship, 2004 World Snooker Championship, 2005 World Snooker Championship, 1982 World Snooker Championship

Based on the documents provided, the following titles and IDs were used to answer the query:

TITLE: 2002 World Snooker Championship | ID: 410
TITLE: 2003 World Snooker Championship | ID: 295
TITLE: 2004 World Snooker Championship | ID: 215
TITLE: 2005 World Snooker Championship | ID: 579
TITLE: 1982 World Snooker Championship | ID: 283

Final Answer: ['1982 World Snooker Championship', '2002 World Snooker Championship', '2003 World Snooker Championship', '2004 World Snooker Championship', '2005 World Snooker Championship']",119394.0,256,7.824605184,"====== Now let's start! ======
Based on the documents above, can you answer the following query? Print out the TITLE and ID of the documents you use to answer. Then format the answers into a list.
query: Embassy sponsored what competition?
",Final Answer: ,7824.605184
test,65.536,119394.0,7.824605184,0.0,qampari_128k,"['Italian aircraft carrier Cavour'
 'Italian aircraft carrier Giuseppe Garibaldi'
 'Italian battleship Littorio' 'Italian battleship Roma' 'Vittorio Veneto']",7824.605184," ['Italian aircraft carrier Giuseppe Garibaldi', 'Italian battleship Roma (1940)']

**Documents Used:**
TITLE: Italian aircraft carrier Giuseppe Garibaldi | ID: 530
TITLE: Italian battleship Roma (1940) | ID: 468",119394.0,256,7.824605184,"====== Now let's start! ======
Based on the documents above, can you answer the following query? Print out the TITLE and ID of the documents you use to answer. Then format the answers into a list.
query: What marine vessel was based out of Taranto?
",Final Answer: ,7824.605184
test,65.536,119394.0,7.824605184,0.0,qampari_128k,"['Broken Horses' 'Mission Kashmir' 'Murder at Monkey Hill' 'Parinda'
 'Shikara']",7824.605184," ['Broken Horses', 'Mission Kashmir', 'Murder at Monkey Hill', 'Parinda', 'Shikara']

**Documents Used:**
TITLE: Broken Horses | ID: 300
TITLE: Mission Kashmir | ID: 202
TITLE: Murder at Monkey Hill | ID: 63
TITLE: Parinda | ID: 654
TITLE: Shikara (2020 film) | ID: 517",119394.0,256,7.824605184,"====== Now let's start! ======
Based on the documents above, can you answer the following query? Print out the TITLE and ID of the documents you use to answer. Then format the answers into a list.
query: Vidhu Vinod Chopra directed which film?
",Final Answer: ,7824.605184
test,65.536,119394.0,7.824605184,0.0,qampari_128k,"['Anne Begg' 'Joseph Fairweather Lamb' 'Kevin Thomson' 'Kirstene Hair'
 'Robert Watson-Watt']",7824.605184," ['Anne Begg', 'Joseph Fairweather Lamb', 'Kirstene Hair', 'Kevin Thomson', 'Robert Watson-Watt']

**Documents Used:**
TITLE: Anne Begg | ID: 623
TITLE: Joseph Fairweather Lamb | ID: 201
TITLE: Kirstene Hair | ID: 217
TITLE: Kevin Thomson (cricketer) | ID: 619
TITLE: Robert Watson-Watt | ID: 618",119394.0,256,7.824605184,"====== Now let's start! ======
Based on the documents above, can you answer the following query? Print out the TITLE and ID of the documents you use to answer. Then format the answers into a list.
query: Who was a graduate of Brechin High School?
",Final Answer: ,7824.605184
test,65.536,119394.0,7.824605184,0.0,qampari_128k,"['Adam and Eve' 'Column X' 'Peter the Mariner'
 ""We'll Meet Again in the Heimat"" 'You Walk So Softly']",7824.605184," ['Column X', 'Peter the Mariner', 'We'll Meet Again in the Heimat', 'You Walk So Softly', 'Adam and Eve']

**Documents Used:**
TITLE: Column X | ID: 306
TITLE: Peter the Mariner | ID: 399
TITLE: We'll Meet Again in the Heimat | ID: 383
TITLE: You Walk So Softly | ID: 725
TITLE: Adam and Eve (1928 film) | ID: 704",119394.0,256,7.824605184,"====== Now let's start! ======
Based on the documents above, can you answer the following query? Print out the TITLE and ID of the documents you use to answer. Then format the answers into a list.
query: What's the name of the film produced by Reinhold Schünzel?
",Final Answer: ,7824.605184
test,65.536,119394.0,7.824605184,0.0,qampari_128k,"['Ace of Diamond' 'Attack on Titan' 'Giant Killing' 'Monster Soul'
 'The Seven Deadly Sins']",7824.605184," ['Attack on Titan', 'Ace of Diamond', 'Monster Soul', 'The Seven Deadly Sins', 'Giant Killing']

**Documents Used:**
TITLE: Attack on Titan | ID: 497
TITLE: Ace of Diamond | ID: 264
TITLE: Monster Soul | ID: 4
TITLE: The Seven Deadly Sins (manga) | ID: 188
TITLE: Giant Killing | ID: 696",119394.0,256,7.824605184,"====== Now let's start! ======
Based on the documents above, can you answer the following query? Print out the TITLE and ID of the documents you use to answer. Then format the answers into a list.
query: Kodansha USA published what literary works?
",Final Answer: ,7824.605184
test,65.536,119394.0,7.824605184,0.0,qampari_128k,['Aung San Suu Kyi' 'Bamar' 'Min Aung Hlaing' 'Saw Wai' 'Win Tin'],7824.605184," ['Aung Min', 'Aung San Suu Kyi', 'Bamar people', 'Maung Maung Ohn', 'Min Aung Hlaing', 'Myint Swe', 'San Yu', 'Saw Wai', 'Thein Sein', 'Win Tin']

**Documents Used:**
*   TITLE: Aung Min | ID: 129
*   TITLE: Aung San Suu Kyi | ID: 259
*   TITLE: Bamar people | ID: 177
*   TITLE: Maung Maung Ohn | ID: 520
*   TITLE: Min Aung Hlaing | ID: 250
*   TITLE: Myint Swe | ID: 163
*   TITLE: San Yu | ID: 565
*   TITLE: Saw Wai | ID: 346
*   TITLE: Thein Sein | ID: 357
*   TITLE: Win Tin | ID: 10",119394.0,256,7.824605184,"====== Now let's start! ======
Based on the documents above, can you answer the following query? Print out the TITLE and ID of the documents you use to answer. Then format the answers into a list.
query: Who was a native speaker of Burmese?
",Final Answer: ,7824.605184
test,65.536,119394.0,7.824605184,0.0,qampari_128k,"['Anthony Lombard' 'Joshua Hassan' 'Julio Alcantara' 'Olga Zammitt'
 'Solomon Levy']",7824.605184," ['Joshua Hassan', 'Olga Zammitt', 'Solomon Levy', 'Anthony Lombard', 'Julio Alcantara']

**Documents Used:**
TITLE: Joshua Hassan | ID: 341
TITLE: Olga Zammitt | ID: 15
TITLE: Solomon Levy | ID: 748
TITLE: Anthony Lombard | ID: 640
TITLE: Julio Alcantara | ID: 484",119394.0,256,7.824605184,"====== Now let's start! ======
Based on the documents above, can you answer the following query? Print out the TITLE and ID of the documents you use to answer. Then format the answers into a list.
query: List all the Mayors of Gibraltar?
",Final Answer: ,7824.605184
test,65.536,119394.0,7.824605184,0.0,qampari_128k,"['Aled Jones' 'Gethin Jones' 'Helen Carnell' 'John Stapleton'
 'Laura Tobin']",7824.605184," ['John Stapleton']

**Documents Used:**
TITLE: John Stapleton (English journalist) | ID: 326
CONTENT: John Martin Stapleton (born 24 February 1946) is an English journalist and broadcaster. He is known for his work as a presenter and reporter on ITV breakfast television (""TV-am"", ""GMTV"" and ""Daybreak"") in addition to hosting ""Nationwide"" and ""Watchdog"" for the BBC.",119394.0,256,7.824605184,"====== Now let's start! ======
Based on the documents above, can you answer the following query? Print out the TITLE and ID of the documents you use to answer. Then format the answers into a list.
query: What journalist is featured on the show ITV breakfast?
",Final Answer: ,7824.605184
test,65.536,119394.0,7.824605184,0.0,qampari_128k,"['Gulzar Uddin Ahmed' 'Md Mahfuzur Rahman' 'Moinul Hossain Chowdhury'
 'Rezzakul Haider Chowdhury' 'Shamsul Haque']",7824.605184," ['Moinul Hossain Chowdhury', 'Rezzakul Haider Chowdhury', 'Shamsul Haque', 'Gulzar Uddin Ahmed']

**Documents Used:**
TITLE: Moinul Hossain Chowdhury | ID: 584
TITLE: Rezzakul Haider Chowdhury | ID: 612
TITLE: Shamsul Haque (general) | ID: 700
TITLE: Gulzar Uddin Ahmed | ID: 550",119394.0,256,7.824605184,"====== Now let's start! ======
Based on the documents above, can you answer the following query? Print out the TITLE and ID of the documents you use to answer. Then format the answers into a list.
query: The Bangladesh Army military branch contains what person?
",Final Answer: ,7824.605184
test,65.536,119394.0,7.824605184,0.0,qampari_128k,"['Barreiro/Anhemas Sustainable Development Reserve'
 'Caverna do Diabo State Park'
 'Pinheirinhos Sustainable Development Reserve'
 'Quilombos de Barra do Turvo Sustainable Development Reserve'
 'Rio Turvo State Park']",7824.605184," ['Barreiro/Anhemas Sustainable Development Reserve', 'Caverna do Diabo State Park', 'Pinheirinhos Sustainable Development Reserve', 'Quilombos de Barra do Turvo Sustainable Development Reserve', 'Rio Turvo State Park']

**Documents Used:**
TITLE: Barreiro/Anhemas Sustainable Development Reserve | ID: 733
TITLE: Caverna do Diabo State Park | ID: 729
TITLE: Pinheirinhos Sustainable Development Reserve | ID: 568
TITLE: Quilombos de Barra do Turvo Sustainable Development Reserve | ID: 423
TITLE: Rio Turvo State Park | ID: 692",119394.0,256,7.824605184,"====== Now let's start! ======
Based on the documents above, can you answer the following query? Print out the TITLE and ID of the documents you use to answer. Then format the answers into a list.
query: What geographical feature is located in or around Barra do Turvo?
",Final Answer: ,7824.605184
test,65.536,119394.0,7.824605184,0.0,qampari_128k,"['Conan the Barbarian' 'Exeter' 'Frankenstein' 'Friday the 13th'
 'The Texas Chainsaw Massacre']",7824.605184," ['Conan the Barbarian', 'Exeter', 'Frankenstein', 'Friday the 13th', 'The Texas Chainsaw Massacre']

**Documents Used:**
TITLE: Conan the Barbarian (2011 film) | ID: 176
TITLE: Exeter (film) | ID: 647
TITLE: Frankenstein (2004 film) | ID: 356
TITLE: Friday the 13th (2009 film) | ID: 513
TITLE: The Texas Chainsaw Massacre (2003 film) | ID: 465 (Also ID: 690)",119394.0,256,7.824605184,"====== Now let's start! ======
Based on the documents above, can you answer the following query? Print out the TITLE and ID of the documents you use to answer. Then format the answers into a list.
query: What movies was Marcus Nispel the director of?
",Final Answer: ,7824.605184
test,65.536,119394.0,7.824605184,0.0,qampari_128k,"[""2006 Australian Open – Women's Doubles""
 ""2006 Ordina Open – Women's Doubles""
 '2008 Internationaux de Strasbourg – doubles'
 ""2008 Medibank International – Women's Doubles""
 '2010 MPS Group Championships – doubles']",7824.605184,"2006 Australian Open – Women's Doubles, 2008 Medibank International – Women's Doubles, 2006 Ordina Open – Women's Doubles, 2008 Internationaux de Strasbourg – Doubles

Based on the documents provided, here are the specific titles and IDs used to answer the query:

*   **TITLE:** 2006 Australian Open – Women's Doubles | **ID:** 153
    *   *Content:* ""Twelfth-seeded Yan Zi and Zheng Jie defeated first-seeded Lisa Raymond and Samantha Stosur... to win the Women's Doubles title at the 2006 Australian Open.""
*   **TITLE:** 2008 Medibank International – Women's Doubles | **ID:** 237
    *   *Content:* ""Yan Zi and Zheng Jie won in the final 6–4, 7–6(5), against Tatiana Perebiynis and Tatiana Poutchek.""
*   **TITLE:** 2006 Ordina Open – Women's Doubles | **ID:** 336
    *   *Content:*",119394.0,256,7.824605184,"====== Now let's start! ======
Based on the documents above, can you answer the following query? Print out the TITLE and ID of the documents you use to answer. Then format the answers into a list.
query: What tennis competition was won by Yan Zi?
",Final Answer: ,7824.605184
test,65.536,119394.0,7.824605184,0.0,qampari_128k,['Black Panther' 'Dora Milaje' 'Man-Ape' 'Okoye' 'Storm'],7824.605184," ['Black Panther', 'Dora Milaje', 'Man-Ape', 'Okoye', 'Storm']

**Documents Used:**
*   TITLE: Black Panther (character) | ID: 190
*   TITLE: Dora Milaje | ID: 39
*   TITLE: Man-Ape | ID: 441
*   TITLE: Okoye (character) | ID: 603
*   TITLE: Storm (Marvel Comics) | ID: 112",119394.0,256,7.824605184,"====== Now let's start! ======
Based on the documents above, can you answer the following query? Print out the TITLE and ID of the documents you use to answer. Then format the answers into a list.
query: Who possesses citizenship from Wakanda?
",Final Answer: ,7824.605184
test,65.536,119394.0,7.824605184,0.0,qampari_128k,"['Beached Az' 'Maximum Choppage' 'Review with Myles Barlow' 'Soul Mates'
 'Twentysomething']",7824.605184," ['Maximum Choppage', 'Review with Myles Barlow', 'Twentysomething', 'Soul Mates', 'Beached Az']

**Documents Used:**
TITLE: Maximum Choppage | ID: 58
TITLE: Review with Myles Barlow | ID: 502
TITLE: Twentysomething (TV series) | ID: 470
TITLE: Soul Mates (TV series) | ID: 671
TITLE: Beached Az | ID: 313",119394.0,256,7.824605184,"====== Now let's start! ======
Based on the documents above, can you answer the following query? Print out the TITLE and ID of the documents you use to answer. Then format the answers into a list.
query: Which TV show originally aired on ABC2?
",Final Answer: ,7824.605184
test,65.536,119394.0,7.824605184,0.0,qampari_128k,"['Battles of Destiny' 'Conquered Kingdoms' ""Solitaire's Journey""
 'The Grandest Fleet' 'The Perfect General']",7824.605184," ['Battles of Destiny', 'Conquered Kingdoms', 'Solitaire's Journey', 'The Grandest Fleet', 'The Perfect General']

**Documents Used:**
TITLE: Battles of Destiny | ID: 555
TITLE: Conquered Kingdoms | ID: 695
TITLE: Solitaire's Journey | ID: 726
TITLE: The Grandest Fleet | ID: 443
TITLE: The Perfect General | ID: 16",119394.0,256,7.824605184,"====== Now let's start! ======
Based on the documents above, can you answer the following query? Print out the TITLE and ID of the documents you use to answer. Then format the answers into a list.
query: Quantum Quality Productions published what piece of writing?
",Final Answer: ,7824.605184
test,65.536,119394.0,7.824605184,0.0,qampari_128k,['Bob Knuth' 'Henry Mazer' 'Philip Farkas' 'Ray Still' 'Theodore Thomas'],7824.605184," ['Philip Farkas', 'Ray Still', 'Theodore Thomas']

**Documents Used:**
TITLE: Philip Farkas | ID: 648
TITLE: Ray Still | ID: 737
TITLE: Theodore Thomas (conductor) | ID: 426",119394.0,256,7.824605184,"====== Now let's start! ======
Based on the documents above, can you answer the following query? Print out the TITLE and ID of the documents you use to answer. Then format the answers into a list.
query: The Chicago Symphony Orchestra employs whom?
",Final Answer: ,7824.605184
test,65.536,119394.0,7.824605184,0.0,qampari_128k,"['Fantastic Mr. Fox' 'Hotel Chevalier' 'Rushmore'
 'The Life Aquatic with Steve Zissou' 'The Royal Tenenbaums']",7824.605184," ['The Royal Tenenbaums', 'Rushmore', 'The Life Aquatic with Steve Zissou', 'Fantastic Mr. Fox', 'Hotel Chevalier']

**Documents Used:**
TITLE: The Royal Tenenbaums | ID: 439
TITLE: Rushmore (film) | ID: 287
TITLE: The Life Aquatic with Steve Zissou | ID: 538
TITLE: Fantastic Mr. Fox (film) | ID: 132
TITLE: Hotel Chevalier | ID: 507",119394.0,256,7.824605184,"====== Now let's start! ======
Based on the documents above, can you answer the following query? Print out the TITLE and ID of the documents you use to answer. Then format the answers into a list.
query: What movie was screenwritten by Wes Anderson?
",Final Answer: ,7824.605184
test,65.536,119394.0,7.824605184,0.0,qampari_128k,"['1998 U.S. Open Cup Final' ""2004 CONCACAF Champions' Cup""
 '2011 U.S. Open Cup Final' 'Brimstone Cup' 'MLS Cup 2000']",7824.605184,"1998 U.S. Open Cup Final, 2004 CONCACAF Champions' Cup, MLS Cup 2000, 2011 U.S. Open Cup Final, Brimstone Cup

Based on the documents provided, here are the specific titles and IDs used:

*   **TITLE:** 1998 U.S. Open Cup Final | **ID:** 166
*   **TITLE:** 2004 CONCACAF Champions' Cup | **ID:** 702
*   **TITLE:** MLS Cup 2000 | **ID:** 727
*   **TITLE:** 2011 U.S. Open Cup Final | **ID:** 634
*   **TITLE:** Brimstone Cup | **ID:** 541

Final Answer: ['1998 U.S. Open Cup Final', '2004 CONCACAF Champions\' Cup', 'MLS Cup 2000', '2011 U.S. Open Cup Final', 'Brimstone Cup']",119394.0,256,7.824605184,"====== Now let's start! ======
Based on the documents above, can you answer the following query? Print out the TITLE and ID of the documents you use to answer. Then format the answers into a list.
query: In which tournament was Chicago Fire FC a competitor?
",Final Answer: ,7824.605184
test,65.536,119394.0,7.824605184,0.0,qampari_128k,"[""Children's Everywhere"" 'Elle Kari' 'Matti Lives in Finland'
 'Noy lives in Thailand' 'Sia lives on Kilimanjaro']",7824.605184," ['Children's Everywhere', 'Elle Kari', 'Matti Lives in Finland', 'Noy Lives in Thailand', 'Sia Lives on Kilimanjaro']

**Documents Used:**
TITLE: Children's Everywhere | ID: 57
TITLE: Elle Kari | ID: 192
TITLE: Matti Lives in Finland | ID: 713
TITLE: Noy Lives in Thailand | ID: 715
TITLE: Sia Lives on Kilimanjaro | ID: 510",119394.0,256,7.824605184,"====== Now let's start! ======
Based on the documents above, can you answer the following query? Print out the TITLE and ID of the documents you use to answer. Then format the answers into a list.
query: What's the name of a book containing art by Anna Riwkin-Brick?
",Final Answer: ,7824.605184
test,65.536,119394.0,7.824605184,0.0,qampari_128k,"['Big Creek Bridge' 'Conde McCullough Memorial Bridge'
 'Ten Mile Creek Bridge' 'Wilson River Bridge' 'Yaquina Bay Bridge']",7824.605184," ['Big Creek Bridge', 'Conde B. McCullough Memorial Bridge', 'Ten Mile Creek Bridge', 'Wilson River Bridge', 'Yaquina Bay Bridge']

**Documents Used:**
TITLE: Big Creek Bridge (Oregon) | ID: 495
TITLE: Conde McCullough Memorial Bridge | ID: 418
TITLE: Ten Mile Creek Bridge (Oregon) | ID: 457
TITLE: Wilson River Bridge | ID: 605
TITLE: Yaquina Bay Bridge | ID: 189",119394.0,256,7.824605184,"====== Now let's start! ======
Based on the documents above, can you answer the following query? Print out the TITLE and ID of the documents you use to answer. Then format the answers into a list.
query: What did Conde Balcom McCullough design?
",Final Answer: ,7824.605184
test,65.536,119394.0,7.824605184,0.0,qampari_128k,"['Berthold Goldschmidt' 'Julius Bürger' 'Rudolf Kolisch' 'Walter Kaufmann'
 'Zdenka Ticharich']",7824.605184," ['Julius Bürger', 'Rudolf Kolisch', 'Zdenka Ticharich', 'Walter Kaufmann', 'Berthold Goldschmidt']

**Documents Used:**
TITLE: Julius Bürger | ID: 30
TITLE: Rudolf Kolisch | ID: 365
TITLE: Zdenka Ticharich | ID: 435
TITLE: Walter Kaufmann (composer) | ID: 721
TITLE: Berthold Goldschmidt | ID: 450",119394.0,256,7.824605184,"====== Now let's start! ======
Based on the documents above, can you answer the following query? Print out the TITLE and ID of the documents you use to answer. Then format the answers into a list.
query: Who studied under Franz Schreker?
",Final Answer: ,7824.605184
test,65.536,119394.0,7.824605184,0.0,qampari_128k,"['Ayodele Casel' 'Fayard Nicholas' 'Harold Nicholas' 'Maceo Anderson'
 'Nicholas Brothers']",7824.605184," ['Ayodele Casel', 'Fayard Nicholas', 'Harold Nicholas', 'Maceo Anderson', 'Nicholas Brothers']

**Documents Used:**
*   TITLE: Ayodele Casel | ID: 71
*   TITLE: Fayard Nicholas | ID: 342
*   TITLE: Harold Nicholas | ID: 133
*   TITLE: Maceo Anderson | ID: 232
*   TITLE: Nicholas Brothers | ID: 681",119394.0,256,7.824605184,"====== Now let's start! ======
Based on the documents above, can you answer the following query? Print out the TITLE and ID of the documents you use to answer. Then format the answers into a list.
query: Who worked as a tap dancer?
",Final Answer: ,7824.605184
test,65.536,119394.0,7.824605184,0.0,qampari_128k,"['Czechoslovakian Naval Forces' 'Josef Šnejdárek' 'Ján Nálepka'
 'No. 310 Squadron RAF' 'Radola Gajda']",7824.605184," ['No. 310 Squadron RAF', 'Czechoslovakian Naval Forces']

**Documents Used:**
TITLE: No. 310 Squadron RAF | ID: 173
TITLE: Czechoslovakian Naval Forces | ID: 34",119394.0,256,7.824605184,"====== Now let's start! ======
Based on the documents above, can you answer the following query? Print out the TITLE and ID of the documents you use to answer. Then format the answers into a list.
query: What military unit served for Czechoslovakia?
",Final Answer: ,7824.605184
test,65.536,119394.0,7.824605184,0.0,qampari_128k,"['Barra Airport' 'Benbecula Airport' 'Islay Airport' 'Kirkwall Airport'
 'Tiree Airport']",7824.605184," ['Barra Airport', 'Benbecula Airport', 'Islay Airport', 'Kirkwall Airport', 'Tiree Airport']

**Documents Used:**
TITLE: Barra Airport | ID: 155
TITLE: Benbecula Airport | ID: 212
TITLE: Islay Airport | ID: 223
TITLE: Kirkwall Airport | ID: 665
TITLE: Tiree Airport | ID: 402",119394.0,256,7.824605184,"====== Now let's start! ======
Based on the documents above, can you answer the following query? Print out the TITLE and ID of the documents you use to answer. Then format the answers into a list.
query: What is operated by Highlands and Islands Airports?
",Final Answer: ,7824.605184
test,65.536,119394.0,7.824605184,0.0,qampari_128k,"['estradiol benzoate/estradiol valerate/hydroxyprogesterone caproate'
 'estradiol benzoate/hydroxyprogesterone caproate'
 'estradiol cypionate/hydroxyprogesterone caproate'
 'estradiol dipropionate/hydroxyprogesterone caproate'
 'estradiol valerate/hydroxyprogesterone caproate']",7824.605184," ['Estradiol benzoate', 'Estradiol cypionate', 'Estradiol dipropionate', 'Estradiol valerate']

**Documents Used:**
TITLE: Estradiol benzoate/hydroxyprogesterone caproate | ID: 543
TITLE: Estradiol cypionate/hydroxyprogesterone caproate | ID: 263
TITLE: Estradiol dipropionate/hydroxyprogesterone caproate | ID: 247
TITLE: Estradiol valerate/hydroxyprogesterone caproate | ID: 22
TITLE: Estradiol benzoate/estradiol valerate/hydroxyprogesterone caproate | ID: 637

*Note: The query asks for chemical substances ""in"" hydroxyprogesterone caproate. Based on the provided documents, hydroxyprogesterone caproate (OHPC) is a progestin that is combined with various estrogens (Estradiol benzoate, Estradiol cypionate, Estradiol dipropionate, Estradiol valerate) in specific medication formulations.",119394.0,256,7.824605184,"====== Now let's start! ======
Based on the documents above, can you answer the following query? Print out the TITLE and ID of the documents you use to answer. Then format the answers into a list.
query: What are the chemical substances in hydroxyprogesterone caproate?
",Final Answer: ,7824.605184
test,65.536,119394.0,7.824605184,0.0,qampari_128k,"['Archie Knox' 'Gary Megson' 'Jimmy McIlroy' 'Jimmy Phillips'
 'Phil Hughes']",7824.605184," ['Archie Knox', 'Gary Megson', 'Owen Coyle', 'Lee Turner', 'Sammy Lee']

**Documents Used:**
*   TITLE: Archie Knox | ID: 161 (Mentions Archie Knox was appointed caretaker manager and later axed by Gary Megson at Bolton Wanderers).
*   TITLE: Gary Megson | ID: 114 (Mentions Gary Megson managed Bolton Wanderers).
*   TITLE: Phil Hughes (footballer) | ID: 333 (Mentions Owen Coyle was manager of Bolton Wanderers and was replaced by Lee Turner).
*   TITLE: Jimmy McIlroy | ID: 594 (Mentions Jimmy McIlroy managed Bolton Wanderers).
*   TITLE: Phil Holder | ID: 563 (Mentions Phil Holder took charge of Brentford, not Bolton, but checking other documents for Bolton managers).
*   TITLE: Jimmy Phillips (footballer, born 1966) | ID: 206 (Mentions Jimmy Phillips was Academy Director at Bolton Wanderers, not coach).
*   TITLE: Rob Scott (footballer) | ID: 130 (Mentions",119394.0,256,7.824605184,"====== Now let's start! ======
Based on the documents above, can you answer the following query? Print out the TITLE and ID of the documents you use to answer. Then format the answers into a list.
query: Who was the coach of Bolton Wanders F.C.?
",Final Answer: ,7824.605184
test,65.536,119394.0,7.824605184,0.0,qampari_128k,"['David Hawley' 'Dudley Saltonstall' 'John Burroughs Hopkins'
 'John Paul Jones' 'Richard Wickes']",7824.605184," ['John Burroughs Hopkins', 'David Hawley', 'John Paul Jones', 'Richard Wickes']

**Documents Used:**
TITLE: John Burroughs Hopkins | ID: 38
TITLE: David Hawley | ID: 66
TITLE: John Paul Jones | ID: 227
TITLE: Richard Wickes | ID: 554",119394.0,256,7.824605184,"====== Now let's start! ======
Based on the documents above, can you answer the following query? Print out the TITLE and ID of the documents you use to answer. Then format the answers into a list.
query: Who was a member of the Continental Navy?
",Final Answer: ,7824.605184
test,65.536,119394.0,7.824605184,0.0,qampari_128k,"['Another Round at the Spaceport Bar' ""Cthulhu's Reign""
 'Tales from the Spaceport Bar' 'That is Not Dead'
 'The Secret History of Vampires']",7824.605184," ['Cthulhu's Reign', 'That is Not Dead', 'Tales from the Spaceport Bar', 'The Secret History of Vampires', 'Another Round at the Spaceport Bar']

**Documents Used:**
TITLE: Cthulhu's Reign | ID: 43
TITLE: That is Not Dead | ID: 431
TITLE: Tales from the Spaceport Bar | ID: 331
TITLE: The Secret History of Vampires | ID: 174
TITLE: Another Round at the Spaceport Bar | ID: 572",119394.0,256,7.824605184,"====== Now let's start! ======
Based on the documents above, can you answer the following query? Print out the TITLE and ID of the documents you use to answer. Then format the answers into a list.
query: What anthology did Darrell Schweitzer edit?
",Final Answer: ,7824.605184
test,65.536,119394.0,7.824605184,0.0,qampari_128k,"['Ann-Sophie Qvarnström' 'Antonio Sancho de Benevento' 'Henry Petzal'
 'Louisa Courtauld' 'Tommy Singer']",7824.605184," ['Antonio Sancho de Benevento', 'Henry Petzal', 'Louisa Courtauld', 'Tommy Singer']

**Documents Used:**
*   TITLE: Antonio Sancho de Benevento | ID: 19
*   TITLE: Henry Petzal | ID: 393
*   TITLE: Louisa Courtauld | ID: 362
*   TITLE: Tommy Singer | ID: 339",119394.0,256,7.824605184,"====== Now let's start! ======
Based on the documents above, can you answer the following query? Print out the TITLE and ID of the documents you use to answer. Then format the answers into a list.
query: Who is employed in the silversmith industry?
",Final Answer: ,7824.605184
test,65.536,119394.0,7.824605184,0.0,qampari_128k,"['American Assassin' 'Beastly' 'Five Feet Apart' 'Last Vegas'
 'Scary Stories to Tell in the Dark']",7824.605184," ['Last Vegas', 'Five Feet Apart']

**Documents used:**
TITLE: Last Vegas | ID: 411
TITLE: Five Feet Apart | ID: 738",119394.0,256,7.824605184,"====== Now let's start! ======
Based on the documents above, can you answer the following query? Print out the TITLE and ID of the documents you use to answer. Then format the answers into a list.
query: CBS Films produced which movie?
",Final Answer: ,7824.605184
test,65.536,119394.0,7.824605184,0.0,qampari_128k,"['Braden Shewmake' 'Garry Hill' 'Kris Medlen' 'Shea Langeliers'
 'Sterling Sharp']",7824.605184," ['Garry Hill', 'Kris Medlen', 'Sterling Sharp', 'Braden Shewmake', 'Shea Langeliers']

**Documents Used:**
TITLE: Garry Hill (baseball) | ID: 49
TITLE: Kris Medlen | ID: 200
TITLE: Sterling Sharp | ID: 408
TITLE: Braden Shewmake | ID: 225
TITLE: Shea Langeliers | ID: 454",119394.0,256,7.824605184,"====== Now let's start! ======
Based on the documents above, can you answer the following query? Print out the TITLE and ID of the documents you use to answer. Then format the answers into a list.
query: The Atlanta Braves drafted whom?
",Final Answer: ,7824.605184
test,65.536,119394.0,7.824605184,0.0,qampari_128k,"['1939 Taça de Portugal Final' '1951 Taça de Portugal Final'
 '1967 Taça de Portugal Final' '2012 Supertaça Cândido de Oliveira'
 '2012 Taça de Portugal Final']",7824.605184,2012 Supertaça Cândido de Oliveira,119394.0,256,7.824605184,"====== Now let's start! ======
Based on the documents above, can you answer the following query? Print out the TITLE and ID of the documents you use to answer. Then format the answers into a list.
query: Which competition final did the Associação Académica de Coimbra – O.A.F make?
",Final Answer: ,7824.605184
test,65.536,119394.0,7.824605184,0.0,qampari_128k,"['Alto Rio Negro Indigenous Territory' 'Balaio Indigenous Territory'
 'Cué-cué/Marabitanas Indigenous Territory'
 'Morro dos Seis Lagos Biological Reserve' 'Pico da Neblina National Park']",7824.605184," ['Alto Rio Negro Indigenous Territory', 'Cué-cué/Marabitanas Indigenous Territory']

**Documents Used:**
TITLE: Alto Rio Negro Indigenous Territory | ID: 377
TITLE: Cué-cué/Marabitanas Indigenous Territory | ID: 211",119394.0,256,7.824605184,"====== Now let's start! ======
Based on the documents above, can you answer the following query? Print out the TITLE and ID of the documents you use to answer. Then format the answers into a list.
query: Which location is related to São Gabriel da Cachoeira?
",Final Answer: ,7824.605184
test,65.536,119394.0,7.824605184,0.0,qampari_128k,"['ABM (video game)' 'Beyond Castle Wolfenstein' 'Castle Wolfenstein'
 'Firebug' 'Three Mile Island']",7824.605184," ['ABM', 'Beyond Castle Wolfenstein', 'Castle Wolfenstein', 'Firebug', 'Three Mile Island']

**Documents Used:**
TITLE: ABM (video game) | ID: 62
TITLE: Beyond Castle Wolfenstein | ID: 621
TITLE: Castle Wolfenstein | ID: 271
TITLE: Firebug (video game) | ID: 302
TITLE: Three Mile Island (video game) | ID: 474",119394.0,256,7.824605184,"====== Now let's start! ======
Based on the documents above, can you answer the following query? Print out the TITLE and ID of the documents you use to answer. Then format the answers into a list.
query: What did Muse Software publish?
",Final Answer: ,7824.605184
test,65.536,119394.0,7.824605184,0.0,qampari_128k,['Cork Dry Gin' 'Green Spot' 'Jameson' 'Paddy Whiskey' 'Redbreast'],7824.605184," ['Cork Dry Gin', 'Green Spot', 'Jameson', 'Paddy', 'Redbreast']

**Documents Used:**
TITLE: Cork Dry Gin | ID: 506
TITLE: Green Spot (whiskey) | ID: 175
TITLE: Jameson Irish Whiskey | ID: 693
TITLE: Paddy Whiskey | ID: 400
TITLE: Redbreast (whiskey) | ID: 753",119394.0,256,7.824605184,"====== Now let's start! ======
Based on the documents above, can you answer the following query? Print out the TITLE and ID of the documents you use to answer. Then format the answers into a list.
query: What drink is manfactured by an Irish distiller?
",Final Answer: ,7824.605184
test,65.536,119394.0,7.824605184,0.0,qampari_128k,['Black Manta' 'Mad Mod' 'Mal Duncan' 'Mera' 'Ocean Master'],7824.605184," ['Black Manta', 'Mad Mod', 'Mera', 'Ocean Master']

**Documents Used:**
TITLE: Black Manta | ID: 230
TITLE: Mad Mod | ID: 160
TITLE: Mera (comics) | ID: 238
TITLE: Ocean Master | ID: 602",119394.0,256,7.824605184,"====== Now let's start! ======
Based on the documents above, can you answer the following query? Print out the TITLE and ID of the documents you use to answer. Then format the answers into a list.
query: Nick Cardy created which fictional character?
",Final Answer: ,7824.605184
test,65.536,119394.0,7.824605184,0.0,qampari_128k,['Japhet Sery' 'Paul Smith' 'Phil Holder' 'Ron Noades' 'Terry Bullivant'],7824.605184," ['Japhet Sery Larsen', 'Phil Holder', 'Ron Noades']

**Documents Used:**
*   TITLE: Japhet Sery Larsen | ID: 524 (Mentions joining the B team at Championship club Brentford on loan)
*   TITLE: Phil Holder | ID: 563 (Mentions taking charge of Brentford for three seasons as manager)
*   TITLE: Ron Noades | ID: 511 (Mentions being the chairman and manager of Brentford)",119394.0,256,7.824605184,"====== Now let's start! ======
Based on the documents above, can you answer the following query? Print out the TITLE and ID of the documents you use to answer. Then format the answers into a list.
query: Who works for Brentford football club?
",Final Answer: ,7824.605184
test,65.536,119394.0,7.824605184,0.0,qampari_128k,"['Bengals–Browns rivalry' 'Bengals–Ravens rivalry'
 'Bengals–Steelers rivalry' 'Super Bowl XVI' 'Super Bowl XXIII']",7824.605184," ['Bengals–Browns rivalry', 'Bengals–Ravens rivalry', 'Bengals–Steelers rivalry', 'Super Bowl XVI', 'Super Bowl XXIII']

**Documents Used:**
TITLE: Bengals–Browns rivalry | ID: 557
TITLE: Bengals–Ravens rivalry | ID: 297
TITLE: Bengals–Steelers rivalry | ID: 697
TITLE: Super Bowl XVI | ID: 508
TITLE: Super Bowl XXIII | ID: 366",119394.0,256,7.824605184,"====== Now let's start! ======
Based on the documents above, can you answer the following query? Print out the TITLE and ID of the documents you use to answer. Then format the answers into a list.
query: What sporting event featured the Cincinnati Bengals as a competitor?
",Final Answer: ,7824.605184
