retained_context_tokens,split,answer_prefix,predicted_answer,answers,retained_kv_memory_mb,context_tokens,kv_memory_per_token_kb,question,uncompressed_kv_memory_mb,retained_kv_memory_gb,task,compression_ratio,max_new_tokens,uncompressed_kv_memory_gb
120192.0,dev,Final Answer: , [],"['2010 Senior Open Championship' '2014 Senior Open Championship'
 '2017 Senior Open Championship' '2018 Senior Open Championship'
 '2019 Senior Open Championship']",17723.031552,120192.0,147.456,"====== Now let's start! ======
Based on the documents above, can you answer the following query? Print out the TITLE and ID of the documents you use to answer. Then format the answers into a list.
query: What competition is a Senior British Open Championship?
",17723.031552,17.723031552,qampari_128k,0.0,256,17.723031552
120192.0,dev,Final Answer: ," ['Oru Pennum Randaanum', 'Mukhamukham', 'Mathilukal', 'Kodiyettam', 'Aakraman']","['Anantaram' 'Kodiyettam' 'Mathilukal' 'Mukhamukham'
 'Oru Pennum Randaanum']",17723.031552,120192.0,147.456,"====== Now let's start! ======
Based on the documents above, can you answer the following query? Print out the TITLE and ID of the documents you use to answer. Then format the answers into a list.
query: Which movie was screenwritten by Adoor Gopalakrishan?
",17723.031552,17.723031552,qampari_128k,0.0,256,17.723031552
120192.0,dev,Final Answer: ," ['Werrington, Cornwall']","['Bradstone' 'Lezant' 'Plymouth' 'St Stephens by Launceston Rural'
 'Werrington']",17723.031552,120192.0,147.456,"====== Now let's start! ======
Based on the documents above, can you answer the following query? Print out the TITLE and ID of the documents you use to answer. Then format the answers into a list.
query: What is the name of the settlement that is next to the Tamar River?
",17723.031552,17.723031552,qampari_128k,0.0,256,17.723031552
120192.0,dev,Final Answer: ," ['Rover (privateering ship)', 'SS Tellus (1911)']",['Agnes' 'Montague' 'Rover' 'Sherbrooke' 'Sir John Sherbrooke'],17723.031552,120192.0,147.456,"====== Now let's start! ======
Based on the documents above, can you answer the following query? Print out the TITLE and ID of the documents you use to answer. Then format the answers into a list.
query: Name the ships registered in Nova Scotia.
",17723.031552,17.723031552,qampari_128k,0.0,256,17.723031552
120192.0,dev,Final Answer: ," ['Allein zu dir, Herr Jesu Christ, BWV 33', 'O Ewigkeit, du Donnerwort, BWV 20', 'Witold Lutosławski Symphony No. 3', 'Witold Lutosławski Symphony No. 3', 'Witold Lutosławski Symphony No. 3']","['Allein zu dir, Herr Jesu Christ, BWV 33'
 'Ein feste Burg ist unser Gott, BWV 80'
 'O Ewigkeit, du Donnerwort, BWV 20'
 'Wachet auf, ruft uns die Stimme, BWV 140'
 'Wie schön leuchtet der Morgenstern, BWV 1']",17723.031552,120192.0,147.456,"====== Now let's start! ======
Based on the documents above, can you answer the following query? Print out the TITLE and ID of the documents you use to answer. Then format the answers into a list.
query: What composition is an example of a chorale cantata?
",17723.031552,17.723031552,qampari_128k,0.0,256,17.723031552
120192.0,dev,Final Answer: ," ['Alternate Empires', 'Alternate Heroes', 'Alternate Wars', 'Nebula Awards Showcase 2000', 'Conquered Kingdoms']","['Alternate Americas' 'Alternate Empires' 'Alternate Heroes'
 'Alternate Wars' 'Nebula Awards Showcase 2000']",17723.031552,120192.0,147.456,"====== Now let's start! ======
Based on the documents above, can you answer the following query? Print out the TITLE and ID of the documents you use to answer. Then format the answers into a list.
query: Gregory Benford edited what piece of writing?
",17723.031552,17.723031552,qampari_128k,0.0,256,17.723031552
120192.0,dev,Final Answer: , ['Zachary James Thornton'],"['Michele Serros' 'Paul Seaton' 'Sun Mingming' 'Terrance Dotsy'
 'Zack Thornton']",17723.031552,120192.0,147.456,"====== Now let's start! ======
Based on the documents above, can you answer the following query? Print out the TITLE and ID of the documents you use to answer. Then format the answers into a list.
query: What's the name of a former student from Ventura College?
",17723.031552,17.723031552,qampari_128k,0.0,256,17.723031552
120192.0,dev,Final Answer: ," ['Aung Min', 'Myint Swe', 'Min Aung Hlaing', 'Maung Maung Ohn', 'Moinul Hossain Chowdhury', 'Shwe Thaung', 'Win Tin']",['Aung Min' 'Maung Maung Ohn' 'Myint Swe' 'San Yu' 'Thein Sein'],17723.031552,120192.0,147.456,"====== Now let's start! ======
Based on the documents above, can you answer the following query? Print out the TITLE and ID of the documents you use to answer. Then format the answers into a list.
query: What individual served in the Myanmar Army?
",17723.031552,17.723031552,qampari_128k,0.0,256,17.723031552
120192.0,dev,Final Answer: ," ['Dr. A.O. Thomas House', 'Chadron Public Library', 'Franklin County Courthouse (Nebraska)', 'Old City Hall (Guelph)', 'Kearney State College Alumni Association', 'Palo Alto High School', 'Palo Alto College', 'Palo Alto City Hall', 'Palo Alto City Council', 'Palo Alto City Clerk', 'Palo Alto City Manager', 'Palo Alto City Attorney', 'Palo Alto City Treasurer', 'Palo Alto City Engineer', 'Palo Alto City Planning Department', 'Palo Alto City Public Works Department', 'Palo Alto City Fire Department', 'Palo Alto City Police Department', 'Palo Alto City Parks and Recreation Department', 'Palo Alto City Recreation Department', 'Palo Alto City Recreation and Parks Department', 'Palo Alto City Recreation and Parks Department', 'Palo Alto City Recreation and Parks Department', 'Palo Alto City Recreation and Parks Department', 'Palo Alto City Recreation and Parks Department', 'Palo Alto City Recreation and Parks Department', 'Palo Alto City Recreation and Parks Department', 'Palo Alto City Recreation and Parks Department', 'Palo Alto City Recreation and Parks Department', 'Palo Alto City Recreation and Parks Department","['Chadron Public Library' 'Crawford County Courthouse'
 'Dr. A.O. Thomas House' 'Franklin County Courthouse'
 'Howard County Courthouse']",17723.031552,120192.0,147.456,"====== Now let's start! ======
Based on the documents above, can you answer the following query? Print out the TITLE and ID of the documents you use to answer. Then format the answers into a list.
query: What structures di George A. Berlinghof create?
",17723.031552,17.723031552,qampari_128k,0.0,256,17.723031552
120192.0,dev,Final Answer: ," ['Voyage of the Damned', 'The Doctor (Doctor Who)', 'Time Crash', 'The Lone Gunmen (TV series)']","['Last of the Time Lords' 'Music of the Spheres'
 'The Unicorn and the Wasp' 'Time Crash' 'Voyage of the Damned']",17723.031552,120192.0,147.456,"====== Now let's start! ======
Based on the documents above, can you answer the following query? Print out the TITLE and ID of the documents you use to answer. Then format the answers into a list.
query: What show was executively produced by Russell T Davies?
",17723.031552,17.723031552,qampari_128k,0.0,256,17.723031552
120192.0,test,Final Answer: ," ['2015 King Cup Final', '2018 Knoxville Challenger – Singles', '2019 Launceston Tennis International – Men's Singles', '2018 Kunming Open – Men's Doubles', '2018 BNP Paribas Primrose Bordeaux – Singles', '2018 Senior Open Championship', '2019 Senior Open Championship', '2017 Senior Open Championship', '2016 Open Città della Disfida – Singles', '2014 Senior Open Championship', '2010 Senior Open Championship', '2017 Internationaux de Tennis de Vendée – Singles', '2016 Saudi Super Cup', '2015 Saudi Super Cup', '2010 MPS Group Championships – Doubles', '2018 Stockton Challenger – Men's Singles', '2018 Senior Open Championship', '2015 Città di Caltanissetta – Singles', '2014 Senior Open Championship', '2017 Internationaux de Tennis de Vendée – Singles', '2018 Senior Open Championship', '2019 Senior Open Championship', '20","[""2018 Kentucky Bank Tennis Championships – Men's Singles""
 ""2018 Kunming Open – Men's Doubles""
 ""2018 Stockton Challenger – Men's Singles""
 ""2019 Burnie International – Men's Doubles""
 ""2019 Launceston Tennis International – Men's Singles""]",17723.031552,120192.0,147.456,"====== Now let's start! ======
Based on the documents above, can you answer the following query? Print out the TITLE and ID of the documents you use to answer. Then format the answers into a list.
query: Which competition did the tennis man Lloyd Harris win?
",17723.031552,17.723031552,qampari_128k,0.0,256,17.723031552
120192.0,test,Final Answer: ," ['Gorilla Biscuits', 'Quicksand', 'Rival Schools', 'Dead Heavens']","['Dead Heavens' 'Gorilla Biscuits' 'Quicksand' 'Rival Schools'
 'Walking Concert']",17723.031552,120192.0,147.456,"====== Now let's start! ======
Based on the documents above, can you answer the following query? Print out the TITLE and ID of the documents you use to answer. Then format the answers into a list.
query: What groups was Walter Schreifels a member of?
",17723.031552,17.723031552,qampari_128k,0.0,256,17.723031552
120192.0,test,Final Answer: ," ['Arabsat-1A', 'Arabsat-1B', 'Arabsat-4', 'Arabsat-5A']",['Arabsat-1A' 'Arabsat-1B' 'Arabsat-5A' 'Badr-4' 'INSAT-2DT'],17723.031552,120192.0,147.456,"====== Now let's start! ======
Based on the documents above, can you answer the following query? Print out the TITLE and ID of the documents you use to answer. Then format the answers into a list.
query: What does the Arab Satellite Communications Organization own?
",17723.031552,17.723031552,qampari_128k,0.0,256,17.723031552
120192.0,test,Final Answer: , ['Wiktionary'],['Diplopedia' 'RationalWiki' 'Uncyclopedia' 'Veropedia' 'Wiktionary'],17723.031552,120192.0,147.456,"====== Now let's start! ======
Based on the documents above, can you answer the following query? Print out the TITLE and ID of the documents you use to answer. Then format the answers into a list.
query: What are the existing wiki projects ?
",17723.031552,17.723031552,qampari_128k,0.0,256,17.723031552
120192.0,test,Final Answer: ," ['Helen Jenkins', 'Pete Jacobs', 'Michele Serros', 'Silindile Ngubane', 'Gaelle Lefebvre']","['Chris McCormack' 'Chrissie Wellington' 'Helen Jenkins' 'Magali Messmer'
 'Pete Jacobs']",17723.031552,120192.0,147.456,"====== Now let's start! ======
Based on the documents above, can you answer the following query? Print out the TITLE and ID of the documents you use to answer. Then format the answers into a list.
query: Who was a notable triathlete ?
",17723.031552,17.723031552,qampari_128k,0.0,256,17.723031552
120192.0,test,Final Answer: ," ['Collins reagent', 'Estradiol benzoate/hydroxyprogesterone caproate', 'Estradiol dipropionate/hydroxyprogesterone caproate', 'Estradiol valerate/hydroxyprogesterone caproate', 'Estradiol cypionate/hydroxyprogesterone caproate', 'Estradiol benzoate/estradiol valerate/hydroxyprogesterone caproate', 'Estradiol valerate/hydroxyprogesterone caproate']",['Ammonia' 'Collins reagent' 'Dimethylformamide' 'Ethanol' 'Sodium azide'],17723.031552,120192.0,147.456,"====== Now let's start! ======
Based on the documents above, can you answer the following query? Print out the TITLE and ID of the documents you use to answer. Then format the answers into a list.
query: What are the existing reagent compounds ?
",17723.031552,17.723031552,qampari_128k,0.0,256,17.723031552
120192.0,test,Final Answer: ," ['Oksan Seowon', 'Seoak Seowon', 'Dosan Seowon', 'Byeongsan Seowon', 'Mukhamukham', 'Sosu Seowon', 'Baeundong Seowon']","['Byeongsan Seowon' 'Dosan Seowon' 'Oksan Seowon' 'Seoak Seowon'
 'Sosu Seowon']",17723.031552,120192.0,147.456,"====== Now let's start! ======
Based on the documents above, can you answer the following query? Print out the TITLE and ID of the documents you use to answer. Then format the answers into a list.
query: What are some of the notable seowons ?
",17723.031552,17.723031552,qampari_128k,0.0,256,17.723031552
120192.0,test,Final Answer: ," ['2018 Kunming Open – Men's Doubles', '2018 Stockton Challenger – Men's Singles', '2016 Open Città della Disfida – Singles', '2015 Wimbledon Championships – Boys' Singles', '2018 Senior Open Championship', '2017 Internationaux de Tennis de Vendée – Singles', '2016 King Cup Final', '2010 Senior Open Championship', '2017 Senior Open Championship', '2019 Senior Open Championship', '2015 King Cup Final', '2010 Aircel Chennai Open – Singles', '2011 U.S. Open Cup Final', '2018 BNP Paribas Primrose Bordeaux – Singles', '2018 JSM Challenger of Champaign–Urbana – Singles', '2016 Saudi Super Cup', '2015 Saudi Super Cup', '2014 Senior Open Championship', '2019 Senior Open Championship', '2017 Internationaux de Tennis de Vendée – Singles', '2018 Stockton Challenger – Men's Singles', '2018 BNP","[""2015 Wimbledon Championships – Boys' Singles""
 ""2016 Charlottesville Men's Pro Challenger – singles""
 '2018 BNP Paribas Primrose Bordeaux – singles'
 '2018 JSM Challenger of Champaign–Urbana – singles'
 '2018 Knoxville Challenger – singles']",17723.031552,120192.0,147.456,"====== Now let's start! ======
Based on the documents above, can you answer the following query? Print out the TITLE and ID of the documents you use to answer. Then format the answers into a list.
query: In which sports competition did Reilly Opelka emerge victorious?
",17723.031552,17.723031552,qampari_128k,0.0,256,17.723031552
120192.0,test,Final Answer: ," ['Ego Ferguson', 'Jeffrey William Kunkel', 'Jimmy McIlroy', 'Dewon Brazelton', 'Devin Marquese Bush Jr.', 'Pete Jacobs', 'Matti Lives in Finland', 'Noy Lives in Thailand', 'Miguel Ángel Russo', 'Paul Seaton', 'Reilly Opelka', 'James Dempsey', 'Will Sutton', 'Bryan Morris', 'Kevin Thomson', 'Dustin Lynch', 'Aled Jones', 'James D. Ebert', 'Ronald Eugene Rivera', 'Mick Walker', 'John Barton (footballer, born 1953)', 'John Pether', 'William Pether', 'John Toohey (judge)', 'Paul Smith (footballer, born 1979)', 'Kevin Kline', 'James D. Ebert', 'Miguel Ángel Russo', 'Paul Seaton', 'Reilly Opelka', 'James Dempsey', 'Will Sutton', 'Bryan Morris', 'Kevin Thomson', 'Dustin Lynch', 'Aled Jones', 'James D. Ebert', 'Ronald Eugene Rivera', 'Mick Walker', 'John Barton (footballer, born 1","['Christian Peter' 'Howard Barbieri' 'Jeff Kunkel' 'Knowshon Moreno'
 'Melanie McGuire']",17723.031552,120192.0,147.456,"====== Now let's start! ======
Based on the documents above, can you answer the following query? Print out the TITLE and ID of the documents you use to answer. Then format the answers into a list.
query: Who graduated from Middletown High School South?
",17723.031552,17.723031552,qampari_128k,0.0,256,17.723031552
120192.0,test,Final Answer: ," ['2010 MPS Group Championships – Doubles', '2015 Città di Caltanissetta – Singles', '2018 Knoxville Challenger – Singles', '2018 Launceston Tennis International – Men's Singles', '2018 BNP Paribas Primrose Bordeaux – Singles', '2016 Open Città della Disfida – Singles', '2019 King Cup Final', '2019 Senior Open Championship', '2018 Stockton Challenger – Men's Singles', '2017 Internationaux de Tennis de Vendée – Singles', '2018 Kunming Open – Men's Doubles', '2018 Senior Open Championship', '2016 Saudi Super Cup', '2015 King Cup Final', '2014 Senior Open Championship', '2017 Internationaux de Tennis de Vendée – Singles', '2018 Senior Open Championship', '2018 Senior Open Championship', '2018 Senior Open Championship', '2018 Senior Open Championship', '2018 Senior Open Championship', '2018 Senior Open Championship', '20","['2015 Città di Caltanissetta – singles'
 '2016 Open Città della Disfida – singles' '2016 Stockholm Open – doubles'
 '2017 Internationaux de Tennis de Vendée – singles'
 '2017 Internazionali di Tennis del Friuli Venezia Giulia – singles']",17723.031552,120192.0,147.456,"====== Now let's start! ======
Based on the documents above, can you answer the following query? Print out the TITLE and ID of the documents you use to answer. Then format the answers into a list.
query: What competition did Elias Ymer win?
",17723.031552,17.723031552,qampari_128k,0.0,256,17.723031552
120192.0,test,Final Answer: ," ['Shea Langeliers', 'Dewon Brazelton', 'Jordan Sheffield', 'Jeffrey Kunkel', 'Pete Jacobs', 'Dustin Lynch', 'Bryan Morris', 'Ego Ferguson', 'Devin Bush Jr.', 'Reilly Opelka', 'Lloyd Harris', 'Mick Walker', 'James D. Ebert', 'Ronald Eugene Rivera', 'Gustavo Alfaro', 'Michele Alboreto', 'John Barton (footballer, born 1953)', 'John Ordronaux (doctor)', 'James Dempsey (poker player)', 'Ron Noades', 'Mal Duncan', 'Miguel Ángel Russo', 'Perry DeAngelis', 'Paul Seaton', 'Paul Klee', 'Matti Lives in Finland', 'Noy Lives in Thailand', 'Northwestern Ojibwa', 'Lhasa Tibetan', 'Kanthal Tibetan', 'Amdo Tibetan', 'Khams Tibetan', 'Ladakhi language', 'Spotted Elk', 'St. Paul's Presbyterian Church (Hamilton, Ontario)', 'The Texas Chainsaw Massacre (2003 film)', 'The Lone Gunmen (TV series)', '","['Antonio London' 'Bryan Morris' 'Dewon Brazelton' 'Dustin Lynch'
 'Jordan Sheffield']",17723.031552,120192.0,147.456,"====== Now let's start! ======
Based on the documents above, can you answer the following query? Print out the TITLE and ID of the documents you use to answer. Then format the answers into a list.
query: Who are Tullahoma High School alumni?
",17723.031552,17.723031552,qampari_128k,0.0,256,17.723031552
120192.0,test,Final Answer: ," ['Ghost (1998 film)', 'The Sale (film)', 'The Bright Day', 'Conditional Release (film)', 'Murder at Monkey Hill', 'The Traces of Light', '2014 Senior Open Championship', '2015 King Cup Final', '2018 Senior Open Championship', '2019 Senior Open Championship', '2016 King Cup Final', '2010 MPS Group Championships – Doubles', '2018 Kunming Open – Men's Doubles', '2016 Open Città della Disfida – Singles', '2017 Internationaux de Tennis de Vendée – Singles', '2015 Wimbledon Championships – Boys' Singles', '2018 Stockton Challenger – Men's Singles', '2017 Internazionali di Tennis del Friuli Venezia Giulia – Singles', '2019 Burnie International – Men's Doubles', '2010 World Snooker Championship', '2004 World Snooker Championship', '2005 World Snooker Championship', '2002 World Snooker Championship', '2011 World Snooker","['Conditional release' 'Ghost' 'The Bright Day' 'The Sale'
 'The Traces of Light']",17723.031552,120192.0,147.456,"====== Now let's start! ======
Based on the documents above, can you answer the following query? Print out the TITLE and ID of the documents you use to answer. Then format the answers into a list.
query: For which motion picture was Hossein Shahabi responsible for production?
",17723.031552,17.723031552,qampari_128k,0.0,256,17.723031552
120192.0,test,Final Answer: ," ['Ego Ferguson', 'Devin Bush Jr.']",['Ego Ferguson' 'Jerry Janes' 'Ron Rivera' 'Roquan Smith' 'Will Sutton'],17723.031552,120192.0,147.456,"====== Now let's start! ======
Based on the documents above, can you answer the following query? Print out the TITLE and ID of the documents you use to answer. Then format the answers into a list.
query: What lineback was drafted by the Chicago Bears?
",17723.031552,17.723031552,qampari_128k,0.0,256,17.723031552
120192.0,test,Final Answer: ," ['Kanthirava Narasaraja II', 'Krishnaraja Wadiyar II', 'Krishnaraja Wadiyar III', 'Chamarajendra Wadiyar X']","['Chamarajendra Wadiyar X' 'Kanthirava Narasaraja I'
 'Kanthirava Narasaraja II' 'Krishnaraja Wadiyar II'
 'Krishnaraja Wadiyar III' 'Mir Ghulam Ali']",17723.031552,120192.0,147.456,"====== Now let's start! ======
Based on the documents above, can you answer the following query? Print out the TITLE and ID of the documents you use to answer. Then format the answers into a list.
query: Who habitated the Kingdom of Mysore?
",17723.031552,17.723031552,qampari_128k,0.0,256,17.723031552
120192.0,test,Final Answer: ," ['Gourdou-Leseurre GL.2', 'Gourdou-Leseurre GL-812 HY', 'Gourdou-Leseurre GL.30', 'Gourdou-Leseurre GL.50']","['Gourdou-Leseurre GL-812 HY' 'Gourdou-Leseurre GL-832 HY'
 'Gourdou-Leseurre GL.2' 'Gourdou-Leseurre GL.30' 'Gourdou-Leseurre GL.50']",17723.031552,120192.0,147.456,"====== Now let's start! ======
Based on the documents above, can you answer the following query? Print out the TITLE and ID of the documents you use to answer. Then format the answers into a list.
query: What is something that Gourdou-Leseurre produced?
",17723.031552,17.723031552,qampari_128k,0.0,256,17.723031552
120192.0,test,Final Answer: , ['Charles Eastman'],['Charles Eastman' 'Little Crow' 'Sitting Bull' 'Spotted Elk' 'Zitkala-Sa'],17723.031552,120192.0,147.456,"====== Now let's start! ======
Based on the documents above, can you answer the following query? Print out the TITLE and ID of the documents you use to answer. Then format the answers into a list.
query: Who spoke Sioux as their mother tongue?
",17723.031552,17.723031552,qampari_128k,0.0,256,17.723031552
120192.0,test,Final Answer: ," ['Chalnessa Eames', 'Connor Walsh', 'Simon Ball', 'Jun Shuang Huang', 'Chalnessa Eames']",['Amy Fote' 'Connor Walsh' 'Jun Shuang Huang' 'Simon Ball' 'Stanton Welch'],17723.031552,120192.0,147.456,"====== Now let's start! ======
Based on the documents above, can you answer the following query? Print out the TITLE and ID of the documents you use to answer. Then format the answers into a list.
query: Who is employed by the Houston Ballet?
",17723.031552,17.723031552,qampari_128k,0.0,256,17.723031552
120192.0,test,Final Answer: ," ['Carlos García Cambón', 'Gustavo Alfaro', 'Miguel Ángel Russo', 'Jerry C. Janes']","['Carlos García Cambón' 'Gustavo Alfaro' 'Jorge José Benítez'
 'Mario Fortunato' 'Miguel Ángel Russo']",17723.031552,120192.0,147.456,"====== Now let's start! ======
Based on the documents above, can you answer the following query? Print out the TITLE and ID of the documents you use to answer. Then format the answers into a list.
query: Who provided coaching for the Boca Juniors athletic team?
",17723.031552,17.723031552,qampari_128k,0.0,256,17.723031552
120192.0,test,Final Answer: ," ['After the Rain', 'Alice's Adventures in Wonderland', 'Carousel (A Dance)', 'La Vivandière or Markitenka', 'The Grandest Fleet', 'The Lone Gunmen', 'The Life Aquatic with Steve Zissou', 'The Spiderwick Chronicles', 'The Secret History of Vampires', 'The Blue Mountains Times', 'The Blue Mountains Advertiser', 'The Mountaineer (Katoomba)', 'The Blackheath Bulletin', 'The Blue Mountains Echo', 'The Blue Mountains Times', 'The Blue Mountains Advertiser', 'The Blue Mountains Times', 'The Blue Mountains Advertiser', 'The Blue Mountains Times', 'The Blue Mountains Advertiser', 'The Blue Mountains Times', 'The Blue Mountains Advertiser', 'The Blue Mountains Times', 'The Blue Mountains Advertiser', 'The Blue Mountains Times', 'The Blue Mountains Advertiser', 'The Blue Mountains Times', 'The Blue Mountains Advertiser', 'The Blue Mountains Times', 'The Blue Mountains Advertiser', 'The Blue Mountains Times', 'The Blue Mountains Advertiser', 'The Blue Mountains Times', 'The Blue Mountains Advertiser', 'The Blue Mountains Times', 'The Blue Mountains Advertiser', 'The Blue Mountains Times', 'The Blue Mountains Ad","['After the Rain' ""Alice's Adventures in Wonderland""
 'An American in Paris' 'Carousel' 'Liturgy']",17723.031552,120192.0,147.456,"====== Now let's start! ======
Based on the documents above, can you answer the following query? Print out the TITLE and ID of the documents you use to answer. Then format the answers into a list.
query: Which ballet features dances were choreographed by Christopher Wheeldon?
",17723.031552,17.723031552,qampari_128k,0.0,256,17.723031552
120192.0,test,Final Answer: ," ['Lolinato To-ong', 'Domingo Deluana', 'Tomas Campo Jr.', 'Herminigildo Yurong', 'Custodio Parcon']","['Custodio Parcon' 'Domingo Deluana' 'Herminigildo Yurong'
 'Lolinato To-ong' 'Tomas Campo Jr.']",17723.031552,120192.0,147.456,"====== Now let's start! ======
Based on the documents above, can you answer the following query? Print out the TITLE and ID of the documents you use to answer. Then format the answers into a list.
query: What famous person was remembered for serving in the Philippine Marine corps?
",17723.031552,17.723031552,qampari_128k,0.0,256,17.723031552
120192.0,test,Final Answer: ," ['Asterix and the Chieftain's Shield', 'Asterix and the Great Crossing', 'Asterix and the Secret of the Magic Sword', 'Asterix and the Lost Village', 'Asterix and the Golden Sickle', 'Asterix and the Great Crossing', 'Asterix and the Secret of the Magic Sword', 'Asterix and the Lost Village', 'Asterix and the Golden Sickle', 'Asterix and the Great Crossing', 'Asterix and the Secret of the Magic Sword', 'Asterix and the Lost Village', 'Asterix and the Golden Sickle']","['Asterix and Cleopatra' ""Asterix and the Chieftain's Shield""
 'Asterix and the Great Crossing' 'Asterix in Belgium' 'Obelix and Co.']",17723.031552,120192.0,147.456,"====== Now let's start! ======
Based on the documents above, can you answer the following query? Print out the TITLE and ID of the documents you use to answer. Then format the answers into a list.
query: Albert Uderzo illustrated what comic?
",17723.031552,17.723031552,qampari_128k,0.0,256,17.723031552
120192.0,test,Final Answer: , ['Better Call Saul'],"['Battle Creek' 'Better Call Saul' 'Breaking Bad' 'The Lone Gunmen'
 'The X-Files']",17723.031552,120192.0,147.456,"====== Now let's start! ======
Based on the documents above, can you answer the following query? Print out the TITLE and ID of the documents you use to answer. Then format the answers into a list.
query: Vince Gilligan was the executive producer of what television program?
",17723.031552,17.723031552,qampari_128k,0.0,256,17.723031552
120192.0,test,Final Answer: ," ['Vlastimil Dlab', 'Petr Vopěnka', 'Zdeněk Frolík']","['Ivo Babuška' 'Petr Vopěnka' 'Vlastimil Dlab' 'Věra Trnková'
 'Zdeněk Frolík']",17723.031552,120192.0,147.456,"====== Now let's start! ======
Based on the documents above, can you answer the following query? Print out the TITLE and ID of the documents you use to answer. Then format the answers into a list.
query: Eduard Čech was the doctoral advisor to whom?
",17723.031552,17.723031552,qampari_128k,0.0,256,17.723031552
120192.0,test,Final Answer: ," ['MS Pride of Dover', 'MS Pride of Calais', 'MS European Seaway', 'MS Spirit of France']","['MS European Seaway' 'MS Pride of Burgundy' 'MS Pride of Calais'
 'MS Pride of Dover' 'MS Spirit of France']",17723.031552,120192.0,147.456,"====== Now let's start! ======
Based on the documents above, can you answer the following query? Print out the TITLE and ID of the documents you use to answer. Then format the answers into a list.
query: Which vessels had a home port of Dover?
",17723.031552,17.723031552,qampari_128k,0.0,256,17.723031552
120192.0,test,Final Answer: , ['Helium'],['argon' 'helium' 'krypton' 'neon' 'xenon'],17723.031552,120192.0,147.456,"====== Now let's start! ======
Based on the documents above, can you answer the following query? Print out the TITLE and ID of the documents you use to answer. Then format the answers into a list.
query: What did WIlliam Ramsey discover?
",17723.031552,17.723031552,qampari_128k,0.0,256,17.723031552
120192.0,test,Final Answer: ," ['Elmendorf Christian Community', 'Owa Hutterite Colony', 'Schmiedeleut', 'Dora Milaje', 'Hutterite Colony', 'Hutterite', 'Hutterite Colony', 'Hutterite', 'Hutterite Colony', 'Hutterite', 'Hutterite Colony', 'Hutterite', 'Hutterite Colony', 'Hutterite', 'Hutterite Colony', 'Hutterite', 'Hutterite Colony', 'Hutterite', 'Hutterite Colony', 'Hutterite', 'Hutterite Colony', 'Hutterite', 'Hutterite Colony', 'Hutterite', 'Hutterite Colony', 'Hutterite', 'Hutterite Colony', 'Hutterite', 'Hutterite Colony', 'Hutterite', 'Hutterite Colony', 'Hutterite', 'Hutterite Colony', 'Hutterite', 'Hutterite Colony', 'Hutterite', 'Hutterite Colony', 'Hutterite', 'Hutterite Colony', 'Hutterite', 'Hutterite Colony', 'Hutterite', 'Hutterite Colony', 'Hutterite', 'Hutterite Colony', '","['Detention River Christian Community' 'Elmendorf Christian Community'
 'Milltown Hutterite Colony' 'Owa Hutterite Colony' 'Schmiedeleut']",17723.031552,120192.0,147.456,"====== Now let's start! ======
Based on the documents above, can you answer the following query? Print out the TITLE and ID of the documents you use to answer. Then format the answers into a list.
query: What group or person identifies itself as Hutterite?
",17723.031552,17.723031552,qampari_128k,0.0,256,17.723031552
120192.0,test,Final Answer: ," ['Amy Fote', 'Perry DeAngelis', 'Paul Seaton', 'Matti Lives in Finland', 'Noy Lives in Thailand', 'Teri Greeves', 'Miguel Ángel Russo', 'Paul Klee', 'Walter Kaufmann', 'Josef Šnejdárek', 'Zdeněk Frolík', 'Ray Still', 'Sylvia M. Smith', 'Dewon Brazelton', 'P. J. Brown', 'Howard Barbieri', 'Miguel Ángel Russo', 'Miguel Ángel Russo', 'Miguel Ángel Russo', 'Miguel Ángel Russo', 'Miguel Ángel Russo', 'Miguel Ángel Russo', 'Miguel Ángel Russo', 'Miguel Ángel Russo', 'Miguel Ángel Russo', 'Miguel Ángel Russo', 'Miguel Ángel Russo', 'Miguel Ángel Russo', 'Miguel Ángel Russo', 'Miguel Ángel Russo', 'Miguel Ángel Russo', 'Miguel Ángel Russo', 'Mig",['Alice Lon' 'Elena Jahn' 'Paul Klee' 'Perry DeAngelis' 'Will Sampson'],17723.031552,120192.0,147.456,"====== Now let's start! ======
Based on the documents above, can you answer the following query? Print out the TITLE and ID of the documents you use to answer. Then format the answers into a list.
query: Whose cause of death was scleroderma?
",17723.031552,17.723031552,qampari_128k,0.0,256,17.723031552
120192.0,test,Final Answer: ," ['2004 World Snooker Championship', '2005 World Snooker Championship', '2008 World Snooker Championship', '2010 World Snooker Championship', '2011 World Snooker Championship', '2012 World Snooker Championship', '2013 World Snooker Championship', '2014 World Snooker Championship', '2015 World Snooker Championship', '2016 World Snooker Championship', '2017 World Snooker Championship', '2018 World Snooker Championship', '2019 World Snooker Championship', '2020 World Snooker Championship', '2021 World Snooker Championship', '2022 World Snooker Championship', '2023 World Snooker Championship', '2024 World Snooker Championship']","[""2008 Pilot Pen Tennis – Men's Singles"" '2009 Chennai Open – singles'
 '2010 Aircel Chennai Open – singles' '2010 PBZ Zagreb Indoors – singles'
 '2011 St. Petersburg Open – singles']",17723.031552,120192.0,147.456,"====== Now let's start! ======
Based on the documents above, can you answer the following query? Print out the TITLE and ID of the documents you use to answer. Then format the answers into a list.
query: Marin Čilić was the victor of which competition?
",17723.031552,17.723031552,qampari_128k,0.0,256,17.723031552
120192.0,test,Final Answer: ," ['Mukund Lal Agrawal', 'Virendra Singh', 'Agys Ramsaran Verma']","['Agys Ramsaran Verma' 'Lokendra Singh' 'Mithlesh Kumar'
 'Mukund Lal Agrawal' 'Virendra Singh']",17723.031552,120192.0,147.456,"====== Now let's start! ======
Based on the documents above, can you answer the following query? Print out the TITLE and ID of the documents you use to answer. Then format the answers into a list.
query: Who is a former student from Bareilly College?
",17723.031552,17.723031552,qampari_128k,0.0,256,17.723031552
120192.0,test,Final Answer: ," ['Breakfast', 'Rush TV', 'Y Speak']",['Breakfast' 'Rush TV' 'Us Girls' 'Wazzup Wazzup' 'Y Speak'],17723.031552,120192.0,147.456,"====== Now let's start! ======
Based on the documents above, can you answer the following query? Print out the TITLE and ID of the documents you use to answer. Then format the answers into a list.
query: What TV show originally was broadcast by Studio 23?
",17723.031552,17.723031552,qampari_128k,0.0,256,17.723031552
120192.0,test,Final Answer: ," ['Eleanor Coade', 'William Pether', 'John Toohey (judge)']","['Edward Kennion' 'Eleanor Coade' 'Theodora Cowan' 'William Pether'
 'William Wynne Ryland']",17723.031552,120192.0,147.456,"====== Now let's start! ======
Based on the documents above, can you answer the following query? Print out the TITLE and ID of the documents you use to answer. Then format the answers into a list.
query: The Society of Artists has which person as a member?
",17723.031552,17.723031552,qampari_128k,0.0,256,17.723031552
120192.0,test,Final Answer: ," ['Suddha', 'Mukhamukham', 'Nadu Naduve', 'Oraampa', 'Oru Pennum Randaanum']",['Nirel' 'Oriyardori Asal' 'Rang' 'Sompa' 'Suddha'],17723.031552,120192.0,147.456,"====== Now let's start! ======
Based on the documents above, can you answer the following query? Print out the TITLE and ID of the documents you use to answer. Then format the answers into a list.
query: Which movie originally had dialogue spoken in Tulu?
",17723.031552,17.723031552,qampari_128k,0.0,256,17.723031552
120192.0,test,Final Answer: ," ['Conor Oberst and the Mystic Valley Band', 'Bright Eyes']","['Bright Eyes' 'Conor Oberst and the Mystic Valley Band' 'Desaparecidos'
 'Monsters of Folk' 'Park Ave.']",17723.031552,120192.0,147.456,"====== Now let's start! ======
Based on the documents above, can you answer the following query? Print out the TITLE and ID of the documents you use to answer. Then format the answers into a list.
query: Conor Oberst is part of what musical group?
",17723.031552,17.723031552,qampari_128k,0.0,256,17.723031552
120192.0,test,Final Answer: ," ['2016 King Cup Final', '2015 King Cup Final']","['1998 Asian Super Cup' '2015 King Cup Final' '2015 Saudi Super Cup'
 '2016 King Cup Final' '2017–18 Saudi Professional League']",17723.031552,120192.0,147.456,"====== Now let's start! ======
Based on the documents above, can you answer the following query? Print out the TITLE and ID of the documents you use to answer. Then format the answers into a list.
query: Which contests did Al-Nassr take part in?
",17723.031552,17.723031552,qampari_128k,0.0,256,17.723031552
120192.0,test,Final Answer: ," ['Baojun 510', 'Baojun 530', 'Baojun 630', 'Baojun 730']",['Baojun 510' 'Baojun 530' 'Baojun 630' 'Baojun 730' 'Baojun E300'],17723.031552,120192.0,147.456,"====== Now let's start! ======
Based on the documents above, can you answer the following query? Print out the TITLE and ID of the documents you use to answer. Then format the answers into a list.
query: What car does the brand Baojun produce?
",17723.031552,17.723031552,qampari_128k,0.0,256,17.723031552
120192.0,test,Final Answer: ," ['John Barton (footballer, born 1953)', 'Harold Nicholas', 'Jimmy Cringan', 'Gordon Smith', 'John Toohey (judge)']",['Bobby Hope' 'Harold Bodle' 'John Barton' 'Kevin Poole' 'Mick Walker'],17723.031552,120192.0,147.456,"====== Now let's start! ======
Based on the documents above, can you answer the following query? Print out the TITLE and ID of the documents you use to answer. Then format the answers into a list.
query: What person was in charge of Burton Albion F.C.?
",17723.031552,17.723031552,qampari_128k,0.0,256,17.723031552
120192.0,test,Final Answer: ," ['330 West 42nd Street', 'Palladium House', 'St. Mary at Stoke', 'St. Paul's Presbyterian Church (Hamilton, Ontario)', 'The Ocean Forest Hotel', 'The Blue Mountains Advertiser', 'The Blue Mountains Times', 'The Mountaineer (Katoomba)', 'The Blackheath Bulletin', 'The Blue Mountain Echo']","['330 West 42nd Street' 'Ideal House' 'Ocean Forest Hotel'
 'Rockefeller Center' 'Scranton Cultural Center']",17723.031552,120192.0,147.456,"====== Now let's start! ======
Based on the documents above, can you answer the following query? Print out the TITLE and ID of the documents you use to answer. Then format the answers into a list.
query: Which architectural structure did Raymond Hood design?
",17723.031552,17.723031552,qampari_128k,0.0,256,17.723031552
120192.0,test,Final Answer: ," ['Coppélia', 'The Little Humpbacked Horse', 'La source (Saint-Léon)', 'La Vivandière or Markitenka', 'Carousel (ballet)', 'A Girl Worth Fighting For', 'The Blue Mountains Advertiser', 'The Blue Mountains Times', 'The Mountaineer (Katoomba)', 'The Blackheath Bulletin', 'The Blue Mountain Echo', 'The Blue Mountains Times', 'The Blue Mountains Advertiser', 'The Blue Mountains Times', 'The Blue Mountains Times', 'The Blue Mountains Times', 'The Blue Mountains Times', 'The Blue Mountains Times', 'The Blue Mountains Times', 'The Blue Mountains Times', 'The Blue Mountains Times', 'The Blue Mountains Times', 'The Blue Mountains Times', 'The Blue Mountains Times', 'The Blue Mountains Times', 'The Blue Mountains Times', 'The Blue Mountains Times', 'The Blue Mountains Times', 'The Blue Mountains Times', 'The Blue Mountains Times', 'The Blue Mountains Times', 'The Blue Mountains Times', 'The Blue Mountains Times', 'The Blue Mountains Times', 'The Blue Mountains Times', 'The Blue Mountains Times', 'The Blue Mountains Times', 'The Blue Mountains Times', 'The Blue Mountains Times', 'The Blue Mountains","['Coppélia' 'La Vivandière or Markitenka' 'La source' 'Pâquerette'
 'The Little Humpbacked Horse']",17723.031552,120192.0,147.456,"====== Now let's start! ======
Based on the documents above, can you answer the following query? Print out the TITLE and ID of the documents you use to answer. Then format the answers into a list.
query: Arthur Saint-Léon choreographed what kind of dance?
",17723.031552,17.723031552,qampari_128k,0.0,256,17.723031552
120192.0,test,Final Answer: ," ['Central Tibetan', 'Khams Tibetan', 'Lhasa Tibetan', 'Amdo Tibetan']",['Amdo Tibetan' 'Central Tibetan' 'Khams Tibetan' 'Ladakhi' 'Tibetan'],17723.031552,120192.0,147.456,"====== Now let's start! ======
Based on the documents above, can you answer the following query? Print out the TITLE and ID of the documents you use to answer. Then format the answers into a list.
query: Which language is native to Tibet?
",17723.031552,17.723031552,qampari_128k,0.0,256,17.723031552
120192.0,test,Final Answer: ," ['Wide Awake Club', 'Wacaday', 'Hey Hey it's Saturday!', 'The Blackheath Bulletin']","['Good Morning Britain' ""Hey, Hey, It's Saturday!"" 'The Shoe People'
 'Wacaday' 'Wide Awake Club']",17723.031552,120192.0,147.456,"====== Now let's start! ======
Based on the documents above, can you answer the following query? Print out the TITLE and ID of the documents you use to answer. Then format the answers into a list.
query: What TV show was originally on TV-AM?
",17723.031552,17.723031552,qampari_128k,0.0,256,17.723031552
120192.0,test,Final Answer: ," ['Sunnah Dam Gold Mine', 'Sunrise Dam Gold Mine', 'Geita Gold Mine', 'Sadiola Gold Mine', 'Mponeng Gold Mine', 'Morila Gold Mine']","['Geita Gold Mine' 'Sadiola Gold Mine' 'Sunrise Dam Gold Mine'
 'TauTona Mine' 'Yatela Mine']",17723.031552,120192.0,147.456,"====== Now let's start! ======
Based on the documents above, can you answer the following query? Print out the TITLE and ID of the documents you use to answer. Then format the answers into a list.
query: Which facility does AngloGold Ashanti own?
",17723.031552,17.723031552,qampari_128k,0.0,256,17.723031552
120192.0,test,Final Answer: ," ['Gourdou-Leseurre GL.2', 'Gourdou-Leseurre GL-812 HY', 'Gourdou-Leseurre GL.50', 'Gourdou-Leseurre GL.30', 'Titan', 'Gourdou-Leseurre GL-832 HY']",['Auguste Piccard' 'Ben Franklin' 'F.-A. Forel' 'Goliath' 'Titan'],17723.031552,120192.0,147.456,"====== Now let's start! ======
Based on the documents above, can you answer the following query? Print out the TITLE and ID of the documents you use to answer. Then format the answers into a list.
query: What items did Giovanola produce?
",17723.031552,17.723031552,qampari_128k,0.0,256,17.723031552
120192.0,test,Final Answer: ," ['Neil Murray', 'Neil Murray', 'Neil Murray', 'Neil Murray', 'Neil Murray', 'Neil Murray', 'Neil Murray', 'Neil Murray', 'Neil Murray', 'Neil Murray', 'Neil Murray', 'Neil Murray', 'Neil Murray', 'Neil Murray', 'Neil Murray', 'Neil Murray', 'Neil Murray', 'Neil Murray', 'Neil Murray', 'Neil Murray', 'Neil Murray', 'Neil Murray', 'Neil Murray', 'Neil Murray', 'Neil Murray', 'Neil Murray', 'Neil Murray', 'Neil Murray', 'Neil Murray', 'Neil Murray', 'Neil Murray', 'Neil Murray', 'Neil Murray', 'Neil Murray', 'Neil Murray', 'Neil Murray', 'Neil Murray', 'Neil Murray', 'Neil Murray', 'Neil Murray', 'Neil Murray', 'Neil Murray', 'Neil Murray', 'Neil Murray', 'Neil Murray', 'Neil Murray', 'Neil Murray', 'Neil Murray', 'Neil Murray', 'Neil Murray', 'Neil Murray', 'Neil Murray', 'Neil Murray', 'Neil Murray', 'Neil Murray', 'Neil Murray', 'Neil Murray', 'Neil Murray', 'Neil Murray', 'Neil Murray', 'Neil Murray', 'Neil Murray', 'Neil Murray', 'Neil Murray',","['Adam Wakeman' 'Geoff Nicholls' 'Neil Murray' 'Tony Martin'
 'Vinny Appice']",17723.031552,120192.0,147.456,"====== Now let's start! ======
Based on the documents above, can you answer the following query? Print out the TITLE and ID of the documents you use to answer. Then format the answers into a list.
query: Black Sabbath had who as a member?
",17723.031552,17.723031552,qampari_128k,0.0,256,17.723031552
120192.0,test,Final Answer: , ['The Great Escape (film)'],"['633 Squadron' 'The Great Escape' 'The Satan Bug' 'To Sir, with Love'
 'Walk Like a Dragon']",17723.031552,120192.0,147.456,"====== Now let's start! ======
Based on the documents above, can you answer the following query? Print out the TITLE and ID of the documents you use to answer. Then format the answers into a list.
query: James Clavell was screenwriter for what movie?
",17723.031552,17.723031552,qampari_128k,0.0,256,17.723031552
120192.0,test,Final Answer: ," ['Rival Schools', 'Dead Heavens', 'Quicksand (American band)']","['Bad Astronaut' ""Joey Cape's Bad Loud"" 'Lagwagon'
 'Me First and the Gimme Gimmes' 'The Playing Favorites']",17723.031552,120192.0,147.456,"====== Now let's start! ======
Based on the documents above, can you answer the following query? Print out the TITLE and ID of the documents you use to answer. Then format the answers into a list.
query: Joey Cape is part of what musical group?
",17723.031552,17.723031552,qampari_128k,0.0,256,17.723031552
120192.0,test,Final Answer: ," ['Wilson Island', 'Tyler Island', 'Blaine Island', 'Boulder River Wilderness', 'Bransfield Island']","['Blaine Island' 'Magic Island' 'Scotts Island' 'Tyler Island'
 'Wilson Island (West Virginia)']",17723.031552,120192.0,147.456,"====== Now let's start! ======
Based on the documents above, can you answer the following query? Print out the TITLE and ID of the documents you use to answer. Then format the answers into a list.
query: What geographic entity is next to Kanawha River?
",17723.031552,17.723031552,qampari_128k,0.0,256,17.723031552
120192.0,test,Final Answer: , ['Jimmy Cringan'],"['Arthur Mann' 'George Kerr' 'Jimmy Cringan' ""Ray O'Brien"" 'Rob Scott']",17723.031552,120192.0,147.456,"====== Now let's start! ======
Based on the documents above, can you answer the following query? Print out the TITLE and ID of the documents you use to answer. Then format the answers into a list.
query: Who was the coach of Boston United FC?
",17723.031552,17.723031552,qampari_128k,0.0,256,17.723031552
120192.0,test,Final Answer: ," ['David S. Ward', 'John Paul Jones', 'David Hawley', 'Richard Petty', 'Jerry C. Janes', 'David S. Blitzer', 'Miguel Ángel Russo', 'Frank James', 'David S. Blitzer', 'John Paul Jones', 'David Hawley', 'Richard Petty', 'Jerry C. Janes', 'Miguel Ángel Russo', 'Frank James']","['Colton Greene' 'David Rice Atchison' 'Frank James' 'M. Jeff Thompson'
 'Sterling Price']",17723.031552,120192.0,147.456,"====== Now let's start! ======
Based on the documents above, can you answer the following query? Print out the TITLE and ID of the documents you use to answer. Then format the answers into a list.
query: Who is within the Missouri State Guard?
",17723.031552,17.723031552,qampari_128k,0.0,256,17.723031552
120192.0,test,Final Answer: ," ['Three Tales of Horror', 'The Secret History of Vampires', 'The Traces of Light', 'Sleep No More', 'Worse Things Waiting', 'Another Round at the Spaceport Bar', 'Dead Heavens', 'The Blackheath Bulletin', 'The Hound of Florence', 'The Story About Ping', 'A Girl Worth Fighting For', 'The Lone Gunmen', 'The Grandest Fleet', 'The Life Aquatic with Steve Zissou', 'The Producers', 'The Secret History of Vampires', 'The Secret History of Vampires', 'The Secret History of Vampires', 'The Secret History of Vampires', 'The Secret History of Vampires', 'The Secret History of Vampires', 'The Secret History of Vampires', 'The Secret History of Vampires', 'The Secret History of Vampires', 'The Secret History of Vampires', 'The Secret History of Vampires', 'The Secret History of Vampires', 'The Secret History of Vampires', 'The Secret History of Vampires', 'The Secret History of Vampires', 'The Secret History of Vampires', 'The Secret History of Vampires',","['Death Stalks the Night' 'Sleep No More' 'Three Tales of Horror'
 'Who Knocks?' 'Worse Things Waiting']",17723.031552,120192.0,147.456,"====== Now let's start! ======
Based on the documents above, can you answer the following query? Print out the TITLE and ID of the documents you use to answer. Then format the answers into a list.
query: What piece of literature featured illustrations by Lee Brown Coye?
",17723.031552,17.723031552,qampari_128k,0.0,256,17.723031552
120192.0,test,Final Answer: ," ['Snow White, Blood Red', 'Black Thorn, White Rose', 'Ruby Slippers, Golden Tears', 'The Best Horror of the Year', 'The Best Fantasy of the Year']","['Black Thorn, White Rose' 'Ruby Slippers, Golden Tears'
 'Salon Fantastique' 'Snow White, Blood Red'
 ""Year's Best Fantasy and Horror""]",17723.031552,120192.0,147.456,"====== Now let's start! ======
Based on the documents above, can you answer the following query? Print out the TITLE and ID of the documents you use to answer. Then format the answers into a list.
query: Which work of literature did Terri Windling edit?
",17723.031552,17.723031552,qampari_128k,0.0,256,17.723031552
120192.0,test,Final Answer: ," ['Mohawk', 'Ojibwe', 'Ojibwa', 'Ojibwa', 'Ojibwa', 'Ojibwa', 'Ojibwa', 'Ojibwa', 'Ojibwa', 'Ojibwa', 'Ojibwa', 'Ojibwa', 'Ojibwa', 'Ojibwa', 'Ojibwa', 'Ojibwa', 'Ojibwa', 'Ojibwa', 'Ojibwa', 'Ojibwa', 'Ojibwa', 'Ojibwa', 'Ojibwa', 'Ojibwa', 'Ojibwa', 'Ojibwa', 'Ojibwa', 'Ojibwa', 'Ojibwa', 'Ojibwa', 'Ojibwa', 'Ojibwa', 'Ojibwa', 'Ojibwa', 'Ojibwa', 'Ojibwa', 'Ojibwa', 'Ojibwa', 'Ojibwa', 'Ojibwa', 'Ojibwa', 'Ojibwa', 'Ojibwa',",['Central Ojibwa' 'Eastern Ojibwa' 'Mohawk' 'Northwestern Ojibwa' 'Oneida'],17723.031552,120192.0,147.456,"====== Now let's start! ======
Based on the documents above, can you answer the following query? Print out the TITLE and ID of the documents you use to answer. Then format the answers into a list.
query: What is Ontario's native language ?
",17723.031552,17.723031552,qampari_128k,0.0,256,17.723031552
120192.0,test,Final Answer: ," ['State Road 874', 'State Road 878', 'Florida State Road 924']","['Florida State Road 112' 'Florida State Road 836'
 'Florida State Road 874' 'Florida State Road 878'
 'Florida State Road 924']",17723.031552,120192.0,147.456,"====== Now let's start! ======
Based on the documents above, can you answer the following query? Print out the TITLE and ID of the documents you use to answer. Then format the answers into a list.
query: What structures does the Miami-Dade Expressway Authority keep in good working condition?
",17723.031552,17.723031552,qampari_128k,0.0,256,17.723031552
120192.0,test,Final Answer: ," ['LeGore Lake', 'Aneroid Lake', 'Bonny Lakes', 'Dollar Lake', 'Roger Lake', 'Tyler Island', 'Roger Lake', 'Tyler Island']",['Aneroid Lake' 'Bonny Lakes' 'Dollar Lake' 'Legore Lake' 'Roger Lake'],17723.031552,120192.0,147.456,"====== Now let's start! ======
Based on the documents above, can you answer the following query? Print out the TITLE and ID of the documents you use to answer. Then format the answers into a list.
query: Which landform is located in the protected area Eagle Cap Wilderness?
",17723.031552,17.723031552,qampari_128k,0.0,256,17.723031552
120192.0,test,Final Answer: ," ['Reflection', 'Beautiful Disaster', 'Honor to Us All', 'You Walk So Softly', 'A Girl Worth Fighting For']","['A Girl Worth Fighting For' 'Beautiful Disaster' 'Break My Stride'
 'Honor to Us All' 'Mulan' 'Reflection']",17723.031552,120192.0,147.456,"====== Now let's start! ======
Based on the documents above, can you answer the following query? Print out the TITLE and ID of the documents you use to answer. Then format the answers into a list.
query: What tracks did Matthew Wilder compose?
",17723.031552,17.723031552,qampari_128k,0.0,256,17.723031552
120192.0,test,Final Answer: ," ['Bee and PuppyCat', 'Full Screen Mario', 'The Perfect General', 'The Secret History of Vampires', 'The Walking Concert', 'Wacaday']","['Bee and PuppyCat' 'Castlevania' 'My Life as a Teenage Robot'
 'Oh Yeah! Cartoons' 'Random! Cartoons']",17723.031552,120192.0,147.456,"====== Now let's start! ======
Based on the documents above, can you answer the following query? Print out the TITLE and ID of the documents you use to answer. Then format the answers into a list.
query: What TV show did Frederator Studios produce?
",17723.031552,17.723031552,qampari_128k,0.0,256,17.723031552
120192.0,test,Final Answer: ," ['Dustin Lynch', 'Eli Manning', 'Mason Rudolph', 'Sterling Sharp', 'Joshua Dobbs', 'Drew Brees', 'Drew Brees', 'Drew Brees', 'Drew Brees', 'Drew Brees', 'Drew Brees', 'Drew Brees', 'Drew Brees', 'Drew Brees', 'Drew Brees', 'Drew Brees', 'Drew Brees', 'Drew Brees', 'Drew Brees', 'Drew Brees', 'Drew Brees', 'Drew Brees', 'Drew Brees', 'Drew Brees', 'Drew Brees', 'Drew Brees', 'Drew Brees', 'Drew Brees', 'Drew Brees', 'Drew Brees', 'Drew Brees', 'Drew Brees', 'Drew Brees', 'Drew Brees', 'Drew Brees', 'Drew Brees', 'Drew Brees', 'Drew Brees', 'Drew Brees', 'Drew Brees', 'Drew Brees', 'Drew Brees', 'Drew Brees', '","['Curtis Brown' 'David Paulson' 'Devin Bush Jr.' 'Joshua Dobbs'
 'Mason Rudolph']",17723.031552,120192.0,147.456,"====== Now let's start! ======
Based on the documents above, can you answer the following query? Print out the TITLE and ID of the documents you use to answer. Then format the answers into a list.
query: The Pittsburgh Steelers drafted whom?
",17723.031552,17.723031552,qampari_128k,0.0,256,17.723031552
120192.0,test,Final Answer: , ['The Doctor (Doctor Who)'],['Rassilon' 'Romana' 'Susan Foreman' 'The Doctor' 'The Master'],17723.031552,120192.0,147.456,"====== Now let's start! ======
Based on the documents above, can you answer the following query? Print out the TITLE and ID of the documents you use to answer. Then format the answers into a list.
query: Which character's native language was Gallifreyan?
",17723.031552,17.723031552,qampari_128k,0.0,256,17.723031552
120192.0,test,Final Answer: ," ['John Martin Stapleton', 'John Leslie Toohey', 'Michael Hudson McHugh', 'Sir William Patrick Deane', 'Henry Simon Mazer', 'Vladimir Katetov', 'Petr Vopěnka', 'Zdeněk Frolík', 'Gustav Mahler', 'Miroslav Katetov', 'Eduard Čech', 'Alfred Mann', 'Gustav Becking', 'Paul Nettl', 'Franz Schreker', 'Curt Sachs', 'Bruno Walter', 'Walter Kaufmann', 'Miroslav Katetov', 'Eduard Čech', 'Petr Vopěnka', 'Zdeněk Frolík', 'Gustav Mahler', 'Miroslav Katetov', 'Eduard Čech', 'Alfred Mann', 'Gustav Becking', 'Paul Nettl', 'Franz Schreker', 'Curt Sachs', 'Bruno Walter', 'Walter Kaufmann']","['Frank Kitto' 'John Toohey' 'Michael McHugh' 'Patrick Keane'
 'William Deane']",17723.031552,120192.0,147.456,"====== Now let's start! ======
Based on the documents above, can you answer the following query? Print out the TITLE and ID of the documents you use to answer. Then format the answers into a list.
query: Who served on the High Court of Australia as a Justice?
",17723.031552,17.723031552,qampari_128k,0.0,256,17.723031552
120192.0,test,Final Answer: , ['Jim Zub'],['Dan Panosian' 'Jim Zub' 'Marc Silvestri' 'Riley Rossmo' 'Sam Liu'],17723.031552,120192.0,147.456,"====== Now let's start! ======
Based on the documents above, can you answer the following query? Print out the TITLE and ID of the documents you use to answer. Then format the answers into a list.
query: Who is employed by Image Comics?
",17723.031552,17.723031552,qampari_128k,0.0,256,17.723031552
120192.0,test,Final Answer: ," ['Aattakatha (1987 film)', 'Visa (film)', 'Mathilukal (film)', 'Paavam Poornima', 'Kodiyettam', 'Oru Pennum Randaanum', 'Thakilu Kottampuram', 'Paavam Poornima', 'Onnum Mindatha Bharya']","['Aattakatha' 'Onnum Mindatha Bharya' 'Paavam Poornima'
 'Thakilu Kottampuram' 'Visa']",17723.031552,120192.0,147.456,"====== Now let's start! ======
Based on the documents above, can you answer the following query? Print out the TITLE and ID of the documents you use to answer. Then format the answers into a list.
query: What movie did Balu Kiriyath screenwrite for?
",17723.031552,17.723031552,qampari_128k,0.0,256,17.723031552
120192.0,test,Final Answer: ," ['St. Michael's Cathedral Basilica (Toronto)', 'Old City Hall (Guelph)', '330 West 42nd Street', 'Chadron Public Library', 'Franklin County Courthouse (Nebraska)', 'St. Paul's Presbyterian Church (Hamilton, Ontario)', 'The Blue Mountains Advertiser', 'The Blue Mountains Times', 'The Mountaineer (Katoomba)']","[""Brock's Monument"" 'Old City Hall'
 ""St Matthew's Church, Duddeston and Nechells"" ""St. Michael's Cathedral""
 ""St. Paul's Presbyterian Church""]",17723.031552,120192.0,147.456,"====== Now let's start! ======
Based on the documents above, can you answer the following query? Print out the TITLE and ID of the documents you use to answer. Then format the answers into a list.
query: What buildings did William Thomas design?
",17723.031552,17.723031552,qampari_128k,0.0,256,17.723031552
120192.0,test,Final Answer: ," ['2004 World Snooker Championship', '2005 World Snooker Championship', '2006 World Snooker Championship', '2008 World Snooker Championship', '2010 World Snooker Championship', '2011 World Snooker Championship', '2012 World Snooker Championship', '2013 World Snooker Championship', '2014 World Snooker Championship', '2015 World Snooker Championship', '2016 World Snooker Championship', '2017 World Snooker Championship', '2018 World Snooker Championship', '2019 World Snooker Championship']","['1982 World Snooker Championship' '2002 World Snooker Championship'
 '2003 World Snooker Championship' '2004 World Snooker Championship'
 '2005 World Snooker Championship']",17723.031552,120192.0,147.456,"====== Now let's start! ======
Based on the documents above, can you answer the following query? Print out the TITLE and ID of the documents you use to answer. Then format the answers into a list.
query: Embassy sponsored what competition?
",17723.031552,17.723031552,qampari_128k,0.0,256,17.723031552
120192.0,test,Final Answer: , ['Italian aircraft carrier Cavour'],"['Italian aircraft carrier Cavour'
 'Italian aircraft carrier Giuseppe Garibaldi'
 'Italian battleship Littorio' 'Italian battleship Roma' 'Vittorio Veneto']",17723.031552,120192.0,147.456,"====== Now let's start! ======
Based on the documents above, can you answer the following query? Print out the TITLE and ID of the documents you use to answer. Then format the answers into a list.
query: What marine vessel was based out of Taranto?
",17723.031552,17.723031552,qampari_128k,0.0,256,17.723031552
120192.0,test,Final Answer: ," ['Murder at Monkey Hill', 'Mission Kashmir', 'The Bright Day', 'Shikara', 'Broken Horses']","['Broken Horses' 'Mission Kashmir' 'Murder at Monkey Hill' 'Parinda'
 'Shikara']",17723.031552,120192.0,147.456,"====== Now let's start! ======
Based on the documents above, can you answer the following query? Print out the TITLE and ID of the documents you use to answer. Then format the answers into a list.
query: Vidhu Vinod Chopra directed which film?
",17723.031552,17.723031552,qampari_128k,0.0,256,17.723031552
120192.0,test,Final Answer: ," ['Kevin Poole', 'Paul Smith (footballer, born 1979)', 'Kevin Thomson (cricketer)', 'Paul Seaton', 'Mick Walker (footballer, born 1940)']","['Anne Begg' 'Joseph Fairweather Lamb' 'Kevin Thomson' 'Kirstene Hair'
 'Robert Watson-Watt']",17723.031552,120192.0,147.456,"====== Now let's start! ======
Based on the documents above, can you answer the following query? Print out the TITLE and ID of the documents you use to answer. Then format the answers into a list.
query: Who was a graduate of Brechin High School?
",17723.031552,17.723031552,qampari_128k,0.0,256,17.723031552
120192.0,test,Final Answer: ," ['Adam and Eve (1928 film)', 'The Blue Mountains Times', 'La source (Saint-Léon)', 'You Walk So Softly', 'The Great Escape (film)', 'The Hound of Florence', 'The Blue Mountains Advertiser', 'The Blue Mountains Echo', 'The Blue Mountains Times', 'The Blue Mountains Times', 'The Blue Mountains Times', 'The Blue Mountains Times', 'The Blue Mountains Times', 'The Blue Mountains Times', 'The Blue Mountains Times', 'The Blue Mountains Times', 'The Blue Mountains Times', 'The Blue Mountains Times', 'The Blue Mountains Times', 'The Blue Mountains Times', 'The Blue Mountains Times', 'The Blue Mountains Times', 'The Blue Mountains Times', 'The Blue Mountains Times', 'The Blue Mountains Times', 'The Blue Mountains Times', 'The Blue Mountains Times', 'The Blue Mountains Times', 'The Blue Mountains Times', 'The Blue Mountains Times', 'The Blue Mountains Times', 'The Blue Mountains Times', 'The Blue Mountains Times', 'The Blue Mountains Times', 'The Blue Mountains Times', 'The Blue Mountains Times', 'The Blue Mountains Times', 'The Blue Mountains Times', 'The Blue Mountains Times', 'The Blue Mountains Times', 'The Blue Mountains","['Adam and Eve' 'Column X' 'Peter the Mariner'
 ""We'll Meet Again in the Heimat"" 'You Walk So Softly']",17723.031552,120192.0,147.456,"====== Now let's start! ======
Based on the documents above, can you answer the following query? Print out the TITLE and ID of the documents you use to answer. Then format the answers into a list.
query: What's the name of the film produced by Reinhold Schünzel?
",17723.031552,17.723031552,qampari_128k,0.0,256,17.723031552
120192.0,test,Final Answer: ," ['Attack on Titan', 'The Perfect General', 'Rang', 'The Secret History of Vampires', 'The Seven Deadly Sins', 'The Grandest Fleet', 'The Life Aquatic with Steve Zissou', 'The Secret History of Vampires', 'The Secret History of Vampires', 'The Secret History of Vampires', 'The Secret History of Vampires', 'The Secret History of Vampires', 'The Secret History of Vampires', 'The Secret History of Vampires', 'The Secret History of Vampires', 'The Secret History of Vampires', 'The Secret History of Vampires', 'The Secret History of Vampires', 'The Secret History of Vampires', 'The Secret History of Vampires', 'The Secret History of Vampires', 'The Secret History of Vampires', 'The Secret History of Vampires', 'The Secret History of Vampires', 'The Secret History of Vampires', 'The Secret History of Vampires', 'The Secret History of Vampires', 'The Secret History of Vampires', 'The Secret History of Vampires', 'The Secret History of Vampires', 'The","['Ace of Diamond' 'Attack on Titan' 'Giant Killing' 'Monster Soul'
 'The Seven Deadly Sins']",17723.031552,120192.0,147.456,"====== Now let's start! ======
Based on the documents above, can you answer the following query? Print out the TITLE and ID of the documents you use to answer. Then format the answers into a list.
query: Kodansha USA published what literary works?
",17723.031552,17.723031552,qampari_128k,0.0,256,17.723031552
120192.0,test,Final Answer: ," ['Win Tin', 'Aung Min', 'Aung San Suu Kyi', 'Thein Sein', 'San Yu']",['Aung San Suu Kyi' 'Bamar' 'Min Aung Hlaing' 'Saw Wai' 'Win Tin'],17723.031552,120192.0,147.456,"====== Now let's start! ======
Based on the documents above, can you answer the following query? Print out the TITLE and ID of the documents you use to answer. Then format the answers into a list.
query: Who was a native speaker of Burmese?
",17723.031552,17.723031552,qampari_128k,0.0,256,17.723031552
120192.0,test,Final Answer: ," ['Julio Alcantara', 'Solomon Levy', 'Sir John Sherbrooke', 'Julian H. H. H. H. H. H. H. H. H. H. H. H. H. H. H. H. H. H. H. H. H. H. H. H. H. H. H. H. H. H. H. H. H. H. H. H. H. H. H. H. H. H. H. H. H. H. H. H. H. H. H. H. H. H. H. H. H. H. H. H. H. H. H. H. H. H. H. H. H. H. H. H. H. H. H. H. H. H. H. H. H. H. H. H. H. H. H. H. H. H. H. H. H. H. H. H. H. H. H. H. H. H. H. H. H. H. H. H. H. H. H. H. H. H. H. H. H.","['Anthony Lombard' 'Joshua Hassan' 'Julio Alcantara' 'Olga Zammitt'
 'Solomon Levy']",17723.031552,120192.0,147.456,"====== Now let's start! ======
Based on the documents above, can you answer the following query? Print out the TITLE and ID of the documents you use to answer. Then format the answers into a list.
query: List all the Mayors of Gibraltar?
",17723.031552,17.723031552,qampari_128k,0.0,256,17.723031552
120192.0,test,Final Answer: , ['Laura Tobin'],"['Aled Jones' 'Gethin Jones' 'Helen Carnell' 'John Stapleton'
 'Laura Tobin']",17723.031552,120192.0,147.456,"====== Now let's start! ======
Based on the documents above, can you answer the following query? Print out the TITLE and ID of the documents you use to answer. Then format the answers into a list.
query: What journalist is featured on the show ITV breakfast?
",17723.031552,17.723031552,qampari_128k,0.0,256,17.723031552
120192.0,test,Final Answer: ," ['Moinul Hossain Chowdhury', 'Shamsul Haque (general)']","['Gulzar Uddin Ahmed' 'Md Mahfuzur Rahman' 'Moinul Hossain Chowdhury'
 'Rezzakul Haider Chowdhury' 'Shamsul Haque']",17723.031552,120192.0,147.456,"====== Now let's start! ======
Based on the documents above, can you answer the following query? Print out the TITLE and ID of the documents you use to answer. Then format the answers into a list.
query: The Bangladesh Army military branch contains what person?
",17723.031552,17.723031552,qampari_128k,0.0,256,17.723031552
120192.0,test,Final Answer: , ['Quilombos de Barra do Turvo Sustainable Development Reserve'],"['Barreiro/Anhemas Sustainable Development Reserve'
 'Caverna do Diabo State Park'
 'Pinheirinhos Sustainable Development Reserve'
 'Quilombos de Barra do Turvo Sustainable Development Reserve'
 'Rio Turvo State Park']",17723.031552,120192.0,147.456,"====== Now let's start! ======
Based on the documents above, can you answer the following query? Print out the TITLE and ID of the documents you use to answer. Then format the answers into a list.
query: What geographical feature is located in or around Barra do Turvo?
",17723.031552,17.723031552,qampari_128k,0.0,256,17.723031552
120192.0,test,Final Answer: ," ['Super Bowl XVI', 'The Texas Chainsaw Massacre (2003 film)', 'Exeter (film)', 'Time Crash', 'The Life Aquatic with Steve Zissou', 'The Producers (musical)', 'Young Frankenstein (musical)']","['Conan the Barbarian' 'Exeter' 'Frankenstein' 'Friday the 13th'
 'The Texas Chainsaw Massacre']",17723.031552,120192.0,147.456,"====== Now let's start! ======
Based on the documents above, can you answer the following query? Print out the TITLE and ID of the documents you use to answer. Then format the answers into a list.
query: What movies was Marcus Nispel the director of?
",17723.031552,17.723031552,qampari_128k,0.0,256,17.723031552
120192.0,test,Final Answer: ," ['2010 MPS Group Championships – Doubles', '2015 King Cup Final', '2018 Knoxville Challenger – Singles', '2019 Launceston Tennis International – Men's Singles', '2018 BNP Paribas Primrose Bordeaux – Singles', '2016 Open Città della Disfida – Singles', '2010–11 Red Star Belgrade season', '2014 Senior Open Championship', '2017 Senior Open Championship', '2019 Senior Open Championship', '2018 Senior Open Championship', '2015 Saudi Super Cup', '2017 Internationaux de Tennis de Vendée – Singles', '2018 Kunming Open – Men's Doubles', '2018 Stockton Challenger – Men's Singles', '2016 King Cup Final', '2015 King Cup Final', '2010–11 Red Star Belgrade season', '2014 Senior Open Championship', '2017 Internationaux de Tennis de Vendée – Singles', '2018 Stockton Challenger – Men's Singles', '2018 B","[""2006 Australian Open – Women's Doubles""
 ""2006 Ordina Open – Women's Doubles""
 '2008 Internationaux de Strasbourg – doubles'
 ""2008 Medibank International – Women's Doubles""
 '2010 MPS Group Championships – doubles']",17723.031552,120192.0,147.456,"====== Now let's start! ======
Based on the documents above, can you answer the following query? Print out the TITLE and ID of the documents you use to answer. Then format the answers into a list.
query: What tennis competition was won by Yan Zi?
",17723.031552,17.723031552,qampari_128k,0.0,256,17.723031552
120192.0,test,Final Answer: , ['Black Panther (character)'],['Black Panther' 'Dora Milaje' 'Man-Ape' 'Okoye' 'Storm'],17723.031552,120192.0,147.456,"====== Now let's start! ======
Based on the documents above, can you answer the following query? Print out the TITLE and ID of the documents you use to answer. Then format the answers into a list.
query: Who possesses citizenship from Wakanda?
",17723.031552,17.723031552,qampari_128k,0.0,256,17.723031552
120192.0,test,Final Answer: ," ['Beached Az', 'Wacaday', 'Us Girls', 'The Shoe People', 'Soul Mates']","['Beached Az' 'Maximum Choppage' 'Review with Myles Barlow' 'Soul Mates'
 'Twentysomething']",17723.031552,120192.0,147.456,"====== Now let's start! ======
Based on the documents above, can you answer the following query? Print out the TITLE and ID of the documents you use to answer. Then format the answers into a list.
query: Which TV show originally aired on ABC2?
",17723.031552,17.723031552,qampari_128k,0.0,256,17.723031552
120192.0,test,Final Answer: ," ['The Grandest Fleet', 'Battles of Destiny', 'Solitaire's Journey', 'Conquered Kingdoms']","['Battles of Destiny' 'Conquered Kingdoms' ""Solitaire's Journey""
 'The Grandest Fleet' 'The Perfect General']",17723.031552,120192.0,147.456,"====== Now let's start! ======
Based on the documents above, can you answer the following query? Print out the TITLE and ID of the documents you use to answer. Then format the answers into a list.
query: Quantum Quality Productions published what piece of writing?
",17723.031552,17.723031552,qampari_128k,0.0,256,17.723031552
120192.0,test,Final Answer: ," ['Witold Lutosławski', 'Raymond Hood', 'George A. Berlinghof']",['Bob Knuth' 'Henry Mazer' 'Philip Farkas' 'Ray Still' 'Theodore Thomas'],17723.031552,120192.0,147.456,"====== Now let's start! ======
Based on the documents above, can you answer the following query? Print out the TITLE and ID of the documents you use to answer. Then format the answers into a list.
query: The Chicago Symphony Orchestra employs whom?
",17723.031552,17.723031552,qampari_128k,0.0,256,17.723031552
120192.0,test,Final Answer: ," ['The Life Aquatic with Steve Zissou', 'Rushmore', 'The Grandest Fleet', 'The Secret History of Vampires', 'The Producers', 'The Big O', 'The Lone Gunmen', 'The Doctor (Doctor Who)', 'The Timeless Children', 'The Time of the Doctor', 'The Day of the Doctor', 'The Day of the Doctor', 'The Day of the Doctor', 'The Day of the Doctor', 'The Day of the Doctor', 'The Day of the Doctor', 'The Day of the Doctor', 'The Day of the Doctor', 'The Day of the Doctor', 'The Day of the Doctor', 'The Day of the Doctor', 'The Day of the Doctor', 'The Day of the Doctor', 'The Day of the Doctor', 'The Day of the Doctor', 'The Day of the Doctor', 'The Day of the Doctor', 'The Day of the Doctor', 'The Day of the Doctor', 'The Day of the Doctor', 'The Day of the Doctor', 'The Day of the Doctor', 'The Day of the Doctor', 'The Day of the Doctor', 'The Day of the Doctor', 'The Day of the Doctor', 'The Day of the Doctor',","['Fantastic Mr. Fox' 'Hotel Chevalier' 'Rushmore'
 'The Life Aquatic with Steve Zissou' 'The Royal Tenenbaums']",17723.031552,120192.0,147.456,"====== Now let's start! ======
Based on the documents above, can you answer the following query? Print out the TITLE and ID of the documents you use to answer. Then format the answers into a list.
query: What movie was screenwritten by Wes Anderson?
",17723.031552,17.723031552,qampari_128k,0.0,256,17.723031552
120192.0,test,Final Answer: ," ['2016 King Cup Final', '2015 King Cup Final', '2010 King Cup Final', '2004 CONCACAF Champions' Cup', '2011 U.S. Open Cup Final', '2018 King Cup Final', '2019 King Cup Final']","['1998 U.S. Open Cup Final' ""2004 CONCACAF Champions' Cup""
 '2011 U.S. Open Cup Final' 'Brimstone Cup' 'MLS Cup 2000']",17723.031552,120192.0,147.456,"====== Now let's start! ======
Based on the documents above, can you answer the following query? Print out the TITLE and ID of the documents you use to answer. Then format the answers into a list.
query: In which tournament was Chicago Fire FC a competitor?
",17723.031552,17.723031552,qampari_128k,0.0,256,17.723031552
120192.0,test,Final Answer: ," ['Children's Everywhere', 'Matti Lives in Finland', 'Noy Lives in Thailand', 'Sia Lives on Kilimanjaro', 'Sia bor på Kilimandjaro', 'St. Michael's Cathedral Basilica', 'The Little Humpbacked Horse', 'The Producers', 'The Secret History of Vampires', 'The Traces of Light', 'The Blue Mountains Times', 'The Blue Mountains Advertiser', 'The Mountaineer (Katoomba)']","[""Children's Everywhere"" 'Elle Kari' 'Matti Lives in Finland'
 'Noy lives in Thailand' 'Sia lives on Kilimanjaro']",17723.031552,120192.0,147.456,"====== Now let's start! ======
Based on the documents above, can you answer the following query? Print out the TITLE and ID of the documents you use to answer. Then format the answers into a list.
query: What's the name of a book containing art by Anna Riwkin-Brick?
",17723.031552,17.723031552,qampari_128k,0.0,256,17.723031552
120192.0,test,Final Answer: ," ['Conde McCullough Memorial Bridge', 'Ten Mile Creek Bridge (Oregon)', 'Wilson River Bridge', 'Big Creek Bridge (Oregon)']","['Big Creek Bridge' 'Conde McCullough Memorial Bridge'
 'Ten Mile Creek Bridge' 'Wilson River Bridge' 'Yaquina Bay Bridge']",17723.031552,120192.0,147.456,"====== Now let's start! ======
Based on the documents above, can you answer the following query? Print out the TITLE and ID of the documents you use to answer. Then format the answers into a list.
query: What did Conde Balcom McCullough design?
",17723.031552,17.723031552,qampari_128k,0.0,256,17.723031552
120192.0,test,Final Answer: ," ['Alfred Mann (musicologist)', 'Walter Kaufmann (composer)', 'Zdeněk Frolík', 'Petr Vopěnka', 'Gustav Mahler', 'Miroslav Katětov', 'Eduard Čech', 'Rudolf Schünzel', 'Johann Joseph Fux', 'Jascha Horenstein', 'Alois Hába', 'Ernst Křenek', 'Karol Rathaus', 'Gustav Mahler', 'Franz Schreker', 'Johann Joseph Fux', 'Franz Schreker', 'Franz Schreker', 'Franz Schreker', 'Franz Schreker', 'Franz Schreker', 'Franz Schreker', 'Franz Schreker', 'Franz Schreker', 'Franz Schreker', 'Franz Schreker', 'Franz Schreker', 'Franz Schreker', 'Franz Schreker', 'Franz Schreker', 'Franz Schreker', 'Franz Schreker', 'Franz Schreker', 'Franz Schreker', 'Franz","['Berthold Goldschmidt' 'Julius Bürger' 'Rudolf Kolisch' 'Walter Kaufmann'
 'Zdenka Ticharich']",17723.031552,120192.0,147.456,"====== Now let's start! ======
Based on the documents above, can you answer the following query? Print out the TITLE and ID of the documents you use to answer. Then format the answers into a list.
query: Who studied under Franz Schreker?
",17723.031552,17.723031552,qampari_128k,0.0,256,17.723031552
120192.0,test,Final Answer: ," ['Fayard Nicholas', 'Maceo Anderson', 'The Nicholas Brothers', 'Tommy Singer']","['Ayodele Casel' 'Fayard Nicholas' 'Harold Nicholas' 'Maceo Anderson'
 'Nicholas Brothers']",17723.031552,120192.0,147.456,"====== Now let's start! ======
Based on the documents above, can you answer the following query? Print out the TITLE and ID of the documents you use to answer. Then format the answers into a list.
query: Who worked as a tap dancer?
",17723.031552,17.723031552,qampari_128k,0.0,256,17.723031552
120192.0,test,Final Answer: ," ['No. 310 Squadron RAF', 'Czechoslovakian Naval Forces', 'Soviet Union', 'Czechoslovak Legion']","['Czechoslovakian Naval Forces' 'Josef Šnejdárek' 'Ján Nálepka'
 'No. 310 Squadron RAF' 'Radola Gajda']",17723.031552,120192.0,147.456,"====== Now let's start! ======
Based on the documents above, can you answer the following query? Print out the TITLE and ID of the documents you use to answer. Then format the answers into a list.
query: What military unit served for Czechoslovakia?
",17723.031552,17.723031552,qampari_128k,0.0,256,17.723031552
120192.0,test,Final Answer: ," ['Barra Airport', 'Benbecula Airport', 'Tiree Airport', 'Kirkwall Airport']","['Barra Airport' 'Benbecula Airport' 'Islay Airport' 'Kirkwall Airport'
 'Tiree Airport']",17723.031552,120192.0,147.456,"====== Now let's start! ======
Based on the documents above, can you answer the following query? Print out the TITLE and ID of the documents you use to answer. Then format the answers into a list.
query: What is operated by Highlands and Islands Airports?
",17723.031552,17.723031552,qampari_128k,0.0,256,17.723031552
120192.0,test,Final Answer: ," ['Estradiol valerate/hydroxyprogesterone caproate', 'Estradiol benzoate/hydroxyprogesterone caproate', 'Estradiol cypionate/hydroxyprogesterone caproate', 'Estradiol dipropionate/hydroxyprogesterone caproate', 'Estradiol benzoate/estradiol valerate/hydroxyprogesterone caproate']","['estradiol benzoate/estradiol valerate/hydroxyprogesterone caproate'
 'estradiol benzoate/hydroxyprogesterone caproate'
 'estradiol cypionate/hydroxyprogesterone caproate'
 'estradiol dipropionate/hydroxyprogesterone caproate'
 'estradiol valerate/hydroxyprogesterone caproate']",17723.031552,120192.0,147.456,"====== Now let's start! ======
Based on the documents above, can you answer the following query? Print out the TITLE and ID of the documents you use to answer. Then format the answers into a list.
query: What are the chemical substances in hydroxyprogesterone caproate?
",17723.031552,17.723031552,qampari_128k,0.0,256,17.723031552
120192.0,test,Final Answer: ," ['Bobby Hope', 'Gary Megson', 'John Burroughs Hopkins', 'Mick Walker (footballer, born 1940)', 'Jimmy Phillips (footballer, born 1966)', 'Geraldine Smith', 'Gareth Jones', 'Gordon H. Smith', 'Gordon Smith', 'Gordon Smith', 'Gordon Smith', 'Gordon Smith', 'Gordon Smith', 'Gordon Smith', 'Gordon Smith', 'Gordon Smith', 'Gordon Smith', 'Gordon Smith', 'Gordon Smith', 'Gordon Smith', 'Gordon Smith', 'Gordon Smith', 'Gordon Smith', 'Gordon Smith', 'Gordon Smith', 'Gordon Smith', 'Gordon Smith', 'Gordon Smith', 'Gordon Smith', 'Gordon Smith', 'Gordon Smith', 'Gordon Smith', 'Gordon Smith', 'Gordon Smith', 'Gordon Smith', 'Gordon Smith', 'Gordon Smith', 'Gordon Smith', 'Gordon Smith', 'Gordon Smith', 'Gordon Smith', 'Gordon Smith', 'Gordon Smith', 'Gordon Smith', 'Gordon Smith', 'Gordon Smith', 'G","['Archie Knox' 'Gary Megson' 'Jimmy McIlroy' 'Jimmy Phillips'
 'Phil Hughes']",17723.031552,120192.0,147.456,"====== Now let's start! ======
Based on the documents above, can you answer the following query? Print out the TITLE and ID of the documents you use to answer. Then format the answers into a list.
query: Who was the coach of Bolton Wanders F.C.?
",17723.031552,17.723031552,qampari_128k,0.0,256,17.723031552
120192.0,test,Final Answer: ," ['John Burroughs Hopkins', 'Richard Richard Aitson', 'John Paul Jones', 'John Barton (footballer, born 1953)', 'John C. Smith', 'John R. Todd', 'John W. Decker', 'John W. H. Smith', 'John W. Smith', 'John W. Smith', 'John W. Smith', 'John W. Smith', 'John W. Smith', 'John W. Smith', 'John W. Smith', 'John W. Smith', 'John W. Smith', 'John W. Smith', 'John W. Smith', 'John W. Smith', 'John W. Smith', 'John W. Smith', 'John W. Smith', 'John W. Smith', 'John W. Smith', 'John W. Smith', 'John W. Smith', 'John W. Smith', 'John W. Smith', 'John W. Smith', 'John W. Smith', 'John W. Smith', 'John W. Smith', 'John W. Smith', 'John W. Smith', 'John W. Smith', 'John W. Smith', 'John W. Smith', 'John W. Smith', 'John W. Smith', 'John W.","['David Hawley' 'Dudley Saltonstall' 'John Burroughs Hopkins'
 'John Paul Jones' 'Richard Wickes']",17723.031552,120192.0,147.456,"====== Now let's start! ======
Based on the documents above, can you answer the following query? Print out the TITLE and ID of the documents you use to answer. Then format the answers into a list.
query: Who was a member of the Continental Navy?
",17723.031552,17.723031552,qampari_128k,0.0,256,17.723031552
120192.0,test,Final Answer: ," ['Salon Fantastique', 'Three Tales of Horror', 'The Secret History of Vampires', 'The Grandest Fleet', 'Alternate Empires', 'Alternate Heroes', 'Alternate Wars', 'Worse Things Waiting', 'Another Round at the Spaceport Bar', 'Sleep No More', 'The Playing Favorites', 'The Five Chinese Brothers', 'The Story About Ping', 'The Hound of Florence', 'The Little Humpbacked Horse', 'The Traces of Light', 'The Secret History of Vampires', 'The Grandest Fleet', 'The Secret History of Vampires', 'The Secret History of Vampires', 'The Secret History of Vampires', 'The Secret History of Vampires', 'The Secret History of Vampires', 'The Secret History of Vampires', 'The Secret History of Vampires', 'The Secret History of Vampires', 'The Secret History of Vampires', 'The Secret History of Vampires', 'The Secret History of Vampires', 'The Secret History of Vampires', 'The Secret History of Vampires', 'The Secret History of Vampires', 'The Secret History of Vampires', 'The Secret History of","['Another Round at the Spaceport Bar' ""Cthulhu's Reign""
 'Tales from the Spaceport Bar' 'That is Not Dead'
 'The Secret History of Vampires']",17723.031552,120192.0,147.456,"====== Now let's start! ======
Based on the documents above, can you answer the following query? Print out the TITLE and ID of the documents you use to answer. Then format the answers into a list.
query: What anthology did Darrell Schweitzer edit?
",17723.031552,17.723031552,qampari_128k,0.0,256,17.723031552
120192.0,test,Final Answer: ," ['Henry Petzal', 'Louisa Courtauld', 'Martha Berry (artist)', 'Tommy Singer', 'Eleanor Coade', 'William Fulton (urban planner)', 'Richard Aitson', 'Juanita Growing Thunder Fogarty', 'Teri Greeves']","['Ann-Sophie Qvarnström' 'Antonio Sancho de Benevento' 'Henry Petzal'
 'Louisa Courtauld' 'Tommy Singer']",17723.031552,120192.0,147.456,"====== Now let's start! ======
Based on the documents above, can you answer the following query? Print out the TITLE and ID of the documents you use to answer. Then format the answers into a list.
query: Who is employed in the silversmith industry?
",17723.031552,17.723031552,qampari_128k,0.0,256,17.723031552
120192.0,test,Final Answer: , ['Last Vegas'],"['American Assassin' 'Beastly' 'Five Feet Apart' 'Last Vegas'
 'Scary Stories to Tell in the Dark']",17723.031552,120192.0,147.456,"====== Now let's start! ======
Based on the documents above, can you answer the following query? Print out the TITLE and ID of the documents you use to answer. Then format the answers into a list.
query: CBS Films produced which movie?
",17723.031552,17.723031552,qampari_128k,0.0,256,17.723031552
120192.0,test,Final Answer: ," ['Kristopher Allen Medlen', 'Dustin Charles Lynch', 'Sterling Sharp', 'Garry Alton Hill', 'Bobby Hope', 'Steve Staggs', 'Mick Walker (footballer, born 1940)', 'James D. Ebert', 'Ron Rivera', 'Dustin Lynch', 'Mason Rudolph (American football)']","['Braden Shewmake' 'Garry Hill' 'Kris Medlen' 'Shea Langeliers'
 'Sterling Sharp']",17723.031552,120192.0,147.456,"====== Now let's start! ======
Based on the documents above, can you answer the following query? Print out the TITLE and ID of the documents you use to answer. Then format the answers into a list.
query: The Atlanta Braves drafted whom?
",17723.031552,17.723031552,qampari_128k,0.0,256,17.723031552
120192.0,test,Final Answer: , ['2010 Senior Open Championship'],"['1939 Taça de Portugal Final' '1951 Taça de Portugal Final'
 '1967 Taça de Portugal Final' '2012 Supertaça Cândido de Oliveira'
 '2012 Taça de Portugal Final']",17723.031552,120192.0,147.456,"====== Now let's start! ======
Based on the documents above, can you answer the following query? Print out the TITLE and ID of the documents you use to answer. Then format the answers into a list.
query: Which competition final did the Associação Académica de Coimbra – O.A.F make?
",17723.031552,17.723031552,qampari_128k,0.0,256,17.723031552
120192.0,test,Final Answer: ," ['Cué-cué/Marabitanas Indigenous Territory', 'Alto Rio Negro Indigenous Territory', 'Balaio Indigenous Territory', 'Quilombos de Barra do Turvo Sustainable Development Reserve', 'Rio Turvo State Park']","['Alto Rio Negro Indigenous Territory' 'Balaio Indigenous Territory'
 'Cué-cué/Marabitanas Indigenous Territory'
 'Morro dos Seis Lagos Biological Reserve' 'Pico da Neblina National Park']",17723.031552,120192.0,147.456,"====== Now let's start! ======
Based on the documents above, can you answer the following query? Print out the TITLE and ID of the documents you use to answer. Then format the answers into a list.
query: Which location is related to São Gabriel da Cachoeira?
",17723.031552,17.723031552,qampari_128k,0.0,256,17.723031552
120192.0,test,Final Answer: ," ['Castle Wolfenstein', 'ABM', 'Three Mile Island', 'Firebug', 'Solitaire's Journey']","['ABM (video game)' 'Beyond Castle Wolfenstein' 'Castle Wolfenstein'
 'Firebug' 'Three Mile Island']",17723.031552,120192.0,147.456,"====== Now let's start! ======
Based on the documents above, can you answer the following query? Print out the TITLE and ID of the documents you use to answer. Then format the answers into a list.
query: What did Muse Software publish?
",17723.031552,17.723031552,qampari_128k,0.0,256,17.723031552
120192.0,test,Final Answer: ," ['Cork Dry Gin', 'Jameson Irish Whiskey', 'Redbreast (whiskey)']",['Cork Dry Gin' 'Green Spot' 'Jameson' 'Paddy Whiskey' 'Redbreast'],17723.031552,120192.0,147.456,"====== Now let's start! ======
Based on the documents above, can you answer the following query? Print out the TITLE and ID of the documents you use to answer. Then format the answers into a list.
query: What drink is manfactured by an Irish distiller?
",17723.031552,17.723031552,qampari_128k,0.0,256,17.723031552
120192.0,test,Final Answer: ," ['Mad Mod', 'Man-Ape', 'Black Manta', 'The Lone Gunmen', 'Asterix and the Great Crossing', 'Asterix and the Chieftain's Shield', 'Asterix and the Arvernian Shield', 'Asterix in Belgium', 'The Grandest Fleet', 'The Secret History of Vampires', 'The X-Files', 'The Doctor (Doctor Who)', 'The Producers (musical)', 'The Lone Gunmen (TV series)', 'The Life Aquatic with Steve Zissou', 'The Avengers (TV series)', 'The Spiderwick Chronicles', 'The Blue Mountains Times', 'The Blue Mountains Advertiser', 'The Mountaineer (Katoomba)', 'The Blackheath Bulletin', 'The Blue Mountain Echo', 'The Blue Mountains Times', 'The Blue Mountains Advertiser', 'The Mountaineer (Katoomba)', 'The Blackheath Bulletin', 'The Blue Mountain Echo', 'The Blue Mountains Times', 'The Blue Mountains Advertiser', 'The Mountaineer (Katoomba)', 'The Blackheath Bulletin', 'The Blue Mountain Echo', 'The Blue Mountains Times', 'The Blue Mountains Advertiser', 'The Mountaineer (",['Black Manta' 'Mad Mod' 'Mal Duncan' 'Mera' 'Ocean Master'],17723.031552,120192.0,147.456,"====== Now let's start! ======
Based on the documents above, can you answer the following query? Print out the TITLE and ID of the documents you use to answer. Then format the answers into a list.
query: Nick Cardy created which fictional character?
",17723.031552,17.723031552,qampari_128k,0.0,256,17.723031552
120192.0,test,Final Answer: ," ['John Barton (footballer, born 1953)', 'Jimmy McIlroy', 'Paul Smith (footballer, born 1979)', 'Pete Jacobs (triathlete)', 'Dewon Brazelton', 'Miguel Ángel Russo', 'Harold Nicholas', 'Gustavo Alfaro', 'Ronald Eugene Rivera', 'James D. Ebert', 'Kevin Poole', 'Mick Walker (footballer, born 1940)', 'James Dempsey (poker player)', 'Reilly Opelka', 'Lloyd Harris', 'Elias Ymer', 'Marin Čilić', 'Steve Darcis', 'Aljaž Bedene', 'Lloyd Glasspool', 'Harri Heliövaara', 'Adam Wakeman', 'Perry DeAngelis', 'Paul Klee', 'Walter Kaufmann (composer)', 'Zdeněk Frolík', 'Ray Still', 'Solomon Levy', 'Custodio Parcon', 'David S. Blitzer', 'Miguel Ángel Russo', 'James Barton (footballer, born 1953)', 'Jimmy McIlroy', '",['Japhet Sery' 'Paul Smith' 'Phil Holder' 'Ron Noades' 'Terry Bullivant'],17723.031552,120192.0,147.456,"====== Now let's start! ======
Based on the documents above, can you answer the following query? Print out the TITLE and ID of the documents you use to answer. Then format the answers into a list.
query: Who works for Brentford football club?
",17723.031552,17.723031552,qampari_128k,0.0,256,17.723031552
120192.0,test,Final Answer: ," ['Bengals–Browns rivalry', 'Bengals–Steelers rivalry', 'C Bengals–Ravens rivalry']","['Bengals–Browns rivalry' 'Bengals–Ravens rivalry'
 'Bengals–Steelers rivalry' 'Super Bowl XVI' 'Super Bowl XXIII']",17723.031552,120192.0,147.456,"====== Now let's start! ======
Based on the documents above, can you answer the following query? Print out the TITLE and ID of the documents you use to answer. Then format the answers into a list.
query: What sporting event featured the Cincinnati Bengals as a competitor?
",17723.031552,17.723031552,qampari_128k,0.0,256,17.723031552
