max_new_tokens,retained_context_tokens,task,answers,retained_kv_memory_mb,retained_kv_memory_gb,answer_prefix,split,compression_ratio,uncompressed_kv_memory_mb,kv_memory_per_token_kb,question,uncompressed_kv_memory_gb,context_tokens,predicted_answer
256,47969.0,musique_32k,['22'],7073.316864,7.073316864,Final Answer: ,dev,0.0,7073.316864,147.456,"====== Now let's start! ======
Based on the documents above, can you answer the following query? Print out the TITLE and ID of the documents you use to answer. Then format the answers into a list.
query: How many times did plague occur in the birth city of the composer of Nulla in mundo pax sincera?
",7.073316864,47969.0, ['16']
256,47969.0,musique_32k,"['Sea, Air, and Land']",7073.316864,7.073316864,Final Answer: ,dev,0.0,7073.316864,147.456,"====== Now let's start! ======
Based on the documents above, can you answer the following query? Print out the TITLE and ID of the documents you use to answer. Then format the answers into a list.
query: What does seal stand for in the U.S. military branch that operates a list of destroyer classes and the USS Stag?
",7.073316864,47969.0," ['Seal stands for ""Special Operations Command, Seal Team""']"
256,47969.0,musique_32k,['January 2015'],7073.316864,7.073316864,Final Answer: ,dev,0.0,7073.316864,147.456,"====== Now let's start! ======
Based on the documents above, can you answer the following query? Print out the TITLE and ID of the documents you use to answer. Then format the answers into a list.
query: When did the political party Alaska generally supports take control of the determiner of rules of the US House and US Senate?
",7.073316864,47969.0, ['1994']
256,47969.0,musique_32k,['Mario Andretti'],7073.316864,7.073316864,Final Answer: ,dev,0.0,7073.316864,147.456,"====== Now let's start! ======
Based on the documents above, can you answer the following query? Print out the TITLE and ID of the documents you use to answer. Then format the answers into a list.
query: Who won the 1993 Indy Car Race in the largest city of the state where the library district and the city of Yuma share the same county?
",7.073316864,47969.0, ['Kurt Aeppli']
256,47969.0,musique_32k,['Green Bay'],7073.316864,7.073316864,Final Answer: ,dev,0.0,7073.316864,147.456,"====== Now let's start! ======
Based on the documents above, can you answer the following query? Print out the TITLE and ID of the documents you use to answer. Then format the answers into a list.
query: What is the capital of the county that shares a border with the county where KRSU is licensed to broadcast?
",7.073316864,47969.0, ['Saint Paul']
256,47969.0,musique_32k,['Milwaukee Deep'],7073.316864,7.073316864,Final Answer: ,dev,0.0,7073.316864,147.456,"====== Now let's start! ======
Based on the documents above, can you answer the following query? Print out the TITLE and ID of the documents you use to answer. Then format the answers into a list.
query: What is the deepest part of the ocean, near the state, where the county that holds the city of Winchester is found?
",7.073316864,47969.0, ['The Mariana Trench']
256,47969.0,musique_32k,['Medical University of Warsaw'],7073.316864,7.073316864,Final Answer: ,dev,0.0,7073.316864,147.456,"====== Now let's start! ======
Based on the documents above, can you answer the following query? Print out the TITLE and ID of the documents you use to answer. Then format the answers into a list.
query: What is the largest medical school in the nation where, along with the country of citizenship of the mother of Marie Antoinette, many expelled French Jews relocated?
",7.073316864,47969.0, ['France']
256,47969.0,musique_32k,['Saxony-Anhalt'],7073.316864,7.073316864,Final Answer: ,dev,0.0,7073.316864,147.456,"====== Now let's start! ======
Based on the documents above, can you answer the following query? Print out the TITLE and ID of the documents you use to answer. Then format the answers into a list.
query: In what region of Germany is the district where a sermon on Marian devotion was preached by the man who wanted to reform the religion of Victor Razafimahatratra?
",7.073316864,47969.0, ['Saxony-Anhalt']
256,47969.0,musique_32k,['the Ministry of Education'],7073.316864,7.073316864,Final Answer: ,dev,0.0,7073.316864,147.456,"====== Now let's start! ======
Based on the documents above, can you answer the following query? Print out the TITLE and ID of the documents you use to answer. Then format the answers into a list.
query: Who runs the school system in the country that is the natural boundary between the country that hosted the tournament and the country where That Dam is located?
",7.073316864,47969.0, ['Ministry of Education']
256,47969.0,musique_32k,['University of South Carolina'],7073.316864,7.073316864,Final Answer: ,dev,0.0,7073.316864,147.456,"====== Now let's start! ======
Based on the documents above, can you answer the following query? Print out the TITLE and ID of the documents you use to answer. Then format the answers into a list.
query: Which university has more national championships, university of the state having Fort Hill or university of the state whose primary was won by Edwards besides the state having WEKL?
",7.073316864,47969.0, ['University of the state having Fort Hill']
256,47969.0,musique_32k,['Al - Aqsa Mosque'],7073.316864,7.073316864,Final Answer: ,test,0.0,7073.316864,147.456,"====== Now let's start! ======
Based on the documents above, can you answer the following query? Print out the TITLE and ID of the documents you use to answer. Then format the answers into a list.
query: What is the great mosque constructed at the site of the old temple in the city originating christianity in Rome, Egypt, Judea and the country for Vasilopita?
",7.073316864,47969.0, ['The Al-Aqsa Mosque']
256,47969.0,musique_32k,['Oriole Records.'],7073.316864,7.073316864,Final Answer: ,test,0.0,7073.316864,147.456,"====== Now let's start! ======
Based on the documents above, can you answer the following query? Print out the TITLE and ID of the documents you use to answer. Then format the answers into a list.
query: What label was bought in the UK by the other major New York broadcast that is in addition to ABC, and the one who released Stand Against Fear?
",7.073316864,47969.0, ['Sony Music']
256,47969.0,musique_32k,['Sales began worldwide in April 2012'],7073.316864,7.073316864,Final Answer: ,test,0.0,7073.316864,147.456,"====== Now let's start! ======
Based on the documents above, can you answer the following query? Print out the TITLE and ID of the documents you use to answer. Then format the answers into a list.
query: When did the rx 350 model of the luxury division of the company that built Daihatsu boon change body style?
",7.073316864,47969.0, ['2012']
256,47969.0,musique_32k,['1952'],7073.316864,7.073316864,Final Answer: ,test,0.0,7073.316864,147.456,"====== Now let's start! ======
Based on the documents above, can you answer the following query? Print out the TITLE and ID of the documents you use to answer. Then format the answers into a list.
query: What year did the Governor of the city where the basilica named after the same saint as the one that Mantua Cathedral is dedicated to die?
",7.073316864,47969.0, ['1952']
256,47969.0,musique_32k,['Oriole Records.'],7073.316864,7.073316864,Final Answer: ,test,0.0,7073.316864,147.456,"====== Now let's start! ======
Based on the documents above, can you answer the following query? Print out the TITLE and ID of the documents you use to answer. Then format the answers into a list.
query: What UK label was bought by the company which, along with ABC and the network which broadcasted Hello, Larry, is the other major broadcaster based in NY?
",7.073316864,47969.0, ['BBC']
256,47969.0,musique_32k,['1941'],7073.316864,7.073316864,Final Answer: ,test,0.0,7073.316864,147.456,"====== Now let's start! ======
Based on the documents above, can you answer the following query? Print out the TITLE and ID of the documents you use to answer. Then format the answers into a list.
query: What year did the country where Siddhi Savetsila was born form an alliance with Japan?
",7.073316864,47969.0, ['1941']
256,47969.0,musique_32k,['island Koh Phi Phi'],7073.316864,7.073316864,Final Answer: ,test,0.0,7073.316864,147.456,"====== Now let's start! ======
Based on the documents above, can you answer the following query? Print out the TITLE and ID of the documents you use to answer. Then format the answers into a list.
query: The Beach was filmed in what location of the country that contains the birth city of Siddhi Savetsila?
",7.073316864,47969.0, ['Thailand']
256,47969.0,musique_32k,['Francisco Guterres'],7073.316864,7.073316864,Final Answer: ,test,0.0,7073.316864,147.456,"====== Now let's start! ======
Based on the documents above, can you answer the following query? Print out the TITLE and ID of the documents you use to answer. Then format the answers into a list.
query: Arie Supriyatna's birth country was one participant in a Commission of Truth and Friendship. Who is the president of the other country that participated?
",7.073316864,47969.0, ['Francisco Guterres']
256,47969.0,musique_32k,['the country of India'],7073.316864,7.073316864,Final Answer: ,test,0.0,7073.316864,147.456,"====== Now let's start! ======
Based on the documents above, can you answer the following query? Print out the TITLE and ID of the documents you use to answer. Then format the answers into a list.
query: What is the meaning of the word that is also a majority religion in the area that became India when the country that withdrew its forces was created in the Arabic dictionary?
",7.073316864,47969.0," ['The word ""Hindu"" refers to the people living beyond the Indus River and is associated with the majority religion in the area that became India.']"
256,47969.0,musique_32k,"['1,400 years']",7073.316864,7.073316864,Final Answer: ,test,0.0,7073.316864,147.456,"====== Now let's start! ======
Based on the documents above, can you answer the following query? Print out the TITLE and ID of the documents you use to answer. Then format the answers into a list.
query: Widely practiced in the region having the second largest rain-forest in the world, how long ago did this religion arrive in Zhejiang?
",7.073316864,47969.0," ['1,400 years ago']"
256,47969.0,musique_32k,['Rialto Bridge'],7073.316864,7.073316864,Final Answer: ,test,0.0,7073.316864,147.456,"====== Now let's start! ======
Based on the documents above, can you answer the following query? Print out the TITLE and ID of the documents you use to answer. Then format the answers into a list.
query: What is the name of the famous bridge in the city where the composer of La Silvia was born?
",7.073316864,47969.0, ['Rialto Bridge']
256,47969.0,musique_32k,['16th - century'],7073.316864,7.073316864,Final Answer: ,test,0.0,7073.316864,147.456,"====== Now let's start! ======
Based on the documents above, can you answer the following query? Print out the TITLE and ID of the documents you use to answer. Then format the answers into a list.
query: When did the merchant of the city where the composer of Al gran sole carico d'amore takes place?
",7.073316864,47969.0, ['1975']
256,47969.0,musique_32k,['Francisco Guterres'],7073.316864,7.073316864,Final Answer: ,test,0.0,7073.316864,147.456,"====== Now let's start! ======
Based on the documents above, can you answer the following query? Print out the TITLE and ID of the documents you use to answer. Then format the answers into a list.
query: Who is the president of the newly declared independent country that formed the Timor Leste Commission of Truth and Friendship with the country where Pantar is found?
",7.073316864,47969.0, ['Francisco Guterres']
256,47969.0,musique_32k,['Rialto Bridge'],7073.316864,7.073316864,Final Answer: ,test,0.0,7073.316864,147.456,"====== Now let's start! ======
Based on the documents above, can you answer the following query? Print out the TITLE and ID of the documents you use to answer. Then format the answers into a list.
query: What is the name of the famous bridge in the place of birth of who composed the Concerto in C Major Op 3 6?
",7.073316864,47969.0, ['Rialto Bridge']
256,47969.0,musique_32k,['Toronto Coach Terminal'],7073.316864,7.073316864,Final Answer: ,test,0.0,7073.316864,147.456,"====== Now let's start! ======
Based on the documents above, can you answer the following query? Print out the TITLE and ID of the documents you use to answer. Then format the answers into a list.
query: Where do greyhound buses leave from the in the city where the headquarters of the production company which produced A Cosmic Christmas is located?
",7.073316864,47969.0, ['Toronto Coach Terminal']
256,47969.0,musique_32k,['Walter Sabo'],7073.316864,7.073316864,Final Answer: ,test,0.0,7073.316864,147.456,"====== Now let's start! ======
Based on the documents above, can you answer the following query? Print out the TITLE and ID of the documents you use to answer. Then format the answers into a list.
query: Who was a prominent figure at the radio division of the network that created the version of The Biggest Loser set in the country where Seria is?
",7.073316864,47969.0, ['Walter Sabo']
256,47969.0,musique_32k,['built on 16-bit architectures and offered improved graphics and sound'],7073.316864,7.073316864,Final Answer: ,test,0.0,7073.316864,147.456,"====== Now let's start! ======
Based on the documents above, can you answer the following query? Print out the TITLE and ID of the documents you use to answer. Then format the answers into a list.
query: What were the Genesis's advantages over the platform that plays Drac's Night Out?
",7.073316864,47969.0, ['The Genesis had better graphics and sound compared to the platform that plays Drac's Night Out.']
256,47969.0,musique_32k,['built in the 15th century'],7073.316864,7.073316864,Final Answer: ,test,0.0,7073.316864,147.456,"====== Now let's start! ======
Based on the documents above, can you answer the following query? Print out the TITLE and ID of the documents you use to answer. Then format the answers into a list.
query: When was the Palau de la Generalitat constructed in the city where Martin of the place where Castiliscar is located died?
",7.073316864,47969.0, ['15th century']
256,47969.0,musique_32k,['June 1941'],7073.316864,7.073316864,Final Answer: ,test,0.0,7073.316864,147.456,"====== Now let's start! ======
Based on the documents above, can you answer the following query? Print out the TITLE and ID of the documents you use to answer. Then format the answers into a list.
query: When did the U.S. and the country in effective control of political and military functions of the group the People's Socialist Republic of Albania was a member of become allies?
",7.073316864,47969.0, ['1964']
256,47969.0,musique_32k,['New York Yankees'],7073.316864,7.073316864,Final Answer: ,test,0.0,7073.316864,147.456,"====== Now let's start! ======
Based on the documents above, can you answer the following query? Print out the TITLE and ID of the documents you use to answer. Then format the answers into a list.
query: What team does the person who hit the first home run at the new stadium in South Bronx play for?
",7.073316864,47969.0, ['New York Yankees']
256,47969.0,musique_32k,['1952'],7073.316864,7.073316864,Final Answer: ,test,0.0,7073.316864,147.456,"====== Now let's start! ======
Based on the documents above, can you answer the following query? Print out the TITLE and ID of the documents you use to answer. Then format the answers into a list.
query: When did the Governorship end of the city where the author of Paenitentiam Agere died?
",7.073316864,47969.0, ['1952']
256,47969.0,musique_32k,['Rialto Bridge'],7073.316864,7.073316864,Final Answer: ,test,0.0,7073.316864,147.456,"====== Now let's start! ======
Based on the documents above, can you answer the following query? Print out the TITLE and ID of the documents you use to answer. Then format the answers into a list.
query: What is the name of the famous bridge in the birth city of the composer of Scanderbeg?
",7.073316864,47969.0, ['Rialto Bridge']
256,47969.0,musique_32k,['1941'],7073.316864,7.073316864,Final Answer: ,test,0.0,7073.316864,147.456,"====== Now let's start! ======
Based on the documents above, can you answer the following query? Print out the TITLE and ID of the documents you use to answer. Then format the answers into a list.
query: What year did the country where Ercole Manfredi was born form an alliance with Japan?
",7.073316864,47969.0, ['1941']
256,47969.0,musique_32k,['1941'],7073.316864,7.073316864,Final Answer: ,test,0.0,7073.316864,147.456,"====== Now let's start! ======
Based on the documents above, can you answer the following query? Print out the TITLE and ID of the documents you use to answer. Then format the answers into a list.
query: What year did the country that includes the birth city of Bodindecha form an alliance with Japan?
",7.073316864,47969.0, ['1941']
256,47969.0,musique_32k,['five'],7073.316864,7.073316864,Final Answer: ,test,0.0,7073.316864,147.456,"====== Now let's start! ======
Based on the documents above, can you answer the following query? Print out the TITLE and ID of the documents you use to answer. Then format the answers into a list.
query: What was Nintendo's limit on games per developer per year for the platform with an abbreviated name that had the game Sunman?
",7.073316864,47969.0, ['Nintendo's limit on games per developer per year was five']
256,47969.0,musique_32k,['the country of India'],7073.316864,7.073316864,Final Answer: ,test,0.0,7073.316864,147.456,"====== Now let's start! ======
Based on the documents above, can you answer the following query? Print out the TITLE and ID of the documents you use to answer. Then format the answers into a list.
query: In the Arabic dictionary, what's the meaning of the word for the majority religion in the area of British India that became India when Dourkhan's country was created?
",7.073316864,47969.0," ['the majority religion in the area of British India that became India when Dourkhan's country was created is Hinduism, which is associated with the term ""Hindu"" derived from the Indo-Aryan and Sanskrit word ""Sindhu"" meaning a large body of water, covering river, ocean.']"
256,47969.0,musique_32k,['1905'],7073.316864,7.073316864,Final Answer: ,test,0.0,7073.316864,147.456,"====== Now let's start! ======
Based on the documents above, can you answer the following query? Print out the TITLE and ID of the documents you use to answer. Then format the answers into a list.
query: What was the wettest year in the city that shares the same county as the ghost town Allen?
",7.073316864,47969.0, ['1905']
256,47969.0,musique_32k,['five'],7073.316864,7.073316864,Final Answer: ,test,0.0,7073.316864,147.456,"====== Now let's start! ======
Based on the documents above, can you answer the following query? Print out the TITLE and ID of the documents you use to answer. Then format the answers into a list.
query: What was Nintendo's limit on games per developer per year on the platform with a three letter abbreviation, that had the game Pinball Quest?
",7.073316864,47969.0, ['Nintendo limited each developer to five games per year']
256,47969.0,musique_32k,['Oriole Records.'],7073.316864,7.073316864,Final Answer: ,test,0.0,7073.316864,147.456,"====== Now let's start! ======
Based on the documents above, can you answer the following query? Print out the TITLE and ID of the documents you use to answer. Then format the answers into a list.
query: What UK label was bought by the company which, along with ABC and the network which broadcasted Here and Now, is the other major broadcaster based in NY?
",7.073316864,47969.0, ['BBC']
256,47969.0,musique_32k,['Casa Loma'],7073.316864,7.073316864,Final Answer: ,test,0.0,7073.316864,147.456,"====== Now let's start! ======
Based on the documents above, can you answer the following query? Print out the TITLE and ID of the documents you use to answer. Then format the answers into a list.
query: What is the name of the castle in the city where the headquarters of the production company of Care Bear: Journey to Joke-a-lot is located?
",7.073316864,47969.0, ['San Francisco']
256,47969.0,musique_32k,['the country of India'],7073.316864,7.073316864,Final Answer: ,test,0.0,7073.316864,147.456,"====== Now let's start! ======
Based on the documents above, can you answer the following query? Print out the TITLE and ID of the documents you use to answer. Then format the answers into a list.
query: In the Arabic dictionary, what's the meaning of the word for the majority religion in the area of British India that became India when Achh's country was created?
",7.073316864,47969.0," ['The word ""Hindu"" in the Arabic dictionary refers to the people of India, specifically the majority Hindu population.']"
256,47969.0,musique_32k,['Sales began worldwide in April 2012'],7073.316864,7.073316864,Final Answer: ,test,0.0,7073.316864,147.456,"====== Now let's start! ======
Based on the documents above, can you answer the following query? Print out the TITLE and ID of the documents you use to answer. Then format the answers into a list.
query: When did the RX 350 from the Scion xB manufacturer's luxury division change body style?
",7.073316864,47969.0, ['2012']
256,47969.0,musique_32k,['Pete Rose'],7073.316864,7.073316864,Final Answer: ,test,0.0,7073.316864,147.456,"====== Now let's start! ======
Based on the documents above, can you answer the following query? Print out the TITLE and ID of the documents you use to answer. Then format the answers into a list.
query: Who has the most hits in the history of the organization that includes the team Jim Wilson was released by?
",7.073316864,47969.0, ['Pete Rose']
256,47969.0,musique_32k,['Warner Music Group'],7073.316864,7.073316864,Final Answer: ,test,0.0,7073.316864,147.456,"====== Now let's start! ======
Based on the documents above, can you answer the following query? Print out the TITLE and ID of the documents you use to answer. Then format the answers into a list.
query: Who is the owner of the record label that singer of the theme song from the movie Arthur belongs to?
",7.073316864,47969.0, ['Warner Bros. Records']
256,47969.0,musique_32k,['the Mississippi River Delta'],7073.316864,7.073316864,Final Answer: ,test,0.0,7073.316864,147.456,"====== Now let's start! ======
Based on the documents above, can you answer the following query? Print out the TITLE and ID of the documents you use to answer. Then format the answers into a list.
query: Where does the body of water by the city where Write This Down was formed empty into the Gulf of Mexico?
",7.073316864,47969.0, ['the Mississippi River Delta']
256,47969.0,musique_32k,['Abu Musa Ashaari'],7073.316864,7.073316864,Final Answer: ,test,0.0,7073.316864,147.456,"====== Now let's start! ======
Based on the documents above, can you answer the following query? Print out the TITLE and ID of the documents you use to answer. Then format the answers into a list.
query: Who was appointed arbitrator by the first convert to the faith that is the most common religion in Southeast Asia?
",7.073316864,47969.0, ['Walter Sabo']
256,47969.0,musique_32k,['Chris Harrison'],7073.316864,7.073316864,Final Answer: ,test,0.0,7073.316864,147.456,"====== Now let's start! ======
Based on the documents above, can you answer the following query? Print out the TITLE and ID of the documents you use to answer. Then format the answers into a list.
query: Who is the host of Who Wants to be a Millionaire in the country that MacGruder and Loud's creator is from?
",7.073316864,47969.0, ['Regis Philbin']
256,47969.0,musique_32k,['Min Zhou'],7073.316864,7.073316864,Final Answer: ,test,0.0,7073.316864,147.456,"====== Now let's start! ======
Based on the documents above, can you answer the following query? Print out the TITLE and ID of the documents you use to answer. Then format the answers into a list.
query: Who is the author of Growing Up this nationality of the creator MacGruder and Loud?
",7.073316864,47969.0, ['Charles Mingus']
256,47969.0,musique_32k,"['Sea, Air, and Land']",7073.316864,7.073316864,Final Answer: ,test,0.0,7073.316864,147.456,"====== Now let's start! ======
Based on the documents above, can you answer the following query? Print out the TITLE and ID of the documents you use to answer. Then format the answers into a list.
query: What does seal stand for in the U.S. military branch that operates a list of destroyer classes, as well as the USS Sable?
",7.073316864,47969.0," ['Seal stands for ""Special Operations Forces"" in the U.S. military branch that operates a list of destroyer classes, as well as the USS Sable']"
256,47969.0,musique_32k,['Toronto Coach Terminal'],7073.316864,7.073316864,Final Answer: ,test,0.0,7073.316864,147.456,"====== Now let's start! ======
Based on the documents above, can you answer the following query? Print out the TITLE and ID of the documents you use to answer. Then format the answers into a list.
query: Where do greyhound buses leave from in the city the performer of Born a Lion formed in?
",7.073316864,47969.0, ['Toronto Coach Terminal']
256,47969.0,musique_32k,"['Sea, Air, and Land']",7073.316864,7.073316864,Final Answer: ,test,0.0,7073.316864,147.456,"====== Now let's start! ======
Based on the documents above, can you answer the following query? Print out the TITLE and ID of the documents you use to answer. Then format the answers into a list.
query: What does seal stand for in the U.S. military branch that operates a list of destroyer classes as well as the USS Jason?
",7.073316864,47969.0," ['Seal stands for ""Special Operations Command, Seal Team""']"
256,47969.0,musique_32k,['1905'],7073.316864,7.073316864,Final Answer: ,test,0.0,7073.316864,147.456,"====== Now let's start! ======
Based on the documents above, can you answer the following query? Print out the TITLE and ID of the documents you use to answer. Then format the answers into a list.
query: What was the wettest year of the administrative territorial entity that contains the administrative territorial entity where Drexel Heights is located?
",7.073316864,47969.0, ['1905']
256,47969.0,musique_32k,['for the conclave in Rome'],7073.316864,7.073316864,Final Answer: ,test,0.0,7073.316864,147.456,"====== Now let's start! ======
Based on the documents above, can you answer the following query? Print out the TITLE and ID of the documents you use to answer. Then format the answers into a list.
query: Why did Roncalli leave the place where Crucifixion's creator died?
",7.073316864,47969.0," ['Roncalli left Venice because he was aware that he was going to be elected to succeed Pope Pius XII, and he had a return train ticket to Venice.']"
256,47969.0,musique_32k,['22'],7073.316864,7.073316864,Final Answer: ,test,0.0,7073.316864,147.456,"====== Now let's start! ======
Based on the documents above, can you answer the following query? Print out the TITLE and ID of the documents you use to answer. Then format the answers into a list.
query: How many times did the plague occur where the creator of The Entombment died?
",7.073316864,47969.0, ['15']
256,47969.0,musique_32k,['1984'],7073.316864,7.073316864,Final Answer: ,test,0.0,7073.316864,147.456,"====== Now let's start! ======
Based on the documents above, can you answer the following query? Print out the TITLE and ID of the documents you use to answer. Then format the answers into a list.
query: When did the state, that contains the county where Elmo is found, reinstate the death penalty?
",7.073316864,47969.0, ['1977']
256,47969.0,musique_32k,"['2,548 sq mi']",7073.316864,7.073316864,Final Answer: ,test,0.0,7073.316864,147.456,"====== Now let's start! ======
Based on the documents above, can you answer the following query? Print out the TITLE and ID of the documents you use to answer. Then format the answers into a list.
query: How many square miles is the city where the Yongle emperor greeted the person to whom the edict was addressed?
",7.073316864,47969.0, ['13.3']
256,47969.0,musique_32k,['Jiangsu Nangang Basketball Club'],7073.316864,7.073316864,Final Answer: ,test,0.0,7073.316864,147.456,"====== Now let's start! ======
Based on the documents above, can you answer the following query? Print out the TITLE and ID of the documents you use to answer. Then format the answers into a list.
query: What is the name of the major basketball team from the city where the Yongle emperor greeted the person to whom the edict was addressed?
",7.073316864,47969.0, ['New York Yankees']
256,47969.0,musique_32k,['Jessie Woodrow Wilson'],7073.316864,7.073316864,Final Answer: ,test,0.0,7073.316864,147.456,"====== Now let's start! ======
Based on the documents above, can you answer the following query? Print out the TITLE and ID of the documents you use to answer. Then format the answers into a list.
query: Who is the child of the president who suffered a major defeat when the body which approves members of the American cabinet refused to ratify the Versailles treaty?
",7.073316864,47969.0, ['Woodrow Wilson']
256,47969.0,musique_32k,['The dynasty regrouped and defeated the Portuguese'],7073.316864,7.073316864,Final Answer: ,test,0.0,7073.316864,147.456,"====== Now let's start! ======
Based on the documents above, can you answer the following query? Print out the TITLE and ID of the documents you use to answer. Then format the answers into a list.
query: How were the people that the Ajuran Empire declared independence from by minting coins expelled from David Htan's country?
",7.073316864,47969.0," ['The people were expelled by minting coins that followed the Ottoman pattern, which was a declaration of independence from the Ajuran Empire.']"
256,47969.0,musique_32k,['Medieval Latin'],7073.316864,7.073316864,Final Answer: ,test,0.0,7073.316864,147.456,"====== Now let's start! ======
Based on the documents above, can you answer the following query? Print out the TITLE and ID of the documents you use to answer. Then format the answers into a list.
query: What was the language Auctor comes from during the era of Rotrude's father later known as?
",7.073316864,47969.0, ['Latin']
256,47969.0,musique_32k,['Medieval Latin'],7073.316864,7.073316864,Final Answer: ,test,0.0,7073.316864,147.456,"====== Now let's start! ======
Based on the documents above, can you answer the following query? Print out the TITLE and ID of the documents you use to answer. Then format the answers into a list.
query: What was the language Auctor comes from during the era of the king who was crowned emperor of the west in 800 CE?
",7.073316864,47969.0, ['Latin']
256,47969.0,musique_32k,['Medieval Latin'],7073.316864,7.073316864,Final Answer: ,test,0.0,7073.316864,147.456,"====== Now let's start! ======
Based on the documents above, can you answer the following query? Print out the TITLE and ID of the documents you use to answer. Then format the answers into a list.
query: What was the language Auctor comes from during the era of the man crowned first Holy Roman Emperor later known as?
",7.073316864,47969.0, ['Latin']
256,47969.0,musique_32k,['1981'],7073.316864,7.073316864,Final Answer: ,test,0.0,7073.316864,147.456,"====== Now let's start! ======
Based on the documents above, can you answer the following query? Print out the TITLE and ID of the documents you use to answer. Then format the answers into a list.
query: When did the maker of the Acura Legend, the manufacturer of Toyopet Master, and Nissan open US assembly plants?
",7.073316864,47969.0, ['1981']
256,47969.0,musique_32k,['1981'],7073.316864,7.073316864,Final Answer: ,test,0.0,7073.316864,147.456,"====== Now let's start! ======
Based on the documents above, can you answer the following query? Print out the TITLE and ID of the documents you use to answer. Then format the answers into a list.
query: When did the maker of the Acura Legend, the employer of Katsuaki Watanabe, and Nissan open US assembly plants?
",7.073316864,47969.0," ['1981', '1981', '1981']"
256,47969.0,musique_32k,['Medieval Latin'],7073.316864,7.073316864,Final Answer: ,test,0.0,7073.316864,147.456,"====== Now let's start! ======
Based on the documents above, can you answer the following query? Print out the TITLE and ID of the documents you use to answer. Then format the answers into a list.
query: What was the version of the language where the last name Sylvester originates, used in the era of Fastrada's spouse, later known as?
",7.073316864,47969.0, ['Latin']
256,47969.0,musique_32k,['Medieval Latin'],7073.316864,7.073316864,Final Answer: ,test,0.0,7073.316864,147.456,"====== Now let's start! ======
Based on the documents above, can you answer the following query? Print out the TITLE and ID of the documents you use to answer. Then format the answers into a list.
query: What was the version of the language where the last name Sylvester originates, used in the era of the king that united the tribes in the 9th century, later called?
",7.073316864,47969.0, ['Latin']
256,47969.0,musique_32k,['1981'],7073.316864,7.073316864,Final Answer: ,test,0.0,7073.316864,147.456,"====== Now let's start! ======
Based on the documents above, can you answer the following query? Print out the TITLE and ID of the documents you use to answer. Then format the answers into a list.
query: When did the maker of the Acura RLX, the owner of Scion, and Nissan open US assembly plants?
",7.073316864,47969.0, ['1981']
256,47969.0,musique_32k,['The dynasty regrouped and defeated the Portuguese'],7073.316864,7.073316864,Final Answer: ,test,0.0,7073.316864,147.456,"====== Now let's start! ======
Based on the documents above, can you answer the following query? Print out the TITLE and ID of the documents you use to answer. Then format the answers into a list.
query: How were the people that the Somali Muslim Ajuran Empire made coins to proclaim independence from, expelled from the country that Minyekyawdin lived in?
",7.073316864,47969.0," ['The people were expelled through military campaigns and political maneuvers, as the Somali Muslim Ajuran Empire was a coalition of Muslim states that opposed the Portuguese and other colonial powers.']"
256,47969.0,musique_32k,['1 December 2010'],7073.316864,7.073316864,Final Answer: ,test,0.0,7073.316864,147.456,"====== Now let's start! ======
Based on the documents above, can you answer the following query? Print out the TITLE and ID of the documents you use to answer. Then format the answers into a list.
query: When was the last time Cian Hughton's team beat the 1894–95 FA Cup winner?
",7.073316864,47969.0, ['1993']
256,47969.0,musique_32k,['1 December 2010'],7073.316864,7.073316864,Final Answer: ,test,0.0,7073.316864,147.456,"====== Now let's start! ======
Based on the documents above, can you answer the following query? Print out the TITLE and ID of the documents you use to answer. Then format the answers into a list.
query: When was the last time Gary Rowett's team beat the 1894-95 FA Cup winner?
",7.073316864,47969.0, ['1993']
256,47969.0,musique_32k,['1 December 2010'],7073.316864,7.073316864,Final Answer: ,test,0.0,7073.316864,147.456,"====== Now let's start! ======
Based on the documents above, can you answer the following query? Print out the TITLE and ID of the documents you use to answer. Then format the answers into a list.
query: When was the last time Johnny Newman's team beat the 1894–95 FA Cup winner?
",7.073316864,47969.0, ['1993']
256,47969.0,musique_32k,['1 December 2010'],7073.316864,7.073316864,Final Answer: ,test,0.0,7073.316864,147.456,"====== Now let's start! ======
Based on the documents above, can you answer the following query? Print out the TITLE and ID of the documents you use to answer. Then format the answers into a list.
query: When was the last time Ken Faulkner's team beat the 1894-95 FA Cup winner?
",7.073316864,47969.0, ['1988']
256,47969.0,musique_32k,['1 December 2010'],7073.316864,7.073316864,Final Answer: ,test,0.0,7073.316864,147.456,"====== Now let's start! ======
Based on the documents above, can you answer the following query? Print out the TITLE and ID of the documents you use to answer. Then format the answers into a list.
query: When was the last time the team that Malcolm Briggs was a member of beat the 1894-95 FA cup winner?
",7.073316864,47969.0, ['1993']
256,47969.0,musique_32k,['about 400 years'],7073.316864,7.073316864,Final Answer: ,test,0.0,7073.316864,147.456,"====== Now let's start! ======
Based on the documents above, can you answer the following query? Print out the TITLE and ID of the documents you use to answer. Then format the answers into a list.
query: How long had the city where the Yongle Emperor greeted the Karmapa been the capitol city of Yaxing Coach's headquarters location?
",7.073316864,47969.0, ['1998']
256,47969.0,musique_32k,['South Central Coast'],7073.316864,7.073316864,Final Answer: ,test,0.0,7073.316864,147.456,"====== Now let's start! ======
Based on the documents above, can you answer the following query? Print out the TITLE and ID of the documents you use to answer. Then format the answers into a list.
query: In what region of the country containing the Cái River is the place where John Phan was born?
",7.073316864,47969.0, ['Vietnamese']
256,47969.0,musique_32k,['January 2015'],7073.316864,7.073316864,Final Answer: ,test,0.0,7073.316864,147.456,"====== Now let's start! ======
Based on the documents above, can you answer the following query? Print out the TITLE and ID of the documents you use to answer. Then format the answers into a list.
query: When did the party that controls the House of Representatives take control of the branch that gives regulators discretion to prohibit proprietary trades?
",7.073316864,47969.0, ['1981']
256,47969.0,musique_32k,['January 2015'],7073.316864,7.073316864,Final Answer: ,test,0.0,7073.316864,147.456,"====== Now let's start! ======
Based on the documents above, can you answer the following query? Print out the TITLE and ID of the documents you use to answer. Then format the answers into a list.
query: When did the party Oklahoma's US Senators come from take control of the body determining the rules of the US House and US Senate?
",7.073316864,47969.0, ['1964']
256,47969.0,musique_32k,['Kingdom of Saudi Arabia'],7073.316864,7.073316864,Final Answer: ,test,0.0,7073.316864,147.456,"====== Now let's start! ======
Based on the documents above, can you answer the following query? Print out the TITLE and ID of the documents you use to answer. Then format the answers into a list.
query: What region is to the north of what used to be known as Near East and the body of water between east africa and Arabian Peninsula?
",7.073316864,47969.0," ['South Central Coast', 'Red Sea']"
256,47969.0,musique_32k,['Presque Isle County'],7073.316864,7.073316864,Final Answer: ,test,0.0,7073.316864,147.456,"====== Now let's start! ======
Based on the documents above, can you answer the following query? Print out the TITLE and ID of the documents you use to answer. Then format the answers into a list.
query: Which county shares a border with the county where the most populous city in the state where WEKL operates is located?
",7.073316864,47969.0, ['Oconto County']
256,47969.0,musique_32k,['German Renaissance'],7073.316864,7.073316864,Final Answer: ,test,0.0,7073.316864,147.456,"====== Now let's start! ======
Based on the documents above, can you answer the following query? Print out the TITLE and ID of the documents you use to answer. Then format the answers into a list.
query: In New Zealand, 12.6% of Christians belong to a church that is also active in Lesotho. What movement was led by a man who challenged this church?
",7.073316864,47969.0, ['Roman Catholic Church']
256,47969.0,musique_32k,['GDR'],7073.316864,7.073316864,Final Answer: ,test,0.0,7073.316864,147.456,"====== Now let's start! ======
Based on the documents above, can you answer the following query? Print out the TITLE and ID of the documents you use to answer. Then format the answers into a list.
query: What is the abbreviation for Angela Merkel's original home country that once had border troops called the Deutsche Grenzpolizei?
",7.073316864,47969.0, ['Germany']
256,47969.0,musique_32k,['1905'],7073.316864,7.073316864,Final Answer: ,test,0.0,7073.316864,147.456,"====== Now let's start! ======
Based on the documents above, can you answer the following query? Print out the TITLE and ID of the documents you use to answer. Then format the answers into a list.
query: What was the wettest year in the second largest city in the state where Yuma's Library District is located?
",7.073316864,47969.0, ['1905']
256,47969.0,musique_32k,['four-year'],7073.316864,7.073316864,Final Answer: ,test,0.0,7073.316864,147.456,"====== Now let's start! ======
Based on the documents above, can you answer the following query? Print out the TITLE and ID of the documents you use to answer. Then format the answers into a list.
query: How long are the city council terms in the second largest city in the state where Yuma is located?
",7.073316864,47969.0, ['four-year terms']
256,47969.0,musique_32k,['two'],7073.316864,7.073316864,Final Answer: ,test,0.0,7073.316864,147.456,"====== Now let's start! ======
Based on the documents above, can you answer the following query? Print out the TITLE and ID of the documents you use to answer. Then format the answers into a list.
query: How many ethnic minorities were looked at differently where the only group larger than BMG's partner from 2005 to 2007 is headquartered?
",7.073316864,47969.0, ['two']
256,47969.0,musique_32k,['usually in the summer or fall'],7073.316864,7.073316864,Final Answer: ,test,0.0,7073.316864,147.456,"====== Now let's start! ======
Based on the documents above, can you answer the following query? Print out the TITLE and ID of the documents you use to answer. Then format the answers into a list.
query: When do hurricanes occur in the ocean that borders the state where Williamsburg, Main Street Station and another share a track?
",7.073316864,47969.0, ['During the summer or fall']
256,47969.0,musique_32k,['Green Bay'],7073.316864,7.073316864,Final Answer: ,test,0.0,7073.316864,147.456,"====== Now let's start! ======
Based on the documents above, can you answer the following query? Print out the TITLE and ID of the documents you use to answer. Then format the answers into a list.
query: What is the seat of the county sharing a border with the county in which J.P. Hayes was born?
",7.073316864,47969.0, ['Oconto County']
256,47969.0,musique_32k,['Rio Linda'],7073.316864,7.073316864,Final Answer: ,test,0.0,7073.316864,147.456,"====== Now let's start! ======
Based on the documents above, can you answer the following query? Print out the TITLE and ID of the documents you use to answer. Then format the answers into a list.
query: What shares a border with the city where the person who went to the state where the 951 area code is used during the gold rush works?
",7.073316864,47969.0, ['San Francisco']
256,47969.0,musique_32k,['two'],7073.316864,7.073316864,Final Answer: ,test,0.0,7073.316864,147.456,"====== Now let's start! ======
Based on the documents above, can you answer the following query? Print out the TITLE and ID of the documents you use to answer. Then format the answers into a list.
query: How many ethnic minorities were looked at differently in the city where the headquarters of the company that Study in Brown's record label is a part of?
",7.073316864,47969.0, ['two']
256,47969.0,musique_32k,['1930'],7073.316864,7.073316864,Final Answer: ,test,0.0,7073.316864,147.456,"====== Now let's start! ======
Based on the documents above, can you answer the following query? Print out the TITLE and ID of the documents you use to answer. Then format the answers into a list.
query: When was the region that lies to the north of the region where Aluf is located and the Persian Gulf created?
",7.073316864,47969.0, ['1902']
256,47969.0,musique_32k,['Green Bay'],7073.316864,7.073316864,Final Answer: ,test,0.0,7073.316864,147.456,"====== Now let's start! ======
Based on the documents above, can you answer the following query? Print out the TITLE and ID of the documents you use to answer. Then format the answers into a list.
query: What is the capital of the county that shares a border with the county whose capital is the birthplace of Erik Jensen?
",7.073316864,47969.0, ['Oconto County']
256,47969.0,musique_32k,['Mario Andretti'],7073.316864,7.073316864,Final Answer: ,test,0.0,7073.316864,147.456,"====== Now let's start! ======
Based on the documents above, can you answer the following query? Print out the TITLE and ID of the documents you use to answer. Then format the answers into a list.
query: Who won the Indy car race in the largest city and capitol of the state where the Changes Two performer is from?
",7.073316864,47969.0, ['Charles Mingus']
256,47969.0,musique_32k,['Mario Andretti'],7073.316864,7.073316864,Final Answer: ,test,0.0,7073.316864,147.456,"====== Now let's start! ======
Based on the documents above, can you answer the following query? Print out the TITLE and ID of the documents you use to answer. Then format the answers into a list.
query: Who won the Indy Car Race in the largest populated city of the state where the performer of Mingus Three is from?
",7.073316864,47969.0, ['Erik Jensen']
256,47969.0,musique_32k,"['Thursday, March 29']",7073.316864,7.073316864,Final Answer: ,test,0.0,7073.316864,147.456,"====== Now let's start! ======
Based on the documents above, can you answer the following query? Print out the TITLE and ID of the documents you use to answer. Then format the answers into a list.
query: When is the opening day of the league of the team with the most titles from the event after which they give out the MLB MVP award?
",7.073316864,47969.0," ['April 16, 2009']"
256,47969.0,musique_32k,"['March 29, 2018']",7073.316864,7.073316864,Final Answer: ,test,0.0,7073.316864,147.456,"====== Now let's start! ======
Based on the documents above, can you answer the following query? Print out the TITLE and ID of the documents you use to answer. Then format the answers into a list.
query: When does the regular season of the league where the team with the most titles from the series after which the MLB MVP award is given out plays?
",7.073316864,47969.0, ['1985']
256,47969.0,musique_32k,"['March 29, 2018']",7073.316864,7.073316864,Final Answer: ,test,0.0,7073.316864,147.456,"====== Now let's start! ======
Based on the documents above, can you answer the following query? Print out the TITLE and ID of the documents you use to answer. Then format the answers into a list.
query: When is opening day of the season of the league that the team that has the most titles from the competition they gave out MVP awards after?
",7.073316864,47969.0, ['1985']
256,47969.0,musique_32k,['Josh Beckett'],7073.316864,7.073316864,Final Answer: ,test,0.0,7073.316864,147.456,"====== Now let's start! ======
Based on the documents above, can you answer the following query? Print out the TITLE and ID of the documents you use to answer. Then format the answers into a list.
query: Who was second pick in the 1999 draft of the league that has a competition where they give out the MLB MVP award after it?
",7.073316864,47969.0, ['Josh Hamilton']
256,47969.0,musique_32k,['Pristina'],7073.316864,7.073316864,Final Answer: ,test,0.0,7073.316864,147.456,"====== Now let's start! ======
Based on the documents above, can you answer the following query? Print out the TITLE and ID of the documents you use to answer. Then format the answers into a list.
query: The original language of the film titled and about the city of Tito's final resting place is the co-official language of a country. Where are the headquarters for that country's national radio and TV broadcaster?
",7.073316864,47969.0, ['National Public Radio (NPR)']
256,47969.0,musique_32k,['1943–1992'],7073.316864,7.073316864,Final Answer: ,test,0.0,7073.316864,147.456,"====== Now let's start! ======
Based on the documents above, can you answer the following query? Print out the TITLE and ID of the documents you use to answer. Then format the answers into a list.
query: A country's military branch, the equivalent of which in the US contains the Air Defense Artillery, was unprepared for the invasion of Ivo Werner's country. When was the word ""Slavs"" used in the national anthem of the unprepared country?
",7.073316864,47969.0, ['1988']
256,47969.0,musique_32k,['1943–1992'],7073.316864,7.073316864,Final Answer: ,test,0.0,7073.316864,147.456,"====== Now let's start! ======
Based on the documents above, can you answer the following query? Print out the TITLE and ID of the documents you use to answer. Then format the answers into a list.
query: A country's military branch, the equivalent of which in the US contains the Air Defense Artillery, was unprepared for the invasion of the country that developed the ZH-29. When was the word ""Slavs"" used in the national anthem of the unprepared country?
",7.073316864,47969.0, ['1981']
256,47969.0,musique_32k,"[""Alfredo Stroessner's Paraguay""]",7073.316864,7.073316864,Final Answer: ,test,0.0,7073.316864,147.456,"====== Now let's start! ======
Based on the documents above, can you answer the following query? Print out the TITLE and ID of the documents you use to answer. Then format the answers into a list.
query: Country A developed the ZH-29 and invaded Country B because their military branch that the Air Defense Artillery is a branch of was unprepared. Country B was the only communist country to have an embassy where?
",7.073316864,47969.0, ['Vietnam']
256,47969.0,musique_32k,"[""Alfredo Stroessner's Paraguay""]",7073.316864,7.073316864,Final Answer: ,test,0.0,7073.316864,147.456,"====== Now let's start! ======
Based on the documents above, can you answer the following query? Print out the TITLE and ID of the documents you use to answer. Then format the answers into a list.
query: Hana Mandlikova was born in Country A that invaded Country B because the military branch that helped Old West's local police was unprepared. Country B was the only communist country to have an embassy where?
",7.073316864,47969.0, ['Burmese']
256,47969.0,musique_32k,['The dynasty regrouped and defeated the Portuguese'],7073.316864,7.073316864,Final Answer: ,test,0.0,7073.316864,147.456,"====== Now let's start! ======
Based on the documents above, can you answer the following query? Print out the TITLE and ID of the documents you use to answer. Then format the answers into a list.
query: How were the Portuguese expelled from the country that is a natural boundary between the country that hosted the tournament and the country That Dam is located?
",7.073316864,47969.0," ['The Portuguese were expelled through military conflict and political changes, leading to the establishment of the independent state.']"
256,47969.0,musique_32k,['1989'],7073.316864,7.073316864,Final Answer: ,test,0.0,7073.316864,147.456,"====== Now let's start! ======
Based on the documents above, can you answer the following query? Print out the TITLE and ID of the documents you use to answer. Then format the answers into a list.
query: When did Burma change its name to the country on the natural boundary between the country that hosted the tournament and the country where That Dam is from?
",7.073316864,47969.0, ['1989']
256,47969.0,musique_32k,['Han Chinese emigrants'],7073.316864,7.073316864,Final Answer: ,test,0.0,7073.316864,147.456,"====== Now let's start! ======
Based on the documents above, can you answer the following query? Print out the TITLE and ID of the documents you use to answer. Then format the answers into a list.
query: Who brought the language Hokkien to the country on the natural boundary between the country that hosted the tournament and the country where A Don is from?
",7.073316864,47969.0, ['Henry Haight']
256,47969.0,musique_32k,['1235'],7073.316864,7.073316864,Final Answer: ,test,0.0,7073.316864,147.456,"====== Now let's start! ======
Based on the documents above, can you answer the following query? Print out the TITLE and ID of the documents you use to answer. Then format the answers into a list.
query: When was Burma's name changed to the country between the country that hosted the tournament and the country where A Don is from?
",7.073316864,47969.0, ['1989']
256,47969.0,musique_32k,['Confederate Gen. John Bell Hood'],7073.316864,7.073316864,Final Answer: ,test,0.0,7073.316864,147.456,"====== Now let's start! ======
Based on the documents above, can you answer the following query? Print out the TITLE and ID of the documents you use to answer. Then format the answers into a list.
query: Who burned down the city where Dunn Dunn's artist died in the war after which the government got involved in healthcare?
",7.073316864,47969.0, ['John C. Calhoun']
256,47969.0,musique_32k,['The dynasty regrouped and defeated the Portuguese'],7073.316864,7.073316864,Final Answer: ,test,0.0,7073.316864,147.456,"====== Now let's start! ======
Based on the documents above, can you answer the following query? Print out the TITLE and ID of the documents you use to answer. Then format the answers into a list.
query: New coins by the Somali Muslim Ajuran Empire were a proclamation of independence from a nation. How were the people of that nation expelled from country that borders Thailand and Ban Nampo village's country?
",7.073316864,47969.0," ['The people of that nation were expelled from the country that borders Thailand and Ban Nampo village's country through the Somali Muslim Ajuran Empire's declaration of independence, which was a proclamation of independence from a nation.']"
256,47969.0,musique_32k,['two cities'],7073.316864,7.073316864,Final Answer: ,test,0.0,7073.316864,147.456,"====== Now let's start! ======
Based on the documents above, can you answer the following query? Print out the TITLE and ID of the documents you use to answer. Then format the answers into a list.
query: A country gained control of Florida after the war in which Charles Edward Nugent saw action. Besides being in different parts of that country, what other differences are there between Real Madrid and Hostafrancs's city's team?
",7.073316864,47969.0," ['Spain', 'Real Madrid is a football club in Spain, while Hostafrancs is a metro station in Barcelona, Spain']"
256,47969.0,musique_32k,['third-largest'],7073.316864,7.073316864,Final Answer: ,test,0.0,7073.316864,147.456,"====== Now let's start! ======
Based on the documents above, can you answer the following query? Print out the TITLE and ID of the documents you use to answer. Then format the answers into a list.
query: In the top five largest urban areas in the US state in which the band performing Scars was formed, where does the city having Pathology rank?
",7.073316864,47969.0, ['third-largest']
256,47969.0,musique_32k,['1839'],7073.316864,7.073316864,Final Answer: ,test,0.0,7073.316864,147.456,"====== Now let's start! ======
Based on the documents above, can you answer the following query? Print out the TITLE and ID of the documents you use to answer. Then format the answers into a list.
query: When did the town WIZE is licensed in become capitol of the state where Ward Township is located?
",7.073316864,47969.0, ['1819']
