retained_context_tokens,memory_budget,split,answer_prefix,predicted_answer,token_budget,answers,memory_budget_unit,retained_kv_memory_mb,context_tokens,kv_memory_per_token_kb,question,uncompressed_kv_memory_mb,retained_kv_memory_gb,task,compression_ratio,max_new_tokens,uncompressed_kv_memory_gb
6781.0,1.0,dev,Final Answer: , ['81'],6781.0,['Mazda'],GB,999.899136,121232.0,147.456,"====== Now let's start! ======
Based on the documents above, can you answer the following query? Print out the TITLE and ID of the documents you use to answer. Then format the answers into a list.
query: What is the manufacturer of the car used by the Ford CD2 platform's design inspiration?
",17876.385792,0.999899136,hotpotqa_128k,0.9440659231885971,256,17.876385792
6781.0,1.0,dev,Final Answer: , ['Nickelodeon Animation Studio'],6781.0,['Chino Moreno'],GB,999.899136,121232.0,147.456,"====== Now let's start! ======
Based on the documents above, can you answer the following query? Print out the TITLE and ID of the documents you use to answer. Then format the answers into a list.
query: How has played in more bands, Kim Wilson or Chino Moreno?
",17876.385792,0.999899136,hotpotqa_128k,0.9440659231885971,256,17.876385792
6781.0,1.0,dev,Final Answer: , ['La Machine à écrire'],6781.0,['Hot Lead and Cold Feet'],GB,999.899136,121232.0,147.456,"====== Now let's start! ======
Based on the documents above, can you answer the following query? Print out the TITLE and ID of the documents you use to answer. Then format the answers into a list.
query: Which was released first, The Greatest Game Ever Played or Hot Lead and Cold Feet?
",17876.385792,0.999899136,hotpotqa_128k,0.9440659231885971,256,17.876385792
6781.0,1.0,dev,Final Answer: , ['Jean Michael Shea'],6781.0,['Edward Albert Heimberger'],GB,999.899136,121232.0,147.456,"====== Now let's start! ======
Based on the documents above, can you answer the following query? Print out the TITLE and ID of the documents you use to answer. Then format the answers into a list.
query: What actor appeared in ""Evening in Byzantium"" and was nominated for the Academy Award for Best Supporting Actor in 1973 for ""The Heartbreak Kid""?
",17876.385792,0.999899136,hotpotqa_128k,0.9440659231885971,256,17.876385792
6781.0,1.0,dev,Final Answer: ," ['Jean Cocteau (writer)', 'Ed Wood (disambiguation)']",6781.0,['yes'],GB,999.899136,121232.0,147.456,"====== Now let's start! ======
Based on the documents above, can you answer the following query? Print out the TITLE and ID of the documents you use to answer. Then format the answers into a list.
query: Were Scott Derrickson and Ed Wood of the same nationality?
",17876.385792,0.999899136,hotpotqa_128k,0.9440659231885971,256,17.876385792
6781.0,1.0,dev,Final Answer: , ['Osmunda'],6781.0,['Podocarpus'],GB,999.899136,121232.0,147.456,"====== Now let's start! ======
Based on the documents above, can you answer the following query? Print out the TITLE and ID of the documents you use to answer. Then format the answers into a list.
query: Which species is the most numerous, Podocarpus or Osmunda?
",17876.385792,0.999899136,hotpotqa_128k,0.9440659231885971,256,17.876385792
6781.0,1.0,dev,Final Answer: , ['The history of Belgium'],6781.0,['cockpit'],GB,999.899136,121232.0,147.456,"====== Now let's start! ======
Based on the documents above, can you answer the following query? Print out the TITLE and ID of the documents you use to answer. Then format the answers into a list.
query: What word or phrase is found in both the history of Belgium and cockfighting?
",17876.385792,0.999899136,hotpotqa_128k,0.9440659231885971,256,17.876385792
6781.0,1.0,dev,Final Answer: ," ['None of the provided documents contain information about the day of the week the eleventh season's finale of ""American Dad!"" aired.']",6781.0,['Sunday'],GB,999.899136,121232.0,147.456,"====== Now let's start! ======
Based on the documents above, can you answer the following query? Print out the TITLE and ID of the documents you use to answer. Then format the answers into a list.
query: On what day of the week did the eleventh season's finale of American Dad air?
",17876.385792,0.999899136,hotpotqa_128k,0.9440659231885971,256,17.876385792
6781.0,1.0,dev,Final Answer: ," ['The 2008 IIHF World Championship rosters recognized the top defenceman as which Canadian professional ice hockey defenceman, who at times has been utilized as a forward, currently playing for the San Jose Sharks of the National Hockey League (NHL)?']",6781.0,['Brent Burns'],GB,999.899136,121232.0,147.456,"====== Now let's start! ======
Based on the documents above, can you answer the following query? Print out the TITLE and ID of the documents you use to answer. Then format the answers into a list.
query: The 2008 IIHF World Championship rosters recognized the top defenceman as which Canadian professional ice hockey defenceman, who at times has been utilized as a forward, currently playing for the San Jose Sharks of the National Hockey League (NHL)?
",17876.385792,0.999899136,hotpotqa_128k,0.9440659231885971,256,17.876385792
6781.0,1.0,dev,Final Answer: , ['Ain't Thinkin' 'Bout You'],6781.0,['orange'],GB,999.899136,121232.0,147.456,"====== Now let's start! ======
Based on the documents above, can you answer the following query? Print out the TITLE and ID of the documents you use to answer. Then format the answers into a list.
query: What is the main flavor of both soft drinks, Solo from Norway, and Sunkist?
",17876.385792,0.999899136,hotpotqa_128k,0.9440659231885971,256,17.876385792
6781.0,1.0,test,Final Answer: , ['Ain't Thinkin' 'Bout You'],6781.0,['Dan Bilzerian'],GB,999.899136,121232.0,147.456,"====== Now let's start! ======
Based on the documents above, can you answer the following query? Print out the TITLE and ID of the documents you use to answer. Then format the answers into a list.
query: Which American professional poker player also starred in the 2015 movie ""Extraction""?
",17876.385792,0.999899136,hotpotqa_128k,0.9440659231885971,256,17.876385792
6781.0,1.0,test,Final Answer: , ['La Machine à écrire'],6781.0,"[""Laura's Star""]",GB,999.899136,121232.0,147.456,"====== Now let's start! ======
Based on the documents above, can you answer the following query? Print out the TITLE and ID of the documents you use to answer. Then format the answers into a list.
query: Which film was released first, Laura's Star or Wonder Woman?
",17876.385792,0.999899136,hotpotqa_128k,0.9440659231885971,256,17.876385792
6781.0,1.0,test,Final Answer: ,877,6781.0,['in 2000'],GB,999.899136,121232.0,147.456,"====== Now let's start! ======
Based on the documents above, can you answer the following query? Print out the TITLE and ID of the documents you use to answer. Then format the answers into a list.
query: In what year did construction begin on the stadium where the 2013 America East Men's Lacrosse Tournament was held?
",17876.385792,0.999899136,hotpotqa_128k,0.9440659231885971,256,17.876385792
6781.0,1.0,test,Final Answer: , ['Jean Maurice Eugène Clément Cocteau'],6781.0,['Araminta Ross'],GB,999.899136,121232.0,147.456,"====== Now let's start! ======
Based on the documents above, can you answer the following query? Print out the TITLE and ID of the documents you use to answer. Then format the answers into a list.
query: What is the birth name of the woman that ""A Woman Called Moses"" is based on?
",17876.385792,0.999899136,hotpotqa_128k,0.9440659231885971,256,17.876385792
6781.0,1.0,test,Final Answer: , ['La Machine à écrire'],6781.0,"['Parliamentarians (""Roundheads"") and Royalists (""Cavaliers"")']",GB,999.899136,121232.0,147.456,"====== Now let's start! ======
Based on the documents above, can you answer the following query? Print out the TITLE and ID of the documents you use to answer. Then format the answers into a list.
query: Arundel Castle was damaged during a war between which two groups?
",17876.385792,0.999899136,hotpotqa_128k,0.9440659231885971,256,17.876385792
6781.0,1.0,test,Final Answer: , ['Ricardo Rodríguez Saá'],6781.0,['Adolfo Rodríguez Saá'],GB,999.899136,121232.0,147.456,"====== Now let's start! ======
Based on the documents above, can you answer the following query? Print out the TITLE and ID of the documents you use to answer. Then format the answers into a list.
query: Which one of Ricardo Rodríguez Saá's relatives would become governor from 1983 to 2001?
",17876.385792,0.999899136,hotpotqa_128k,0.9440659231885971,256,17.876385792
6781.0,1.0,test,Final Answer: ,1951,6781.0,['1976'],GB,999.899136,121232.0,147.456,"====== Now let's start! ======
Based on the documents above, can you answer the following query? Print out the TITLE and ID of the documents you use to answer. Then format the answers into a list.
query: What year did the largest convention center in the U.S. state of Georgia open?
",17876.385792,0.999899136,hotpotqa_128k,0.9440659231885971,256,17.876385792
6781.0,1.0,test,Final Answer: , ['La Machine à écrire'],6781.0,['Obsession'],GB,999.899136,121232.0,147.456,"====== Now let's start! ======
Based on the documents above, can you answer the following query? Print out the TITLE and ID of the documents you use to answer. Then format the answers into a list.
query: which board game has been around longer Obsession or Battle Sheep ?
",17876.385792,0.999899136,hotpotqa_128k,0.9440659231885971,256,17.876385792
6781.0,1.0,test,Final Answer: , ['Jean Cocteau'],6781.0,['Eli Roth'],GB,999.899136,121232.0,147.456,"====== Now let's start! ======
Based on the documents above, can you answer the following query? Print out the TITLE and ID of the documents you use to answer. Then format the answers into a list.
query: Which American film director and actor famous for his role as Donny ""The Bear Jew"" Donowitz wrote the 2012 film ""The Man with the Iron Fists""?
",17876.385792,0.999899136,hotpotqa_128k,0.9440659231885971,256,17.876385792
6781.0,1.0,test,Final Answer: , ['Brian A. Miller'],6781.0,['Washington State'],GB,999.899136,121232.0,147.456,"====== Now let's start! ======
Based on the documents above, can you answer the following query? Print out the TITLE and ID of the documents you use to answer. Then format the answers into a list.
query: After coaching the red raiders to several winning seasons, where does Mike Leach currently coach at?
",17876.385792,0.999899136,hotpotqa_128k,0.9440659231885971,256,17.876385792
6781.0,1.0,test,Final Answer: , ['Nickelodeon Animation Studio'],6781.0,['Love Drunk'],GB,999.899136,121232.0,147.456,"====== Now let's start! ======
Based on the documents above, can you answer the following query? Print out the TITLE and ID of the documents you use to answer. Then format the answers into a list.
query: What was the lead single from Boys Like Girls album on which frontman, Martin Johnson co-wrote a song with Taylor Swift? A: Love Drunk
",17876.385792,0.999899136,hotpotqa_128k,0.9440659231885971,256,17.876385792
6781.0,1.0,test,Final Answer: , ['Ibn Tufail'],6781.0,['1940'],GB,999.899136,121232.0,147.456,"====== Now let's start! ======
Based on the documents above, can you answer the following query? Print out the TITLE and ID of the documents you use to answer. Then format the answers into a list.
query: When did the person who claimed that Fidel Castro was killed in the 26th July Movement but was proven wrong by Herbert Matthews first serve as President of Cuba?
",17876.385792,0.999899136,hotpotqa_128k,0.9440659231885971,256,17.876385792
6781.0,1.0,test,Final Answer: ," ['Charon Gardens Wilderness Area', '877']",6781.0,['The Galtür avalanche'],GB,999.899136,121232.0,147.456,"====== Now let's start! ======
Based on the documents above, can you answer the following query? Print out the TITLE and ID of the documents you use to answer. Then format the answers into a list.
query: Which Avalanche happened first, Rigopiano avalanche or 1999 Galtür avalanche ?
",17876.385792,0.999899136,hotpotqa_128k,0.9440659231885971,256,17.876385792
6781.0,1.0,test,Final Answer: , ['Ibn Tufail'],6781.0,['Ali Qushji'],GB,999.899136,121232.0,147.456,"====== Now let's start! ======
Based on the documents above, can you answer the following query? Print out the TITLE and ID of the documents you use to answer. Then format the answers into a list.
query: Which man, Ibn Tufail or Ali Qushji, is best known for the development of astronomical physics independent from natural philosophy?
",17876.385792,0.999899136,hotpotqa_128k,0.9440659231885971,256,17.876385792
6781.0,1.0,test,Final Answer: , ['La Machine à écrire'],6781.0,['December 1974'],GB,999.899136,121232.0,147.456,"====== Now let's start! ======
Based on the documents above, can you answer the following query? Print out the TITLE and ID of the documents you use to answer. Then format the answers into a list.
query: When was the anthology, in which fisrt pages of The Incal"" were released, created?
",17876.385792,0.999899136,hotpotqa_128k,0.9440659231885971,256,17.876385792
6781.0,1.0,test,Final Answer: , ['Nickelodeon Animation Studio'],6781.0,['England'],GB,999.899136,121232.0,147.456,"====== Now let's start! ======
Based on the documents above, can you answer the following query? Print out the TITLE and ID of the documents you use to answer. Then format the answers into a list.
query: Which internationl football team has had a player endorse the ""Nike Hypervenom"" football boot?
",17876.385792,0.999899136,hotpotqa_128k,0.9440659231885971,256,17.876385792
6781.0,1.0,test,Final Answer: , ['Jean Maurice Eugène Clément Cocteau'],6781.0,['Morgan Llywelyn'],GB,999.899136,121232.0,147.456,"====== Now let's start! ======
Based on the documents above, can you answer the following query? Print out the TITLE and ID of the documents you use to answer. Then format the answers into a list.
query: Who was born first,  Morgan Llywelyn or Robert Jordan?
",17876.385792,0.999899136,hotpotqa_128k,0.9440659231885971,256,17.876385792
6781.0,1.0,test,Final Answer: , ['La Machine a ecirire'],6781.0,['Ten Walls'],GB,999.899136,121232.0,147.456,"====== Now let's start! ======
Based on the documents above, can you answer the following query? Print out the TITLE and ID of the documents you use to answer. Then format the answers into a list.
query: What Lithuanian producer is best known for a song that was one of the most popular songs in Ibiza in 2014?
",17876.385792,0.999899136,hotpotqa_128k,0.9440659231885971,256,17.876385792
6781.0,1.0,test,Final Answer: , ['The 1934 Speedway National League'],6781.0,['Caesars Palace Grand Prix'],GB,999.899136,121232.0,147.456,"====== Now let's start! ======
Based on the documents above, can you answer the following query? Print out the TITLE and ID of the documents you use to answer. Then format the answers into a list.
query: Former race car driver Jeff Wood made his CART debut at which 1983 Nissan/Datsun-sponsored race?
",17876.385792,0.999899136,hotpotqa_128k,0.9440659231885971,256,17.876385792
6781.0,1.0,test,Final Answer: , ['Writing with Intent (album)'],6781.0,['The Suite Life of Zack & Cody'],GB,999.899136,121232.0,147.456,"====== Now let's start! ======
Based on the documents above, can you answer the following query? Print out the TITLE and ID of the documents you use to answer. Then format the answers into a list.
query: Candace Flynn was voiced by the actress who achieved mainstream success on what show?
",17876.385792,0.999899136,hotpotqa_128k,0.9440659231885971,256,17.876385792
6781.0,1.0,test,Final Answer: , ['Jean Cocteau (writer)'],6781.0,['Cambridge University'],GB,999.899136,121232.0,147.456,"====== Now let's start! ======
Based on the documents above, can you answer the following query? Print out the TITLE and ID of the documents you use to answer. Then format the answers into a list.
query: Where did the architect of the Governor's House, located in Knutsford, graduate from college?
",17876.385792,0.999899136,hotpotqa_128k,0.9440659231885971,256,17.876385792
6781.0,1.0,test,Final Answer: ,30000000,6781.0,['25 million copies'],GB,999.899136,121232.0,147.456,"====== Now let's start! ======
Based on the documents above, can you answer the following query? Print out the TITLE and ID of the documents you use to answer. Then format the answers into a list.
query: A Big Daddy is a fictional character in a series that has sold more than how many copies?
",17876.385792,0.999899136,hotpotqa_128k,0.9440659231885971,256,17.876385792
6781.0,1.0,test,Final Answer: , ['Writing with Intent (album)'],6781.0,['Ellie Kemper'],GB,999.899136,121232.0,147.456,"====== Now let's start! ======
Based on the documents above, can you answer the following query? Print out the TITLE and ID of the documents you use to answer. Then format the answers into a list.
query: Which actress does this Netflix's project by Nick Bernardone and Tina Fey star in the title role?
",17876.385792,0.999899136,hotpotqa_128k,0.9440659231885971,256,17.876385792
6781.0,1.0,test,Final Answer: , ['Ain't Thinkin' 'Bout You'],6781.0,['The R-8 Human Rhythm Composer'],GB,999.899136,121232.0,147.456,"====== Now let's start! ======
Based on the documents above, can you answer the following query? Print out the TITLE and ID of the documents you use to answer. Then format the answers into a list.
query: What drum machine was introduced in 1989 and allowed 32 notes to be played simultaneously?
",17876.385792,0.999899136,hotpotqa_128k,0.9440659231885971,256,17.876385792
6781.0,1.0,test,Final Answer: , ['The Vanishing (1988 film)'],6781.0,['The Vanishing'],GB,999.899136,121232.0,147.456,"====== Now let's start! ======
Based on the documents above, can you answer the following query? Print out the TITLE and ID of the documents you use to answer. Then format the answers into a list.
query: What is the name of the 1988 film starring Gene Bervoets that was based on the Dutch to English translated novel, ""The Vanishing""?
",17876.385792,0.999899136,hotpotqa_128k,0.9440659231885971,256,17.876385792
6781.0,1.0,test,Final Answer: , ['Brian A. Miller'],6781.0,['Michael Bruce Fiers'],GB,999.899136,121232.0,147.456,"====== Now let's start! ======
Based on the documents above, can you answer the following query? Print out the TITLE and ID of the documents you use to answer. Then format the answers into a list.
query: Which player played for Nova Southeastern Sharks, MIlwaukee Brewers and Houston Astros?
",17876.385792,0.999899136,hotpotqa_128k,0.9440659231885971,256,17.876385792
6781.0,1.0,test,Final Answer: ," ['Lawton, Oklahoma']",6781.0,['Scapegoat Mountain'],GB,999.899136,121232.0,147.456,"====== Now let's start! ======
Based on the documents above, can you answer the following query? Print out the TITLE and ID of the documents you use to answer. Then format the answers into a list.
query: What summit is located in the county who's county seat is Helena?
",17876.385792,0.999899136,hotpotqa_128k,0.9440659231885971,256,17.876385792
6781.0,1.0,test,Final Answer: , ['Brian A. Miller'],6781.0,['Justin Spitzer'],GB,999.899136,121232.0,147.456,"====== Now let's start! ======
Based on the documents above, can you answer the following query? Print out the TITLE and ID of the documents you use to answer. Then format the answers into a list.
query: Who created the NBC sitcom that Johnny Pemberton appears in as the character Bo Thompson?
",17876.385792,0.999899136,hotpotqa_128k,0.9440659231885971,256,17.876385792
6781.0,1.0,test,Final Answer: ," ['Jean Cocteau (1900)', 'Luisa Miller']",6781.0,['no'],GB,999.899136,121232.0,147.456,"====== Now let's start! ======
Based on the documents above, can you answer the following query? Print out the TITLE and ID of the documents you use to answer. Then format the answers into a list.
query: Are both Götterdämmerung and Dafne considered operas?
",17876.385792,0.999899136,hotpotqa_128k,0.9440659231885971,256,17.876385792
6781.0,1.0,test,Final Answer: , ['Jean Cocteau (1907)'],6781.0,['Rome'],GB,999.899136,121232.0,147.456,"====== Now let's start! ======
Based on the documents above, can you answer the following query? Print out the TITLE and ID of the documents you use to answer. Then format the answers into a list.
query: In what city did the ""Prince of tenors"" star in a film based on an opera by Giacomo Puccini?
",17876.385792,0.999899136,hotpotqa_128k,0.9440659231885971,256,17.876385792
6781.0,1.0,test,Final Answer: , ['Ain't Thinkin' 'Bout You'],6781.0,['Koninklijke Ahold N.V.'],GB,999.899136,121232.0,147.456,"====== Now let's start! ======
Based on the documents above, can you answer the following query? Print out the TITLE and ID of the documents you use to answer. Then format the answers into a list.
query: What retailer did Albert Heijn start up that eventually merged with the Delhaize Group?
",17876.385792,0.999899136,hotpotqa_128k,0.9440659231885971,256,17.876385792
6781.0,1.0,test,Final Answer: , ['The 1934 Speedway National League'],6781.0,['Unbreakable'],GB,999.899136,121232.0,147.456,"====== Now let's start! ======
Based on the documents above, can you answer the following query? Print out the TITLE and ID of the documents you use to answer. Then format the answers into a list.
query: Blinding Edge Pictures produced which 2000 film starring Bruce Willis?
",17876.385792,0.999899136,hotpotqa_128k,0.9440659231885971,256,17.876385792
6781.0,1.0,test,Final Answer: , ['Jean Cocteau'],6781.0,['directed by Shane Meadows'],GB,999.899136,121232.0,147.456,"====== Now let's start! ======
Based on the documents above, can you answer the following query? Print out the TITLE and ID of the documents you use to answer. Then format the answers into a list.
query: Stephen Graham starred in a film in 2006, directed by whom?
",17876.385792,0.999899136,hotpotqa_128k,0.9440659231885971,256,17.876385792
6781.0,1.0,test,Final Answer: , ['The Wing Chun (film)'],6781.0,['world wushu tournament'],GB,999.899136,121232.0,147.456,"====== Now let's start! ======
Based on the documents above, can you answer the following query? Print out the TITLE and ID of the documents you use to answer. Then format the answers into a list.
query: Wing Chun starred Michelle Yeoh and a Hong Kong actor, martial artist, and film director who won what tournament multiple times?
",17876.385792,0.999899136,hotpotqa_128k,0.9440659231885971,256,17.876385792
6781.0,1.0,test,Final Answer: , ['Istanbul'],6781.0,['Turkey'],GB,999.899136,121232.0,147.456,"====== Now let's start! ======
Based on the documents above, can you answer the following query? Print out the TITLE and ID of the documents you use to answer. Then format the answers into a list.
query: What is name of the city in Istanbul which has both Column of the Goths and Gül Mosque?
",17876.385792,0.999899136,hotpotqa_128k,0.9440659231885971,256,17.876385792
6781.0,1.0,test,Final Answer: , ['Friedrich Julius Rosenbach'],6781.0,['Omega SA'],GB,999.899136,121232.0,147.456,"====== Now let's start! ======
Based on the documents above, can you answer the following query? Print out the TITLE and ID of the documents you use to answer. Then format the answers into a list.
query: What is the name of the company manged by Joseph Reiser based in Biel/Bienne, Switzerland?
",17876.385792,0.999899136,hotpotqa_128k,0.9440659231885971,256,17.876385792
6781.0,1.0,test,Final Answer: ,2,6781.0,['five'],GB,999.899136,121232.0,147.456,"====== Now let's start! ======
Based on the documents above, can you answer the following query? Print out the TITLE and ID of the documents you use to answer. Then format the answers into a list.
query: Luisa Miller is an opera with three acts, whereas Don Quichotte is an opera with how many acts?
",17876.385792,0.999899136,hotpotqa_128k,0.9440659231885971,256,17.876385792
6781.0,1.0,test,Final Answer: , ['Jean Sagbo (disambiguation)'],6781.0,['Afro-Russian'],GB,999.899136,121232.0,147.456,"====== Now let's start! ======
Based on the documents above, can you answer the following query? Print out the TITLE and ID of the documents you use to answer. Then format the answers into a list.
query: jean Sagbo, considered ""Russia's Obama"" is considered to belong to what ethnic group based on his having African heritage or dark skin?
",17876.385792,0.999899136,hotpotqa_128k,0.9440659231885971,256,17.876385792
6781.0,1.0,test,Final Answer: ," ['Lawton, Oklahoma']",6781.0,['Lawton Chiles'],GB,999.899136,121232.0,147.456,"====== Now let's start! ======
Based on the documents above, can you answer the following query? Print out the TITLE and ID of the documents you use to answer. Then format the answers into a list.
query: Which American politician who served as United States Senator from 1971 to 1989 was Governor of Florida before Buddy MacKay?
",17876.385792,0.999899136,hotpotqa_128k,0.9440659231885971,256,17.876385792
6781.0,1.0,test,Final Answer: , ['Writing with Intent'],6781.0,['8 November 1978'],GB,999.899136,121232.0,147.456,"====== Now let's start! ======
Based on the documents above, can you answer the following query? Print out the TITLE and ID of the documents you use to answer. Then format the answers into a list.
query: When was the younger brother of Farshid Karimi born ?
",17876.385792,0.999899136,hotpotqa_128k,0.9440659231885971,256,17.876385792
6781.0,1.0,test,Final Answer: , ['The 1934 Speedway National League'],6781.0,['Nye County'],GB,999.899136,121232.0,147.456,"====== Now let's start! ======
Based on the documents above, can you answer the following query? Print out the TITLE and ID of the documents you use to answer. Then format the answers into a list.
query: In which county is this site located where Operation Buster–Jangle was conducted?
",17876.385792,0.999899136,hotpotqa_128k,0.9440659231885971,256,17.876385792
6781.0,1.0,test,Final Answer: , [''],6781.0,['genus'],GB,999.899136,121232.0,147.456,"====== Now let's start! ======
Based on the documents above, can you answer the following query? Print out the TITLE and ID of the documents you use to answer. Then format the answers into a list.
query: Both Phaedranassa and Mitella are considered the classification of what level of species?
",17876.385792,0.999899136,hotpotqa_128k,0.9440659231885971,256,17.876385792
6781.0,1.0,test,Final Answer: , ['Jean Cocteau (film)'],6781.0,['yes'],GB,999.899136,121232.0,147.456,"====== Now let's start! ======
Based on the documents above, can you answer the following query? Print out the TITLE and ID of the documents you use to answer. Then format the answers into a list.
query: Are Anja Salomonowitz and Rod Lurie both directors?
",17876.385792,0.999899136,hotpotqa_128k,0.9440659231885971,256,17.876385792
6781.0,1.0,test,Final Answer: , ['877'],6781.0,['Shawnee'],GB,999.899136,121232.0,147.456,"====== Now let's start! ======
Based on the documents above, can you answer the following query? Print out the TITLE and ID of the documents you use to answer. Then format the answers into a list.
query: What is the county seat of the county in which Keokuk Falls, Oklahoma is loated?
",17876.385792,0.999899136,hotpotqa_128k,0.9440659231885971,256,17.876385792
6781.0,1.0,test,Final Answer: , ['India'],6781.0,['Jamnagar'],GB,999.899136,121232.0,147.456,"====== Now let's start! ======
Based on the documents above, can you answer the following query? Print out the TITLE and ID of the documents you use to answer. Then format the answers into a list.
query: What country is the member of Gujarat Legislative Assembly and parliament representing?
",17876.385792,0.999899136,hotpotqa_128k,0.9440659231885971,256,17.876385792
6781.0,1.0,test,Final Answer: , ['Friedrich Julius Rosenbach'],6781.0,['Viscount Cranborne'],GB,999.899136,121232.0,147.456,"====== Now let's start! ======
Based on the documents above, can you answer the following query? Print out the TITLE and ID of the documents you use to answer. Then format the answers into a list.
query: William Pery served as Captain of the Yeomen of the Guard under the lord who served in what position from 1865 to 1868?
",17876.385792,0.999899136,hotpotqa_128k,0.9440659231885971,256,17.876385792
6781.0,1.0,test,Final Answer: , ['The Hounds of Zaroff'],6781.0,['The Most Dangerous Game'],GB,999.899136,121232.0,147.456,"====== Now let's start! ======
Based on the documents above, can you answer the following query? Print out the TITLE and ID of the documents you use to answer. Then format the answers into a list.
query: What was Richard Connell's best known work The Hounds of Zaroff also published as?
",17876.385792,0.999899136,hotpotqa_128k,0.9440659231885971,256,17.876385792
6781.0,1.0,test,Final Answer: , ['Jean Cocteau'],6781.0,['John M. Dowd'],GB,999.899136,121232.0,147.456,"====== Now let's start! ======
Based on the documents above, can you answer the following query? Print out the TITLE and ID of the documents you use to answer. Then format the answers into a list.
query: What was the name of the lawyer who took the main role in the report that helped land Pete Rose a lifetime suspension from baseball?
",17876.385792,0.999899136,hotpotqa_128k,0.9440659231885971,256,17.876385792
6781.0,1.0,test,Final Answer: , ['Jean Cocteau'],6781.0,['photographer'],GB,999.899136,121232.0,147.456,"====== Now let's start! ======
Based on the documents above, can you answer the following query? Print out the TITLE and ID of the documents you use to answer. Then format the answers into a list.
query: What kind of creative artist was Howell Conant, famed for his work with Grace Kelly?
",17876.385792,0.999899136,hotpotqa_128k,0.9440659231885971,256,17.876385792
6781.0,1.0,test,Final Answer: ,6,6781.0,['eight'],GB,999.899136,121232.0,147.456,"====== Now let's start! ======
Based on the documents above, can you answer the following query? Print out the TITLE and ID of the documents you use to answer. Then format the answers into a list.
query: How many legs does the animal, in which Karl Kraepelin discusses in ""Scorpiones und Pedipalpi,"" have?
",17876.385792,0.999899136,hotpotqa_128k,0.9440659231885971,256,17.876385792
6781.0,1.0,test,Final Answer: , ['Nickelodeon Animation Studio'],6781.0,['Philadelphia'],GB,999.899136,121232.0,147.456,"====== Now let's start! ======
Based on the documents above, can you answer the following query? Print out the TITLE and ID of the documents you use to answer. Then format the answers into a list.
query: Not Richard, But Dick was an album by the band formed in what city?
",17876.385792,0.999899136,hotpotqa_128k,0.9440659231885971,256,17.876385792
6781.0,1.0,test,Final Answer: ," ['Jean Cocteau', 'Writing with Intent']",6781.0,['no'],GB,999.899136,121232.0,147.456,"====== Now let's start! ======
Based on the documents above, can you answer the following query? Print out the TITLE and ID of the documents you use to answer. Then format the answers into a list.
query: Are Isaac Asimov and Michael Cunningham both American writers?
",17876.385792,0.999899136,hotpotqa_128k,0.9440659231885971,256,17.876385792
6781.0,1.0,test,Final Answer: , ['Nickelodeon Animation Studio'],6781.0,['yes'],GB,999.899136,121232.0,147.456,"====== Now let's start! ======
Based on the documents above, can you answer the following query? Print out the TITLE and ID of the documents you use to answer. Then format the answers into a list.
query: Were the films ""Ten Who Dared"" and ""Tonka"" distributed by the same company?
",17876.385792,0.999899136,hotpotqa_128k,0.9440659231885971,256,17.876385792
6781.0,1.0,test,Final Answer: , ['Nickelodeon Animation Studio'],6781.0,['North End Football Club'],GB,999.899136,121232.0,147.456,"====== Now let's start! ======
Based on the documents above, can you answer the following query? Print out the TITLE and ID of the documents you use to answer. Then format the answers into a list.
query: Steve Uzelac played football for which league located in Preston, Lancashire?
",17876.385792,0.999899136,hotpotqa_128k,0.9440659231885971,256,17.876385792
6781.0,1.0,test,Final Answer: , ['Writing with Intent'],6781.0,['Mercury Prize'],GB,999.899136,121232.0,147.456,"====== Now let's start! ======
Based on the documents above, can you answer the following query? Print out the TITLE and ID of the documents you use to answer. Then format the answers into a list.
query: ""Hold On"" is a song that features the vocals of a British singer whose debut album won what prize in 2017?
",17876.385792,0.999899136,hotpotqa_128k,0.9440659231885971,256,17.876385792
6781.0,1.0,test,Final Answer: , ['Writing with Intent'],6781.0,['Gregory Walter Graffin'],GB,999.899136,121232.0,147.456,"====== Now let's start! ======
Based on the documents above, can you answer the following query? Print out the TITLE and ID of the documents you use to answer. Then format the answers into a list.
query: Q: Who had more solo albums, Marty Raybon or Greg Graffin?
",17876.385792,0.999899136,hotpotqa_128k,0.9440659231885971,256,17.876385792
6781.0,1.0,test,Final Answer: ,"81, 183",6781.0,['yes'],GB,999.899136,121232.0,147.456,"====== Now let's start! ======
Based on the documents above, can you answer the following query? Print out the TITLE and ID of the documents you use to answer. Then format the answers into a list.
query: Is there fruit juice in both a Fizz and a Painkiller cocktail?
",17876.385792,0.999899136,hotpotqa_128k,0.9440659231885971,256,17.876385792
6781.0,1.0,test,Final Answer: ,"13 people were killed in the collapse of the bridge featured in the drama film *The Public Domain*.  

This information is derived from the document titled:  
**""The Greatest Game Ever Played""** (ID: 1016) — which references the 1934 Speedway National League and does not mention the bridge collapse.  

However, the query specifically refers to the film *The Public Domain*, which is not directly referenced in any of the provided documents. The only document mentioning a bridge collapse is **""The Greatest Game Ever Played""**, which is unrelated to the film *The Public Domain*.  

There is **no document** that explicitly states the number of people killed in the collapse of the bridge featured in *The Public Domain* (a film about a bridge collapse).  

Therefore, based on the provided documents, **the query cannot be answered with certainty**.  

Final Answer: [No relevant information found in the provided documents]",6781.0,['13 people'],GB,999.899136,121232.0,147.456,"====== Now let's start! ======
Based on the documents above, can you answer the following query? Print out the TITLE and ID of the documents you use to answer. Then format the answers into a list.
query: How many people were killed in the collapse of the bridge featured in the drama film, The Public Domain ?
",17876.385792,0.999899136,hotpotqa_128k,0.9440659231885971,256,17.876385792
6781.0,1.0,test,Final Answer: ," ['Lawton, Oklahoma']",6781.0,['Valley Falls'],GB,999.899136,121232.0,147.456,"====== Now let's start! ======
Based on the documents above, can you answer the following query? Print out the TITLE and ID of the documents you use to answer. Then format the answers into a list.
query: What is the most populous city in the county where Caleb Stegall served as District attorney?
",17876.385792,0.999899136,hotpotqa_128k,0.9440659231885971,256,17.876385792
6781.0,1.0,test,Final Answer: ,0,6781.0,['15'],GB,999.899136,121232.0,147.456,"====== Now let's start! ======
Based on the documents above, can you answer the following query? Print out the TITLE and ID of the documents you use to answer. Then format the answers into a list.
query: How many animals does the wall running between the West Gate Lodge and Cardiff Castle depict?
",17876.385792,0.999899136,hotpotqa_128k,0.9440659231885971,256,17.876385792
6781.0,1.0,test,Final Answer: , ['Nickelodeon Animation Studio'],6781.0,"['Flint, Michigan, United States']",GB,999.899136,121232.0,147.456,"====== Now let's start! ======
Based on the documents above, can you answer the following query? Print out the TITLE and ID of the documents you use to answer. Then format the answers into a list.
query: Where is the American honky tonk country band, whose first studio album was Honky Tonks and Cheap Motels, based?
",17876.385792,0.999899136,hotpotqa_128k,0.9440659231885971,256,17.876385792
6781.0,1.0,test,Final Answer: , ['Czechoslovakia'],6781.0,['Bolshoi Theatre'],GB,999.899136,121232.0,147.456,"====== Now let's start! ======
Based on the documents above, can you answer the following query? Print out the TITLE and ID of the documents you use to answer. Then format the answers into a list.
query: Anna Aglatova made her first public appearance at which Moscow theatre in 2005?
",17876.385792,0.999899136,hotpotqa_128k,0.9440659231885971,256,17.876385792
6781.0,1.0,test,Final Answer: ," ['The ""Moor Park Mansion"" is also known as ""Moor Park""']",6781.0,['The More'],GB,999.899136,121232.0,147.456,"====== Now let's start! ======
Based on the documents above, can you answer the following query? Print out the TITLE and ID of the documents you use to answer. Then format the answers into a list.
query: What other name is the Moor Park Mansion known as?
",17876.385792,0.999899136,hotpotqa_128k,0.9440659231885971,256,17.876385792
6781.0,1.0,test,Final Answer: , ['Laurus'],6781.0,['Laurus'],GB,999.899136,121232.0,147.456,"====== Now let's start! ======
Based on the documents above, can you answer the following query? Print out the TITLE and ID of the documents you use to answer. Then format the answers into a list.
query: Which has more species Laurus or Liriodendron?
",17876.385792,0.999899136,hotpotqa_128k,0.9440659231885971,256,17.876385792
6781.0,1.0,test,Final Answer: , ['None'],6781.0,"['Military Band of Hanover,']",GB,999.899136,121232.0,147.456,"====== Now let's start! ======
Based on the documents above, can you answer the following query? Print out the TITLE and ID of the documents you use to answer. Then format the answers into a list.
query: What role in the military did the discoverer of the elliptical galaxy NGC 3610 have before reaching Britain ?
",17876.385792,0.999899136,hotpotqa_128k,0.9440659231885971,256,17.876385792
6781.0,1.0,test,Final Answer: , ['The Hatter and the March Hare'],6781.0,"[""Alice's Adventures in Wonderland""]",GB,999.899136,121232.0,147.456,"====== Now let's start! ======
Based on the documents above, can you answer the following query? Print out the TITLE and ID of the documents you use to answer. Then format the answers into a list.
query: Both Hatter and March Hare are characters in which book?
",17876.385792,0.999899136,hotpotqa_128k,0.9440659231885971,256,17.876385792
6781.0,1.0,test,Final Answer: , ['La Machine à écrire'],6781.0,['sailor'],GB,999.899136,121232.0,147.456,"====== Now let's start! ======
Based on the documents above, can you answer the following query? Print out the TITLE and ID of the documents you use to answer. Then format the answers into a list.
query: Maggie May is a musical based on a folk song about a prostitute who robbed whom?
",17876.385792,0.999899136,hotpotqa_128k,0.9440659231885971,256,17.876385792
6781.0,1.0,test,Final Answer: , ['Ain't Thinkin' 'Bout You'],6781.0,['Prudential Center'],GB,999.899136,121232.0,147.456,"====== Now let's start! ======
Based on the documents above, can you answer the following query? Print out the TITLE and ID of the documents you use to answer. Then format the answers into a list.
query: Kim English was selected by the Pistons during the draft held at what location?
",17876.385792,0.999899136,hotpotqa_128k,0.9440659231885971,256,17.876385792
6781.0,1.0,test,Final Answer: , ['Ibn Tufail'],6781.0,['Scotland'],GB,999.899136,121232.0,147.456,"====== Now let's start! ======
Based on the documents above, can you answer the following query? Print out the TITLE and ID of the documents you use to answer. Then format the answers into a list.
query: Where does the descendant of the Red Setter originate?
",17876.385792,0.999899136,hotpotqa_128k,0.9440659231885971,256,17.876385792
6781.0,1.0,test,Final Answer: , ['La Machine à écrire'],6781.0,['American Scientist'],GB,999.899136,121232.0,147.456,"====== Now let's start! ======
Based on the documents above, can you answer the following query? Print out the TITLE and ID of the documents you use to answer. Then format the answers into a list.
query: Was American Scientist or Dwell published first?
",17876.385792,0.999899136,hotpotqa_128k,0.9440659231885971,256,17.876385792
6781.0,1.0,test,Final Answer: , ['The Peel Group'],6781.0,['Peel Holdings'],GB,999.899136,121232.0,147.456,"====== Now let's start! ======
Based on the documents above, can you answer the following query? Print out the TITLE and ID of the documents you use to answer. Then format the answers into a list.
query: What was the former name of the company which operates Hunterston Terminal?
",17876.385792,0.999899136,hotpotqa_128k,0.9440659231885971,256,17.876385792
6781.0,1.0,test,Final Answer: , ['La Machine a ecirire'],6781.0,['state-franchised'],GB,999.899136,121232.0,147.456,"====== Now let's start! ======
Based on the documents above, can you answer the following query? Print out the TITLE and ID of the documents you use to answer. Then format the answers into a list.
query: Millennium Greens were funded in part by a what type of lottery?
",17876.385792,0.999899136,hotpotqa_128k,0.9440659231885971,256,17.876385792
6781.0,1.0,test,Final Answer: , ['La Machine à écrire'],6781.0,['no'],GB,999.899136,121232.0,147.456,"====== Now let's start! ======
Based on the documents above, can you answer the following query? Print out the TITLE and ID of the documents you use to answer. Then format the answers into a list.
query: Are both Don Giovanni and Cardillac operas with three acts?
",17876.385792,0.999899136,hotpotqa_128k,0.9440659231885971,256,17.876385792
6781.0,1.0,test,Final Answer: ,81,6781.0,['November'],GB,999.899136,121232.0,147.456,"====== Now let's start! ======
Based on the documents above, can you answer the following query? Print out the TITLE and ID of the documents you use to answer. Then format the answers into a list.
query: When did the animated series Kent Scott wrote end after beginning in September of 2002 on ""Nick on CBS""?
",17876.385792,0.999899136,hotpotqa_128k,0.9440659231885971,256,17.876385792
6781.0,1.0,test,Final Answer: ,1988,6781.0,['1982'],GB,999.899136,121232.0,147.456,"====== Now let's start! ======
Based on the documents above, can you answer the following query? Print out the TITLE and ID of the documents you use to answer. Then format the answers into a list.
query: The figure skater who was coached to Olympic, World, and national titles by Richard Callaghan was born in what year?
",17876.385792,0.999899136,hotpotqa_128k,0.9440659231885971,256,17.876385792
6781.0,1.0,test,Final Answer: , ['The Dead Milkmen'],6781.0,['Melissa Rauch'],GB,999.899136,121232.0,147.456,"====== Now let's start! ======
Based on the documents above, can you answer the following query? Print out the TITLE and ID of the documents you use to answer. Then format the answers into a list.
query: Who starred in The Bronze and also showed up on the CBS sitcom ""The Big Bang Theory""?
",17876.385792,0.999899136,hotpotqa_128k,0.9440659231885971,256,17.876385792
6781.0,1.0,test,Final Answer: , ['Nickelodeon Animation Studio'],6781.0,['yes'],GB,999.899136,121232.0,147.456,"====== Now let's start! ======
Based on the documents above, can you answer the following query? Print out the TITLE and ID of the documents you use to answer. Then format the answers into a list.
query: Are Mick Jagger and Brett Scallions both musicians?
",17876.385792,0.999899136,hotpotqa_128k,0.9440659231885971,256,17.876385792
6781.0,1.0,test,Final Answer: , ['Tampa Bay Lightning'],6781.0,['Tampa Bay Lightning'],GB,999.899136,121232.0,147.456,"====== Now let's start! ======
Based on the documents above, can you answer the following query? Print out the TITLE and ID of the documents you use to answer. Then format the answers into a list.
query: What NHL team drafted Kaspars Astasenko in 1999 and won the Stanley Cup in 2003-04?
",17876.385792,0.999899136,hotpotqa_128k,0.9440659231885971,256,17.876385792
6781.0,1.0,test,Final Answer: , ['Computing Machinery and Intelligence'],6781.0,['1954'],GB,999.899136,121232.0,147.456,"====== Now let's start! ======
Based on the documents above, can you answer the following query? Print out the TITLE and ID of the documents you use to answer. Then format the answers into a list.
query: When did the author of ""Computing Machinery and Intelligence"" die?
",17876.385792,0.999899136,hotpotqa_128k,0.9440659231885971,256,17.876385792
6781.0,1.0,test,Final Answer: , ['Ibn Tufail'],6781.0,['Pablo Escobar'],GB,999.899136,121232.0,147.456,"====== Now let's start! ======
Based on the documents above, can you answer the following query? Print out the TITLE and ID of the documents you use to answer. Then format the answers into a list.
query: What cartel drug lord with the reputation as ""The King of Cocaine"" partnered with Jack Carlton Reed to provide drugs to the United States in the 20th century?
",17876.385792,0.999899136,hotpotqa_128k,0.9440659231885971,256,17.876385792
6781.0,1.0,test,Final Answer: , ['Jean Cocteau (1907)'],6781.0,['Boston Herald'],GB,999.899136,121232.0,147.456,"====== Now let's start! ======
Based on the documents above, can you answer the following query? Print out the TITLE and ID of the documents you use to answer. Then format the answers into a list.
query: Charles Coughlin was a controversial Canadian-American Roman Catholic who also started what rumor?
",17876.385792,0.999899136,hotpotqa_128k,0.9440659231885971,256,17.876385792
6781.0,1.0,test,Final Answer: , ['The Lodger (2009 film)'],6781.0,"['Alfredo ""Alfred"" Molina']",GB,999.899136,121232.0,147.456,"====== Now let's start! ======
Based on the documents above, can you answer the following query? Print out the TITLE and ID of the documents you use to answer. Then format the answers into a list.
query: What English-American actor known for his role in ""Raiders of the Lost Ark"" starred in The Lodger?
",17876.385792,0.999899136,hotpotqa_128k,0.9440659231885971,256,17.876385792
6781.0,1.0,test,Final Answer: , ['La Machine à écrire'],6781.0,['Godspell'],GB,999.899136,121232.0,147.456,"====== Now let's start! ======
Based on the documents above, can you answer the following query? Print out the TITLE and ID of the documents you use to answer. Then format the answers into a list.
query: What film directed by David Greene did Merrell Jackson play an apostle in?
",17876.385792,0.999899136,hotpotqa_128k,0.9440659231885971,256,17.876385792
6781.0,1.0,test,Final Answer: , ['Nickelodeon Animation Studio'],6781.0,['Physical'],GB,999.899136,121232.0,147.456,"====== Now let's start! ======
Based on the documents above, can you answer the following query? Print out the TITLE and ID of the documents you use to answer. Then format the answers into a list.
query: In the Glee episode ""Bad Reputation,"" Sue Sylvester dances to this song, by a four-time Grammy winner and star of musical film ""Grease.""
",17876.385792,0.999899136,hotpotqa_128k,0.9440659231885971,256,17.876385792
6781.0,1.0,test,Final Answer: , ['Writing with Intent'],6781.0,['Patriots Day'],GB,999.899136,121232.0,147.456,"====== Now let's start! ======
Based on the documents above, can you answer the following query? Print out the TITLE and ID of the documents you use to answer. Then format the answers into a list.
query: What film, based on the book “Boston Strong”, featured the actress Alex McKenna?
",17876.385792,0.999899136,hotpotqa_128k,0.9440659231885971,256,17.876385792
6781.0,1.0,test,Final Answer: , ['Fifth Avenue Apartments'],6781.0,['Tudor City'],GB,999.899136,121232.0,147.456,"====== Now let's start! ======
Based on the documents above, can you answer the following query? Print out the TITLE and ID of the documents you use to answer. Then format the answers into a list.
query: What apartment complex originally constructed in 1927 is included in Manhattan Community Board 6?
",17876.385792,0.999899136,hotpotqa_128k,0.9440659231885971,256,17.876385792
6781.0,1.0,test,Final Answer: , ['The Ready Set and Cell'],6781.0,['band'],GB,999.899136,121232.0,147.456,"====== Now let's start! ======
Based on the documents above, can you answer the following query? Print out the TITLE and ID of the documents you use to answer. Then format the answers into a list.
query: What are The Ready Set and Cell?
",17876.385792,0.999899136,hotpotqa_128k,0.9440659231885971,256,17.876385792
6781.0,1.0,test,Final Answer: , ['2016–17 Hobart Hurricanes season'],6781.0,['Fort Bragg'],GB,999.899136,121232.0,147.456,"====== Now let's start! ======
Based on the documents above, can you answer the following query? Print out the TITLE and ID of the documents you use to answer. Then format the answers into a list.
query: The 43d Air Mobility Operations Group is stationed at which largest military installation?
",17876.385792,0.999899136,hotpotqa_128k,0.9440659231885971,256,17.876385792
6781.0,1.0,test,Final Answer: , ['Ivan Simson (author)'],6781.0,['Battle of Singapore'],GB,999.899136,121232.0,147.456,"====== Now let's start! ======
Based on the documents above, can you answer the following query? Print out the TITLE and ID of the documents you use to answer. Then format the answers into a list.
query: Ivan Simson was under the command of the officer who was most noted for a defeat at what WWII battle?
",17876.385792,0.999899136,hotpotqa_128k,0.9440659231885971,256,17.876385792
6781.0,1.0,test,Final Answer: , ['Writing with Intent'],6781.0,['no'],GB,999.899136,121232.0,147.456,"====== Now let's start! ======
Based on the documents above, can you answer the following query? Print out the TITLE and ID of the documents you use to answer. Then format the answers into a list.
query: Are Ian Brown and Dee Snider both actors?
",17876.385792,0.999899136,hotpotqa_128k,0.9440659231885971,256,17.876385792
6781.0,1.0,test,Final Answer: , ['Nickelodeon Animation Studio'],6781.0,['LA Galaxy'],GB,999.899136,121232.0,147.456,"====== Now let's start! ======
Based on the documents above, can you answer the following query? Print out the TITLE and ID of the documents you use to answer. Then format the answers into a list.
query: What Cason, CA soccer team features the son of Roy Lassiter?
",17876.385792,0.999899136,hotpotqa_128k,0.9440659231885971,256,17.876385792
6781.0,1.0,test,Final Answer: , ['La Machine a ecirire'],6781.0,['Centre-du-Québec'],GB,999.899136,121232.0,147.456,"====== Now let's start! ======
Based on the documents above, can you answer the following query? Print out the TITLE and ID of the documents you use to answer. Then format the answers into a list.
query: Where did this dish emerge in the late 1950s that is a long-standing tradition in New Jersey?
",17876.385792,0.999899136,hotpotqa_128k,0.9440659231885971,256,17.876385792
6781.0,1.0,test,Final Answer: , ['La Machine à écrire'],6781.0,['pro-Confederate'],GB,999.899136,121232.0,147.456,"====== Now let's start! ======
Based on the documents above, can you answer the following query? Print out the TITLE and ID of the documents you use to answer. Then format the answers into a list.
query: Red Mountain is a film that centers on an attempt by a group of what group of Civil War rangers?
",17876.385792,0.999899136,hotpotqa_128k,0.9440659231885971,256,17.876385792
6781.0,1.0,test,Final Answer: ," ['Luisa Miller', 'Luisa Miller']",6781.0,['Louise'],GB,999.899136,121232.0,147.456,"====== Now let's start! ======
Based on the documents above, can you answer the following query? Print out the TITLE and ID of the documents you use to answer. Then format the answers into a list.
query: Which opera has more acts, Louise or Le roi malgré lui?
",17876.385792,0.999899136,hotpotqa_128k,0.9440659231885971,256,17.876385792
6781.0,1.0,test,Final Answer: ," ['""Ain't Thinkin' 'Bout You""']",6781.0,['double platinum'],GB,999.899136,121232.0,147.456,"====== Now let's start! ======
Based on the documents above, can you answer the following query? Print out the TITLE and ID of the documents you use to answer. Then format the answers into a list.
query: ""JK Wedding Entrance Dance"" is a viral video that uses a song by a rapper whose first album was certified what?
",17876.385792,0.999899136,hotpotqa_128k,0.9440659231885971,256,17.876385792
6781.0,1.0,test,Final Answer: , ['Nickelodeon Animation Studio'],6781.0,"['Masayoshi ""Masa"" Takayama']",GB,999.899136,121232.0,147.456,"====== Now let's start! ======
Based on the documents above, can you answer the following query? Print out the TITLE and ID of the documents you use to answer. Then format the answers into a list.
query: What chef is the owner of a Japanese restaurant in the Tribeca neighborhood and also owns two Bar Masas in New York and Nevada?
",17876.385792,0.999899136,hotpotqa_128k,0.9440659231885971,256,17.876385792
6781.0,1.0,test,Final Answer: , ['Nickelodeon Animation Studio'],6781.0,['1919'],GB,999.899136,121232.0,147.456,"====== Now let's start! ======
Based on the documents above, can you answer the following query? Print out the TITLE and ID of the documents you use to answer. Then format the answers into a list.
query: When was the club formed, for which Adam  Johnson played as well as Middlesbrough and Watford ?
",17876.385792,0.999899136,hotpotqa_128k,0.9440659231885971,256,17.876385792
6781.0,1.0,test,Final Answer: , ['Writing with Intent'],6781.0,['Max Martin and Shellback'],GB,999.899136,121232.0,147.456,"====== Now let's start! ======
Based on the documents above, can you answer the following query? Print out the TITLE and ID of the documents you use to answer. Then format the answers into a list.
query: Who co-wrote Taylor Swift's song that had its music video premiere during the pre-show of the 2015 MTV Video Music Awards?
",17876.385792,0.999899136,hotpotqa_128k,0.9440659231885971,256,17.876385792
6781.0,1.0,test,Final Answer: , ['Jean Maurice Eugène Clément Cocteau'],6781.0,['the voice of The Beast'],GB,999.899136,121232.0,147.456,"====== Now let's start! ======
Based on the documents above, can you answer the following query? Print out the TITLE and ID of the documents you use to answer. Then format the answers into a list.
query: What other notable role did the star actor from Jeremy perform?
",17876.385792,0.999899136,hotpotqa_128k,0.9440659231885971,256,17.876385792
6781.0,1.0,test,Final Answer: , ['Jean Cocteau'],6781.0,['The Changing Scottish Landscape'],GB,999.899136,121232.0,147.456,"====== Now let's start! ======
Based on the documents above, can you answer the following query? Print out the TITLE and ID of the documents you use to answer. Then format the answers into a list.
query: Isabella Kelly was born at a ruined castle characterized as one of the most isolated fortifications in Britain by who?
",17876.385792,0.999899136,hotpotqa_128k,0.9440659231885971,256,17.876385792
