uncompressed_kv_memory_gb,retained_context_tokens,retained_kv_memory_gb,answer_prefix,task,uncompressed_kv_memory_mb,question,answers,kv_memory_per_token_kb,compression_ratio,split,retained_kv_memory_mb,context_tokens,predicted_answer,max_new_tokens
3.227648,49250.0,3.227648,Final Answer: ,hotpotqa_32k,3227.648,"====== Now let's start! ======
Based on the documents above, can you answer the following query? Print out the TITLE and ID of the documents you use to answer. Then format the answers into a list.
query: What is the manufacturer of the car used by the Ford CD2 platform's design inspiration?
",['Mazda'],65.536,0.0,dev,3227.648,49250.0,"1. Identify the Ford CD2 platform's design inspiration: According to document ID 430, ""The design is based on Mazda's GF platform, used by the Mazda Capella/626.""
2. Identify the manufacturer of the car (Mazda Capella/626) that uses this platform: According to document ID 471, ""The Mazda Capella is a mid-size car that was manufactured by Mazda from 1970 to 2002.""
3. The manufacturer is Mazda.

TITLE: Ford CD2 platform | ID: 430
TITLE: Mazda Capella | ID: 471

Final Answer: ['Mazda']",256
3.227648,49250.0,3.227648,Final Answer: ,hotpotqa_32k,3227.648,"====== Now let's start! ======
Based on the documents above, can you answer the following query? Print out the TITLE and ID of the documents you use to answer. Then format the answers into a list.
query: How has played in more bands, Kim Wilson or Chino Moreno?
",['Chino Moreno'],65.536,0.0,dev,3227.648,49250.0,"1

To answer this query, I need to count the number of bands each musician has played in based on the provided documents.

**Document Analysis:**
*   **ID: 427 (Kim Wilson):** The text states he is ""best known as the lead vocalist and frontman for the **Fabulous Thunderbirds**"". It mentions he wrote a hit for ""the group"". It does not explicitly list other bands he has played in. Count = 1.
*   **ID: 397 (Chino Moreno):** The text states he is ""best known as the lead vocalist and contributing guitarist of **Deftones**"". It also states he is ""a member of the side-project groups **Team Sleep**, **Crosses**, **Saudade**, and **Palms**"". Count = 1 (Deftones) + 4 (side projects) = 5.

**Comparison:**
Chino Moreno has played in 5 bands (Deftones, Team Sleep, Crosses, Saudade, Palms).
Kim Wilson is mentioned as playing in 1 band (Fabulous Thunderbirds).

Therefore, Chino Moreno has played in more bands.

**Documents Used:**
TITLE: Kim Wilson",256
3.227648,49250.0,3.227648,Final Answer: ,hotpotqa_32k,3227.648,"====== Now let's start! ======
Based on the documents above, can you answer the following query? Print out the TITLE and ID of the documents you use to answer. Then format the answers into a list.
query: Which was released first, The Greatest Game Ever Played or Hot Lead and Cold Feet?
",['Hot Lead and Cold Feet'],65.536,0.0,dev,3227.648,49250.0,"1978

Based on the provided documents, there is no information regarding the release date of the film ""The Greatest Game Ever Played"". However, Document ID 381 states that ""Hot Lead and Cold Feet"" is a 1978 American comedy-western film.

Since the release date for ""The Greatest Game Ever Played"" is not in the text, a definitive comparison cannot be made using *only* the provided documents. However, if we assume the question implies checking the available data:

*   **Hot Lead and Cold Feet**: Released in 1978 (Document ID 381).
*   **The Greatest Game Ever Played**: Not mentioned in the documents.

If the user expects an answer based on external knowledge (which contradicts the instruction to answer *based on the documents*), ""The Greatest Game Ever Played"" was released in 2005, making ""Hot Lead and Cold Feet"" the earlier film. But strictly adhering to the provided text, only the date for ""Hot Lead and Cold Feet"" is available.

Given the constraints of the task to answer based on the documents, and the fact that one date is missing, the most accurate answer derivable from the text is that",256
3.227648,49250.0,3.227648,Final Answer: ,hotpotqa_32k,3227.648,"====== Now let's start! ======
Based on the documents above, can you answer the following query? Print out the TITLE and ID of the documents you use to answer. Then format the answers into a list.
query: What actor appeared in ""Evening in Byzantium"" and was nominated for the Academy Award for Best Supporting Actor in 1973 for ""The Heartbreak Kid""?
",['Edward Albert Heimberger'],65.536,0.0,dev,3227.648,49250.0," ['Eddie Albert']

**Documents Used:**
TITLE: Evening in Byzantium | ID: 470
TITLE: Eddie Albert | ID: 416",256
3.227648,49250.0,3.227648,Final Answer: ,hotpotqa_32k,3227.648,"====== Now let's start! ======
Based on the documents above, can you answer the following query? Print out the TITLE and ID of the documents you use to answer. Then format the answers into a list.
query: Were Scott Derrickson and Ed Wood of the same nationality?
",['yes'],65.536,0.0,dev,3227.648,49250.0,"1. TITLE: Scott Derrickson | ID: 429
2. TITLE: Ed Wood | ID: 280
Final Answer: ['Yes']",256
3.227648,49250.0,3.227648,Final Answer: ,hotpotqa_32k,3227.648,"====== Now let's start! ======
Based on the documents above, can you answer the following query? Print out the TITLE and ID of the documents you use to answer. Then format the answers into a list.
query: Which species is the most numerous, Podocarpus or Osmunda?
",['Podocarpus'],65.536,0.0,dev,3227.648,49250.0,"10

Based on the provided documents, there is no information about the species count for *Podocarpus*. However, Document ID 285 states that for the genus *Osmunda*, ""Five to ten species have been listed for this genus."" Since no data is provided for *Podocarpus* to compare against, and the question implies a comparison based on the available text, the only quantifiable number provided is for *Osmunda*. However, strictly speaking, the documents do not contain enough information to definitively state which is ""most numerous"" globally, as *Podocarpus* is not mentioned.

If the question assumes the provided text contains the answer, it is likely a trick or relies on the fact that *Osmunda* is the only one with a number mentioned. But looking closer at the prompt's constraints and the specific documents:
- ID 285: *Osmunda* has ""Five to ten species"".
- There is no document mentioning *Podocarpus*.

Therefore, based *only* on the provided text, we cannot determine which is most numerous because one is missing. However, if forced to choose based on the explicit numbers given in the text where one is known",256
3.227648,49250.0,3.227648,Final Answer: ,hotpotqa_32k,3227.648,"====== Now let's start! ======
Based on the documents above, can you answer the following query? Print out the TITLE and ID of the documents you use to answer. Then format the answers into a list.
query: What word or phrase is found in both the history of Belgium and cockfighting?
",['cockpit'],65.536,0.0,dev,3227.648,49250.0,"0

Based on the provided documents, there is no information connecting a specific word or phrase to both the history of Belgium and cockfighting. The documents cover topics such as US geography, animation studios, authors, musicians, films, sports teams, and various other subjects, but none mention Belgium's history or cockfighting in a way that allows for an answer to this specific query.

Therefore, the query cannot be answered from the given text.

Final Answer: ['Not found in documents']",256
3.227648,49250.0,3.227648,Final Answer: ,hotpotqa_32k,3227.648,"====== Now let's start! ======
Based on the documents above, can you answer the following query? Print out the TITLE and ID of the documents you use to answer. Then format the answers into a list.
query: On what day of the week did the eleventh season's finale of American Dad air?
",['Sunday'],65.536,0.0,dev,3227.648,49250.0," ['Sunday']

**Reasoning:**
1.  **Identify the episode:** The query asks about the eleventh season's finale of *American Dad*. Document **ID: 482** (TITLE: *Blagsnarst, a Love Story*) states: ""Blagsnarst, a Love Story"" is the third episode and season finale of the eleventh season of ""American Dad!"".
2.  **Identify the air date:** The same document states: ""The episode aired on September 21, 2014"".
3.  **Determine the day of the week:** The document also mentions it was the ""final show to air on Fox's Animation Domination lineup"". Document **ID: 401** (TITLE: *Animation Domination*) states: ""The block aired on Sunday evenings"". Additionally, checking the calendar for September 21, 2014, confirms it was a Sunday.

Documents used:
TITLE: Blagsnarst, a Love Story | ID: 482
TITLE: Animation Domination | ID: 401",256
3.227648,49250.0,3.227648,Final Answer: ,hotpotqa_32k,3227.648,"====== Now let's start! ======
Based on the documents above, can you answer the following query? Print out the TITLE and ID of the documents you use to answer. Then format the answers into a list.
query: The 2008 IIHF World Championship rosters recognized the top defenceman as which Canadian professional ice hockey defenceman, who at times has been utilized as a forward, currently playing for the San Jose Sharks of the National Hockey League (NHL)?
",['Brent Burns'],65.536,0.0,dev,3227.648,49250.0,"2008 IIHF World Championship rosters recognized the top defenceman as Brent Burns.

Based on the provided documents, there is no mention of the ""2008 IIHF World Championship"" or its rosters. However, the document **Brent Burns** (ID: 456) describes a Canadian professional ice hockey defenceman who ""at times has been utilized as a forward, currently playing for the San Jose Sharks of the National Hockey League (NHL)."" While the specific award year (2008) is not in the text, the description of the player matches the query's description of the person perfectly.

TITLE: Brent Burns | ID: 456

Final Answer: ['Brent Burns']",256
3.227648,49250.0,3.227648,Final Answer: ,hotpotqa_32k,3227.648,"====== Now let's start! ======
Based on the documents above, can you answer the following query? Print out the TITLE and ID of the documents you use to answer. Then format the answers into a list.
query: What is the main flavor of both soft drinks, Solo from Norway, and Sunkist?
",['orange'],65.536,0.0,dev,3227.648,49250.0," ['orange']

**Documents Used:**
TITLE: Solo (Norwegian soft drink) | ID: 465
TITLE: Sunkist (soft drink) | ID: 236",256
3.227648,49250.0,3.227648,Final Answer: ,hotpotqa_32k,3227.648,"====== Now let's start! ======
Based on the documents above, can you answer the following query? Print out the TITLE and ID of the documents you use to answer. Then format the answers into a list.
query: Which American professional poker player also starred in the 2015 movie ""Extraction""?
",['Dan Bilzerian'],65.536,0.0,test,3227.648,49250.0," ['Dan Bilzerian']

**Documents Used:**
TITLE: Dan Bilzerian | ID: 25
TITLE: Extraction (film) | ID: 26",256
3.227648,49250.0,3.227648,Final Answer: ,hotpotqa_32k,3227.648,"====== Now let's start! ======
Based on the documents above, can you answer the following query? Print out the TITLE and ID of the documents you use to answer. Then format the answers into a list.
query: Which film was released first, Laura's Star or Wonder Woman?
","[""Laura's Star""]",65.536,0.0,test,3227.648,49250.0,"2004, 2009

Based on the documents:
- **Laura's Star** (ID: 75) is a 2004 German animated feature film.
- **Wonder Woman** (ID: 76) is a 2009 direct-to-DVD animated superhero film.

Therefore, **Laura's Star** was released first.

Final Answer: ['Laura's Star']",256
3.227648,49250.0,3.227648,Final Answer: ,hotpotqa_32k,3227.648,"====== Now let's start! ======
Based on the documents above, can you answer the following query? Print out the TITLE and ID of the documents you use to answer. Then format the answers into a list.
query: In what year did construction begin on the stadium where the 2013 America East Men's Lacrosse Tournament was held?
",['in 2000'],65.536,0.0,test,3227.648,49250.0,"2000

**Documents Used:**
TITLE: 2013 America East Men's Lacrosse Tournament | ID: 172
TITLE: Kenneth P. LaValle Stadium | ID: 171

**Reasoning:**
1.  **Document 172** states that the ""2013 America East Men's Lacrosse Tournament"" took place at ""Kenneth P. LaValle Stadium"".
2.  **Document 171** states that regarding the ""Kenneth P. LaValle Stadium"", ""Construction began in 2000"".
3.  Therefore, construction began in 2000.

Final Answer: ['2000']",256
3.227648,49250.0,3.227648,Final Answer: ,hotpotqa_32k,3227.648,"====== Now let's start! ======
Based on the documents above, can you answer the following query? Print out the TITLE and ID of the documents you use to answer. Then format the answers into a list.
query: What is the birth name of the woman that ""A Woman Called Moses"" is based on?
",['Araminta Ross'],65.536,0.0,test,3227.648,49250.0," ['Araminta Ross']

**Documents Used:**
TITLE: A Woman Called Moses | ID: 149
TITLE: Harriet Tubman | ID: 150",256
3.227648,49250.0,3.227648,Final Answer: ,hotpotqa_32k,3227.648,"====== Now let's start! ======
Based on the documents above, can you answer the following query? Print out the TITLE and ID of the documents you use to answer. Then format the answers into a list.
query: Arundel Castle was damaged during a war between which two groups?
","['Parliamentarians (""Roundheads"") and Royalists (""Cavaliers"")']",65.536,0.0,test,3227.648,49250.0,"1
The provided documents do not contain any information about Arundel Castle or the war in which it was damaged. Therefore, the query cannot be answered based on the given text.

Final Answer: ['Information not available in the provided documents']",256
3.227648,49250.0,3.227648,Final Answer: ,hotpotqa_32k,3227.648,"====== Now let's start! ======
Based on the documents above, can you answer the following query? Print out the TITLE and ID of the documents you use to answer. Then format the answers into a list.
query: Which one of Ricardo Rodríguez Saá's relatives would become governor from 1983 to 2001?
",['Adolfo Rodríguez Saá'],65.536,0.0,test,3227.648,49250.0," ['Adolfo Rodríguez Saá']

**Documents Used:**
TITLE: Ricardo Rodríguez Saá | ID: 65
TITLE: Adolfo Rodríguez Saá | ID: 66",256
3.227648,49250.0,3.227648,Final Answer: ,hotpotqa_32k,3227.648,"====== Now let's start! ======
Based on the documents above, can you answer the following query? Print out the TITLE and ID of the documents you use to answer. Then format the answers into a list.
query: What year did the largest convention center in the U.S. state of Georgia open?
",['1976'],65.536,0.0,test,3227.648,49250.0,"1976

Documents used:
TITLE: Georgia World Congress Center | ID: 194
TITLE: Georgia International Convention Center | ID: 193

Reasoning:
1.  **Georgia International Convention Center (ID: 193)** states it is the ""second largest convention center in the U.S. state of Georgia, second only to the Georgia World Congress Center.""
2.  **Georgia World Congress Center (ID: 194)** confirms it is the largest (implied by being the one the other is second to) and states: ""Opened in 1976"".

Final Answer: ['1976']",256
3.227648,49250.0,3.227648,Final Answer: ,hotpotqa_32k,3227.648,"====== Now let's start! ======
Based on the documents above, can you answer the following query? Print out the TITLE and ID of the documents you use to answer. Then format the answers into a list.
query: which board game has been around longer Obsession or Battle Sheep ?
",['Obsession'],65.536,0.0,test,3227.648,49250.0,"1977

Based on the documents:
- **Obsession** (ID: 44) was released in **1977**.
- **Battle Sheep** (ID: 45) was released in **2010**.

Therefore, **Obsession** has been around longer.

Final Answer: ['Obsession']",256
3.227648,49250.0,3.227648,Final Answer: ,hotpotqa_32k,3227.648,"====== Now let's start! ======
Based on the documents above, can you answer the following query? Print out the TITLE and ID of the documents you use to answer. Then format the answers into a list.
query: Which American film director and actor famous for his role as Donny ""The Bear Jew"" Donowitz wrote the 2012 film ""The Man with the Iron Fists""?
",['Eli Roth'],65.536,0.0,test,3227.648,49250.0," ['Eli Roth']

Documents used:
TITLE: Eli Roth | ID: 187
TITLE: The Man with the Iron Fists | ID: 188",256
3.227648,49250.0,3.227648,Final Answer: ,hotpotqa_32k,3227.648,"====== Now let's start! ======
Based on the documents above, can you answer the following query? Print out the TITLE and ID of the documents you use to answer. Then format the answers into a list.
query: After coaching the red raiders to several winning seasons, where does Mike Leach currently coach at?
",['Washington State'],65.536,0.0,test,3227.648,49250.0," ['Washington State Cougars football team']

Documents used:
TITLE: Mike Leach (American football coach) | ID: 107
TITLE: 2012 Washington State Cougars football team | ID: 108",256
3.227648,49250.0,3.227648,Final Answer: ,hotpotqa_32k,3227.648,"====== Now let's start! ======
Based on the documents above, can you answer the following query? Print out the TITLE and ID of the documents you use to answer. Then format the answers into a list.
query: What was the lead single from Boys Like Girls album on which frontman, Martin Johnson co-wrote a song with Taylor Swift? A: Love Drunk
",['Love Drunk'],65.536,0.0,test,3227.648,49250.0, ['Love Drunk'],256
3.227648,49250.0,3.227648,Final Answer: ,hotpotqa_32k,3227.648,"====== Now let's start! ======
Based on the documents above, can you answer the following query? Print out the TITLE and ID of the documents you use to answer. Then format the answers into a list.
query: When did the person who claimed that Fidel Castro was killed in the 26th July Movement but was proven wrong by Herbert Matthews first serve as President of Cuba?
",['1940'],65.536,0.0,test,3227.648,49250.0,"1940

**Documents Used:**
TITLE: Herbert Matthews | ID: 185
TITLE: Fulgencio Batista | ID: 186

**Reasoning:**
1.  **Identify the person:** Document 185 states that Herbert Matthews revealed Fidel Castro was alive, contradicting the claim by **Fulgencio Batista** that Castro was killed during the 26th of July Movement's landing.
2.  **Find the first term as President:** Document 186 states that Fulgencio Batista was the ""elected President of Cuba from **1940** to 1944"". This was his first term as President before his later dictatorship (1952–1959).
3.  **Answer the query:** The year he first served as President is 1940.",256
3.227648,49250.0,3.227648,Final Answer: ,hotpotqa_32k,3227.648,"====== Now let's start! ======
Based on the documents above, can you answer the following query? Print out the TITLE and ID of the documents you use to answer. Then format the answers into a list.
query: Which Avalanche happened first, Rigopiano avalanche or 1999 Galtür avalanche ?
",['The Galtür avalanche'],65.536,0.0,test,3227.648,49250.0,"1999 Galtür avalanche

Documents used:
TITLE: 1999 Galtür avalanche | ID: 181
TITLE: Rigopiano avalanche | ID: 182

Final Answer: ['1999 Galtür avalanche']",256
3.227648,49250.0,3.227648,Final Answer: ,hotpotqa_32k,3227.648,"====== Now let's start! ======
Based on the documents above, can you answer the following query? Print out the TITLE and ID of the documents you use to answer. Then format the answers into a list.
query: Which man, Ibn Tufail or Ali Qushji, is best known for the development of astronomical physics independent from natural philosophy?
",['Ali Qushji'],65.536,0.0,test,3227.648,49250.0," ['Ali Qushji']

**Documents Used:**
TITLE: Ibn Tufail | ID: 177
TITLE: Ali Qushji | ID: 178",256
3.227648,49250.0,3.227648,Final Answer: ,hotpotqa_32k,3227.648,"====== Now let's start! ======
Based on the documents above, can you answer the following query? Print out the TITLE and ID of the documents you use to answer. Then format the answers into a list.
query: When was the anthology, in which fisrt pages of The Incal"" were released, created?
",['December 1974'],65.536,0.0,test,3227.648,49250.0,"1974

Documents used:
TITLE: The Incal | ID: 137
TITLE: Métal hurlant | ID: 138

The query asks for the creation date of the anthology where the first pages of ""The Incal"" were released.
- Document 137 states: ""The Incal"", with first pages originally released as Une aventure de John Difool (""A John Difool Adventure"") in ""Métal hurlant""...
- Document 138 states: ""Métal hurlant ... is a French comics anthology ... created in December 1974"".

Therefore, the anthology was created in December 1974.

Final Answer: ['December 1974']",256
3.227648,49250.0,3.227648,Final Answer: ,hotpotqa_32k,3227.648,"====== Now let's start! ======
Based on the documents above, can you answer the following query? Print out the TITLE and ID of the documents you use to answer. Then format the answers into a list.
query: Which internationl football team has had a player endorse the ""Nike Hypervenom"" football boot?
",['England'],65.536,0.0,test,3227.648,49250.0," ['Manchester United', 'England national team']

**Documents Used:**
TITLE: Marcus Rashford | ID: 55
TITLE: Nike Hypervenom | ID: 56

**Reasoning:**
Document 56 states that the ""Nike Hypervenom"" boot is endorsed by players such as Marcus Rashford. Document 55 identifies Marcus Rashford as an English professional footballer who plays for the Premier League club **Manchester United** and the **England national team**. Both are international football teams (one club, one national). The question asks for an ""international football team,"" which typically refers to a national team, but in the context of the list of players, both the club and the national team are associated with the endorser. However, strictly speaking, ""England national team"" is the international team. ""Manchester United"" is a club team. Given the phrasing ""international football team"", the most precise answer is the national team, but often in these contexts, the club is also accepted if the question implies ""teams from different countries"" or just ""teams"". Let's look at the list in ID 56: ""Marcus Rashford, Kylian Mbappé, Robert Lewandowski..."". These are all",256
3.227648,49250.0,3.227648,Final Answer: ,hotpotqa_32k,3227.648,"====== Now let's start! ======
Based on the documents above, can you answer the following query? Print out the TITLE and ID of the documents you use to answer. Then format the answers into a list.
query: Who was born first,  Morgan Llywelyn or Robert Jordan?
",['Morgan Llywelyn'],65.536,0.0,test,3227.648,49250.0,"1937, 1948

Based on the documents:
- **Morgan Llywelyn** (ID: 134) was born on **December 3, 1937**.
- **Robert Jordan** (ID: 133) was born on **October 17, 1948**.

Therefore, Morgan Llywelyn was born first.

Final Answer: ['Morgan Llywelyn']",256
3.227648,49250.0,3.227648,Final Answer: ,hotpotqa_32k,3227.648,"====== Now let's start! ======
Based on the documents above, can you answer the following query? Print out the TITLE and ID of the documents you use to answer. Then format the answers into a list.
query: What Lithuanian producer is best known for a song that was one of the most popular songs in Ibiza in 2014?
",['Ten Walls'],65.536,0.0,test,3227.648,49250.0," ['Ten Walls']

**Documents Used:**
TITLE: Walking with Elephants | ID: 77
TITLE: Ten Walls | ID: 78",256
3.227648,49250.0,3.227648,Final Answer: ,hotpotqa_32k,3227.648,"====== Now let's start! ======
Based on the documents above, can you answer the following query? Print out the TITLE and ID of the documents you use to answer. Then format the answers into a list.
query: Former race car driver Jeff Wood made his CART debut at which 1983 Nissan/Datsun-sponsored race?
",['Caesars Palace Grand Prix'],65.536,0.0,test,3227.648,49250.0," ['Caesars Palace Grand Prix']

**Documents Used:**
TITLE: Jeff Wood (racing driver) | ID: 205
TITLE: Caesars Palace Grand Prix | ID: 206",256
3.227648,49250.0,3.227648,Final Answer: ,hotpotqa_32k,3227.648,"====== Now let's start! ======
Based on the documents above, can you answer the following query? Print out the TITLE and ID of the documents you use to answer. Then format the answers into a list.
query: Candace Flynn was voiced by the actress who achieved mainstream success on what show?
",['The Suite Life of Zack & Cody'],65.536,0.0,test,3227.648,49250.0," ['The Suite Life of Zack & Cody']

**Documents Used:**
TITLE: Candace Flynn | ID: 165
TITLE: Ashley Tisdale | ID: 166",256
3.227648,49250.0,3.227648,Final Answer: ,hotpotqa_32k,3227.648,"====== Now let's start! ======
Based on the documents above, can you answer the following query? Print out the TITLE and ID of the documents you use to answer. Then format the answers into a list.
query: Where did the architect of the Governor's House, located in Knutsford, graduate from college?
",['Cambridge University'],65.536,0.0,test,3227.648,49250.0,"1. TITLE: Governor's House, Knutsford | ID: 180
2. TITLE: Edmund Sharpe | ID: 179
Final Answer: ['Cambridge University']",256
3.227648,49250.0,3.227648,Final Answer: ,hotpotqa_32k,3227.648,"====== Now let's start! ======
Based on the documents above, can you answer the following query? Print out the TITLE and ID of the documents you use to answer. Then format the answers into a list.
query: A Big Daddy is a fictional character in a series that has sold more than how many copies?
",['25 million copies'],65.536,0.0,test,3227.648,49250.0,"25 million copies

Based on the documents:
- **ID: 203** (Big Daddy (BioShock)) states that Big Daddy is a fictional character in the ""BioShock"" series.
- **ID: 204** (BioShock (series)) states that with the release of ""BioShock Infinite"", the three games combined have sold more than **25 million copies**.

Final Answer: ['25 million']",256
3.227648,49250.0,3.227648,Final Answer: ,hotpotqa_32k,3227.648,"====== Now let's start! ======
Based on the documents above, can you answer the following query? Print out the TITLE and ID of the documents you use to answer. Then format the answers into a list.
query: Which actress does this Netflix's project by Nick Bernardone and Tina Fey star in the title role?
",['Ellie Kemper'],65.536,0.0,test,3227.648,49250.0," ['Ellie Kemper']

**Documents Used:**
TITLE: Nick Bernardone | ID: 63
TITLE: Unbreakable Kimmy Schmidt | ID: 64",256
3.227648,49250.0,3.227648,Final Answer: ,hotpotqa_32k,3227.648,"====== Now let's start! ======
Based on the documents above, can you answer the following query? Print out the TITLE and ID of the documents you use to answer. Then format the answers into a list.
query: What drum machine was introduced in 1989 and allowed 32 notes to be played simultaneously?
",['The R-8 Human Rhythm Composer'],65.536,0.0,test,3227.648,49250.0,"1. Roland R-8 | ID: 48
2. Polyphony and monophony in instruments | ID: 49

The Roland R-8, introduced in 1989, features 32-voice polyphony, which allows 32 notes to be played simultaneously.

Final Answer: ['Roland R-8']",256
3.227648,49250.0,3.227648,Final Answer: ,hotpotqa_32k,3227.648,"====== Now let's start! ======
Based on the documents above, can you answer the following query? Print out the TITLE and ID of the documents you use to answer. Then format the answers into a list.
query: What is the name of the 1988 film starring Gene Bervoets that was based on the Dutch to English translated novel, ""The Vanishing""?
",['The Vanishing'],65.536,0.0,test,3227.648,49250.0," ['The Vanishing']

Documents used:
TITLE: The Vanishing (1988 film) | ID: 145
TITLE: The Golden Egg | ID: 146",256
3.227648,49250.0,3.227648,Final Answer: ,hotpotqa_32k,3227.648,"====== Now let's start! ======
Based on the documents above, can you answer the following query? Print out the TITLE and ID of the documents you use to answer. Then format the answers into a list.
query: Which player played for Nova Southeastern Sharks, MIlwaukee Brewers and Houston Astros?
",['Michael Bruce Fiers'],65.536,0.0,test,3227.648,49250.0," ['Mike Fiers']

Documents used:
TITLE: Mike Fiers | ID: 91
TITLE: Nova Southeastern Sharks baseball | ID: 92",256
3.227648,49250.0,3.227648,Final Answer: ,hotpotqa_32k,3227.648,"====== Now let's start! ======
Based on the documents above, can you answer the following query? Print out the TITLE and ID of the documents you use to answer. Then format the answers into a list.
query: What summit is located in the county who's county seat is Helena?
",['Scapegoat Mountain'],65.536,0.0,test,3227.648,49250.0," ['Scapegoat Mountain']

**Documents Used:**
TITLE: Lewis and Clark County, Montana | ID: 98
TITLE: Scapegoat Mountain | ID: 97",256
3.227648,49250.0,3.227648,Final Answer: ,hotpotqa_32k,3227.648,"====== Now let's start! ======
Based on the documents above, can you answer the following query? Print out the TITLE and ID of the documents you use to answer. Then format the answers into a list.
query: Who created the NBC sitcom that Johnny Pemberton appears in as the character Bo Thompson?
",['Justin Spitzer'],65.536,0.0,test,3227.648,49250.0," ['Justin Spitzer']

**Documents Used:**
TITLE: Johnny Pemberton | ID: 110
TITLE: Superstore (TV series) | ID: 109",256
3.227648,49250.0,3.227648,Final Answer: ,hotpotqa_32k,3227.648,"====== Now let's start! ======
Based on the documents above, can you answer the following query? Print out the TITLE and ID of the documents you use to answer. Then format the answers into a list.
query: Are both Götterdämmerung and Dafne considered operas?
",['no'],65.536,0.0,test,3227.648,49250.0,"1. Götterdämmerung is described as the last in Richard Wagner's cycle of four music dramas titled ""Der Ring des Nibelungen"". While often referred to as an opera, the text specifically calls it a ""music drama"". 2. Dafne is described as ""the earliest known work that, by modern standards, could be considered an opera"". Therefore, Dafne is explicitly considered an opera by modern standards, while Götterdämmerung is a music drama (a form of opera).

Based on the strict wording of the documents:
- Document 83 describes *Götterdämmerung* as a ""music drama"".
- Document 84 describes *Dafne* as a work that ""could be considered an opera"".

However, in common parlance and within the context of the documents (which discuss opera houses and operatic cycles), both are treated as operatic works. The question asks if they are *considered* operas. *Dafne* is explicitly stated to be considered an opera by modern standards. *Götterdämmerung* is part of a cycle of ""music dramas"", which is a specific type of opera created by Wagner.

Let's",256
3.227648,49250.0,3.227648,Final Answer: ,hotpotqa_32k,3227.648,"====== Now let's start! ======
Based on the documents above, can you answer the following query? Print out the TITLE and ID of the documents you use to answer. Then format the answers into a list.
query: In what city did the ""Prince of tenors"" star in a film based on an opera by Giacomo Puccini?
",['Rome'],65.536,0.0,test,3227.648,49250.0,"rome

Based on the documents provided:
1.  **Document ID 135** (""Franco Corelli"") identifies Franco Corelli as the ""Prince of tenors"".
2.  **Document ID 136** (""Tosca (1956 film)"") states that the film *Tosca* is based on the opera by Giacomo Puccini and stars Franco Corelli.
3.  **Document ID 136** also states that the film ""was made at Cinecittà in **Rome**"".

Therefore, the city is Rome.

Final Answer: ['Rome']",256
3.227648,49250.0,3.227648,Final Answer: ,hotpotqa_32k,3227.648,"====== Now let's start! ======
Based on the documents above, can you answer the following query? Print out the TITLE and ID of the documents you use to answer. Then format the answers into a list.
query: What retailer did Albert Heijn start up that eventually merged with the Delhaize Group?
",['Koninklijke Ahold N.V.'],65.536,0.0,test,3227.648,49250.0," ['Ahold']

**Documents Used:**
TITLE: Albert Heijn (born 1927) | ID: 17
TITLE: Ahold | ID: 18",256
3.227648,49250.0,3.227648,Final Answer: ,hotpotqa_32k,3227.648,"====== Now let's start! ======
Based on the documents above, can you answer the following query? Print out the TITLE and ID of the documents you use to answer. Then format the answers into a list.
query: Blinding Edge Pictures produced which 2000 film starring Bruce Willis?
",['Unbreakable'],65.536,0.0,test,3227.648,49250.0," ['Unbreakable']

Documents used:
TITLE: Blinding Edge Pictures | ID: 148
TITLE: Unbreakable (film) | ID: 147",256
3.227648,49250.0,3.227648,Final Answer: ,hotpotqa_32k,3227.648,"====== Now let's start! ======
Based on the documents above, can you answer the following query? Print out the TITLE and ID of the documents you use to answer. Then format the answers into a list.
query: Stephen Graham starred in a film in 2006, directed by whom?
",['directed by Shane Meadows'],65.536,0.0,test,3227.648,49250.0," ['Shane Meadows']

**Documents Used:**
TITLE: Stephen Graham | ID: 153
TITLE: This Is England | ID: 154",256
3.227648,49250.0,3.227648,Final Answer: ,hotpotqa_32k,3227.648,"====== Now let's start! ======
Based on the documents above, can you answer the following query? Print out the TITLE and ID of the documents you use to answer. Then format the answers into a list.
query: Wing Chun starred Michelle Yeoh and a Hong Kong actor, martial artist, and film director who won what tournament multiple times?
",['world wushu tournament'],65.536,0.0,test,3227.648,49250.0," ['world wushu tournament']

**Documents Used:**
TITLE: Wing Chun (film) | ID: 32
TITLE: Donnie Yen | ID: 31",256
3.227648,49250.0,3.227648,Final Answer: ,hotpotqa_32k,3227.648,"====== Now let's start! ======
Based on the documents above, can you answer the following query? Print out the TITLE and ID of the documents you use to answer. Then format the answers into a list.
query: What is name of the city in Istanbul which has both Column of the Goths and Gül Mosque?
",['Turkey'],65.536,0.0,test,3227.648,49250.0," ['Istanbul']

Documents used:
TITLE: Gül Mosque | ID: 23
TITLE: Column of the Goths | ID: 24",256
3.227648,49250.0,3.227648,Final Answer: ,hotpotqa_32k,3227.648,"====== Now let's start! ======
Based on the documents above, can you answer the following query? Print out the TITLE and ID of the documents you use to answer. Then format the answers into a list.
query: What is the name of the company manged by Joseph Reiser based in Biel/Bienne, Switzerland?
",['Omega SA'],65.536,0.0,test,3227.648,49250.0," ['Omega SA']

**Documents Used:**
TITLE: Joseph Reiser | ID: 103
TITLE: Omega SA | ID: 104",256
3.227648,49250.0,3.227648,Final Answer: ,hotpotqa_32k,3227.648,"====== Now let's start! ======
Based on the documents above, can you answer the following query? Print out the TITLE and ID of the documents you use to answer. Then format the answers into a list.
query: Luisa Miller is an opera with three acts, whereas Don Quichotte is an opera with how many acts?
",['five'],65.536,0.0,test,3227.648,49250.0,"5 acts

Documents used:
TITLE: Luisa Miller | ID: 29
TITLE: Don Quichotte | ID: 30",256
3.227648,49250.0,3.227648,Final Answer: ,hotpotqa_32k,3227.648,"====== Now let's start! ======
Based on the documents above, can you answer the following query? Print out the TITLE and ID of the documents you use to answer. Then format the answers into a list.
query: jean Sagbo, considered ""Russia's Obama"" is considered to belong to what ethnic group based on his having African heritage or dark skin?
",['Afro-Russian'],65.536,0.0,test,3227.648,49250.0," ['Afro-Russian']

Documents used:
TITLE: Jean Sagbo | ID: 62
TITLE: Afro-Russian | ID: 61",256
3.227648,49250.0,3.227648,Final Answer: ,hotpotqa_32k,3227.648,"====== Now let's start! ======
Based on the documents above, can you answer the following query? Print out the TITLE and ID of the documents you use to answer. Then format the answers into a list.
query: Which American politician who served as United States Senator from 1971 to 1989 was Governor of Florida before Buddy MacKay?
",['Lawton Chiles'],65.536,0.0,test,3227.648,49250.0," ['Lawton Chiles']

Documents used:
TITLE: Lawton Chiles | ID: 93
TITLE: Buddy MacKay | ID: 94",256
3.227648,49250.0,3.227648,Final Answer: ,hotpotqa_32k,3227.648,"====== Now let's start! ======
Based on the documents above, can you answer the following query? Print out the TITLE and ID of the documents you use to answer. Then format the answers into a list.
query: When was the younger brother of Farshid Karimi born ?
",['8 November 1978'],65.536,0.0,test,3227.648,49250.0,"2014

Based on the documents provided, there is a contradiction or missing information regarding the birth date of Ali Karimi (the younger brother of Farshid Karimi) in the context of the query asking ""When was the younger brother... born?"".

Let's re-examine the documents:
- **ID: 112 (Farshid Karimi)**: States Farshid Karimi was born May 10, 1976, and is the elder brother of Ali Karimi.
- **ID: 111 (Ali Karimi)**: States Ali Karimi was born **8 November 1978**.

The query asks for the birth date of the younger brother of Farshid Karimi. Since Farshid is the elder brother, the younger brother is Ali Karimi.
According to Document ID 111, Ali Karimi was born on **8 November 1978**.

Final Answer: ['8 November 1978']",256
3.227648,49250.0,3.227648,Final Answer: ,hotpotqa_32k,3227.648,"====== Now let's start! ======
Based on the documents above, can you answer the following query? Print out the TITLE and ID of the documents you use to answer. Then format the answers into a list.
query: In which county is this site located where Operation Buster–Jangle was conducted?
",['Nye County'],65.536,0.0,test,3227.648,49250.0," ['Nye County']

**Documents Used:**
TITLE: Operation Buster–Jangle | ID: 190
TITLE: Nevada Test Site | ID: 189

**Reasoning:**
Document 190 states that ""Operation Buster–Jangle"" was conducted at the ""Nevada Test Site"". Document 189 states that the ""Nevada Test Site"" (now Nevada National Security Site) is located in ""southeastern Nye County, Nevada"". Therefore, the county is Nye County.",256
3.227648,49250.0,3.227648,Final Answer: ,hotpotqa_32k,3227.648,"====== Now let's start! ======
Based on the documents above, can you answer the following query? Print out the TITLE and ID of the documents you use to answer. Then format the answers into a list.
query: Both Phaedranassa and Mitella are considered the classification of what level of species?
",['genus'],65.536,0.0,test,3227.648,49250.0," ['genus']

**Documents Used:**
TITLE: Phaedranassa | ID: 14
TITLE: Mitella | ID: 15",256
3.227648,49250.0,3.227648,Final Answer: ,hotpotqa_32k,3227.648,"====== Now let's start! ======
Based on the documents above, can you answer the following query? Print out the TITLE and ID of the documents you use to answer. Then format the answers into a list.
query: Are Anja Salomonowitz and Rod Lurie both directors?
",['yes'],65.536,0.0,test,3227.648,49250.0," ['Yes']

**Documents Used:**
TITLE: Rod Lurie | ID: 12
TITLE: Anja Salomonowitz | ID: 13

**Reasoning:**
- Document ID 12 states: ""Rod Lurie ... is an Israeli-American **director**, screenwriter and former film critic.""
- Document ID 13 states: ""Anja Salomonowitz ... is an Austrian film **director** and screenwriter...""
- Both individuals are identified as directors in their respective documents.",256
3.227648,49250.0,3.227648,Final Answer: ,hotpotqa_32k,3227.648,"====== Now let's start! ======
Based on the documents above, can you answer the following query? Print out the TITLE and ID of the documents you use to answer. Then format the answers into a list.
query: What is the county seat of the county in which Keokuk Falls, Oklahoma is loated?
",['Shawnee'],65.536,0.0,test,3227.648,49250.0," ['Shawnee']

**Documents Used:**
TITLE: Keokuk Falls, Oklahoma | ID: 88
TITLE: Shawnee, Oklahoma | ID: 87

**Reasoning:**
1.  **Document ID 88** states that ""Keokuk Falls is a ghost town in **Pottawatomie County**, Oklahoma.""
2.  **Document ID 87** states that ""Shawnee is a city in **Pottawatomie County**, Oklahoma... it is also the **county seat** of Pottawatomie County"".
3.  Therefore, the county seat of the county where Keokuk Falls is located is Shawnee.",256
3.227648,49250.0,3.227648,Final Answer: ,hotpotqa_32k,3227.648,"====== Now let's start! ======
Based on the documents above, can you answer the following query? Print out the TITLE and ID of the documents you use to answer. Then format the answers into a list.
query: What country is the member of Gujarat Legislative Assembly and parliament representing?
",['Jamnagar'],65.536,0.0,test,3227.648,49250.0," ['India']

**Documents Used:**
TITLE: Gujarat Legislative Assembly election, 2012 | ID: 46
TITLE: Poonamben Maadam | ID: 47",256
3.227648,49250.0,3.227648,Final Answer: ,hotpotqa_32k,3227.648,"====== Now let's start! ======
Based on the documents above, can you answer the following query? Print out the TITLE and ID of the documents you use to answer. Then format the answers into a list.
query: William Pery served as Captain of the Yeomen of the Guard under the lord who served in what position from 1865 to 1868?
",['Viscount Cranborne'],65.536,0.0,test,3227.648,49250.0," ['Viscount Cranborne']

**Documents Used:**
TITLE: William Pery, 3rd Earl of Limerick | ID: 128
TITLE: Robert Gascoyne-Cecil, 3rd Marquess of Salisbury | ID: 127

**Reasoning:**
1.  **Document 128** states that William Pery served as Captain of the Yeomen of the Guard under **Lord Salisbury**.
2.  **Document 127** identifies Lord Salisbury as **Robert Gascoyne-Cecil, 3rd Marquess of Salisbury**.
3.  **Document 127** further states that he was styled **Viscount Cranborne** from **June 1865 until April 1868**.
4.  Therefore, the position (or title) he held during that specific timeframe was Viscount Cranborne.",256
3.227648,49250.0,3.227648,Final Answer: ,hotpotqa_32k,3227.648,"====== Now let's start! ======
Based on the documents above, can you answer the following query? Print out the TITLE and ID of the documents you use to answer. Then format the answers into a list.
query: What was Richard Connell's best known work The Hounds of Zaroff also published as?
",['The Most Dangerous Game'],65.536,0.0,test,3227.648,49250.0," ['The Most Dangerous Game']

Documents used:
TITLE: The Most Dangerous Game | ID: 168
TITLE: Seven Faces | ID: 167",256
3.227648,49250.0,3.227648,Final Answer: ,hotpotqa_32k,3227.648,"====== Now let's start! ======
Based on the documents above, can you answer the following query? Print out the TITLE and ID of the documents you use to answer. Then format the answers into a list.
query: What was the name of the lawyer who took the main role in the report that helped land Pete Rose a lifetime suspension from baseball?
",['John M. Dowd'],65.536,0.0,test,3227.648,49250.0," ['John M. Dowd']

**Documents Used:**
TITLE: Dowd Report | ID: 125
TITLE: John M. Dowd | ID: 126",256
3.227648,49250.0,3.227648,Final Answer: ,hotpotqa_32k,3227.648,"====== Now let's start! ======
Based on the documents above, can you answer the following query? Print out the TITLE and ID of the documents you use to answer. Then format the answers into a list.
query: What kind of creative artist was Howell Conant, famed for his work with Grace Kelly?
",['photographer'],65.536,0.0,test,3227.648,49250.0," ['fashion photographer']

**Documents Used:**
TITLE: Howell Conant | ID: 21
TITLE: Grace Kelly | ID: 22",256
3.227648,49250.0,3.227648,Final Answer: ,hotpotqa_32k,3227.648,"====== Now let's start! ======
Based on the documents above, can you answer the following query? Print out the TITLE and ID of the documents you use to answer. Then format the answers into a list.
query: How many legs does the animal, in which Karl Kraepelin discusses in ""Scorpiones und Pedipalpi,"" have?
",['eight'],65.536,0.0,test,3227.648,49250.0,"8

**Documents Used:**
TITLE: Karl Kraepelin | ID: 121
TITLE: Scorpion | ID: 122

**Reasoning:**
1.  **Document 121 (Karl Kraepelin)** states that Karl Kraepelin wrote the monograph ""Scorpiones und Pedipalpi"" and specialized in the study of scorpions.
2.  **Document 122 (Scorpion)** states that ""Scorpions are predatory arachnids... They have eight legs"".
3.  Therefore, the animal discussed in the book (scorpions) has 8 legs.",256
3.227648,49250.0,3.227648,Final Answer: ,hotpotqa_32k,3227.648,"====== Now let's start! ======
Based on the documents above, can you answer the following query? Print out the TITLE and ID of the documents you use to answer. Then format the answers into a list.
query: Not Richard, But Dick was an album by the band formed in what city?
",['Philadelphia'],65.536,0.0,test,3227.648,49250.0," ['Philadelphia']

**Documents Used:**
TITLE: Not Richard, But Dick | ID: 59
TITLE: The Dead Milkmen | ID: 60

**Reasoning:**
1.  **Document 59** states that ""Not Richard, But Dick"" is the seventh studio album by **The Dead Milkmen**.
2.  **Document 60** states that **The Dead Milkmen** are an American punk rock band formed in **Philadelphia**, Pennsylvania.
3.  Therefore, the band that released the album was formed in Philadelphia.",256
3.227648,49250.0,3.227648,Final Answer: ,hotpotqa_32k,3227.648,"====== Now let's start! ======
Based on the documents above, can you answer the following query? Print out the TITLE and ID of the documents you use to answer. Then format the answers into a list.
query: Are Isaac Asimov and Michael Cunningham both American writers?
",['no'],65.536,0.0,test,3227.648,49250.0,"1. TITLE: Isaac Asimov | ID: 95
2. TITLE: Michael Cunningham | ID: 96
Final Answer: ['Yes']",256
3.227648,49250.0,3.227648,Final Answer: ,hotpotqa_32k,3227.648,"====== Now let's start! ======
Based on the documents above, can you answer the following query? Print out the TITLE and ID of the documents you use to answer. Then format the answers into a list.
query: Were the films ""Ten Who Dared"" and ""Tonka"" distributed by the same company?
",['yes'],65.536,0.0,test,3227.648,49250.0,"1. TITLE: Ten Who Dared | ID: 131
2. TITLE: Tonka (film) | ID: 132
Final Answer: ['Yes']",256
3.227648,49250.0,3.227648,Final Answer: ,hotpotqa_32k,3227.648,"====== Now let's start! ======
Based on the documents above, can you answer the following query? Print out the TITLE and ID of the documents you use to answer. Then format the answers into a list.
query: Steve Uzelac played football for which league located in Preston, Lancashire?
",['North End Football Club'],65.536,0.0,test,3227.648,49250.0," ['Football League']

Documents used:
TITLE: Steve Uzelac | ID: 27
TITLE: Preston North End F.C. | ID: 28",256
3.227648,49250.0,3.227648,Final Answer: ,hotpotqa_32k,3227.648,"====== Now let's start! ======
Based on the documents above, can you answer the following query? Print out the TITLE and ID of the documents you use to answer. Then format the answers into a list.
query: ""Hold On"" is a song that features the vocals of a British singer whose debut album won what prize in 2017?
",['Mercury Prize'],65.536,0.0,test,3227.648,49250.0,"2017 Mercury Prize

Documents used:
TITLE: Hold On (SBTRKT song) | ID: 79
TITLE: Sampha | ID: 80",256
3.227648,49250.0,3.227648,Final Answer: ,hotpotqa_32k,3227.648,"====== Now let's start! ======
Based on the documents above, can you answer the following query? Print out the TITLE and ID of the documents you use to answer. Then format the answers into a list.
query: Q: Who had more solo albums, Marty Raybon or Greg Graffin?
",['Gregory Walter Graffin'],65.536,0.0,test,3227.648,49250.0,"1

Based on the documents provided:
- **Marty Raybon** (ID: 169) recorded his **first solo album**, ""Marty Raybon"", in 1995. The text does not mention any other solo albums.
- **Greg Graffin** (ID: 170) embarked on a solo career in 1997, releasing the album ""American Lesion"". His follow-up album, ""Cold as the Clay"", was released nine years later. This accounts for **two** solo albums mentioned.

Therefore, Greg Graffin has more solo albums mentioned in the text.

Documents used:
TITLE: Marty Raybon | ID: 169
TITLE: Greg Graffin | ID: 170

Final Answer: ['Greg Graffin']",256
3.227648,49250.0,3.227648,Final Answer: ,hotpotqa_32k,3227.648,"====== Now let's start! ======
Based on the documents above, can you answer the following query? Print out the TITLE and ID of the documents you use to answer. Then format the answers into a list.
query: Is there fruit juice in both a Fizz and a Painkiller cocktail?
",['yes'],65.536,0.0,test,3227.648,49250.0,"1. TITLE: Painkiller (cocktail) | ID: 71
2. TITLE: Fizz (cocktail) | ID: 72
Final Answer: ['Yes']",256
3.227648,49250.0,3.227648,Final Answer: ,hotpotqa_32k,3227.648,"====== Now let's start! ======
Based on the documents above, can you answer the following query? Print out the TITLE and ID of the documents you use to answer. Then format the answers into a list.
query: How many people were killed in the collapse of the bridge featured in the drama film, The Public Domain ?
",['13 people'],65.536,0.0,test,3227.648,49250.0,"13

Documents used:
TITLE: The Public Domain (film) | ID: 155
TITLE: I-35W Mississippi River bridge | ID: 156

The film *The Public Domain* (ID: 155) is set in Minneapolis and follows characters impacted by the collapse of the I-35W Mississippi River bridge. According to the document on the I-35W Mississippi River bridge (ID: 156), the collapse on August 1, 2007, killed 13 people.

Final Answer: ['13']",256
3.227648,49250.0,3.227648,Final Answer: ,hotpotqa_32k,3227.648,"====== Now let's start! ======
Based on the documents above, can you answer the following query? Print out the TITLE and ID of the documents you use to answer. Then format the answers into a list.
query: What is the most populous city in the county where Caleb Stegall served as District attorney?
",['Valley Falls'],65.536,0.0,test,3227.648,49250.0," ['Valley Falls']

**Documents Used:**
TITLE: Caleb Stegall | ID: 101
TITLE: Jefferson County, Kansas | ID: 102",256
3.227648,49250.0,3.227648,Final Answer: ,hotpotqa_32k,3227.648,"====== Now let's start! ======
Based on the documents above, can you answer the following query? Print out the TITLE and ID of the documents you use to answer. Then format the answers into a list.
query: How many animals does the wall running between the West Gate Lodge and Cardiff Castle depict?
",['15'],65.536,0.0,test,3227.648,49250.0,"15

Documents used:
TITLE: Animal Wall | ID: 42
TITLE: West Lodge, Cardiff Castle | ID: 43

The Animal Wall (ID: 42) depicts 15 animals. The West Lodge, Cardiff Castle (ID: 43) mentions that the Animal Wall runs in-between the West Lodge and the Castle. Therefore, the wall running between them depicts 15 animals.

Final Answer: ['15']",256
3.227648,49250.0,3.227648,Final Answer: ,hotpotqa_32k,3227.648,"====== Now let's start! ======
Based on the documents above, can you answer the following query? Print out the TITLE and ID of the documents you use to answer. Then format the answers into a list.
query: Where is the American honky tonk country band, whose first studio album was Honky Tonks and Cheap Motels, based?
","['Flint, Michigan, United States']",65.536,0.0,test,3227.648,49250.0," ['Flint, Michigan']

Documents used:
TITLE: Whitey Morgan and the 78's | ID: 19
TITLE: Honky Tonks and Cheap Motels | ID: 20",256
3.227648,49250.0,3.227648,Final Answer: ,hotpotqa_32k,3227.648,"====== Now let's start! ======
Based on the documents above, can you answer the following query? Print out the TITLE and ID of the documents you use to answer. Then format the answers into a list.
query: Anna Aglatova made her first public appearance at which Moscow theatre in 2005?
",['Bolshoi Theatre'],65.536,0.0,test,3227.648,49250.0," ['Bolshoi Theatre']

**Documents Used:**
TITLE: Anna Aglatova | ID: 197
TITLE: Bolshoi Theatre | ID: 198",256
3.227648,49250.0,3.227648,Final Answer: ,hotpotqa_32k,3227.648,"====== Now let's start! ======
Based on the documents above, can you answer the following query? Print out the TITLE and ID of the documents you use to answer. Then format the answers into a list.
query: What other name is the Moor Park Mansion known as?
",['The More'],65.536,0.0,test,3227.648,49250.0," ['The More']

Documents used:
TITLE: Moor Park (house) | ID: 160
TITLE: The More | ID: 159",256
3.227648,49250.0,3.227648,Final Answer: ,hotpotqa_32k,3227.648,"====== Now let's start! ======
Based on the documents above, can you answer the following query? Print out the TITLE and ID of the documents you use to answer. Then format the answers into a list.
query: Which has more species Laurus or Liriodendron?
",['Laurus'],65.536,0.0,test,3227.648,49250.0," ['Laurus']

**Reasoning:**
Based on the provided documents:
- **ID: 10 (Laurus)** states: ""The genus includes **three or more** species.""
- **ID: 11 (Liriodendron)** states: ""Liriodendron is a genus of **two** species...""

Comparing the two, ""three or more"" is greater than ""two"". Therefore, Laurus has more species.

Documents used:
TITLE: Laurus | ID: 10
TITLE: Liriodendron | ID: 11",256
3.227648,49250.0,3.227648,Final Answer: ,hotpotqa_32k,3227.648,"====== Now let's start! ======
Based on the documents above, can you answer the following query? Print out the TITLE and ID of the documents you use to answer. Then format the answers into a list.
query: What role in the military did the discoverer of the elliptical galaxy NGC 3610 have before reaching Britain ?
","['Military Band of Hanover,']",65.536,0.0,test,3227.648,49250.0," ['Military Band of Hanover']

**Documents Used:**
TITLE: NGC 3610 | ID: 53
TITLE: William Herschel | ID: 52

**Reasoning:**
1.  **Document 53** states that the elliptical galaxy **NGC 3610** was discovered by **William Herschel**.
2.  **Document 52** provides biographical details about **William Herschel**. It states that before migrating to Great Britain in 1757, he ""followed his father into the **Military Band of Hanover**"".
3.  Therefore, the role he had in the military before reaching Britain was in the Military Band of Hanover.",256
3.227648,49250.0,3.227648,Final Answer: ,hotpotqa_32k,3227.648,"====== Now let's start! ======
Based on the documents above, can you answer the following query? Print out the TITLE and ID of the documents you use to answer. Then format the answers into a list.
query: Both Hatter and March Hare are characters in which book?
","[""Alice's Adventures in Wonderland""]",65.536,0.0,test,3227.648,49250.0," ['Alice's Adventures in Wonderland']

Documents used:
TITLE: Hatter (Alice's Adventures in Wonderland) | ID: 73
TITLE: March Hare | ID: 74",256
3.227648,49250.0,3.227648,Final Answer: ,hotpotqa_32k,3227.648,"====== Now let's start! ======
Based on the documents above, can you answer the following query? Print out the TITLE and ID of the documents you use to answer. Then format the answers into a list.
query: Maggie May is a musical based on a folk song about a prostitute who robbed whom?
",['sailor'],65.536,0.0,test,3227.648,49250.0," ['a sailor coming home from a round trip']

Documents used:
TITLE: Maggie May (musical) | ID: 57
TITLE: Maggie May (folk song) | ID: 58",256
3.227648,49250.0,3.227648,Final Answer: ,hotpotqa_32k,3227.648,"====== Now let's start! ======
Based on the documents above, can you answer the following query? Print out the TITLE and ID of the documents you use to answer. Then format the answers into a list.
query: Kim English was selected by the Pistons during the draft held at what location?
",['Prudential Center'],65.536,0.0,test,3227.648,49250.0," ['Prudential Center in Newark, New Jersey']

**Documents Used:**
TITLE: Kim English (basketball) | ID: 192
TITLE: 2012 NBA draft | ID: 191",256
3.227648,49250.0,3.227648,Final Answer: ,hotpotqa_32k,3227.648,"====== Now let's start! ======
Based on the documents above, can you answer the following query? Print out the TITLE and ID of the documents you use to answer. Then format the answers into a list.
query: Where does the descendant of the Red Setter originate?
",['Scotland'],65.536,0.0,test,3227.648,49250.0," ['Scotland']

**Reasoning:**
1.  **Identify the Red Setter:** Document ID 116 (""Irish Setter"") states that the term ""Irish Setter"" encompasses the ""field-bred Red Setter"".
2.  **Identify the ancestor/descendant relationship:** Document ID 115 (""Scotch Collie"") states that the Scotch Collie breed ""consisted of both the long-haired (now known as Rough) Collie and the short-haired (now known as Smooth) Collie"" and that ""Other ancestors include the Gordon and Irish Setters."" This implies the Irish Setter (Red Setter) is an ancestor of the Scotch Collie. However, the question asks where the *descendant* of the Red Setter originates.
3.  **Re-evaluating the question:** ""Where does the descendant of the Red Setter originate?""
    *   If the Red Setter is the ancestor, the descendant is the Scotch Collie (based on ID 115 saying Irish Setters are ancestors of the Scotch Collie).
    *   Document ID 115 states: ""The Scotch Collie is a landrace breed of dog which originated from the highland regions of **Scotland**.""",256
3.227648,49250.0,3.227648,Final Answer: ,hotpotqa_32k,3227.648,"====== Now let's start! ======
Based on the documents above, can you answer the following query? Print out the TITLE and ID of the documents you use to answer. Then format the answers into a list.
query: Was American Scientist or Dwell published first?
",['American Scientist'],65.536,0.0,test,3227.648,49250.0,"1913

Documents used:
TITLE: American Scientist | ID: 162
TITLE: Dwell (magazine) | ID: 161

Explanation:
- According to ID 162, *American Scientist* has been published since **1913**.
- According to ID 161, *Dwell* was launched with a magazine in **September 2000**.
- Therefore, *American Scientist* was published first.

Final Answer: ['American Scientist']",256
3.227648,49250.0,3.227648,Final Answer: ,hotpotqa_32k,3227.648,"====== Now let's start! ======
Based on the documents above, can you answer the following query? Print out the TITLE and ID of the documents you use to answer. Then format the answers into a list.
query: What was the former name of the company which operates Hunterston Terminal?
",['Peel Holdings'],65.536,0.0,test,3227.648,49250.0," ['Peel Holdings']

**Documents Used:**
TITLE: Hunterston Terminal | ID: 67
TITLE: The Peel Group | ID: 68",256
3.227648,49250.0,3.227648,Final Answer: ,hotpotqa_32k,3227.648,"====== Now let's start! ======
Based on the documents above, can you answer the following query? Print out the TITLE and ID of the documents you use to answer. Then format the answers into a list.
query: Millennium Greens were funded in part by a what type of lottery?
",['state-franchised'],65.536,0.0,test,3227.648,49250.0," ['National Lottery']

**Documents Used:**
TITLE: Millennium Green | ID: 39
TITLE: National Lottery (United Kingdom) | ID: 38",256
3.227648,49250.0,3.227648,Final Answer: ,hotpotqa_32k,3227.648,"====== Now let's start! ======
Based on the documents above, can you answer the following query? Print out the TITLE and ID of the documents you use to answer. Then format the answers into a list.
query: Are both Don Giovanni and Cardillac operas with three acts?
",['no'],65.536,0.0,test,3227.648,49250.0,"1. Don Giovanni is an opera in two acts. 2. Cardillac is an opera in three acts. Therefore, they are not both operas with three acts.

Documents used:
TITLE: Don Giovanni | ID: 139
TITLE: Cardillac | ID: 140

Final Answer: ['No']",256
3.227648,49250.0,3.227648,Final Answer: ,hotpotqa_32k,3227.648,"====== Now let's start! ======
Based on the documents above, can you answer the following query? Print out the TITLE and ID of the documents you use to answer. Then format the answers into a list.
query: When did the animated series Kent Scott wrote end after beginning in September of 2002 on ""Nick on CBS""?
",['November'],65.536,0.0,test,3227.648,49250.0,"2002

Documents used:
TITLE: Pelswick | ID: 117
TITLE: Kenn Scott | ID: 118

The animated series is ""Pelswick"" (ID: 117), which was written by Kenn Scott (ID: 118). According to the document for ""Pelswick"", it aired beginning on September 14, 2002, and ended in November of that year (2002).

Final Answer: ['November 2002']",256
3.227648,49250.0,3.227648,Final Answer: ,hotpotqa_32k,3227.648,"====== Now let's start! ======
Based on the documents above, can you answer the following query? Print out the TITLE and ID of the documents you use to answer. Then format the answers into a list.
query: The figure skater who was coached to Olympic, World, and national titles by Richard Callaghan was born in what year?
",['1982'],65.536,0.0,test,3227.648,49250.0,"1982

**Documents Used:**
TITLE: Richard Callaghan | ID: 130
TITLE: Tara Lipinski | ID: 129

**Reasoning:**
1.  **Document 130 (Richard Callaghan)** states that he ""coached Nicole Bobek to her national title, and **Tara Lipinski** to Olympic, World, and national titles.""
2.  **Document 129 (Tara Lipinski)** states that ""Tara Kristen Lipinski (born **June 10, 1982**) is an American figure skater...""
3.  Therefore, the figure skater coached by Richard Callaghan to those specific titles is Tara Lipinski, and she was born in 1982.",256
3.227648,49250.0,3.227648,Final Answer: ,hotpotqa_32k,3227.648,"====== Now let's start! ======
Based on the documents above, can you answer the following query? Print out the TITLE and ID of the documents you use to answer. Then format the answers into a list.
query: Who starred in The Bronze and also showed up on the CBS sitcom ""The Big Bang Theory""?
",['Melissa Rauch'],65.536,0.0,test,3227.648,49250.0," ['Melissa Rauch']

**Documents Used:**
TITLE: Melissa Rauch | ID: 81
TITLE: The Bronze (film) | ID: 82",256
3.227648,49250.0,3.227648,Final Answer: ,hotpotqa_32k,3227.648,"====== Now let's start! ======
Based on the documents above, can you answer the following query? Print out the TITLE and ID of the documents you use to answer. Then format the answers into a list.
query: Are Mick Jagger and Brett Scallions both musicians?
",['yes'],65.536,0.0,test,3227.648,49250.0,"1. Mick Jagger is an English singer-songwriter, multi-instrumentalist, and composer, and the lead singer of the Rolling Stones (Document ID: 114). 2. Brett Scallions is an American musician, specifically the lead vocalist, rhythm guitarist, and lyricist of the band Fuel (Document ID: 113). Therefore, both are musicians.

Final Answer: ['Yes']",256
3.227648,49250.0,3.227648,Final Answer: ,hotpotqa_32k,3227.648,"====== Now let's start! ======
Based on the documents above, can you answer the following query? Print out the TITLE and ID of the documents you use to answer. Then format the answers into a list.
query: What NHL team drafted Kaspars Astasenko in 1999 and won the Stanley Cup in 2003-04?
",['Tampa Bay Lightning'],65.536,0.0,test,3227.648,49250.0," ['Tampa Bay Lightning']

**Documents Used:**
TITLE: Kaspars Astašenko | ID: 105
TITLE: Tampa Bay Lightning | ID: 106",256
3.227648,49250.0,3.227648,Final Answer: ,hotpotqa_32k,3227.648,"====== Now let's start! ======
Based on the documents above, can you answer the following query? Print out the TITLE and ID of the documents you use to answer. Then format the answers into a list.
query: When did the author of ""Computing Machinery and Intelligence"" die?
",['1954'],65.536,0.0,test,3227.648,49250.0,"7 June 1954

Documents used:
TITLE: Computing Machinery and Intelligence | ID: 37
TITLE: Alan Turing | ID: 36

Final Answer: ['7 June 1954']",256
3.227648,49250.0,3.227648,Final Answer: ,hotpotqa_32k,3227.648,"====== Now let's start! ======
Based on the documents above, can you answer the following query? Print out the TITLE and ID of the documents you use to answer. Then format the answers into a list.
query: What cartel drug lord with the reputation as ""The King of Cocaine"" partnered with Jack Carlton Reed to provide drugs to the United States in the 20th century?
",['Pablo Escobar'],65.536,0.0,test,3227.648,49250.0," ['Pablo Escobar']

**Documents Used:**
TITLE: Pablo Escobar | ID: 163
TITLE: Jack Carlton Reed | ID: 164",256
3.227648,49250.0,3.227648,Final Answer: ,hotpotqa_32k,3227.648,"====== Now let's start! ======
Based on the documents above, can you answer the following query? Print out the TITLE and ID of the documents you use to answer. Then format the answers into a list.
query: Charles Coughlin was a controversial Canadian-American Roman Catholic who also started what rumor?
",['Boston Herald'],65.536,0.0,test,3227.648,49250.0,"<think>
The user wants to know what rumor Charles Coughlin started, based on the provided documents.

1.  **Scan the documents for ""Charles Coughlin"".**
    *   ID: 173 | TITLE: Charles Coughlin | CONTENT: ""Charles Edward Coughlin ... was a controversial Canadian-American Roman Catholic priest ... He was forced off the air in 1939.""
    *   ID: 174 | TITLE: Frances Sweeney | CONTENT: ""Frances Sweeney ... edited her own newspaper, the 'Boston City Reporter', and started the 'Boston Herald' Rumor Clinic to combat fascist disinformation. Seeking to counteract the influence of the priest Charles Coughlin, whose antisemitic broadcasts were popular with Boston's Irish Catholics...""

2.  **Analyze the content.**
    *   Document 173 describes Charles Coughlin as a controversial priest who used radio. It mentions his broadcasts were antisemitic (implied by Document 174).
    *   Document 174 mentions Frances Sweeney started a ""Rumor Clinic"" to combat disinformation and counteract Coughlin's influence. It says Coughlin's broadcasts were antisemit",256
3.227648,49250.0,3.227648,Final Answer: ,hotpotqa_32k,3227.648,"====== Now let's start! ======
Based on the documents above, can you answer the following query? Print out the TITLE and ID of the documents you use to answer. Then format the answers into a list.
query: What English-American actor known for his role in ""Raiders of the Lost Ark"" starred in The Lodger?
","['Alfredo ""Alfred"" Molina']",65.536,0.0,test,3227.648,49250.0," ['Alfred Molina']

Documents used:
TITLE: The Lodger (2009 film) | ID: 89
TITLE: Alfred Molina | ID: 90",256
3.227648,49250.0,3.227648,Final Answer: ,hotpotqa_32k,3227.648,"====== Now let's start! ======
Based on the documents above, can you answer the following query? Print out the TITLE and ID of the documents you use to answer. Then format the answers into a list.
query: What film directed by David Greene did Merrell Jackson play an apostle in?
",['Godspell'],65.536,0.0,test,3227.648,49250.0," ['Godspell']

Documents used:
TITLE: Merrell Jackson | ID: 85
TITLE: Godspell (film) | ID: 86",256
3.227648,49250.0,3.227648,Final Answer: ,hotpotqa_32k,3227.648,"====== Now let's start! ======
Based on the documents above, can you answer the following query? Print out the TITLE and ID of the documents you use to answer. Then format the answers into a list.
query: In the Glee episode ""Bad Reputation,"" Sue Sylvester dances to this song, by a four-time Grammy winner and star of musical film ""Grease.""
",['Physical'],65.536,0.0,test,3227.648,49250.0," ['Physical']

**Documents Used:**
TITLE: Bad Reputation (Glee) | ID: 199
TITLE: Olivia Newton-John | ID: 200",256
3.227648,49250.0,3.227648,Final Answer: ,hotpotqa_32k,3227.648,"====== Now let's start! ======
Based on the documents above, can you answer the following query? Print out the TITLE and ID of the documents you use to answer. Then format the answers into a list.
query: What film, based on the book “Boston Strong”, featured the actress Alex McKenna?
",['Patriots Day'],65.536,0.0,test,3227.648,49250.0," ['Patriots Day']

**Documents Used:**
TITLE: Alex McKenna | ID: 141
TITLE: Patriots Day (film) | ID: 142",256
3.227648,49250.0,3.227648,Final Answer: ,hotpotqa_32k,3227.648,"====== Now let's start! ======
Based on the documents above, can you answer the following query? Print out the TITLE and ID of the documents you use to answer. Then format the answers into a list.
query: What apartment complex originally constructed in 1927 is included in Manhattan Community Board 6?
",['Tudor City'],65.536,0.0,test,3227.648,49250.0," ['Tudor City']

**Documents Used:**
TITLE: Manhattan Community Board 6 | ID: 175
TITLE: Tudor City | ID: 176",256
3.227648,49250.0,3.227648,Final Answer: ,hotpotqa_32k,3227.648,"====== Now let's start! ======
Based on the documents above, can you answer the following query? Print out the TITLE and ID of the documents you use to answer. Then format the answers into a list.
query: What are The Ready Set and Cell?
",['band'],65.536,0.0,test,3227.648,49250.0," ['The Ready Set is an American singer-songwriter act', 'Cell is a New York-based band']

Documents used:
TITLE: The Ready Set | ID: 151
TITLE: Cell (American band) | ID: 152",256
3.227648,49250.0,3.227648,Final Answer: ,hotpotqa_32k,3227.648,"====== Now let's start! ======
Based on the documents above, can you answer the following query? Print out the TITLE and ID of the documents you use to answer. Then format the answers into a list.
query: The 43d Air Mobility Operations Group is stationed at which largest military installation?
",['Fort Bragg'],65.536,0.0,test,3227.648,49250.0," ['Fort Bragg']

**Documents Used:**
TITLE: 43d Air Mobility Operations Group | ID: 202
TITLE: Fort Bragg | ID: 201",256
3.227648,49250.0,3.227648,Final Answer: ,hotpotqa_32k,3227.648,"====== Now let's start! ======
Based on the documents above, can you answer the following query? Print out the TITLE and ID of the documents you use to answer. Then format the answers into a list.
query: Ivan Simson was under the command of the officer who was most noted for a defeat at what WWII battle?
",['Battle of Singapore'],65.536,0.0,test,3227.648,49250.0," ['Battle of Singapore']

**Documents Used:**
TITLE: Ivan Simson | ID: 119
TITLE: Arthur Percival | ID: 120",256
3.227648,49250.0,3.227648,Final Answer: ,hotpotqa_32k,3227.648,"====== Now let's start! ======
Based on the documents above, can you answer the following query? Print out the TITLE and ID of the documents you use to answer. Then format the answers into a list.
query: Are Ian Brown and Dee Snider both actors?
",['no'],65.536,0.0,test,3227.648,49250.0,"1. Ian Brown is an English musician and lead singer of the Stone Roses, known for a cameo role in ""Harry Potter and the Prisoner of Azkaban"" (Document ID: 144). 2. Dee Snider is an American singer-songwriter, screenwriter, radio personality, and actor (Document ID: 143). Therefore, both have acted, though Ian Brown is primarily a musician with a cameo, while Dee Snider is explicitly listed as an actor.

Final Answer: ['Yes']",256
3.227648,49250.0,3.227648,Final Answer: ,hotpotqa_32k,3227.648,"====== Now let's start! ======
Based on the documents above, can you answer the following query? Print out the TITLE and ID of the documents you use to answer. Then format the answers into a list.
query: What Cason, CA soccer team features the son of Roy Lassiter?
",['LA Galaxy'],65.536,0.0,test,3227.648,49250.0," ['LA Galaxy']

**Documents Used:**
TITLE: Roy Lassiter | ID: 40
TITLE: LA Galaxy | ID: 41",256
3.227648,49250.0,3.227648,Final Answer: ,hotpotqa_32k,3227.648,"====== Now let's start! ======
Based on the documents above, can you answer the following query? Print out the TITLE and ID of the documents you use to answer. Then format the answers into a list.
query: Where did this dish emerge in the late 1950s that is a long-standing tradition in New Jersey?
",['Centre-du-Québec'],65.536,0.0,test,3227.648,49250.0," ['Centre-du-Québec area']

**Analysis:**
The query asks for the location where a dish emerged in the late 1950s that is also a long-standing tradition in New Jersey.
1.  **Document 196 (Cuisine of New Jersey)** states: ""New Jersey is home to approximately 525 diners... and where **disco fries** are a long-standing tradition."" It does not mention the origin of disco fries in the late 1950s.
2.  **Document 195 (Poutine)** states: ""**Poutine**... is a Quebecois–Canadian dish... The dish **emerged in the late 1950s in the Centre-du-Québec area**."" It also mentions that ""Poutine festivals are held in... Chicago and New Hampshire"" but does not explicitly state it is a ""long-standing tradition in New Jersey"" in the same way Document 196 describes disco fries.
3.  However, looking closely at the query structure, it seems to be conflating two different facts or asking about a specific dish that fits the ""late 1950s"" origin description found in the text. The only",256
3.227648,49250.0,3.227648,Final Answer: ,hotpotqa_32k,3227.648,"====== Now let's start! ======
Based on the documents above, can you answer the following query? Print out the TITLE and ID of the documents you use to answer. Then format the answers into a list.
query: Red Mountain is a film that centers on an attempt by a group of what group of Civil War rangers?
",['pro-Confederate'],65.536,0.0,test,3227.648,49250.0," ['Quantrill's Raiders']

**Documents Used:**
TITLE: Red Mountain (film) | ID: 33
TITLE: Quantrill's Raiders | ID: 34",256
3.227648,49250.0,3.227648,Final Answer: ,hotpotqa_32k,3227.648,"====== Now let's start! ======
Based on the documents above, can you answer the following query? Print out the TITLE and ID of the documents you use to answer. Then format the answers into a list.
query: Which opera has more acts, Louise or Le roi malgré lui?
",['Louise'],65.536,0.0,test,3227.648,49250.0,"50, 51
TITLE: Le roi malgré lui | ID: 50
TITLE: Louise (opera) | ID: 51

Based on the documents:
- **Le roi malgré lui** (ID: 50) is an opéra-comique in **three acts**.
- **Louise** (ID: 51) is an opera in **four acts**.

Therefore, **Louise** has more acts.

Final Answer: ['Louise']",256
3.227648,49250.0,3.227648,Final Answer: ,hotpotqa_32k,3227.648,"====== Now let's start! ======
Based on the documents above, can you answer the following query? Print out the TITLE and ID of the documents you use to answer. Then format the answers into a list.
query: ""JK Wedding Entrance Dance"" is a viral video that uses a song by a rapper whose first album was certified what?
",['double platinum'],65.536,0.0,test,3227.648,49250.0," ['double platinum']

**Documents Used:**
TITLE: JK Wedding Entrance Dance | ID: 54
TITLE: Chris Brown | ID: 6",256
3.227648,49250.0,3.227648,Final Answer: ,hotpotqa_32k,3227.648,"====== Now let's start! ======
Based on the documents above, can you answer the following query? Print out the TITLE and ID of the documents you use to answer. Then format the answers into a list.
query: What chef is the owner of a Japanese restaurant in the Tribeca neighborhood and also owns two Bar Masas in New York and Nevada?
","['Masayoshi ""Masa"" Takayama']",65.536,0.0,test,3227.648,49250.0," ['Masayoshi ""Masa"" Takayama']

**Documents Used:**
TITLE: Tetsu (restaurant) | ID: 123
TITLE: Masa Takayama | ID: 124",256
3.227648,49250.0,3.227648,Final Answer: ,hotpotqa_32k,3227.648,"====== Now let's start! ======
Based on the documents above, can you answer the following query? Print out the TITLE and ID of the documents you use to answer. Then format the answers into a list.
query: When was the club formed, for which Adam  Johnson played as well as Middlesbrough and Watford ?
",['1919'],65.536,0.0,test,3227.648,49250.0,"1919

(Note: The provided documents do not contain information about a player named ""Adam Johnson"" or his career history involving Middlesbrough, Watford, and another club. However, Document 16 mentions ""Leeds United F.C."" was formed in 1919. Adam Johnson did play for Leeds United, Middlesbrough, and Watford. Based on the available text, the only club formation date mentioned that fits the context of a club Adam Johnson played for is Leeds United.)

**Correction based on strict document adherence:**
The provided documents **do not contain** the name ""Adam Johnson"" or any information linking him to Middlesbrough, Watford, or a specific club formation date. Document 16 mentions Leeds United was formed in 1919, but does not mention Adam Johnson. Therefore, the query cannot be answered using *only* the provided documents.

However, if we assume the question implies the user knows Adam Johnson played for Leeds United (which is not in the text) and asks for the formation date of that club found in the text:
Document 16 states: ""The club was formed in 1919 following the disbanding of Leeds City F",256
3.227648,49250.0,3.227648,Final Answer: ,hotpotqa_32k,3227.648,"====== Now let's start! ======
Based on the documents above, can you answer the following query? Print out the TITLE and ID of the documents you use to answer. Then format the answers into a list.
query: Who co-wrote Taylor Swift's song that had its music video premiere during the pre-show of the 2015 MTV Video Music Awards?
",['Max Martin and Shellback'],65.536,0.0,test,3227.648,49250.0,"1. Identify the song: The query asks for a Taylor Swift song whose music video premiered during the pre-show of the 2015 MTV Video Music Awards.
2. Locate the relevant document: Document ID 184 (""2015 MTV Video Music Awards"") states: ""Swift's 'Wildest Dreams' music video premiered during the pre-show.""
3. Identify the co-writers: Document ID 183 (""Wildest Dreams (Taylor Swift song)"") states: ""Swift co-wrote the song with its producers Max Martin and Shellback.""
4. Formulate the answer: The co-writers are Max Martin and Shellback.

TITLE: 2015 MTV Video Music Awards | ID: 184
TITLE: Wildest Dreams (Taylor Swift song) | ID: 183

Final Answer: ['Max Martin', 'Shellback']",256
3.227648,49250.0,3.227648,Final Answer: ,hotpotqa_32k,3227.648,"====== Now let's start! ======
Based on the documents above, can you answer the following query? Print out the TITLE and ID of the documents you use to answer. Then format the answers into a list.
query: What other notable role did the star actor from Jeremy perform?
",['the voice of The Beast'],65.536,0.0,test,3227.648,49250.0,"1. TITLE: Jeremy (film) | ID: 99
2. TITLE: Robby Benson | ID: 100
Final Answer: ['voice of The Beast in the Disney animated film ""Beauty and the Beast""']",256
3.227648,49250.0,3.227648,Final Answer: ,hotpotqa_32k,3227.648,"====== Now let's start! ======
Based on the documents above, can you answer the following query? Print out the TITLE and ID of the documents you use to answer. Then format the answers into a list.
query: Isabella Kelly was born at a ruined castle characterized as one of the most isolated fortifications in Britain by who?
",['The Changing Scottish Landscape'],65.536,0.0,test,3227.648,49250.0,"1991's ""The Changing Scottish Landscape""

Documents used:
TITLE: Isabella Kelly | ID: 70
TITLE: Cairnburgh Castle | ID: 69",256
