uncompressed_kv_memory_gb,token_budget,retained_context_tokens,retained_kv_memory_gb,answer_prefix,memory_budget,task,memory_budget_unit,uncompressed_kv_memory_mb,question,answers,kv_memory_per_token_kb,compression_ratio,split,retained_kv_memory_mb,context_tokens,predicted_answer,max_new_tokens
2.907242496,15258.0,15258.0,0.999948288,Final Answer: ,1.0,quest_32k,GB,2907.242496,"====== Now let's start! ======
Based on the documents above, can you answer the following query? Print out the TITLE and ID of the documents you use to answer. Then format the answers into a list.
query: Capua Films
",['Spartacus (film)'],65.536,0.6560492324338947,dev,999.948288,44361.0," []

(No documents in the provided list contain information about ""Capua Films"".)",256
2.907242496,15258.0,15258.0,0.999948288,Final Answer: ,1.0,quest_32k,GB,2907.242496,"====== Now let's start! ======
Based on the documents above, can you answer the following query? Print out the TITLE and ID of the documents you use to answer. Then format the answers into a list.
query: 1990s Indian and folklore romance films.
",['Laal Paree' 'Roja (film)' 'Sahasa Veerudu Sagara Kanya'],65.536,0.6560492324338947,dev,999.948288,44361.0,"1990s Indian and folklore romance films.

Based on the provided documents, there are **no** films that match the criteria of being a ""1990s Indian and folklore romance film.""

Here is the analysis of the relevant documents:
*   **ID: 24 (Doctor Zhivago (film))**: This is a 1965 film (not 1990s), set in Russia (not Indian), and is a historical romance (not folklore).
*   **ID: 55 (Princess Goldilocks)**: This is a 1973 film (not 1990s), set in Czechoslovakia (not Indian), and is a musical fairytale (folklore), but it does not fit the time or location criteria.
*   **ID: 129 (Mac & Devin Go to High School)**: This is a 2011 film (not 1990s), American (not Indian), and a comedy (not folklore romance).
*   **ID: 132 (Minnaram)**: The snippet mentions a ""dog explosion comedy sequence"" used in a Hindi movie, but",256
2.907242496,15258.0,15258.0,0.999948288,Final Answer: ,1.0,quest_32k,GB,2907.242496,"====== Now let's start! ======
Based on the documents above, can you answer the following query? Print out the TITLE and ID of the documents you use to answer. Then format the answers into a list.
query: Films shot in Gauteng or New Zealand action thrillers or Western films from South Africa
",['6 Days (2017 film)' 'Glory Glory (2000 film)' 'The Jackals'],65.536,0.6560492324338947,dev,999.948288,44361.0," []

(Note: None of the provided documents contain information about films shot in Gauteng, New Zealand action thrillers, or Western films from South Africa. The documents cover films from Taiwan, China, the US, UK, France, Germany, Russia, Iran, Australia, and others, but do not match the specific criteria in the query.)",256
2.907242496,15258.0,15258.0,0.999948288,Final Answer: ,1.0,quest_32k,GB,2907.242496,"====== Now let's start! ======
Based on the documents above, can you answer the following query? Print out the TITLE and ID of the documents you use to answer. Then format the answers into a list.
query: 1860 novels or 1860 American novels or Ivan Turgenev novellas
",['Max Havelaar' 'The Marble Faun' 'The Mill on the Floss'],65.536,0.6560492324338947,dev,999.948288,44361.0,"1860 novels or 1860 American novels or Ivan Turgenev novellas

Based on the provided documents, there are no titles that match the query ""1860 novels"", ""1860 American novels"", or ""Ivan Turgenev novellas"".

*   **1860 novels:** The documents mention novels from 1851 (*Une vieille maîtresse*), 1852 (*The Bewitched*), 1882 (*The Story Without a Name*, *Anandamath*), 1896 (*Doctor Zhivago* is a film based on a 1957 novel, *Personal Recollections* is 1896), 1898 (*Julian* is 1964, *Rupert of Hentzau* is 1895/1898, *In the Sargasso Sea* is 1898), 1930s, 1960s, 1970s, 1980s, 1990s, 2000s, 2010s, and ",256
2.907242496,15258.0,15258.0,0.999948288,Final Answer: ,1.0,quest_32k,GB,2907.242496,"====== Now let's start! ======
Based on the documents above, can you answer the following query? Print out the TITLE and ID of the documents you use to answer. Then format the answers into a list.
query: Horror anthology films about time travel that were shot in the US
",['Southbound (2015 film)' 'Twilight Zone: The Movie'],65.536,0.6560492324338947,dev,999.948288,44361.0," []

(No documents in the provided list match the query ""Horror anthology films about time travel that were shot in the US"". The document *A.P.E.X.* (ID: 16) is a science fiction action film about time travel, but it is not described as a horror anthology, nor is it explicitly stated to be shot in the US (it mentions a 1994 festival in Portugal). The document *One Way Trip 3D* (ID: 12) is a horror film but is Austrian-Swiss and not described as an anthology or about time travel.)",256
2.907242496,15258.0,15258.0,0.999948288,Final Answer: ,1.0,quest_32k,GB,2907.242496,"====== Now let's start! ======
Based on the documents above, can you answer the following query? Print out the TITLE and ID of the documents you use to answer. Then format the answers into a list.
query: Films based on European myths and legends and young adult literature
",['Percy Jackson & the Olympians: The Lightning Thief'],65.536,0.6560492324338947,dev,999.948288,44361.0," []

(Note: None of the provided documents describe a film that is based on both European myths/legends AND young adult literature. Document 57 describes a novel about Greek myths, Document 116 describes a young adult novel, and Document 121 describes a children's novel about Celtic mythology, but no film matching the specific criteria exists in the text.)",256
2.907242496,15258.0,15258.0,0.999948288,Final Answer: ,1.0,quest_32k,GB,2907.242496,"====== Now let's start! ======
Based on the documents above, can you answer the following query? Print out the TITLE and ID of the documents you use to answer. Then format the answers into a list.
query: Supernatural horror films in the Artic
","['Kajutaijuq: The Spirit That Comes' 'The Abandoned (2006 film)'
 'The Last Winter (2006 film)']",65.536,0.6560492324338947,dev,999.948288,44361.0,"1. No documents in the provided list match the query ""Supernatural horror films in the Artic"".

**Analysis of relevant documents:**
*   **ID: 114 (The Firebird Rocket):** Mentions the ""Woomera Test Range"" (Australia), not the Arctic. It is a mystery story, not a supernatural horror film.
*   **ID: 12 (One Way Trip 3D):** A horror film, but set in Austria/Switzerland, not the Arctic.
*   **ID: 53 (Nails):** A Russian horror film, but the setting is not specified as the Arctic in the text.
*   **ID: 54 (Little Otik):** A Czech horror film, not set in the Arctic.
*   **ID: 116 (The Changeover):** A novel (not a film) set in New Zealand.
*   **ID: 117 (The Blind Owl):** A novel set in Iran.
*   **ID: 122 (Star Healer):** A science fiction book, not a horror film.
*   **ID: 123 (Aerials):** A sci-fi film set in",256
2.907242496,15258.0,15258.0,0.999948288,Final Answer: ,1.0,quest_32k,GB,2907.242496,"====== Now let's start! ======
Based on the documents above, can you answer the following query? Print out the TITLE and ID of the documents you use to answer. Then format the answers into a list.
query: Northern Mariana Islands set films
",['Anatahan (film)' 'Oba: The Last Samurai'],65.536,0.6560492324338947,dev,999.948288,44361.0," []

(No documents in the provided list contain information about films set in the Northern Mariana Islands.)",256
2.907242496,15258.0,15258.0,0.999948288,Final Answer: ,1.0,quest_32k,GB,2907.242496,"====== Now let's start! ======
Based on the documents above, can you answer the following query? Print out the TITLE and ID of the documents you use to answer. Then format the answers into a list.
query: 1980 books that are non fiction and, about British thriller.
",['Man on Fire (Quinnell novel)' 'Sweet Adelaide'],65.536,0.6560492324338947,dev,999.948288,44361.0,"1980 books that are non fiction and, about British thriller.

Based on the provided documents, there are **no** books that match the criteria of being published in 1980, being non-fiction, and being about a British thriller.

Here is the analysis of the relevant documents:
*   **ID 39 (The Waxworks Murder):** Published in 1932 (fiction).
*   **ID 40 (Poison in Jest):** Published in 1932 (fiction).
*   **ID 37 (Lament for Leto):** Published in 1971 (fiction).
*   **ID 38 (Firecrest):** Published in 1971 (fiction).
*   **ID 29 (A Case of Need):** Published in 1968 (fiction).
*   **ID 72 (The Boys from Brazil):** Published in 1976 (fiction).
*   **ID 20 (Crisis of Conscience):** Published in 1983 (non-fiction, but not 1980 and not a thriller).
*   **ID 106 (Ferr",256
2.907242496,15258.0,15258.0,0.999948288,Final Answer: ,1.0,quest_32k,GB,2907.242496,"====== Now let's start! ======
Based on the documents above, can you answer the following query? Print out the TITLE and ID of the documents you use to answer. Then format the answers into a list.
query: Australian novels from 1991
",['Cloudstreet' 'Mandragora (novel)' 'Our Sunshine'],65.536,0.6560492324338947,dev,999.948288,44361.0,"1991 is not mentioned in any of the provided documents as the publication year for an Australian novel. The only Australian novel mentioned is *The Lives of Animals* (1999) by J. M. Coetzee (South African), and *The Adventures of Jinbao* (2012) is a Chinese-Hong Kong film. No document matches the criteria ""Australian novels from 1991"".

['No matching documents found']",256
2.907242496,15258.0,15258.0,0.999948288,Final Answer: ,1.0,quest_32k,GB,2907.242496,"====== Now let's start! ======
Based on the documents above, can you answer the following query? Print out the TITLE and ID of the documents you use to answer. Then format the answers into a list.
query: Novels about families set in Boston and New England.
",['A Case of Need'],65.536,0.6560492324338947,test,999.948288,44361.0,"1. **TITLE**: *Zodiac (novel)* | **ID**: 58
2. **TITLE**: *A Case of Need* | **ID**: 29

**Reasoning:**
*   **Zodiac (novel)** (ID 58): The document states the novel is set in **Boston Harbor** and involves the ""Gallaghers, a fishing"" family (implied family unit) and the protagonist's interactions with them. It is a novel set in New England (Boston).
*   **A Case of Need** (ID 29): The document states the protagonist is a pathologist working in **Boston** and the story involves the ""Randall"" family (a ""prominent Boston medical dynasty"") and the protagonist's friend Arthur Lee. It is a novel set in New England (Boston).

*Note: While ""It Happened in Boston?"" (ID 34) is set in Boston, the document describes it as a story about a ""disillusioned, paranoid painter"" and his ""painter friends,"" focusing on madness and art rather than a central family narrative in the same way the other two explicitly mention family dynasties or family units (the Gallaghers,",256
2.907242496,15258.0,15258.0,0.999948288,Final Answer: ,1.0,quest_32k,GB,2907.242496,"====== Now let's start! ======
Based on the documents above, can you answer the following query? Print out the TITLE and ID of the documents you use to answer. Then format the answers into a list.
query: 2009 Indian, or by Chetan Bhagat, novels
","['Five Point Someone' 'One Night @ the Call Center'
 'The 3 Mistakes of My Life']",65.536,0.6560492324338947,test,999.948288,44361.0,"2009 Indian, or by Chetan Bhagat, novels

Based on the provided documents, there are no novels that fit the criteria of being published in 2009, being Indian, or being written by Chetan Bhagat.

*   **Chetan Bhagat's novels mentioned:**
    *   *Five Point Someone* (2004) - Document ID: 126
    *   *One Night @ the Call Center* (2005) - Document ID: 127
    *   *The 3 Mistakes of My Life* (2008) - Document ID: 128
*   **2009 Indian novels mentioned:** None.

The documents do not contain any novel published in 2009.

Final Answer: []",256
2.907242496,15258.0,15258.0,0.999948288,Final Answer: ,1.0,quest_32k,GB,2907.242496,"====== Now let's start! ======
Based on the documents above, can you answer the following query? Print out the TITLE and ID of the documents you use to answer. Then format the answers into a list.
query: Hispanic and Latino American novels set anywhere besides North America
",['At Night We Walk in Circles' 'La reina de América' 'Lost City Radio'],65.536,0.6560492324338947,test,999.948288,44361.0,"1. **La reina de América** (ID: 105) - This novel by Uruguayan author Jorge Majfud is set in Montevideo and Buenos Aires (South America).
2. **Those Days (novel)** (ID: 104) - While the author Sunil Gangopadhyay is Indian, the query asks for ""Hispanic and Latino American novels"". This document does not fit the ""Hispanic and Latino American"" criteria as it is Bengali/Indian.
3. **Anandamath** (ID: 102) - This is a Bengali novel, not Hispanic/Latino.
4. **The Adventures of Jinbao** (ID: 2) - Chinese/Hong Kong.
5. **The Village of No Return** (ID: 0) - Taiwanese-Chinese.
6. **The Invincible Constable** (ID: 1) - Chinese-Taiwanese.
7. **Une vieille maîtresse** (ID: 3) - French.
8. **The Bewitched** (ID: 4) - French.
9. **The Story Without a Name (novel)** (ID:",256
2.907242496,15258.0,15258.0,0.999948288,Final Answer: ,1.0,quest_32k,GB,2907.242496,"====== Now let's start! ======
Based on the documents above, can you answer the following query? Print out the TITLE and ID of the documents you use to answer. Then format the answers into a list.
query: Swiss Films about stalking
",['One Way Trip 3D'],65.536,0.6560492324338947,test,999.948288,44361.0,"1. **One Way Trip 3D** (ID: 12)

**Reasoning:**
*   **One Way Trip 3D** (ID: 12) is explicitly described in the text as a ""2011 **Austrian-Swiss** 3D horror film"". While the text does not explicitly use the word ""stalking"" in the summary, it is a horror film, and in the context of the provided documents, it is the only film with a ""Swiss"" connection. The other films are from various other countries (Taiwan, China, France, USA, UK, etc.).
*   *Note:* The provided text for ""One Way Trip 3D"" only lists the cast and genre (horror). It does not explicitly mention ""stalking"" in the plot summary provided in the document. However, based on the constraint of finding a ""Swiss Film"" from the list, this is the only candidate. If the query implies a specific plot point not fully detailed in the snippet, this is the only Swiss film available to select.
*   Let's re-read carefully. Is there another Swiss film?
    *   ID 0: Taiwanese-Chinese
   ",256
2.907242496,15258.0,15258.0,0.999948288,Final Answer: ,1.0,quest_32k,GB,2907.242496,"====== Now let's start! ======
Based on the documents above, can you answer the following query? Print out the TITLE and ID of the documents you use to answer. Then format the answers into a list.
query: 1971 British thriller novels
",['Firecrest (novel)' 'Lament for Leto'],65.536,0.6560492324338947,test,999.948288,44361.0,"1971 British thriller novels

Based on the documents provided, the following titles match the query:

1.  **Lament for Leto** (ID: 37)
    *   *Reasoning:* The document states it is a ""1971 mystery detective novel by the British writer Gladys Mitchell."" Mystery and detective novels fall under the thriller genre.
2.  **Tamburlaine Must Die** (ID: 51)
    *   *Reasoning:* The document states it is a ""novella written by Louise Welsh"" (British author) and describes it as a ""gothic thriller."" However, the publication date listed is **2004**, not 1971. Therefore, this does **not** match the query.
3.  **The Two Who Stole the Moon** (ID: 89)
    *   *Reasoning:* This is a Polish film, not a British novel.
4.  **The Adventures of Jinbao** (ID: 2)
    *   *Reasoning:* This is a 2012 film.
5.  **The Invincible Constable** (ID: 1)",256
2.907242496,15258.0,15258.0,0.999948288,Final Answer: ,1.0,quest_32k,GB,2907.242496,"====== Now let's start! ======
Based on the documents above, can you answer the following query? Print out the TITLE and ID of the documents you use to answer. Then format the answers into a list.
query: Critical Jehovah's Witness books.
",['Crisis of Conscience'],65.536,0.6560492324338947,test,999.948288,44361.0," ['Crisis of Conscience']

**Document Used:**
TITLE: Crisis of Conscience | ID: 20

**Reasoning:**
The document for ""Crisis of Conscience"" (ID: 20) describes the book as a ""biographical book by Raymond Franz, a former member of the Governing Body of Jehovah's Witnesses"" and explicitly states it is a ""major study and exposé of the internal workings of the Watch Tower Bible and Tract Society."" This fits the criteria of a critical book regarding Jehovah's Witnesses. No other documents in the list mention Jehovah's Witnesses.",256
2.907242496,15258.0,15258.0,0.999948288,Final Answer: ,1.0,quest_32k,GB,2907.242496,"====== Now let's start! ======
Based on the documents above, can you answer the following query? Print out the TITLE and ID of the documents you use to answer. Then format the answers into a list.
query: Gene DeWeese novels
",['Chain of Attack' 'The Final Nexus' 'The Peacekeepers'],65.536,0.6560492324338947,test,999.948288,44361.0,"1. The Peacekeepers (ID: 48)
2. The Two Who Stole the Moon (ID: 89) - *Correction: This is a Polish film, not a Gene DeWeese novel.*
3. The Two Who Stole the Moon is incorrect. Let's re-read the documents for Gene DeWeese.

Document 48: ""The Peacekeepers is a 1988 Star Trek: The Next Generation novel by Gene DeWeese.""
Document 49: ""The Final Nexus is a 1988 Star Trek: The Original Series novel written by Gene DeWeese.""
Document 50: ""Chain of Attack is a 1987 Star Trek: The Original Series novel written by Gene DeWeese.""

Wait, I need to check the IDs again.
ID 48: The Peacekeepers (Gene DeWeese)
ID 49: Chain of Attack (Gene DeWeese)
ID 50: The Final Nexus (Gene DeWeese)

Let's re-verify the text in the provided documents.
ID 48: ""The Peacekeepers is a 1988 Star Trek: The Next Generation",256
2.907242496,15258.0,15258.0,0.999948288,Final Answer: ,1.0,quest_32k,GB,2907.242496,"====== Now let's start! ======
Based on the documents above, can you answer the following query? Print out the TITLE and ID of the documents you use to answer. Then format the answers into a list.
query: 2010s speculative fiction novels about Washington (state) and the United States.
",['Seveneves'],65.536,0.6560492324338947,test,999.948288,44361.0,"2010s speculative fiction novels about Washington (state) and the United States.

Based on the provided documents, there are **no** novels that match the specific criteria of being a ""2010s speculative fiction novel about Washington (state) and the United States.""

Here is the analysis of the relevant documents:
*   **ID: 21 (Seveneves)**: This is a 2015 hard science fiction novel (speculative fiction) by Neal Stephenson. It deals with the destruction of the Moon and the remaking of human society. While it is set in the near future and involves the US (mentioning the US President), the text does not specify that the story is about **Washington state**. It is a global story.
*   **ID: 58 (Zodiac)**: This is a 1988 novel (not 2010s) set in Boston Harbor.
*   **ID: 34 (It Happened in Boston?)**: This is a 1968 novel set in Boston.
*   **ID: 10 (This Census-Taker)**: This is a 2016 novella, but the text",256
2.907242496,15258.0,15258.0,0.999948288,Final Answer: ,1.0,quest_32k,GB,2907.242496,"====== Now let's start! ======
Based on the documents above, can you answer the following query? Print out the TITLE and ID of the documents you use to answer. Then format the answers into a list.
query: 1990's historical films about security and surveillance that are set in England
",['Elizabeth (film)'],65.536,0.6560492324338947,test,999.948288,44361.0,"1990's historical films about security and surveillance that are set in England: No documents found in the provided list match this specific query.

The documents contain:
- *The Assassination of Richard Nixon* (2004, US)
- *The Boys from Brazil* (1976 novel, 1978 film)
- *The Scarlet Pimpernel* (1933 book)
- *Elizabeth* (1998, UK, historical, but about monarchy, not specifically security/surveillance in the modern sense)
- *Taking Sides* (2001, Germany/France/Austria/UK, post-WWII, not 1990s)
- *The Last Mistress* (2007, based on 1851 novel)
- *The Prisoner of Zenda* (1898 novel)
- *The Two Captains* (Soviet novel)
- *The Firebird Rocket* (1978 book)
- *The Glassworker* (Upcoming)
- *The Adventures of Jinbao* (2012)
- *The Invincible Constable",256
2.907242496,15258.0,15258.0,0.999948288,Final Answer: ,1.0,quest_32k,GB,2907.242496,"====== Now let's start! ======
Based on the documents above, can you answer the following query? Print out the TITLE and ID of the documents you use to answer. Then format the answers into a list.
query: 1890s historical books and novels published by Harper & Brothers
",['Personal Recollections of Joan of Arc'],65.536,0.6560492324338947,test,999.948288,44361.0,"1890s historical books and novels published by Harper & Brothers

Based on the provided documents, there is **no** document that matches the query ""1890s historical books and novels published by Harper & Brothers"".

Here is the analysis of the relevant documents:
*   **ID: 31 (Personal Recollections of Joan of Arc):** This is a novel published in **1896** (which is in the 1890s) by **Harper and Brothers**. However, the text describes it as a novel recounting the life of Joan of Arc, not explicitly as a ""historical book"" in the non-fiction sense, though it is historical fiction. More importantly, the query asks for ""books and novels"" (plural or general category), and while this fits the publisher and date, the description in the text focuses on it being a novel by Mark Twain.
*   **ID: 47 (In the Sargasso Sea):** Published in **1898**, but the text does not mention the publisher.
*   **ID: 46 (Rupert of Hentzau):** Published in book form in **1898**, but the text does not",256
2.907242496,15258.0,15258.0,0.999948288,Final Answer: ,1.0,quest_32k,GB,2907.242496,"====== Now let's start! ======
Based on the documents above, can you answer the following query? Print out the TITLE and ID of the documents you use to answer. Then format the answers into a list.
query: History/Adventure books about France from 1933
",['The Way of the Scarlet Pimpernel'],65.536,0.6560492324338947,test,999.948288,44361.0,"1933 is the publication year for ""The Way of the Scarlet Pimpernel"" (ID: 13), which is an adventure novel. However, the document states it is by Baroness Orczy (British) and features an Austrian Baron, not specifically a book *about* France, though it involves European history. There are no other documents matching the specific criteria of ""History/Adventure books about France from 1933"".

Upon re-evaluating the documents:
- ID 13: ""The Way of the Scarlet Pimpernel"" (1933). It is an adventure sequel. It involves European history (Ruritania, Austria, etc.), but the text does not explicitly state it is ""about France"" in the primary sense, though the original ""Scarlet Pimpernel"" is set in France. The document mentions it is a sequel to ""The Scarlet Pimpernel"".
- ID 3: ""Une vieille maîtresse"" (1851).
- ID 4: ""The Bewitched"" (1852).
- ID 5: ""The Story Without a Name"" (1882).
- ID 23: ""Laughing",256
2.907242496,15258.0,15258.0,0.999948288,Final Answer: ,1.0,quest_32k,GB,2907.242496,"====== Now let's start! ======
Based on the documents above, can you answer the following query? Print out the TITLE and ID of the documents you use to answer. Then format the answers into a list.
query: Crime novels that are both American crime novels and 1932 novels
",['Poison in Jest' 'The Waxworks Murder'],65.536,0.6560492324338947,test,999.948288,44361.0,"1932 novels that are American crime novels:
- **The Waxworks Murder** (ID: 39) - A detective story by John Dickson Carr, published in 1932. While the author is British, the query asks for ""American crime novels"" which might be a misinterpretation or a trick, but let's re-evaluate. Wait, John Dickson Carr was British. Let's look for an American author.
- **Poison in Jest** (ID: 40) - A detective story by John Dickson Carr, published in 1932. Again, British author.

Let's re-read the query carefully: ""Crime novels that are both American crime novels and 1932 novels"".
The documents provided are:
- ID 39: *The Waxworks Murder* (1932) by John Dickson Carr (British).
- ID 40: *Poison in Jest* (1932) by John Dickson Carr (British).

There are no American crime novels from 1932 listed in the provided documents. The only 1932 crime novels listed are by a British author. However, if",256
2.907242496,15258.0,15258.0,0.999948288,Final Answer: ,1.0,quest_32k,GB,2907.242496,"====== Now let's start! ======
Based on the documents above, can you answer the following query? Print out the TITLE and ID of the documents you use to answer. Then format the answers into a list.
query: Penal system documentary films that are not about law enforcement in the United States
",['P4W: Prison for Women' 'The Phantom (2021 film)' 'Waseskun'],65.536,0.6560492324338947,test,999.948288,44361.0,"1. **Waseskun** (ID: 43) - A documentary about a healing lodge for Indigenous inmates in Canada.
2. **P4W: Prison for Women** (ID: 44) - A documentary profiling female inmates at the Prison for Women of Kingston Penitentiary in Canada.

Both films are documentaries about the penal system (prisons/healing lodges) and are set in Canada, not the United States.

Final Answer: ['Waseskun', 'P4W: Prison for Women']",256
2.907242496,15258.0,15258.0,0.999948288,Final Answer: ,1.0,quest_32k,GB,2907.242496,"====== Now let's start! ======
Based on the documents above, can you answer the following query? Print out the TITLE and ID of the documents you use to answer. Then format the answers into a list.
query: 1984 Fantasy novels about the United Kingdom
",['Mythago Wood' 'Nights at the Circus'],65.536,0.6560492324338947,test,999.948288,44361.0,"1984 Fantasy novels about the United Kingdom

Based on the provided documents, there are no novels that fit the specific criteria of being published in 1984, being fantasy novels, and being about the United Kingdom.

Here is the analysis of the relevant documents:
*   **ID: 61 (Mythago Wood)**: This is a fantasy novel published in the **United Kingdom in 1984**. However, the story is set in **Herefordshire, England** (which is in the UK), but the query asks for novels *about* the United Kingdom. While the setting is the UK, the primary description focuses on the ""Ryhope Wood"" and the Huxley family. More importantly, let's re-read the query carefully: ""1984 Fantasy novels about the United Kingdom"".
    *   *Mythago Wood* (ID 61) is a fantasy novel published in the UK in 1984. The story is set in Herefordshire, England. This fits the criteria of being a 1984 fantasy novel set in/about the UK.
*   **ID: 118 (My Uncle Napoleon)**: Published in 1",256
2.907242496,15258.0,15258.0,0.999948288,Final Answer: ,1.0,quest_32k,GB,2907.242496,"====== Now let's start! ======
Based on the documents above, can you answer the following query? Print out the TITLE and ID of the documents you use to answer. Then format the answers into a list.
query: Novels published by Hutchinson about film director and producers
",['Laughing Gas (novel)'],65.536,0.6560492324338947,test,999.948288,44361.0,0,256
2.907242496,15258.0,15258.0,0.999948288,Final Answer: ,1.0,quest_32k,GB,2907.242496,"====== Now let's start! ======
Based on the documents above, can you answer the following query? Print out the TITLE and ID of the documents you use to answer. Then format the answers into a list.
query: Canadian documentaries about homelessness and LGBT
",['Ryan (film)'],65.536,0.6560492324338947,test,999.948288,44361.0," []

(No documents in the provided list match the query ""Canadian documentaries about homelessness and LGBT"". While document ID 43 (""Waseskun"") and ID 44 (""P4W: Prison for Women"") are Canadian documentaries, they focus on Indigenous healing centers and female inmates respectively, not homelessness and LGBT issues.)",256
2.907242496,15258.0,15258.0,0.999948288,Final Answer: ,1.0,quest_32k,GB,2907.242496,"====== Now let's start! ======
Based on the documents above, can you answer the following query? Print out the TITLE and ID of the documents you use to answer. Then format the answers into a list.
query: Films set in Italy that are 1982 television films
","['Cavalleria rusticana (1982 film)' 'The Deadly Game (1982 film)'
 'The Life of Verdi (miniseries)']",65.536,0.6560492324338947,test,999.948288,44361.0,"1982 television films set in Italy:
- **Cavalleria rusticana (1982 film)** (ID: 112) - An Italian film made for broadcast on television, set in Sicily (part of Italy).
- **The Deadly Game (1982 film)** (ID: 111) - While made in London, the plot involves an American tourist in the Swiss Alps, not Italy. (Correction: This film is set in Switzerland, not Italy).
- **The Firebird Rocket** (ID: 114) - Not a film, but a book.
- **The Lives of Verdi (miniseries)** (ID: 113) - A 1982 miniseries, but it is a biographical drama about Verdi, not necessarily ""set"" in Italy in the narrative sense of a story taking place there (though it covers his life which was in Italy). However, the prompt asks for ""Films set in Italy"".
- **Cavalleria rusticana** is the only clear match for a 1982 television film set in Italy (Sicily).

Let's re-evaluate **The Deadly Game",256
2.907242496,15258.0,15258.0,0.999948288,Final Answer: ,1.0,quest_32k,GB,2907.242496,"====== Now let's start! ======
Based on the documents above, can you answer the following query? Print out the TITLE and ID of the documents you use to answer. Then format the answers into a list.
query: Erico Verissimo works adapted into films
",['Time and the Wind'],65.536,0.6560492324338947,test,999.948288,44361.0,"15
TITLE: Time and the Wind | ID: 15

The document states that *Time and the Wind* is a 2013 film ""based on a series of novels written by the Brazilian author Erico Verissimo.""

Final Answer: ['Time and the Wind']",256
2.907242496,15258.0,15258.0,0.999948288,Final Answer: ,1.0,quest_32k,GB,2907.242496,"====== Now let's start! ======
Based on the documents above, can you answer the following query? Print out the TITLE and ID of the documents you use to answer. Then format the answers into a list.
query: Young adult novels set in Oceania that are not Australian or for children
",['Boy at War' 'The Changeover' 'The Firebird Rocket'],65.536,0.6560492324338947,test,999.948288,44361.0," []

(No documents in the provided list match the criteria of being a young adult novel set in Oceania that is not Australian and not for children. The only novel set in Oceania is *The Changeover* (ID: 116), which is set in New Zealand, but it is explicitly described as a ""novel for young adults"" and a ""children's book"" in the text, failing the ""not for children"" constraint.)",256
2.907242496,15258.0,15258.0,0.999948288,Final Answer: ,1.0,quest_32k,GB,2907.242496,"====== Now let's start! ======
Based on the documents above, can you answer the following query? Print out the TITLE and ID of the documents you use to answer. Then format the answers into a list.
query: Iranian novels or books by Sadegh Hedayat
",['My Uncle Napoleon' 'Savushun' 'The Blind Owl'],65.536,0.6560492324338947,test,999.948288,44361.0,"117
TITLE: The Blind Owl | ID: 117

The document states: ""'''''The Blind Owl''''' (1936; , ''Boof-e koor'', ) is Sadegh Hedayat's magnum opus and a major literary work of 20th century Iran. Written in Persian...""

Final Answer: ['The Blind Owl']",256
2.907242496,15258.0,15258.0,0.999948288,Final Answer: ,1.0,quest_32k,GB,2907.242496,"====== Now let's start! ======
Based on the documents above, can you answer the following query? Print out the TITLE and ID of the documents you use to answer. Then format the answers into a list.
query: Propaganda films that are epic and based on actual events.
",['Doctor Zhivago (film)'],65.536,0.6560492324338947,test,999.948288,44361.0," []

(Note: None of the provided documents describe a film that fits the specific criteria of being a ""propaganda film"" that is also ""epic"" and ""based on actual events"" in the context of the query. While *Doctor Zhivago* (ID 24) is an epic based on actual events (the Russian Revolution), it is a romance/drama, not a propaganda film. *The Sun* (ID 68) is a biographical film about actual events but is not described as propaganda. *Tamburlaine Must Die* (ID 51) is a novella, not a film. *The Assassination of Richard Nixon* (ID 71) is a drama based on actual events but not described as propaganda. *Victory at Entebbe* (ID 18) is based on actual events but is an action-drama, not explicitly labeled propaganda in the text.)",256
2.907242496,15258.0,15258.0,0.999948288,Final Answer: ,1.0,quest_32k,GB,2907.242496,"====== Now let's start! ======
Based on the documents above, can you answer the following query? Print out the TITLE and ID of the documents you use to answer. Then format the answers into a list.
query: 1960 Catholic fiction books
",['The Picturegoers' 'The Violent Bear It Away'],65.536,0.6560492324338947,test,999.948288,44361.0,"1960 Catholic fiction books

Based on the documents provided, the only book that fits the criteria of being a Catholic fiction book published in 1960 is:

**TITLE:** The Picturegoers | **ID:** 42

*Reasoning:* Document 42 states that *The Picturegoers* (1960) is a novel by David Lodge that ""explores Catholic values in a changing world.""

Final Answer: ['The Picturegoers']",256
2.907242496,15258.0,15258.0,0.999948288,Final Answer: ,1.0,quest_32k,GB,2907.242496,"====== Now let's start! ======
Based on the documents above, can you answer the following query? Print out the TITLE and ID of the documents you use to answer. Then format the answers into a list.
query: NBC network original films about ideologies that are set in outer space.
",['Undercover with the KKK'],65.536,0.6560492324338947,test,999.948288,44361.0,"1. No documents in the provided list match the query ""NBC network original films about ideologies that are set in outer space.""

*   **Document 14** mentions an **NBC** TV movie (*Undercover with the KKK*), but it is set on Earth and deals with the Ku Klux Klan, not outer space.
*   **Document 21** (*Seveneves*) is a novel set in **outer space** dealing with societal changes (ideologies), but it is not an NBC film.
*   **Document 18** (*Ryan*) is a short animated documentary, not an NBC film about ideologies in space.
*   **Document 12** (*One Way Trip 3D*) is a horror film, not an NBC original about ideologies in space.
*   **Document 16** (*A.P.E.X.*) is a sci-fi film about time travel, not an NBC original.
*   **Document 48** (*The Peacekeepers*) is a novel set in the 24th century (outer space context), but not an NBC film.

There are no documents in the list that satisfy all three conditions: being an NBC network original film, being about ideologies, and being",256
2.907242496,15258.0,15258.0,0.999948288,Final Answer: ,1.0,quest_32k,GB,2907.242496,"====== Now let's start! ======
Based on the documents above, can you answer the following query? Print out the TITLE and ID of the documents you use to answer. Then format the answers into a list.
query: 1930 non american crime films
","['An Obvious Situation' ""That Night's Wife"" 'The Copper (1930 film)']",65.536,0.6560492324338947,test,999.948288,44361.0,"1930 non american crime films

Based on the documents provided, the following films match the criteria of being released in 1930, being crime films, and not being American:

1.  **The Copper (1930 film)** (ID: 109)
    *   **Reasoning:** The document states it is a ""1930 British-German crime film"". It is explicitly not American.
2.  **The Deadly Game (1982 film)** (ID: 111) - *Wait, this is 1982, not 1930.*
3.  **The Copper (1930 film)** is the only one fitting the year 1930.
4.  Let's re-read carefully.
    *   ID 109: ""The Copper... is a 1930 British-German crime film"". This fits.
    *   ID 110: ""That Night's Wife"" is a 1930 Japanese crime and drama film. This fits.
    *   ID 108: ""An Obvious Situation"" is a 193",256
2.907242496,15258.0,15258.0,0.999948288,Final Answer: ,1.0,quest_32k,GB,2907.242496,"====== Now let's start! ======
Based on the documents above, can you answer the following query? Print out the TITLE and ID of the documents you use to answer. Then format the answers into a list.
query: 2010s legal mystery drama films
",['Ace Attorney (film)' 'True Story (film)'],65.536,0.6560492324338947,test,999.948288,44361.0,"2010s legal mystery drama films

Based on the provided documents, there are no films that fit the description of ""2010s legal mystery drama films"".

*   **Ace Attorney (film)** (ID: 62) is a 2012 Japanese legal comedy-drama film, but it is described as a ""comedy-drama"" rather than a ""mystery drama"" in the specific sense of the query, though it involves legal cases. However, the most distinct mismatch is the genre classification in the text which emphasizes ""comedy-drama"".
*   **The Assassination of Richard Nixon** (ID: 71) is a 2004 film (2000s, not 2010s).
*   **The Boys from Brazil** (ID: 72) is a 1976 novel.
*   **The Deadly Game** (ID: 111) is a 1982 film.
*   **The Last Chance** (ID: 69) is a 1945 film.
*   **The Firebird Rocket** (ID: 114) is a book",256
2.907242496,15258.0,15258.0,0.999948288,Final Answer: ,1.0,quest_32k,GB,2907.242496,"====== Now let's start! ======
Based on the documents above, can you answer the following query? Print out the TITLE and ID of the documents you use to answer. Then format the answers into a list.
query: Andrew Jackson films or films about the War or 1812
","['First Invasion: The War of 1812' 'Last of the Buccaneers'
 'Mohawk (2017 film)']",65.536,0.6560492324338947,test,999.948288,44361.0,"1. TITLE: Mohawk (2017 film) | ID: 120
2. TITLE: Last of the Buccaneers | ID: 99

Final Answer: ['Last of the Buccaneers', 'Mohawk (2017 film)']",256
2.907242496,15258.0,15258.0,0.999948288,Final Answer: ,1.0,quest_32k,GB,2907.242496,"====== Now let's start! ======
Based on the documents above, can you answer the following query? Print out the TITLE and ID of the documents you use to answer. Then format the answers into a list.
query: Films about sportspeople set in 1972
",['Going Vertical' 'Prefontaine (film)'],65.536,0.6560492324338947,test,999.948288,44361.0,"1. **Going Vertical** (ID: 64) - The document states the film is about the ""controversial victory of the Soviet national basketball team over the 1972 U.S. Olympic team"" and mentions the specific date ""9 to 10 September 1972"".
2. **Prefontaine (film)** (ID: 65) - The document states the film chronicles the life of runner Steve Prefontaine and mentions that he ""accompanies other top American runners... to the 1972 Munich Olympics"".

Final Answer: ['Going Vertical', 'Prefontaine (film)']",256
2.907242496,15258.0,15258.0,0.999948288,Final Answer: ,1.0,quest_32k,GB,2907.242496,"====== Now let's start! ======
Based on the documents above, can you answer the following query? Print out the TITLE and ID of the documents you use to answer. Then format the answers into a list.
query: 1936 Alternate history novels and books based in Asia
",['We the Living'],65.536,0.6560492324338947,test,999.948288,44361.0,"1936 Alternate history novels and books based in Asia

Based on the provided documents, there are no titles that fit the description of ""1936 Alternate history novels and books based in Asia"".

*   **Document 23** mentions a novel published in **1936** (*Laughing Gas* by P. G. Wodehouse), but it is a comic novel set in **Hollywood** (USA), not an alternate history novel set in Asia.
*   **Document 117** mentions a novel published in **1936** (*The Blind Owl* by Sadegh Hedayat), which is set in **Iran** (Asia). However, it is described as a major literary work of 20th-century Iran involving ""macabre, feverish nightmares"" and ""murderous confessions,"" not an ""alternate history"" novel.
*   **Document 56** mentions a novel set in **360-363 A.D.** (Roman Empire), but it was published in **1964**.
*   **Document 118** mentions a novel set during the **Second World War** in **Iran**, but it was published",256
2.907242496,15258.0,15258.0,0.999948288,Final Answer: ,1.0,quest_32k,GB,2907.242496,"====== Now let's start! ======
Based on the documents above, can you answer the following query? Print out the TITLE and ID of the documents you use to answer. Then format the answers into a list.
query: Books about social psychology set in the Middle Ages that are Hachette Book Group books
",['Circe (novel)' 'Julian (novel)'],65.536,0.6560492324338947,test,999.948288,44361.0," []

(No documents in the provided list match the query criteria of being books about social psychology set in the Middle Ages that are published by Hachette Book Group. While *Hild* (ID: 26) is a historical novel set in the Middle Ages, it is published by Farrar, Straus and Giroux (US) and Blackfriars Books (UK), not Hachette Book Group, and is not explicitly described as a book about social psychology. *The Lives of Animals* (ID: 6) is published by Princeton University Press. *The Adventures of Jinbao* (ID: 2) is a film. *The Scarlet Pimpernel* (ID: 13) is a sequel book but does not match the specific criteria.)",256
2.907242496,15258.0,15258.0,0.999948288,Final Answer: ,1.0,quest_32k,GB,2907.242496,"====== Now let's start! ======
Based on the documents above, can you answer the following query? Print out the TITLE and ID of the documents you use to answer. Then format the answers into a list.
query: Films set in the year 2073
",['A.P.E.X.'],65.536,0.6560492324338947,test,999.948288,44361.0,"0 | TITLE: A.P.E.X. | ID: 16

The document for **A.P.E.X.** (ID: 16) states: ""In 2073, Nicholas Sinclair is a scientist on a time travel project."" This confirms the film is set in the year 2073.

No other documents mention the year 2073.

Final Answer: ['A.P.E.X.']",256
2.907242496,15258.0,15258.0,0.999948288,Final Answer: ,1.0,quest_32k,GB,2907.242496,"====== Now let's start! ======
Based on the documents above, can you answer the following query? Print out the TITLE and ID of the documents you use to answer. Then format the answers into a list.
query: French novels made in 1905.
",['The Lighthouse at the End of the World'],65.536,0.6560492324338947,test,999.948288,44361.0,"1905 is not a year mentioned in the provided documents for the publication of a French novel. The document for ""The Lighthouse at the End of the World"" (ID: 32) states it was written by French author Jules Verne, with the first draft in 1901 and published posthumously in 1905. However, the query asks for ""French novels made in 1905"". While the publication year matches, the document describes it as an adventure novel. Let's re-read carefully.

Document ID 32: ""The Lighthouse at the End of the World"" is an adventure novel by French author Jules Verne. Verne wrote the first draft in 1901. It was first published posthumously in 1905.

This fits the criteria: French novel, published (made available) in 1905.

TITLE: The Lighthouse at the End of the World | ID: 32

Final Answer: ['The Lighthouse at the End of the World']",256
2.907242496,15258.0,15258.0,0.999948288,Final Answer: ,1.0,quest_32k,GB,2907.242496,"====== Now let's start! ======
Based on the documents above, can you answer the following query? Print out the TITLE and ID of the documents you use to answer. Then format the answers into a list.
query: 2004 films that are set in 1974
","['Anchorman: The Legend of Ron Burgundy'
 'The Assassination of Richard Nixon']",65.536,0.6560492324338947,test,999.948288,44361.0,"2004 films that are set in 1974

Based on the provided documents, there are no films that match the criteria of being released in 2004 and set in 1974.

*   **Document 129** mentions the film *Mac & Devin Go to High School* (2011), not 2004.
*   **Document 17** mentions *Ryan* (2004), but it is a documentary about an animator, not set in 1974.
*   **Document 21** mentions *Seveneves* (2015).
*   **Document 22** mentions *Elizabeth* (1998).
*   **Document 24** mentions *Doctor Zhivago* (1965).
*   **Document 29** mentions *The Carey Treatment* (1972).
*   **Document 30** mentions *The Drowning Girl* (2012).
*   **Document 31** mentions *Personal Recollections of Joan of Arc* (1896).
*   **Document 32",256
2.907242496,15258.0,15258.0,0.999948288,Final Answer: ,1.0,quest_32k,GB,2907.242496,"====== Now let's start! ======
Based on the documents above, can you answer the following query? Print out the TITLE and ID of the documents you use to answer. Then format the answers into a list.
query: Bulgarian animated films or Polish or Belgian animated fantasy films
",['Demoni (2012 film)' 'Dragon Rider (film)' 'Felix the Cat: The Movie'],65.536,0.6560492324338947,test,999.948288,44361.0," ['Dragon Rider (film)', 'Demoni (2012 film)']

**Documents Used:**
*   **TITLE:** Dragon Rider (film) | **ID:** 86 (Described as a ""Belgian-German 3D computer-animated fantasy film"")
*   **TITLE:** Demoni (2012 film) | **ID:** 85 (Described as a ""Canadian-Bulgarian animated short film"")",256
2.907242496,15258.0,15258.0,0.999948288,Final Answer: ,1.0,quest_32k,GB,2907.242496,"====== Now let's start! ======
Based on the documents above, can you answer the following query? Print out the TITLE and ID of the documents you use to answer. Then format the answers into a list.
query: Novels adapted into radio programs that are set during WWI
",['All Quiet on the Western Front'],65.536,0.6560492324338947,test,999.948288,44361.0,"1. **The Sun (film)** (ID: 68) - *Incorrect, this is a film about WWII.*
2. **All Quiet on the Western Front** (ID: 77) - *This is a novel set during WWI. The document mentions it was adapted into a film and a TV film, but does not explicitly mention a radio adaptation in the provided text.*
3. **All Quiet on the Western Front** (ID: 78) - *This document mentions a radio adaptation: ""On November 9, 2008, a radio adaptation of the novel was broadcast on BBC Radio 3...""*

Let's re-evaluate the query: ""Novels adapted into radio programs that are set during WWI"".

*   **Document 77**: Describes *All Quiet on the Western Front* as a novel by Erich Maria Remarque, a German veteran of World War I. It mentions film and TV adaptations.
*   **Document 78**: Continues the description of *All Quiet on the Western Front*. It explicitly states: ""On November 9, 2008, a radio adaptation of the novel was broadcast on BBC Radio 3..."".",256
2.907242496,15258.0,15258.0,0.999948288,Final Answer: ,1.0,quest_32k,GB,2907.242496,"====== Now let's start! ======
Based on the documents above, can you answer the following query? Print out the TITLE and ID of the documents you use to answer. Then format the answers into a list.
query: Horror drama films from the 2000s or Karel Jaromír Erben films
",['Little Otik' 'Nails (2003 film)' 'Princess Goldilocks'],65.536,0.6560492324338947,test,999.948288,44361.0,"2000s Horror drama films: None found in the provided documents. Karel Jaromír Erben films: 'Little Otik' (ID: 54), 'Princess Goldilocks' (ID: 55).

Based on the documents:
- **Little Otik** (ID: 54): A 2000 Czech surreal dark comedy horror film. While it is a horror film, the document describes it as a ""surreal dark comedy horror film"" and does not explicitly label it a ""drama"" in the same way 'The Assassination of Richard Nixon' is labeled a ""drama"". However, it fits the ""Horror"" and ""2000s"" criteria.
- **Princess Goldilocks** (ID: 55): A 1973 Czechoslovak television musical fairytale film based on a story by Karel Jaromír Erben.
- **Little Otik** (ID: 54): Also based on the folktale *Otesánek* by Karel Jaromír Erben.

There are no documents explicitly describing a ""Horror drama film from the 2000s",256
2.907242496,15258.0,15258.0,0.999948288,Final Answer: ,1.0,quest_32k,GB,2907.242496,"====== Now let's start! ======
Based on the documents above, can you answer the following query? Print out the TITLE and ID of the documents you use to answer. Then format the answers into a list.
query: Bengali written Indian historical novels
",['Anandamath' 'Durgeshnandini' 'Those Days (novel)'],65.536,0.6560492324338947,test,999.948288,44361.0," ['Anandamath', 'Durgeshnandini', 'Those Days (novel)']

**Documents Used:**
*   **TITLE:** Anandamath | **ID:** 102 (Content: ""'''''Anandamath''''' ... is a Bengali fiction, written by Bankim Chandra Chattopadhyay... set in the background of the Sannyasi Rebellion..."")
*   **TITLE:** Durgeshnandini | **ID:** 103 (Content: ""'''''Durgeshnandini''''' ... is a Bengali historical romance novel written by Indian writer Bankim Chandra Chattopadhyay... set in the backdrop of Mughal General..."")
*   **TITLE:** Those Days (novel) | **ID:** 104 (Content: ""'''''Those Days''''' () is a historical novel by Sunil Gangopadhyay... first published as a serialized novel in the Bengali literary magazine ''Desh''..."")",256
2.907242496,15258.0,15258.0,0.999948288,Final Answer: ,1.0,quest_32k,GB,2907.242496,"====== Now let's start! ======
Based on the documents above, can you answer the following query? Print out the TITLE and ID of the documents you use to answer. Then format the answers into a list.
query: 1970s television films set in Palestine about terrorism
",['Victory at Entebbe'],65.536,0.6560492324338947,test,999.948288,44361.0,"1970s television films set in Palestine about terrorism

Based on the provided documents, there are **no** documents that match the query ""1970s television films set in Palestine about terrorism"".

*   **Document 18** mentions the **1976** film *Victory at Entebbe*, which is a made-for-television film about terrorism (the Entebbe Raid). However, the setting is **Uganda** (Entebbe Airport) and **Greece** (Athens), not Palestine.
*   **Document 29** mentions a novel set in the 1960s, not a 1970s TV film.
*   **Document 14** is a 1979 TV movie, but it is about the KKK in the US.
*   **Document 112** is a 1982 Italian film.
*   **Document 113** is a 1982 miniseries.
*   **Document 110** is a 1930 Japanese film.
*   **Document 109** is a 1930 British-German film",256
2.907242496,15258.0,15258.0,0.999948288,Final Answer: ,1.0,quest_32k,GB,2907.242496,"====== Now let's start! ======
Based on the documents above, can you answer the following query? Print out the TITLE and ID of the documents you use to answer. Then format the answers into a list.
query: fictional WWII novels about antisemitisim.
",['The Boys from Brazil (novel)' 'The Portage to San Cristobal of A.H.'],65.536,0.6560492324338947,test,999.948288,44361.0,"1. The Boys from Brazil (novel) | ID: 72
2. The Assassination of Richard Nixon | ID: 71 (Note: While primarily about a plot to kill Nixon, the context of the 1970s and the character's attempt to join the Black Panthers touches on racial tensions, but it is not a WWII novel about antisemitism. The Boys from Brazil is the only clear fit for a thriller involving Nazi hunters and the Holocaust, though it is set in 1974, it deals with the aftermath of WWII crimes. However, looking strictly for ""WWII novels"", none of the provided documents are set *during* WWII and focus on antisemitism as the primary plot in the way the query implies, except perhaps implicitly in the background of *The Boys from Brazil*. Let's re-evaluate *The Assassination of Richard Nixon*. It is set in 1973. *The Boys from Brazil* is set in 1974. *The Last Chance* is a war film set in 1943/1945 but is Swiss and about POWs, not specifically antisemitism. *The Sun* is a biographical film about Hirohito",256
2.907242496,15258.0,15258.0,0.999948288,Final Answer: ,1.0,quest_32k,GB,2907.242496,"====== Now let's start! ======
Based on the documents above, can you answer the following query? Print out the TITLE and ID of the documents you use to answer. Then format the answers into a list.
query: English books published by Farrar Straus and Giroux
",['Hild (novel)'],65.536,0.6560492324338947,test,999.948288,44361.0,"1. **Hild (novel)** (ID: 26) - The document states: ""The novel was first published in the United States by Farrar, Straus and Giroux on November 12, 2013"".
2. **To the Finland Station** (ID: 33) - The document states: ""Farrar, Straus and Giroux published a paperback [edition]"".

['Hild (novel)', 'To the Finland Station']",256
2.907242496,15258.0,15258.0,0.999948288,Final Answer: ,1.0,quest_32k,GB,2907.242496,"====== Now let's start! ======
Based on the documents above, can you answer the following query? Print out the TITLE and ID of the documents you use to answer. Then format the answers into a list.
query: Films shot in Europe that are Austrian drama films and English language French films.
",['Taking Sides (film)'],65.536,0.6560492324338947,test,999.948288,44361.0,"1. **One Way Trip 3D** (ID: 12) - This is an Austrian film (Austria is in Europe). While the document describes it as a ""horror film,"" it is the only Austrian film listed.
2. **Taking Sides** (ID: 27) - This is a French film (co-production) that is set in Germany (Europe) and features dialogue in English (and German). The document states: ""In the version released in the US and the UK the dialogue is only in English.""

*Note: The query asks for ""Austrian drama films"" and ""English language French films"".*
- **One Way Trip 3D** (ID: 12) is the only Austrian film listed. The document classifies it as ""horror,"" but it is the only candidate for the ""Austrian"" part of the query.
- **Taking Sides** (ID: 27) is a French co-production shot in Germany (Europe) and has an English-language version.

However, strictly speaking based on the text provided:
- **One Way Trip 3D** (ID: 12) is an Austrian film.
-",256
2.907242496,15258.0,15258.0,0.999948288,Final Answer: ,1.0,quest_32k,GB,2907.242496,"====== Now let's start! ======
Based on the documents above, can you answer the following query? Print out the TITLE and ID of the documents you use to answer. Then format the answers into a list.
query: Novels set in Russia and the Arctic about war and conflict
",['The Samovar Girl' 'The Two Captains'],65.536,0.6560492324338947,test,999.948288,44361.0,"1. **The Two Captains** (ID: 6) - This novel is set in Russia (Czarist Russia to World War II) and involves the search for the lost Arctic expedition of Captain Ivan Tatarinov and the discovery of Severnaya Zemlya.
2. **We the Living** (ID: 25) - This novel is set in post-revolutionary Russia (Petrograd) and deals with life during the Russian Civil War and the Bolshevik revolution.

Note: While ""The Two Captains"" explicitly mentions the Arctic and war, ""We the Living"" covers the Russian setting and war/conflict (Civil War) but not the Arctic. However, based on the provided text, these are the two novels that fit the ""Russia"" and ""War/Conflict"" criteria, with ""The Two Captains"" being the only one explicitly mentioning the Arctic. If the query requires *all* criteria (Russia, Arctic, War) to be met by a single book, only **The Two Captains** fits perfectly. If the query allows for a list of novels that cover these themes across the set, both are relevant. Given the phrasing ""Novels set in Russia and the Arctic"", **The Two Captains",256
2.907242496,15258.0,15258.0,0.999948288,Final Answer: ,1.0,quest_32k,GB,2907.242496,"====== Now let's start! ======
Based on the documents above, can you answer the following query? Print out the TITLE and ID of the documents you use to answer. Then format the answers into a list.
query: English-language novels that are 1985 speculative fiction but not American 1985 novels
",['Illywhacker' 'Star Healer' 'The Hounds of the Morrigan'],65.536,0.6560492324338947,test,999.948288,44361.0,"1985 speculative fiction novels that are not American:
- **Illywhacker** (ID: 120) - Australian novel by Peter Carey, published in 1985, described as metafiction or magical realism.
- **The Hounds of the Morrigan** (ID: 121) - Irish children's novel by Pat O'Shea, published in 1985, involving Celtic mythology.
- **The Glassworker** (ID: 125) - This is incorrect; it is a Pakistani animated film, not a novel.
- **The Hounds of the Morrigan** is a children's novel, but it fits the criteria of being speculative fiction (mythology) and not American.
- **Illywhacker** fits the criteria perfectly.

Let's re-evaluate the documents for 1985 speculative fiction novels that are not American:
- **Illywhacker** (ID: 120): Published 1985, Australian, metafiction/magical realism. (Fits)
- **The Hounds of the Morrigan** (ID: 121): Published 1985,",256
2.907242496,15258.0,15258.0,0.999948288,Final Answer: ,1.0,quest_32k,GB,2907.242496,"====== Now let's start! ======
Based on the documents above, can you answer the following query? Print out the TITLE and ID of the documents you use to answer. Then format the answers into a list.
query: Historical Chinese martial arts films about terrorism
","[""A Queen's Ransom""]",65.536,0.6560492324338947,test,999.948288,44361.0," []

(No documents in the provided list match the query ""Historical Chinese martial arts films about terrorism"". While *The Invincible Constable* (ID: 1) is a Chinese martial arts film set in the 11th century, it is a comedy based on a novel about a hero challenging a constable, not a film about terrorism. *A.P.E.X.* (ID: 16) involves terrorism/virus but is a 1994 American sci-fi film. *The Assassination of Richard Nixon* (ID: 71) is about terrorism/assassination but is an American drama. *The Phantom* (ID: 45) is a documentary. None fit all criteria.)",256
2.907242496,15258.0,15258.0,0.999948288,Final Answer: ,1.0,quest_32k,GB,2907.242496,"====== Now let's start! ======
Based on the documents above, can you answer the following query? Print out the TITLE and ID of the documents you use to answer. Then format the answers into a list.
query: Iranian and Asian short films from 2010's
",['Game Over (2013 film)' 'The Poot' 'Two & Two (2011 film)'],65.536,0.6560492324338947,test,999.948288,44361.0,"1. **Game Over (2013 film)** (ID: 83) - An Iranian animated short film released in 2013.
2. **Demoni (2012 film)** (ID: 85) - A Canadian-Bulgarian animated short film released in 2012 (Note: While not Iranian or Asian in origin, it is an Asian-themed folk art film released in the 2010s, but strictly speaking, only *Game Over* fits the ""Iranian"" criteria perfectly. However, looking for ""Asian"" short films, *Game Over* is the primary match. If the query implies ""Iranian OR Asian"", *Game Over* is the definitive answer. There are no other Asian short films listed in the 2010s in the provided text besides *Game Over*.)

Let's re-evaluate the list for ""Asian"" short films from the 2010s:
- **Game Over (2013 film)** (ID: 83): Iranian (Asian), 2013.
- **Demoni (2012 film)** (ID: 85): Canadian-Bulgarian.",256
2.907242496,15258.0,15258.0,0.999948288,Final Answer: ,1.0,quest_32k,GB,2907.242496,"====== Now let's start! ======
Based on the documents above, can you answer the following query? Print out the TITLE and ID of the documents you use to answer. Then format the answers into a list.
query: 1968 art novels
",['It Happened in Boston?' 'The Public Image'],65.536,0.6560492324338947,test,999.948288,44361.0,"1968 art novels

Based on the documents provided, there is one novel that fits the description of being published in 1968 and dealing with art (specifically the nature of art and madness):

*   **TITLE:** It Happened in Boston? | **ID:** 34
    *   *Reasoning:* The document states: ""'''''It Happened in Boston?''''' (1968) is a novel by Russell H. Greenan. It tells the story of an unreliable narrator, who is a disillusioned, paranoid painter... The book is a web of his relationships and delusions and has a lot to say about the nature of art and madness.""

No other documents describe a novel published in 1968 that focuses on art. (Note: *The Public Image* is set in 1968 but published in 1968 by Muriel Spark, but it concerns a film actress, not explicitly an ""art novel"" in the same sense as the painter protagonist in *It Happened in Boston?*, though it is a close candidate. However, *It Happened in Boston?* explicitly mentions ""the nature of art"" and a painter protagonist, making it",256
2.907242496,15258.0,15258.0,0.999948288,Final Answer: ,1.0,quest_32k,GB,2907.242496,"====== Now let's start! ======
Based on the documents above, can you answer the following query? Print out the TITLE and ID of the documents you use to answer. Then format the answers into a list.
query: books about socialism and the french revolution
",['To the Finland Station'],65.536,0.6560492324338947,test,999.948288,44361.0," ['To the Finland Station']

**Document Used:**
TITLE: To the Finland Station | ID: 33

**Reasoning:**
The document for ""To the Finland Station"" (ID: 33) explicitly states that the book ""presents the history of revolutionary thought and the birth of socialism, from the French Revolution through the collaboration of Marx and Engels"". This directly matches the query's criteria for books about socialism and the French Revolution. No other document in the provided list covers both topics.",256
2.907242496,15258.0,15258.0,0.999948288,Final Answer: ,1.0,quest_32k,GB,2907.242496,"====== Now let's start! ======
Based on the documents above, can you answer the following query? Print out the TITLE and ID of the documents you use to answer. Then format the answers into a list.
query: American Science fiction children's comedy films set in castles.
",['Hotel Transylvania (film)'],65.536,0.6560492324338947,test,999.948288,44361.0," []

(No documents in the provided list match the query ""American Science fiction children's comedy films set in castles"". While *Felix the Cat: The Movie* (ID: 87) is an animated fantasy film set in a kingdom/castle, it is not described as ""American"" (it was made in Europe), nor is it explicitly ""science fiction"" or a ""comedy"" in the same vein as the other criteria, and it is a fantasy film. *Dragon Rider* (ID: 86) is Belgian-German. *The Adventures of Jinbao* (ID: 2) is Chinese-Hong Kong. Therefore, there are no matching documents.)",256
2.907242496,15258.0,15258.0,0.999948288,Final Answer: ,1.0,quest_32k,GB,2907.242496,"====== Now let's start! ======
Based on the documents above, can you answer the following query? Print out the TITLE and ID of the documents you use to answer. Then format the answers into a list.
query: History books about Malaysia or the Qing dynasty or about South Korea
","['Chronicle of Malaysia' 'Korea: A Walk Through the Land of Miracles'
 'Treason by the Book']",65.536,0.6560492324338947,test,999.948288,44361.0," ['Chronicle of Malaysia', 'Korea: A Walk Through the Land of Miracles', 'Treason by the Book']

**Documents Used:**
*   **TITLE:** Chronicle of Malaysia | **ID:** 76
*   **TITLE:** Korea: A Walk Through the Land of Miracles | **ID:** 80
*   **TITLE:** Treason by the Book | **ID:** 75",256
2.907242496,15258.0,15258.0,0.999948288,Final Answer: ,1.0,quest_32k,GB,2907.242496,"====== Now let's start! ======
Based on the documents above, can you answer the following query? Print out the TITLE and ID of the documents you use to answer. Then format the answers into a list.
query: 1534 books or 1553 books
",['Ferrara Bible' 'Observations (Belon book)' 'Scepter of Judah'],65.536,0.6560492324338947,test,999.948288,44361.0,"1553 books

Based on the documents provided, there are no books published in 1534. However, there are three books mentioned that were published in 1553:

1.  **Scepter of Judah** (ID: 105): ""The '''''Scepter of Judah''''' ( ) was a text produced by the Sephardi historian Solomon Ibn Verga. It first appeared in Turkey in 1553.""
2.  **Ferrara Bible** (ID: 106): ""The '''Ferrara Bible''' was a 1553 publication of the Ladino version of the Tanakh...""
3.  **Observations (Les observations de plusieurs singularitez...)** (ID: 107): ""His ''Observations'', with illustrations, were first published in 1553.""

Therefore, the answer is the list of books published in 1553.

Final Answer: ['Ferrara Bible', 'Observations (Les observations de plusieurs singularitez et choses memorables trouvées en Grèce, Asie, Judée, Egypte, Arabie et autres pays estranges)', 'Scepter of",256
2.907242496,15258.0,15258.0,0.999948288,Final Answer: ,1.0,quest_32k,GB,2907.242496,"====== Now let's start! ======
Based on the documents above, can you answer the following query? Print out the TITLE and ID of the documents you use to answer. Then format the answers into a list.
query: what are some Emirati multilingual or Pakistani animated films
","['3 Bahadur: The Revenge of Baba Balaam' 'Aerials (film)'
 'The Glassworker']",65.536,0.6560492324338947,test,999.948288,44361.0," ['Aerials', 'The Adventures of Jinbao', 'The Dragon Rider', 'Felix the Cat: The Movie', 'The Glassworker']

**Documents Used:**
*   **TITLE:** Aerials (film) | **ID:** 123 (Described as a 2016 Emirati science fiction film; while the text mentions ""multiracial couple"" and ""cultural differences,"" it is the only Emirati film listed).
*   **TITLE:** The Adventures of Jinbao | **ID:** 2 (Described as a 2012 Chinese-Hong Kong computer-animated film).
*   **TITLE:** Dragon Rider (film) | **ID:** 86 (Described as a 2020 Belgian-German 3D computer-animated fantasy film; *Note: The query asks for Pakistani animated films, but the text for ID 125 explicitly states ""The Glassworker"" is Pakistan's first hand drawn animated film. ID 86 is not Pakistani. Let's re-evaluate based strictly on the text provided.*)

**Correction on Document Selection:**
The query asks for **Emirati** multilingual or **Pakistani** animated films.",256
2.907242496,15258.0,15258.0,0.999948288,Final Answer: ,1.0,quest_32k,GB,2907.242496,"====== Now let's start! ======
Based on the documents above, can you answer the following query? Print out the TITLE and ID of the documents you use to answer. Then format the answers into a list.
query: novels written by by Louise Welsh
",['Tamburlaine Must Die' 'The Girl on the Stairs'],65.536,0.6560492324338947,test,999.948288,44361.0,"1. **Tamburlaine Must Die** (ID: 51)
2. **The Girl on the Stairs** (ID: 52)

Based on the documents provided:
*   **ID: 51** states: ""'''''Tamburlaine Must Die''''' is a novella written by Louise Welsh...""
*   **ID: 52** states: ""'''''The Girl on the Stairs''''' is the 5th psychological crime thriller by Scottish author Louise Welsh."" It also lists her other works in the bullet points: *The Cutting Room* (2002), *Tamburlaine Must Die* (2004), *The Bullet Trick* (2006), and *Naming The Bones* (2010).

Therefore, the novels written by Louise Welsh mentioned in the text are:
*   The Cutting Room
*   Tamburlaine Must Die
*   The Bullet Trick
*   Naming The Bones
*   The Girl on the Stairs

Final Answer: ['The Cutting Room', 'Tamburlaine Must Die', 'The Bullet Trick', 'Naming The Bones', 'The Girl on the Stairs']",256
2.907242496,15258.0,15258.0,0.999948288,Final Answer: ,1.0,quest_32k,GB,2907.242496,"====== Now let's start! ======
Based on the documents above, can you answer the following query? Print out the TITLE and ID of the documents you use to answer. Then format the answers into a list.
query: WWII films that are Swiss
",['The Last Chance (1945 film)' 'The Sun (film)'],65.536,0.6560492324338947,test,999.948288,44361.0,"1945 film, The Last Chance (1945 film) | ID: 69

The document for **The Last Chance (1945 film)** (ID: 69) describes it as a ""1945 Swiss war film"" set in 1943 during World War II. No other documents in the provided list describe a Swiss film set during WWII.

Final Answer: ['The Last Chance (1945 film)']",256
2.907242496,15258.0,15258.0,0.999948288,Final Answer: ,1.0,quest_32k,GB,2907.242496,"====== Now let's start! ======
Based on the documents above, can you answer the following query? Print out the TITLE and ID of the documents you use to answer. Then format the answers into a list.
query: 1898 English-language books that are also about adventure
",['In the Sargasso Sea' 'Rupert of Hentzau'],65.536,0.6560492324338947,test,999.948288,44361.0,"1898 English-language books that are also about adventure

Based on the documents provided, there is **no** book that fits the criteria of being an **1898 English-language book** that is **about adventure**.

Here is the analysis of the relevant documents:
*   **ID: 36** (*A Queen's Ransom*): This is a 1976 Hong Kong action film, not a book.
*   **ID: 46** (*Rupert of Hentzau*): This is a sequel by Anthony Hope. The text states it was ""written in 1895 but not published in book form until **1898**."" It is an adventure novel. However, the text does not explicitly state it is an ""English-language"" book in the context of the query's specific phrasing, though it is by a British author. More importantly, the text says it was serialized in magazines in 1897-1898. While it fits the year and genre, let's check other options.
*   **ID: 47** (*In the Sargasso Sea*): The text states: ""'''''In the Sargasso",256
2.907242496,15258.0,15258.0,0.999948288,Final Answer: ,1.0,quest_32k,GB,2907.242496,"====== Now let's start! ======
Based on the documents above, can you answer the following query? Print out the TITLE and ID of the documents you use to answer. Then format the answers into a list.
query: Dutch coming-of-age or Dutch erotic or erotic thriller films
",['Jongens'],65.536,0.6560492324338947,test,999.948288,44361.0,"1. **Jongens** (ID: 19) - This document describes a ""2014 Dutch made-for-television coming-of-age romantic drama film"".
2. **One Way Trip 3D** (ID: 12) - This document describes a ""2011 Austrian-Swiss 3D horror film"". While it is not Dutch, it is often associated with the ""erotic thriller"" genre in broader film databases due to its plot involving a group of friends and a mysterious killer, though the provided text only lists cast and genre as ""horror"". However, strictly based on the provided text, there are no documents explicitly describing a ""Dutch erotic"" or ""erotic thriller"" film. The only Dutch film mentioned is *Jongens*, which is a coming-of-age film.

Let's re-evaluate based *strictly* on the provided text for ""Dutch coming-of-age"", ""Dutch erotic"", or ""erotic thriller"".

*   **Jongens** (ID: 19): Explicitly stated as a ""Dutch made-for-television coming-of-age romantic drama film"". This matches ""Dutch coming-of-age"".
*   **One Way Trip ",256
2.907242496,15258.0,15258.0,0.999948288,Final Answer: ,1.0,quest_32k,GB,2907.242496,"====== Now let's start! ======
Based on the documents above, can you answer the following query? Print out the TITLE and ID of the documents you use to answer. Then format the answers into a list.
query: 1988 fiction environmental books
","[""The Gate to Women's Country"" 'Zodiac (novel)']",65.536,0.6560492324338947,test,999.948288,44361.0,"1988 fiction environmental books

Based on the documents provided, there is **no** book that fits the description of a ""1988 fiction environmental book"".

Here is the analysis of the relevant documents:
*   **ID: 58 (Zodiac)**: This is a novel published in **1988** by Neal Stephenson. It is a **fiction** (eco-thriller) book that deals with **environmental** themes (pollution in Boston Harbor, environmental activism). However, the title is *Zodiac: An Eco-Thriller*, and while it fits the criteria, the query asks for ""books"" (plural or general category). Let's re-read carefully. The document says: ""'''''Zodiac: An Eco-Thriller''''' (1988) is a novel by American writer Neal Stephenson... It tells the story of an environmentalist..."". This fits the criteria perfectly.
*   **ID: 122 (Star Healer)**: This is a science fiction book published in **1985**, not 1988.
*   **ID: 12 (One Way Trip 3D)**: This is a ",256
2.907242496,15258.0,15258.0,0.999948288,Final Answer: ,1.0,quest_32k,GB,2907.242496,"====== Now let's start! ======
Based on the documents above, can you answer the following query? Print out the TITLE and ID of the documents you use to answer. Then format the answers into a list.
query: what are  some Bulgarian animated, or Polish children's films
","['Demoni (2012 film)' 'The Two Who Stole the Moon'
 'The Young Magician (film)']",65.536,0.6560492324338947,test,999.948288,44361.0," ['Demoni (2012 film)', 'The Two Who Stole the Moon']

**Documents Used:**
*   **TITLE:** Demoni (2012 film) | **ID:** 85
    *   *Reasoning:* The document states: ""'''''Demoni''''' is a Canadian-Bulgarian animated short film...""
*   **TITLE:** The Two Who Stole the Moon | **ID:** 89
    *   *Reasoning:* The document states: ""'''''The Two Who Stole the Moon''''' () is a 1962 Polish children's film...""",256
2.907242496,15258.0,15258.0,0.999948288,Final Answer: ,1.0,quest_32k,GB,2907.242496,"====== Now let's start! ======
Based on the documents above, can you answer the following query? Print out the TITLE and ID of the documents you use to answer. Then format the answers into a list.
query: German spy comedy films, or 2000s comedy-drama mystery films.
",['Hotel Clausewitz' 'Scorpions and Miniskirts' 'Tunis Top Secret'],65.536,0.6560492324338947,test,999.948288,44361.0,"2000s comedy-drama mystery films: None of the provided documents match the criteria for ""German spy comedy films"" or ""2000s comedy-drama mystery films"".

*   **Analysis of ""German spy comedy films"":**
    *   Document 98 (*Tunis Top Secret*) is a 1967 Italian/Spanish/West German international co-production Eurospy comedy. While it involves West Germany, it is primarily an Italian/Spanish production and is from the 1960s, not a specific ""German spy comedy"" in the modern sense, nor does it fit the 2000s criteria.
    *   Document 110 (*That Night's Wife*) is a 1930 Japanese film.
    *   Document 111 (*The Deadly Game*) is a 1982 American-British thriller.
    *   Document 112 (*Cavalleria rusticana*) is a 1982 Italian film.
    *   Document 113 (*The Life of Verdi*) is a 1982 biographical miniseries.
    *   Document 114 (*",256
2.907242496,15258.0,15258.0,0.999948288,Final Answer: ,1.0,quest_32k,GB,2907.242496,"====== Now let's start! ======
Based on the documents above, can you answer the following query? Print out the TITLE and ID of the documents you use to answer. Then format the answers into a list.
query: American LGBT novels set in New England and that are also Speculative fiction novels
",['The Drowning Girl'],65.536,0.6560492324338947,test,999.948288,44361.0,"1. No documents in the provided list match the query ""American LGBT novels set in New England and that are also Speculative fiction novels"".

The documents provided include:
- *The Village of No Return* (Taiwanese-Chinese film)
- *The Invincible Constable* (Chinese-Taiwanese film)
- *The Adventures of Jinbao* (Chinese-Hong Kong film)
- *Une vieille maîtresse* (French novel)
- *The Bewitched* (French novel)
- *The Story Without a Name* (French novel)
- *The Lives of Animals* (South African novella)
- *Tot Watchers* (American animated short film)
- *Now Hare This* (American animated short film)
- *The Midnight Zoo* (Australian novel)
- *This Census-Taker* (British novella)
- *Black Sheep* (English novella)
- *One Way Trip 3D* (Austrian-Swiss film)
- *The Way of the Scarlet Pimpernel* (British novel)
- *Undercover with the KKK* (American TV movie)
- *Time and the Wind* (Brazil",256
2.907242496,15258.0,15258.0,0.999948288,Final Answer: ,1.0,quest_32k,GB,2907.242496,"====== Now let's start! ======
Based on the documents above, can you answer the following query? Print out the TITLE and ID of the documents you use to answer. Then format the answers into a list.
query: Soviet crime films that arent russian made
",['Look for a Woman' 'The Master of Taiga' 'Visit to Minotaur (film)'],65.536,0.6560492324338947,test,999.948288,44361.0," []

(No documents in the provided list match the query ""Soviet crime films that arent russian made"". The only Soviet crime film listed, *The Blind Owl* (ID: 117), is a novel, not a film. *The Deadly Game* (ID: 111) is American-British. *The Assassination of Richard Nixon* (ID: 111) is American. *The Two Who Stole the Moon* (ID: 89) is Polish. *The Firebird Rocket* (ID: 114) is a book. *The Blind Owl* (ID: 117) is a novel. *The Deadly Game* (ID: 111) is American-British. *The Assassination of Richard Nixon* (ID: 111) is American. *The Two Who Stole the Moon* (ID: 89) is Polish. *The Firebird Rocket* (ID: 114) is a book. *The Blind Owl* (ID: 117) is a novel. *The Deadly Game* (ID: 111) is American-British. *",256
2.907242496,15258.0,15258.0,0.999948288,Final Answer: ,1.0,quest_32k,GB,2907.242496,"====== Now let's start! ======
Based on the documents above, can you answer the following query? Print out the TITLE and ID of the documents you use to answer. Then format the answers into a list.
query: 1984 Science fiction Space opera novel series
","['The Final Reflection' 'The Trellisane Confrontation'
 'The Vulcan Academy Murders']",65.536,0.6560492324338947,test,999.948288,44361.0,"1984 Science fiction Space opera novel series

Based on the provided documents, there is **no document** that matches the query ""1984 Science fiction Space opera novel series"".

Here is an analysis of the relevant documents that were considered but did not match:
*   **ID: 122 (Star Healer)**: This is a 1985 science fiction book by James White, part of the Sector General series. It is not from 1984, nor is it explicitly described as a ""space opera"" in the text (though it is space-based).
*   **ID: 60 (Nights at the Circus)**: This is a 1984 novel by Angela Carter, but it is a work of magical realism/postmodernism, not science fiction or space opera.
*   **ID: 21 (Seveneves)**: This is a 2015 hard science fiction novel, not from 1984.
*   **ID: 16 (A.P.E.X.)**: This is a 1994 film.
*   **ID: 116 (The Changeover)**: This is a 1",256
