question,answers,retained_kv_memory_mb,uncompressed_kv_memory_gb,token_budget,task,retained_context_tokens,compression_ratio,split,answer_prefix,memory_budget_unit,max_new_tokens,retained_kv_memory_gb,uncompressed_kv_memory_mb,memory_budget,context_tokens,predicted_answer,kv_memory_per_token_kb
"====== Now let's start! ======
Based on the documents above, can you answer the following query? Print out the TITLE and ID of the documents you use to answer. Then format the answers into a list.
query: Capua Films
",['Spartacus (film)'],511.967232,17.396416512,3472.0,quest_128k,3472.0,0.9705705349347754,dev,Final Answer: ,MB,256,0.511967232,17396.416512,512.0,117977.0," 1. **Title**: Capua Films  
   **ID**: 1  
   **Answer**: Capua Films is a fictional entity mentioned in the context of the 1943 film ""The Man from Hong Kong,"" which was part of the ""That"" series. It is referenced as a company involved in the production of films, though no further details about its operations or specific films are provided in the given documents.  

2. **Title**: Capua Films  
   **ID",147.456
"====== Now let's start! ======
Based on the documents above, can you answer the following query? Print out the TITLE and ID of the documents you use to answer. Then format the answers into a list.
query: 1990s Indian and folklore romance films.
",['Laal Paree' 'Roja (film)' 'Sahasa Veerudu Sagara Kanya'],511.967232,17.396416512,3472.0,quest_128k,3472.0,0.9705705349347754,dev,Final Answer: ,MB,256,0.511967232,17396.416512,512.0,117977.0,"1990s Indian and folklore romance films.

- **TITLE**: ""The 1990s Indian and Folklore Romance Films""  
  **ID**: 1

- **TITLE**: ""The 1990s Indian and Folklore Romance Films""  
  **ID**: 2

- **TITLE**: ""The 1990s Indian and Folklore Romance Films""  
  **ID**: 3

- **TITLE**: ""The 1",147.456
"====== Now let's start! ======
Based on the documents above, can you answer the following query? Print out the TITLE and ID of the documents you use to answer. Then format the answers into a list.
query: Films shot in Gauteng or New Zealand action thrillers or Western films from South Africa
",['6 Days (2017 film)' 'Glory Glory (2000 film)' 'The Jackals'],511.967232,17.396416512,3472.0,quest_128k,3472.0,0.9705705349347754,dev,Final Answer: ,MB,256,0.511967232,17396.416512,512.0,117977.0,"1. **Title**: ""Films shot in Gauteng or New Zealand action thrillers or Western films from South Africa""  
**ID**: 1

2. **Title**: ""Chain of Attack""  
**ID**: 2

3. **Title**: ""The Film and the Book""  
**ID**: 3

4. **Title**: ""The Movie and the Book""  
**ID**: 4

5. **Title**: ""The Book and the Movie""  
",147.456
"====== Now let's start! ======
Based on the documents above, can you answer the following query? Print out the TITLE and ID of the documents you use to answer. Then format the answers into a list.
query: 1860 novels or 1860 American novels or Ivan Turgenev novellas
",['Max Havelaar' 'The Marble Faun' 'The Mill on the Floss'],511.967232,17.396416512,3472.0,quest_128k,3472.0,0.9705705349347754,dev,Final Answer: ,MB,256,0.511967232,17396.416512,512.0,117977.0,"1860 novels or 1860 American novels or Ivan Turgenev novellas

**Document Title and ID:**
- ""The 1860 Novel"" (ID: 1)
- ""American Novels of the 1860s"" (ID: 2)
- ""Ivan Turgenev's Novellas"" (ID: 3)

**Answer:**
1. **The 1860 Novel** (ID",147.456
"====== Now let's start! ======
Based on the documents above, can you answer the following query? Print out the TITLE and ID of the documents you use to answer. Then format the answers into a list.
query: Horror anthology films about time travel that were shot in the US
",['Southbound (2015 film)' 'Twilight Zone: The Movie'],511.967232,17.396416512,3472.0,quest_128k,3472.0,0.9705705349347754,dev,Final Answer: ,MB,256,0.511967232,17396.416512,512.0,117977.0,"1. **Title:** *The Time Traveler's Wife* **ID:** 12345  
2. **Title:** *Predestination* **ID:** 67890  

**Answer:**
1. *The Time Traveler's Wife* (ID: 12345)  
2. *Predestination* (ID: 67890)",147.456
"====== Now let's start! ======
Based on the documents above, can you answer the following query? Print out the TITLE and ID of the documents you use to answer. Then format the answers into a list.
query: Films based on European myths and legends and young adult literature
",['Percy Jackson & the Olympians: The Lightning Thief'],511.967232,17.396416512,3472.0,quest_128k,3472.0,0.9705705349347754,dev,Final Answer: ,MB,256,0.511967232,17396.416512,512.0,117977.0,"1. **Title**: *The Emperor's New Clothes*  
**ID**: 12345  
2. **Title**: *The Emperor's New Clothes*  
**ID**: 12346  

**Answer List:**  
- *The Emperor's New Clothes* (ID: 12345)  
- *The Emperor's New Clothes* (ID: 12346)",147.456
"====== Now let's start! ======
Based on the documents above, can you answer the following query? Print out the TITLE and ID of the documents you use to answer. Then format the answers into a list.
query: Supernatural horror films in the Artic
","['Kajutaijuq: The Spirit That Comes' 'The Abandoned (2006 film)'
 'The Last Winter (2006 film)']",511.967232,17.396416512,3472.0,quest_128k,3472.0,0.9705705349347754,dev,Final Answer: ,MB,256,0.511967232,17396.416512,512.0,117977.0,"1. **Title**: *The Art of Horror: Exploring the Supernatural in the Arctic*  
**ID**: 12345  

2. **Title**: *Supernatural Encounters in the Frozen North: A Film Analysis*  
**ID**: 67890  

**Answer List:**  
1. *The Art of Horror: Exploring the Supernatural in the Arctic* (ID: 12345)  
2. *Supern",147.456
"====== Now let's start! ======
Based on the documents above, can you answer the following query? Print out the TITLE and ID of the documents you use to answer. Then format the answers into a list.
query: Northern Mariana Islands set films
",['Anatahan (film)' 'Oba: The Last Samurai'],511.967232,17.396416512,3472.0,quest_128k,3472.0,0.9705705349347754,dev,Final Answer: ,MB,256,0.511967232,17396.416512,512.0,117977.0," No documents were found that directly mention ""Northern Mariana Islands set films."" However, one document refers to the ""Northern Mariana Islands"" in the context of a film titled ""The Northern Mariana Islands"" and mentions a ""set"" in the context of a film production. 

- **Title**: Northern Mariana Islands set films  
- **ID**: (No specific ID provided, but the context is from the document discussing the ""Northern Mariana Islands"" and a ""set"" in film",147.456
"====== Now let's start! ======
Based on the documents above, can you answer the following query? Print out the TITLE and ID of the documents you use to answer. Then format the answers into a list.
query: 1980 books that are non fiction and, about British thriller.
",['Man on Fire (Quinnell novel)' 'Sweet Adelaide'],511.967232,17.396416512,3472.0,quest_128k,3472.0,0.9705705349347754,dev,Final Answer: ,MB,256,0.511967232,17396.416512,512.0,117977.0," No documents found that match the query.  
Title: No documents found that match the query.  
ID: No documents found that match the query.  

The query asks for ""1980 books that are non fiction and, about British thriller."" However, the provided documents do not contain any information about books published in 1980, nor do they mention anything about British thrillers in the context of non-fiction books. Therefore, no documents can be used to answer the query.",147.456
"====== Now let's start! ======
Based on the documents above, can you answer the following query? Print out the TITLE and ID of the documents you use to answer. Then format the answers into a list.
query: Australian novels from 1991
",['Cloudstreet' 'Mandragora (novel)' 'Our Sunshine'],511.967232,17.396416512,3472.0,quest_128k,3472.0,0.9705705349347754,dev,Final Answer: ,MB,256,0.511967232,17396.416512,512.0,117977.0,"1991 Australian novels

- **Title**: ""The Book of the Dead""  
  **ID**: 1

- **Title**: ""The Burden of the Past""  
  **ID**: 2

- **Title**: ""The Echoes of the Past""  
  **ID**: 3

- **Title**: ""The Shadows of the Past""  
  **ID**: 4

- **Title**: ""The Wounds of the Past""  
  **",147.456
"====== Now let's start! ======
Based on the documents above, can you answer the following query? Print out the TITLE and ID of the documents you use to answer. Then format the answers into a list.
query: Novels about families set in Boston and New England.
",['A Case of Need'],511.967232,17.396416512,3472.0,quest_128k,3472.0,0.9705705349347754,test,Final Answer: ,MB,256,0.511967232,17396.416512,512.0,117977.0," [No documents used]

The query asks for ""novels about families set in Boston and New England,"" but there are no documents provided that directly address this topic. The available documents are about ""The Emperor's New Clothes"" and ""The Origin of the Family,"" which are not relevant to the query. Therefore, no documents can be used to answer the query.",147.456
"====== Now let's start! ======
Based on the documents above, can you answer the following query? Print out the TITLE and ID of the documents you use to answer. Then format the answers into a list.
query: 2009 Indian, or by Chetan Bhagat, novels
","['Five Point Someone' 'One Night @ the Call Center'
 'The 3 Mistakes of My Life']",511.967232,17.396416512,3472.0,quest_128k,3472.0,0.9705705349347754,test,Final Answer: ,MB,256,0.511967232,17396.416512,512.0,117977.0,"2009 Indian, or by Chetan Bhagat, novels

- **Title**: *The Three Musketeers*  
  **ID**: 1

- **Title**: *The Count of Monte Cristo*  
  **ID**: 2

- **Title**: *The Da Vinci Code*  
  **ID**: 3

- **Title**: *The Lost Symbol*  
  **ID**: 4

- **Title**: *The Illuminati*",147.456
"====== Now let's start! ======
Based on the documents above, can you answer the following query? Print out the TITLE and ID of the documents you use to answer. Then format the answers into a list.
query: what are some Hungarian Revolution of 1956 or Austrian war films
",['Duel with Death' 'Fly Away Home (2016 film)' 'Sunshine (1999 film)'],511.967232,17.396416512,3472.0,quest_128k,3472.0,0.9705705349347754,test,Final Answer: ,MB,256,0.511967232,17396.416512,512.0,117977.0," 1. **Title:** ""The Hungarian Revolution of 1956""  
   **ID:** Not explicitly provided, but the document discusses the historical context of the Hungarian Revolution and its impact on the film industry.  

2. **Title:** ""The Austrian War""  
   **ID:** Not explicitly provided, but the document mentions the Austrian war films and their connection to the historical events of the Hungarian Revolution of 1956.  

3. **Title:** ""The Hungarian",147.456
"====== Now let's start! ======
Based on the documents above, can you answer the following query? Print out the TITLE and ID of the documents you use to answer. Then format the answers into a list.
query: Finnish television and animated films
","['Moomins and the Comet Chase' 'Quest for a Heart'
 'Santa Claus and the Magic Drum']",511.967232,17.396416512,3472.0,quest_128k,3472.0,0.9705705349347754,test,Final Answer: ,MB,256,0.511967232,17396.416512,512.0,117977.0,"1. **Title**: ""Finnish television and animated films""  
   **ID**: 1  

2. **Title**: ""Finnish television and animated films""  
   **ID**: 1  

**Answer List:**  
- **Title**: ""Finnish television and animated films""  
  **ID**: 1  
  **Content**: The document discusses Finnish television and animated films, including the ""Finnish television and animated films"" topic. It mentions the """,147.456
"====== Now let's start! ======
Based on the documents above, can you answer the following query? Print out the TITLE and ID of the documents you use to answer. Then format the answers into a list.
query: Hispanic and Latino American novels set anywhere besides North America
",['At Night We Walk in Circles' 'La reina de América' 'Lost City Radio'],511.967232,17.396416512,3472.0,quest_128k,3472.0,0.9705705349347754,test,Final Answer: ,MB,256,0.511967232,17396.416512,512.0,117977.0,"1. **Title**: *The Hispanic and Latino American Novel*  
   **ID**: 1  
   **Answer**: The document discusses Hispanic and Latino American novels, but it does not specify the exact setting or location of the novels. However, it is implied that these novels are set in various locations beyond North America, as the focus is on the broader Hispanic and Latino American literary tradition.

2. **Title**: *The Hispanic and Latino American Novel*  
   **ID**: 2  
",147.456
"====== Now let's start! ======
Based on the documents above, can you answer the following query? Print out the TITLE and ID of the documents you use to answer. Then format the answers into a list.
query: Swiss Films about stalking
",['One Way Trip 3D'],511.967232,17.396416512,3472.0,quest_128k,3472.0,0.9705705349347754,test,Final Answer: ,MB,256,0.511967232,17396.416512,512.0,117977.0,"1. **Title**: ""Swiss Films about Stalking""  
   **ID**: 1  

2. **Title**: ""The Swiss Connection""  
   **ID**: 2  

3. **Title**: ""The Stalker""  
   **ID**: 3  

4. **Title**: ""The Stalker's Shadow""  
   **ID**: 4  

5. **Title**: ""The Silent Pursuer""  
   **ID**: 5  

**Answer List:**",147.456
"====== Now let's start! ======
Based on the documents above, can you answer the following query? Print out the TITLE and ID of the documents you use to answer. Then format the answers into a list.
query: 2010s supernatural children's animated films
","['Lego Scooby-Doo! Blowout Beach Bash'
 'Scooby-Doo! and the Curse of the 13th Ghost' 'The Magic Snowflake']",511.967232,17.396416512,3472.0,quest_128k,3472.0,0.9705705349347754,test,Final Answer: ,MB,256,0.511967232,17396.416512,512.0,117977.0,"1. **Title**: *The Awakening*  
   **ID**: 1  
   **Answer**: *The Awakening* is a 2010s supernatural children's animated film that features a young girl named Eliza who discovers she has the ability to communicate with the dead. The film explores themes of friendship, loss, and the supernatural, with a plot centered around Eliza's unique connection to the spirit world.  

2. **Title**: *The Divine Guard*  
   **",147.456
"====== Now let's start! ======
Based on the documents above, can you answer the following query? Print out the TITLE and ID of the documents you use to answer. Then format the answers into a list.
query: 1971 British thriller novels
",['Firecrest (novel)' 'Lament for Leto'],511.967232,17.396416512,3472.0,quest_128k,3472.0,0.9705705349347754,test,Final Answer: ,MB,256,0.511967232,17396.416512,512.0,117977.0,"1971 British thriller novels

- **Title**: *The Man from Hong Kong*  
  **ID**: 1971-British-Thriller-01

- **Title**: *The Devil's Own Work*  
  **ID**: 1971-British-Thriller-02

- **Title**: *The Colditz Story*  
  **ID**: 1971-British-Thriller-03

",147.456
"====== Now let's start! ======
Based on the documents above, can you answer the following query? Print out the TITLE and ID of the documents you use to answer. Then format the answers into a list.
query: Critical Jehovah's Witness books.
",['Crisis of Conscience'],511.967232,17.396416512,3472.0,quest_128k,3472.0,0.9705705349347754,test,Final Answer: ,MB,256,0.511967232,17396.416512,512.0,117977.0,"1. **Title**: *The Jehovah's Witnesses: A History of Their Work and Doctrine*  
   **ID**: 12345  

2. **Title**: *The Bible and the Jehovah's Witnesses: A Critical Examination*  
   **ID**: 67890  

3. **Title**: *Jehovah's Witnesses: A Critical Analysis of Their Teachings and Practices*  
   **ID**: 54321  

**Answer List:**  
",147.456
"====== Now let's start! ======
Based on the documents above, can you answer the following query? Print out the TITLE and ID of the documents you use to answer. Then format the answers into a list.
query: what are some Novels set in Jiangsu, 1750s, or Novels by Charlotte Lennox?
","['Demi-Gods and Semi-Devils' 'The Adventures of Peregrine Pickle'
 'The History of Sir Charles Grandison']",511.967232,17.396416512,3472.0,quest_128k,3472.0,0.9705705349347754,test,Final Answer: ,MB,256,0.511967232,17396.416512,512.0,117977.0,"1. **Title:** ""The Project Gutenberg eBook of The History of the Town of Berwick, by Charlotte Lennox""  
**ID:** 1057877  

2. **Title:** ""The Project Gutenberg eBook of The History of the Town of Berwick, by Charlotte Lennox""  
**ID:** 1057877  

3. **Title:** ""The Project Gutenberg eBook of The History of the Town of Berwick, by Charlotte Lennox",147.456
"====== Now let's start! ======
Based on the documents above, can you answer the following query? Print out the TITLE and ID of the documents you use to answer. Then format the answers into a list.
query: Gene DeWeese novels
",['Chain of Attack' 'The Final Nexus' 'The Peacekeepers'],511.967232,17.396416512,3472.0,quest_128k,3472.0,0.9705705349347754,test,Final Answer: ,MB,256,0.511967232,17396.416512,512.0,117977.0, No documents were found that mention Gene DeWeese novels. The provided documents do not contain information about Gene DeWeese's novels.,147.456
"====== Now let's start! ======
Based on the documents above, can you answer the following query? Print out the TITLE and ID of the documents you use to answer. Then format the answers into a list.
query: 1980s political films about science and the United States Armed Forces
",['Best Defense' 'Red Dawn'],511.967232,17.396416512,3472.0,quest_128k,3472.0,0.9705705349347754,test,Final Answer: ,MB,256,0.511967232,17396.416512,512.0,117977.0,"1980s political films about science and the United States Armed Forces

1. **Title**: ""The 1980s: A Decade of Political and Social Change""  
   **ID**: 1  
   - This document discusses the 1980s as a period of significant political and social change, though it does not directly mention specific films. It provides context for the era, which may be relevant to understanding the themes of political and scientific films from that",147.456
"====== Now let's start! ======
Based on the documents above, can you answer the following query? Print out the TITLE and ID of the documents you use to answer. Then format the answers into a list.
query: 2010s speculative fiction novels about Washington (state) and the United States.
",['Seveneves'],511.967232,17.396416512,3472.0,quest_128k,3472.0,0.9705705349347754,test,Final Answer: ,MB,256,0.511967232,17396.416512,512.0,117977.0,"1. **Title:** ""The Washington State Novel"" **ID:** 12345  
2. **Title:** ""The United States of Speculation"" **ID:** 67890  
3. **Title:** ""The 2010s Speculative Fiction Anthology"" **ID:** 54321  

**Answer:**
1. ""The Washington State Novel"" (ID: 12345)  
2. ""The",147.456
"====== Now let's start! ======
Based on the documents above, can you answer the following query? Print out the TITLE and ID of the documents you use to answer. Then format the answers into a list.
query: Cebu films
","['Alega Gang: Public Enemy No.1 of Cebu' 'Lapu-Lapu (2002 film)'
 'Patay na si Hesus']",511.967232,17.396416512,3472.0,quest_128k,3472.0,0.9705705349347754,test,Final Answer: ,MB,256,0.511967232,17396.416512,512.0,117977.0," [Document Title: ""Cebu films"", ID: 1]  
[Document Title: ""Cebu films"", ID: 2]  
[Document Title: ""Cebu films"", ID: 3]  
[Document Title: ""Cebu films"", ID: 4]  
[Document Title: ""Cebu films"", ID: 5]  

**Answer:**
1. **Cebu films** - ID: 1  
2.",147.456
"====== Now let's start! ======
Based on the documents above, can you answer the following query? Print out the TITLE and ID of the documents you use to answer. Then format the answers into a list.
query: Crime novels set in Japan
",['All She Was Worth' 'Crossfire (novel)' 'Out (novel)'],511.967232,17.396416512,3472.0,quest_128k,3472.0,0.9705705349347754,test,Final Answer: ,MB,256,0.511967232,17396.416512,512.0,117977.0,"1. **Title**: *The Japanese House of Horrors*  
   **ID**: 12345  

2. **Title**: *The Dark Secrets of Tokyo*  
   **ID**: 67890  

3. **Title**: *The Shadow of the Samurai*  
   **ID**: 54321  

**Answer List:**  
- *The Japanese House of Horrors* (ID: 12345)  
- *",147.456
"====== Now let's start! ======
Based on the documents above, can you answer the following query? Print out the TITLE and ID of the documents you use to answer. Then format the answers into a list.
query: 1990's historical films about security and surveillance that are set in England
",['Elizabeth (film)'],511.967232,17.396416512,3472.0,quest_128k,3472.0,0.9705705349347754,test,Final Answer: ,MB,256,0.511967232,17396.416512,512.0,117977.0,"1990's historical films about security and surveillance that are set in England

- **Title**: ""The Guardian""  
  **ID**: 1

- **Title**: ""The Hidden""  
  **ID**: 2

(Note: The specific titles of the films are not directly mentioned in the provided documents, but based on the context and the query, the following films are known for being historical films set in England that deal with security and surveillance themes from the 199",147.456
"====== Now let's start! ======
Based on the documents above, can you answer the following query? Print out the TITLE and ID of the documents you use to answer. Then format the answers into a list.
query: 1890s historical books and novels published by Harper & Brothers
",['Personal Recollections of Joan of Arc'],511.967232,17.396416512,3472.0,quest_128k,3472.0,0.9705705349347754,test,Final Answer: ,MB,256,0.511967232,17396.416512,512.0,117977.0," No documents were found that directly answer the query about ""1890s historical books and novels published by Harper & Brothers."" The provided documents do not contain relevant information about books published in the 1890s by Harper & Brothers.",147.456
"====== Now let's start! ======
Based on the documents above, can you answer the following query? Print out the TITLE and ID of the documents you use to answer. Then format the answers into a list.
query: 2021 films about action and comedy.
","[""Hitman's Wife's Bodyguard"" 'Red Notice (film)' ""The King's Man""]",511.967232,17.396416512,3472.0,quest_128k,3472.0,0.9705705349347754,test,Final Answer: ,MB,256,0.511967232,17396.416512,512.0,117977.0,"2016 films about action and comedy.

- **Title**: *The Man from Hong Kong*  
  **ID**: 1987  

- **Title**: *The Man from Hong Kong*  
  **ID**: 1987  

**Note**: The query asks for ""2021 films about action and comedy,"" but the provided documents do not contain any information about films from 2021. The only relevant document is about the 20",147.456
"====== Now let's start! ======
Based on the documents above, can you answer the following query? Print out the TITLE and ID of the documents you use to answer. Then format the answers into a list.
query: History/Adventure books about France from 1933
",['The Way of the Scarlet Pimpernel'],511.967232,17.396416512,3472.0,quest_128k,3472.0,0.9705705349347754,test,Final Answer: ,MB,256,0.511967232,17396.416512,512.0,117977.0,"1. **Title:** ""The History of France""  
   **ID:** 12345  

2. **Title:** ""The Adventures of the French""  
   **ID:** 67890  

**Answer List:**  
- ""The History of France"" (ID: 12345)  
- ""The Adventures of the French"" (ID: 67890)",147.456
"====== Now let's start! ======
Based on the documents above, can you answer the following query? Print out the TITLE and ID of the documents you use to answer. Then format the answers into a list.
query: Films based on works by Bill Finger that are any genre except Animated action films
",['Batman & Bill' 'Batman & Robin (film)' 'Batman (serial)'],511.967232,17.396416512,3472.0,quest_128k,3472.0,0.9705705349347754,test,Final Answer: ,MB,256,0.511967232,17396.416512,512.0,117977.0,"0  
**Title:** Films based on works by Bill Finger that are any genre except Animated action films  
**ID:** 0  

**Answer:**  
There are no films based on works by Bill Finger that are any genre except Animated action films. Bill Finger is best known for his work on the animated action film *The Adventures of Robin Hood* (1973), which is a classic example of an animated action film. No other films based on his work are known to exist outside of",147.456
"====== Now let's start! ======
Based on the documents above, can you answer the following query? Print out the TITLE and ID of the documents you use to answer. Then format the answers into a list.
query: Films based on works by Alan Moore or Wildstorm titles, or that are Czech superhero films
","['Batman: The Killing Joke (film)' 'Pérák: The Shadow over Prague'
 'The League of Extraordinary Gentlemen (film)']",511.967232,17.396416512,3472.0,quest_128k,3472.0,0.9705705349347754,test,Final Answer: ,MB,256,0.511967232,17396.416512,512.0,117977.0,"1. **Title:** ""Films based on works by Alan Moore or Wildstorm titles, or that are Czech superhero films""  
**ID:** 1

2. **Title:** ""Films based on works by Alan Moore or Wildstorm titles, or that are Czech superhero films""  
**ID:** 2

3. **Title:** ""Films based on works by Alan Moore or Wildstorm titles, or that are Czech superhero films""  
**ID:** 3

4",147.456
"====== Now let's start! ======
Based on the documents above, can you answer the following query? Print out the TITLE and ID of the documents you use to answer. Then format the answers into a list.
query: Crime novels that are both American crime novels and 1932 novels
",['Poison in Jest' 'The Waxworks Murder'],511.967232,17.396416512,3472.0,quest_128k,3472.0,0.9705705349347754,test,Final Answer: ,MB,256,0.511967232,17396.416512,512.0,117977.0,"
- **Title**: *The Book of the Dead*  
  **ID**: 12345  

- **Title**: *The Book of the Dead*  
  **ID**: 12345  

**Answer List:**  
1. *The Book of the Dead* (ID: 12345)",147.456
"====== Now let's start! ======
Based on the documents above, can you answer the following query? Print out the TITLE and ID of the documents you use to answer. Then format the answers into a list.
query: Debut novels released in 1953.
","['Battle Cry (Uris novel)' 'Go Tell It on the Mountain (novel)'
 'Junkie (novel)']",511.967232,17.396416512,3472.0,quest_128k,3472.0,0.9705705349347754,test,Final Answer: ,MB,256,0.511967232,17396.416512,512.0,117977.0,"1953 Debut Novels

- **Title**: *What Is to Be Done?*  
  **ID**: 1

- **Title**: *The Quiet American*  
  **ID**: 2

- **Title**: *The Stranger*  
  **ID**: 3

- **Title**: *The Sun Also Rises*  
  **ID**: 4

- **Title**: *The Grapes of Wrath*  
  **ID**: 5",147.456
"====== Now let's start! ======
Based on the documents above, can you answer the following query? Print out the TITLE and ID of the documents you use to answer. Then format the answers into a list.
query: Penal system documentary films that are not about law enforcement in the United States
",['P4W: Prison for Women' 'The Phantom (2021 film)' 'Waseskun'],511.967232,17.396416512,3472.0,quest_128k,3472.0,0.9705705349347754,test,Final Answer: ,MB,256,0.511967232,17396.416512,512.0,117977.0,"1. **Title:** ""The System""  
   **ID:** 12345  

2. **Title:** ""The Prisoner""  
   **ID:** 67890  

3. **Title:** ""The Watchmen""  
   **ID:** 11223  

4. **Title:** ""The Invisible Chain""  
   **ID:** 44556  

5. **Title:** ""The Cost of Freedom""  
  ",147.456
"====== Now let's start! ======
Based on the documents above, can you answer the following query? Print out the TITLE and ID of the documents you use to answer. Then format the answers into a list.
query: 1984 Fantasy novels about the United Kingdom
",['Mythago Wood' 'Nights at the Circus'],511.967232,17.396416512,3472.0,quest_128k,3472.0,0.9705705349347754,test,Final Answer: ,MB,256,0.511967232,17396.416512,512.0,117977.0,"1984 Fantasy novels about the United Kingdom

- **Title**: 1984  
  **ID**: 1984  
  **Relevance**: The document mentions ""1984"" as a year and refers to the ""1984"" novel, which is a science fiction novel by George Orwell. However, it is not a fantasy novel about the United Kingdom. This might be a confusion with the title, as the novel is not about the UK",147.456
"====== Now let's start! ======
Based on the documents above, can you answer the following query? Print out the TITLE and ID of the documents you use to answer. Then format the answers into a list.
query: Novels published by Hutchinson about film director and producers
",['Laughing Gas (novel)'],511.967232,17.396416512,3472.0,quest_128k,3472.0,0.9705705349347754,test,Final Answer: ,MB,256,0.511967232,17396.416512,512.0,117977.0,"0

No documents were found that match the query ""Novels published by Hutchinson about film director and producers.""",147.456
"====== Now let's start! ======
Based on the documents above, can you answer the following query? Print out the TITLE and ID of the documents you use to answer. Then format the answers into a list.
query: American medical novels set in the 1940's
",['Hannibal Rising' 'Jewel (novel)'],511.967232,17.396416512,3472.0,quest_128k,3472.0,0.9705705349347754,test,Final Answer: ,MB,256,0.511967232,17396.416512,512.0,117977.0,"1940s American medical novels are not directly mentioned in the provided documents. However, the following documents are relevant to the topic of American medical literature and may provide context or inspiration:

- **TITLE**: *The Book of the Dead*  
  **ID**: 1  
- **TITLE**: *The Book of the Dead*  
  **ID**: 2  
- **TITLE**: *The Book of the Dead*  
  **ID**: 3  
- **TITLE**: *",147.456
"====== Now let's start! ======
Based on the documents above, can you answer the following query? Print out the TITLE and ID of the documents you use to answer. Then format the answers into a list.
query: Canadian documentaries about homelessness and LGBT
",['Ryan (film)'],511.967232,17.396416512,3472.0,quest_128k,3472.0,0.9705705349347754,test,Final Answer: ,MB,256,0.511967232,17396.416512,512.0,117977.0,"1. **Title**: ""The Road to Home""  
   **ID**: 12345  
   **Answer**: There is no specific document listed that directly addresses Canadian documentaries about homelessness and the LGBT community. However, based on the provided information, it is mentioned that ""The Road to Home"" is a Canadian documentary that explores homelessness, and there is a reference to a documentary about the LGBT community in the context of a broader discussion on social issues. No direct overlap between the two",147.456
"====== Now let's start! ======
Based on the documents above, can you answer the following query? Print out the TITLE and ID of the documents you use to answer. Then format the answers into a list.
query: Films set in Italy that are 1982 television films
","['Cavalleria rusticana (1982 film)' 'The Deadly Game (1982 film)'
 'The Life of Verdi (miniseries)']",511.967232,17.396416512,3472.0,quest_128k,3472.0,0.9705705349347754,test,Final Answer: ,MB,256,0.511967232,17396.416512,512.0,117977.0," 1. **Title**: *The 1982 Film ""The Last of the Mohicans""*  
   **ID**: 1

2. **Title**: *The 1982 Film ""The Last of the Mohicans""*  
   **ID**: 1

(Note: The provided documents do not contain specific information about films set in Italy from 1982. However, based on the context and the mention of ""The Last of the Mohicans"" as",147.456
"====== Now let's start! ======
Based on the documents above, can you answer the following query? Print out the TITLE and ID of the documents you use to answer. Then format the answers into a list.
query: Animated non-children films set in New York (state)
",['Hulk: Where Monsters Dwell' 'Resident Evil: Vendetta'],511.967232,17.396416512,3472.0,quest_128k,3472.0,0.9705705349347754,test,Final Answer: ,MB,256,0.511967232,17396.416512,512.0,117977.0,"1. **Title**: *The New York Times*  
**ID**: 1  
**Answer**: The document mentions that ""The New York Times"" is a publication that has covered topics related to animated non-children films set in New York (state), though it does not provide specific details about such films.  

2. **Title**: *The New York Times*  
**ID**: 2  
**Answer**: The document also references the ""New York Times"" as a source that may",147.456
"====== Now let's start! ======
Based on the documents above, can you answer the following query? Print out the TITLE and ID of the documents you use to answer. Then format the answers into a list.
query: mystery drama films that are Chinese
",['A Lingering Face' 'Looking Up (film)' 'Ni Jing: Thou Shalt Not Steal'],511.967232,17.396416512,3472.0,quest_128k,3472.0,0.9705705349347754,test,Final Answer: ,MB,256,0.511967232,17396.416512,512.0,117977.0,"1. **Title**: ""The Mystery of the Chinese""  
   **ID**: 12345

2. **Title**: ""The Mystery of the Chinese""  
   **ID**: 12345",147.456
"====== Now let's start! ======
Based on the documents above, can you answer the following query? Print out the TITLE and ID of the documents you use to answer. Then format the answers into a list.
query: exploitation films from the 1940s
","['Child Bride' 'I Accuse My Parents' ""The Devil's Sleep""]",511.967232,17.396416512,3472.0,quest_128k,3472.0,0.9705705349347754,test,Final Answer: ,MB,256,0.511967232,17396.416512,512.0,117977.0,"1940s exploitation films

- **Title**: *Exploitation Films from the 1940s*  
  **ID**: 1

- **Title**: *The 1940s: A Decade of Exploitation Films*  
  **ID**: 2

- **Title**: *Exploitation Films in the 1940s: A Historical Overview*  
  **ID**: 3

- **Title**: *The",147.456
"====== Now let's start! ======
Based on the documents above, can you answer the following query? Print out the TITLE and ID of the documents you use to answer. Then format the answers into a list.
query: Erico Verissimo works adapted into films
",['Time and the Wind'],511.967232,17.396416512,3472.0,quest_128k,3472.0,0.9705705349347754,test,Final Answer: ,MB,256,0.511967232,17396.416512,512.0,117977.0," [Document Title: ""The Man from the South"" (1953), ID: 1234]  
[Document Title: ""The Divine Comedy"" (1955), ID: 5678]  

1. **""The Man from the South"" (1953)** - This document mentions that Erico Verissimo's work was adapted into a film, highlighting the connection between his literary contributions and cinematic adaptations.  
2. **""",147.456
"====== Now let's start! ======
Based on the documents above, can you answer the following query? Print out the TITLE and ID of the documents you use to answer. Then format the answers into a list.
query: Contemporary fantasy romance novels, that aren't Urban fantasy
",['Midnight Sun (Meyer novel)' 'New Moon (novel)' 'Twilight (Meyer novel)'],511.967232,17.396416512,3472.0,quest_128k,3472.0,0.9705705349347754,test,Final Answer: ,MB,256,0.511967232,17396.416512,512.0,117977.0,"1. **Title**: ""Contemporary fantasy romance novels, that aren't Urban fantasy""  
**ID**: 1  

2. **Title**: ""Contemporary fantasy romance novels, that aren't Urban fantasy""  
**ID**: 2  

3. **Title**: ""Contemporary fantasy romance novels, that aren't Urban fantasy""  
**ID**: 3  

**Answer List:**  
- **Title**: ""Contemporary fantasy romance novels, that aren't Urban fantasy""  
  **",147.456
"====== Now let's start! ======
Based on the documents above, can you answer the following query? Print out the TITLE and ID of the documents you use to answer. Then format the answers into a list.
query: Young adult novels set in Oceania that are not Australian or for children
",['Boy at War' 'The Changeover' 'The Firebird Rocket'],511.967232,17.396416512,3472.0,quest_128k,3472.0,0.9705705349347754,test,Final Answer: ,MB,256,0.511967232,17396.416512,512.0,117977.0,"0

**Title:** ""The Book of Disputed""  
**ID:** 1

**Title:** ""The Book of Disputed""  
**ID:** 2

**Title:** ""The Book of Disputed""  
**ID:** 3

**Title:** ""The Book of Disputed""  
**ID:** 4

**Title:** ""The Book of Disputed""  
**ID:** 5

**Title:** ""The Book of Disputed""  
**ID",147.456
"====== Now let's start! ======
Based on the documents above, can you answer the following query? Print out the TITLE and ID of the documents you use to answer. Then format the answers into a list.
query: 2012 comedy films that are also about social issues in the United States.
",['Killing Them Softly' 'Mac & Devin Go to High School'],511.967232,17.396416512,3472.0,quest_128k,3472.0,0.9705705349347754,test,Final Answer: ,MB,256,0.511967232,17396.416512,512.0,117977.0,"2012 comedy films that are also about social issues in the United States.

- **Title**: *The Great New Hope*  
  **ID**: 12345

- **Title**: *Socially Distorted*  
  **ID**: 67890

These documents are not available in the provided data. However, based on the context and the mention of ""social issues"" and ""comedy films,"" the following are notable 2012",147.456
"====== Now let's start! ======
Based on the documents above, can you answer the following query? Print out the TITLE and ID of the documents you use to answer. Then format the answers into a list.
query: Iranian novels or books by Sadegh Hedayat
",['My Uncle Napoleon' 'Savushun' 'The Blind Owl'],511.967232,17.396416512,3472.0,quest_128k,3472.0,0.9705705349347754,test,Final Answer: ,MB,256,0.511967232,17396.416512,512.0,117977.0," [Document Title: ""The Book of the Dead"" (1930), ID: 1234]  
[Document Title: ""The Divine Comedy"" (1935), ID: 5678]  

**Answer:**  
1. **Title:** The Book of the Dead  
   **ID:** 1234  
   **Relevance:** This document mentions Sadegh Hedayat's work and is related to Iranian novels or books by",147.456
"====== Now let's start! ======
Based on the documents above, can you answer the following query? Print out the TITLE and ID of the documents you use to answer. Then format the answers into a list.
query: Propaganda films that are epic and based on actual events.
",['Doctor Zhivago (film)'],511.967232,17.396416512,3472.0,quest_128k,3472.0,0.9705705349347754,test,Final Answer: ,MB,256,0.511967232,17396.416512,512.0,117977.0,"1. **Title**: Propaganda films that are epic and based on actual events.  
**ID**: 1

2. **Title**: *Propaganda films that are epic and based on actual events*  
**ID**: 2

3. **Title**: *The Propaganda Film*  
**ID**: 3

4. **Title**: *The Propaganda Film: A Historical Perspective*  
**ID**: 4

5. **Title**: *The",147.456
"====== Now let's start! ======
Based on the documents above, can you answer the following query? Print out the TITLE and ID of the documents you use to answer. Then format the answers into a list.
query: 1960 Catholic fiction books
",['The Picturegoers' 'The Violent Bear It Away'],511.967232,17.396416512,3472.0,quest_128k,3472.0,0.9705705349347754,test,Final Answer: ,MB,256,0.511967232,17396.416512,512.0,117977.0,"1960 Catholic fiction books

- **Title**: *The Book of the Dead*  
  **ID**: 1

- **Title**: *The Divine Comedy*  
  **ID**: 2

- **Title**: *The Divine Comedy*  
  **ID**: 3

- **Title**: *The Divine Comedy*  
  **ID**: 4

- **Title**: *The Divine Comedy*  
  **ID**: 5

- **Title**: *",147.456
"====== Now let's start! ======
Based on the documents above, can you answer the following query? Print out the TITLE and ID of the documents you use to answer. Then format the answers into a list.
query: NBC network original films about ideologies that are set in outer space.
",['Undercover with the KKK'],511.967232,17.396416512,3472.0,quest_128k,3472.0,0.9705705349347754,test,Final Answer: ,MB,256,0.511967232,17396.416512,512.0,117977.0,"1. **Title**: *The Suitor*  
   **ID**: 198  
   **Answer**: The document mentions that ""The Suitor"" is a 1980 NBC network original film that was inspired by the idea of having a character who is a ""scout"" in a story set in outer space. It also notes that the film was inspired by the ""scout"" concept in the NBC network's original films.

2. **Title**: *The Su",147.456
"====== Now let's start! ======
Based on the documents above, can you answer the following query? Print out the TITLE and ID of the documents you use to answer. Then format the answers into a list.
query: 1930 non american crime films
","['An Obvious Situation' ""That Night's Wife"" 'The Copper (1930 film)']",511.967232,17.396416512,3472.0,quest_128k,3472.0,0.9705705349347754,test,Final Answer: ,MB,256,0.511967232,17396.416512,512.0,117977.0,"1930 non American crime films

- **Title**: *The Man Who Would Be King*  
  **ID**: 1

- **Title**: *The Woman in Question*  
  **ID**: 2

- **Title**: *The Crime of the Century*  
  **ID**: 3

- **Title**: *The Phantom of the Opera*  
  **ID**: 4

- **Title**: *The Hound of the Baskervilles*",147.456
"====== Now let's start! ======
Based on the documents above, can you answer the following query? Print out the TITLE and ID of the documents you use to answer. Then format the answers into a list.
query: 2010s legal mystery drama films
",['Ace Attorney (film)' 'True Story (film)'],511.967232,17.396416512,3472.0,quest_128k,3472.0,0.9705705349347754,test,Final Answer: ,MB,256,0.511967232,17396.416512,512.0,117977.0,"2010s legal mystery drama films

- **Title**: *The Law of the Jungle*  
  **ID**: 1

- **Title**: *The Legal Case*  
  **ID**: 2

- **Title**: *The Mystery of the Law*  
  **ID**: 3

- **Title**: *The Legal Enigma*  
  **ID**: 4

- **Title**: *The Legal Puzzle*  
  **ID**: 5

",147.456
"====== Now let's start! ======
Based on the documents above, can you answer the following query? Print out the TITLE and ID of the documents you use to answer. Then format the answers into a list.
query: French novels from 1913 or 1922, or that are mysteries
","['Le Grand Meaulnes' 'The Mysteries of Paris'
 'The Mystery of the Yellow Room']",511.967232,17.396416512,3472.0,quest_128k,3472.0,0.9705705349347754,test,Final Answer: ,MB,256,0.511967232,17396.416512,512.0,117977.0,"1. **Title**: ""The Bewitched""  
   **ID**: 12345  
   **Title**: ""The Mystery of the Vanishing Man""  
   **ID**: 67890  

2. **Title**: ""The Mystery of the Vanishing Man""  
   **ID**: 67890  
   **Title**: ""The Bewitched""  
   **ID**: 12345  

3. **Title**: """,147.456
"====== Now let's start! ======
Based on the documents above, can you answer the following query? Print out the TITLE and ID of the documents you use to answer. Then format the answers into a list.
query: Films set in 1831 or 1809
",['Casta Diva (1935 film)' 'The Fire Devil' 'Under Capricorn'],511.967232,17.396416512,3472.0,quest_128k,3472.0,0.9705705349347754,test,Final Answer: ,MB,256,0.511967232,17396.416512,512.0,117977.0,"1. **Title**: ""The 1809 Film"" **ID**: 1  
2. **Title**: ""The 1831 Film"" **ID**: 2  

**Answer:**
1. **Title**: ""The 1809 Film"" **ID**: 1  
2. **Title**: ""The 1831 Film"" **ID**: 2",147.456
"====== Now let's start! ======
Based on the documents above, can you answer the following query? Print out the TITLE and ID of the documents you use to answer. Then format the answers into a list.
query: Andrew Jackson films or films about the War or 1812
","['First Invasion: The War of 1812' 'Last of the Buccaneers'
 'Mohawk (2017 film)']",511.967232,17.396416512,3472.0,quest_128k,3472.0,0.9705705349347754,test,Final Answer: ,MB,256,0.511967232,17396.416512,512.0,117977.0," [No relevant documents found]  
There are no documents in the provided list that mention ""Andrew Jackson films"" or ""films about the War of 1812.""",147.456
"====== Now let's start! ======
Based on the documents above, can you answer the following query? Print out the TITLE and ID of the documents you use to answer. Then format the answers into a list.
query: Films about sportspeople set in 1972
",['Going Vertical' 'Prefontaine (film)'],511.967232,17.396416512,3472.0,quest_128k,3472.0,0.9705705349347754,test,Final Answer: ,MB,256,0.511967232,17396.416512,512.0,117977.0,"1972, 1976

**Title:** *The 1972 Olympics: A Story of Triumph and Tragedy*  
**ID:** 1976

**Title:** *The 1972 Munich Olympics: A Tragedy of Peace and War*  
**ID:** 1972

**Answer:**
- **The 1972 Olympics: A Story of Triumph and Tragedy** (ID:",147.456
"====== Now let's start! ======
Based on the documents above, can you answer the following query? Print out the TITLE and ID of the documents you use to answer. Then format the answers into a list.
query: Dan Simmons novels
",['Ilium (novel)' 'Summer of Night' 'The Fall of Hyperion (novel)'],511.967232,17.396416512,3472.0,quest_128k,3472.0,0.9705705349347754,test,Final Answer: ,MB,256,0.511967232,17396.416512,512.0,117977.0,"1. **Title**: *The Martian* **ID**: 1  
2. **Title**: *I Am Legend* **ID**: 2  
3. **Title**: *The City* **ID**: 3  
4. **Title**: *The Terror* **ID**: 4  
5. **Title**: *The Bones* **ID**: 5  

**Answer List:**  
1. *The Martian* (ID: 1)  
2. *I Am Legend",147.456
"====== Now let's start! ======
Based on the documents above, can you answer the following query? Print out the TITLE and ID of the documents you use to answer. Then format the answers into a list.
query: 1936 Alternate history novels and books based in Asia
",['We the Living'],511.967232,17.396416512,3472.0,quest_128k,3472.0,0.9705705349347754,test,Final Answer: ,MB,256,0.511967232,17396.416512,512.0,117977.0,"1936 Alternate history novels and books based in Asia

- **TITLE**: *Alternate history novels and books based in Asia*  
  **ID**: 1

- **TITLE**: *The 1936 novel ""What Is to Be Done?"" and its influence on alternate history*  
  **ID**: 2",147.456
"====== Now let's start! ======
Based on the documents above, can you answer the following query? Print out the TITLE and ID of the documents you use to answer. Then format the answers into a list.
query: Films about sisters shot in Paris.
",['Le Divorce' 'Peppermint Soda' 'Two English Girls'],511.967232,17.396416512,3472.0,quest_128k,3472.0,0.9705705349347754,test,Final Answer: ,MB,256,0.511967232,17396.416512,512.0,117977.0,"1. **Title**: ""Les Dames de la Résistance"" **ID**: 12345  
2. **Title**: ""The Sisters of Paris"" **ID**: 67890  

**Answer List:**  
- ""Les Dames de la Résistance"" (ID: 12345)  
- ""The Sisters of Paris"" (ID: 67890)",147.456
"====== Now let's start! ======
Based on the documents above, can you answer the following query? Print out the TITLE and ID of the documents you use to answer. Then format the answers into a list.
query: Non American independent films that are from 1994
",['Aftermath (1994 film)' 'Amoklauf' 'Aya: Imagined Autobiography'],511.967232,17.396416512,3472.0,quest_128k,3472.0,0.9705705349347754,test,Final Answer: ,MB,256,0.511967232,17396.416512,512.0,117977.0,"0

**Title:** Non American independent films that are from 1994  
**ID:** 0",147.456
"====== Now let's start! ======
Based on the documents above, can you answer the following query? Print out the TITLE and ID of the documents you use to answer. Then format the answers into a list.
query: Books about social psychology set in the Middle Ages that are Hachette Book Group books
",['Circe (novel)' 'Julian (novel)'],511.967232,17.396416512,3472.0,quest_128k,3472.0,0.9705705349347754,test,Final Answer: ,MB,256,0.511967232,17396.416512,512.0,117977.0,"0 documents found.

No books about social psychology set in the Middle Ages that are Hachette Book Group books were found in the provided documents.",147.456
"====== Now let's start! ======
Based on the documents above, can you answer the following query? Print out the TITLE and ID of the documents you use to answer. Then format the answers into a list.
query: children's books set in subterranea(such as the Chronicles of Narnia) or Isekai novels and light novels
","[""Alice's Adventures in Wonderland"" 'Prince Caspian'
 ""The Magician's Nephew""]",511.967232,17.396416512,3472.0,quest_128k,3472.0,0.9705705349347754,test,Final Answer: ,MB,256,0.511967232,17396.416512,512.0,117977.0,"1. **Title**: *The Chronicles of Narnia*  
   **ID**: 1  

2. **Title**: *The Chronicles of Narnia*  
   **ID**: 1  

3. **Title**: *The Isekai Series*  
   **ID**: 2  

4. **Title**: *Light Novels*  
   **ID**: 3  

5. **Title**: *The Isekai Series*  
   **ID**: 2  

",147.456
"====== Now let's start! ======
Based on the documents above, can you answer the following query? Print out the TITLE and ID of the documents you use to answer. Then format the answers into a list.
query: Films set in the year 2073
",['A.P.E.X.'],511.967232,17.396416512,3472.0,quest_128k,3472.0,0.9705705349347754,test,Final Answer: ,MB,256,0.511967232,17396.416512,512.0,117977.0," No documents found that mention films set in the year 2073.  
**Answer:**  
- No documents found that mention films set in the year 2073.",147.456
"====== Now let's start! ======
Based on the documents above, can you answer the following query? Print out the TITLE and ID of the documents you use to answer. Then format the answers into a list.
query: Stop-motion animated paranormal musical comedy films
",['Babes in Toyland (1934 film)' 'Mad Monster Party?'],511.967232,17.396416512,3472.0,quest_128k,3472.0,0.9705705349347754,test,Final Answer: ,MB,256,0.511967232,17396.416512,512.0,117977.0,"1. **Title**: *The Creature Feature*  
   **ID**: 1  
   **Answer**: The document mentions ""stop-motion animated paranormal musical comedy films"" as a category, though it does not provide specific titles or details about such films. It references the use of stop-motion animation in the context of ""The Creature Feature,"" which is described as a type of film that blends multiple genres, including paranormal and musical elements.  

2. **Title**: *The Creature Feature*  
  ",147.456
"====== Now let's start! ======
Based on the documents above, can you answer the following query? Print out the TITLE and ID of the documents you use to answer. Then format the answers into a list.
query: Australian novels made into tv shows, or 1911 debut novels, or novels by Joan Lindsay.
",['Come in Spinner' 'The Thorn Birds' 'Zuleika Dobson'],511.967232,17.396416512,3472.0,quest_128k,3472.0,0.9705705349347754,test,Final Answer: ,MB,256,0.511967232,17396.416512,512.0,117977.0,"1911 Debut Novels, Australian Novels Made into TV Shows, and Novels by Joan Lindsay

**Document Title:** ""The Book of the Dead"" - A Novel by John Ajvide  
**Document ID:** 1  
**Title:** ""The Book of the Dead""  
**ID:** 1  

**Document Title:** ""The Book of the Dead"" - A Novel by John Ajvide  
**Document ID:** 2  
**Title:** ""The Book of",147.456
"====== Now let's start! ======
Based on the documents above, can you answer the following query? Print out the TITLE and ID of the documents you use to answer. Then format the answers into a list.
query: French novels made in 1905.
",['The Lighthouse at the End of the World'],511.967232,17.396416512,3472.0,quest_128k,3472.0,0.9705705349347754,test,Final Answer: ,MB,256,0.511967232,17396.416512,512.0,117977.0," No documents were found that directly mention French novels made in 1905. The provided documents do not contain information about French novels from 1905. 

**Answer:**
- No relevant documents found.",147.456
"====== Now let's start! ======
Based on the documents above, can you answer the following query? Print out the TITLE and ID of the documents you use to answer. Then format the answers into a list.
query: 2004 films that are set in 1974
","['Anchorman: The Legend of Ron Burgundy'
 'The Assassination of Richard Nixon']",511.967232,17.396416512,3472.0,quest_128k,3472.0,0.9705705349347754,test,Final Answer: ,MB,256,0.511967232,17396.416512,512.0,117977.0,"
- No documents found that directly answer the query about 2004 films set in 1974.",147.456
"====== Now let's start! ======
Based on the documents above, can you answer the following query? Print out the TITLE and ID of the documents you use to answer. Then format the answers into a list.
query: sci-fi films from 2008
","['CJ7' ""God's Puzzle (film)"" 'Stargate: The Ark of Truth']",511.967232,17.396416512,3472.0,quest_128k,3472.0,0.9705705349347754,test,Final Answer: ,MB,256,0.511967232,17396.416512,512.0,117977.0,"1. **Title:** Sci-Fi Films from 2008  
**ID:** 1  

2. **Title:** Sci-Fi Films from 2008  
**ID:** 2  

3. **Title:** Sci-Fi Films from 2008  
**ID:** 3  

4. **Title:** Sci-Fi Films from 2008  
**ID:** 4  

5. **Title:** Sci-Fi Films from 2008  
**",147.456
"====== Now let's start! ======
Based on the documents above, can you answer the following query? Print out the TITLE and ID of the documents you use to answer. Then format the answers into a list.
query: Bulgarian animated films or Polish or Belgian animated fantasy films
",['Demoni (2012 film)' 'Dragon Rider (film)' 'Felix the Cat: The Movie'],511.967232,17.396416512,3472.0,quest_128k,3472.0,0.9705705349347754,test,Final Answer: ,MB,256,0.511967232,17396.416512,512.0,117977.0,"1. **Title**: Bulgarian animated films or Polish or Belgian animated fantasy films  
**ID**: 1  

2. **Title**: Bulgarian animated films or Polish or Belgian animated fantasy films  
**ID**: 2  

3. **Title**: Bulgarian animated films or Polish or Belgian animated fantasy films  
**ID**: 3  

**Answer List**:  
- Document 1: Bulgarian animated films or Polish or Belgian animated fantasy films  
- Document 2: Bulgarian animated films or Polish or Belgian animated",147.456
"====== Now let's start! ======
Based on the documents above, can you answer the following query? Print out the TITLE and ID of the documents you use to answer. Then format the answers into a list.
query: Novels adapted into radio programs that are set during WWI
",['All Quiet on the Western Front'],511.967232,17.396416512,3472.0,quest_128k,3472.0,0.9705705349347754,test,Final Answer: ,MB,256,0.511967232,17396.416512,512.0,117977.0,"1. **Title**: *The Way of the World*  
**ID**: 1  
**Answer**: The novel ""The Way of the World"" was adapted into a radio program that is set during World War I. It was part of the ""WWI"" series, which was a radio program that explored the impact of World War I on various aspects of life and culture.

2. **Title**: *The Way of the World*  
**ID**: 2  
**Answer**: The",147.456
"====== Now let's start! ======
Based on the documents above, can you answer the following query? Print out the TITLE and ID of the documents you use to answer. Then format the answers into a list.
query: Horror drama films from the 2000s or Karel Jaromír Erben films
",['Little Otik' 'Nails (2003 film)' 'Princess Goldilocks'],511.967232,17.396416512,3472.0,quest_128k,3472.0,0.9705705349347754,test,Final Answer: ,MB,256,0.511967232,17396.416512,512.0,117977.0,"1. **Title:** Horror drama films from the 2000s or Karel Jaromír Erben films  
**ID:** 1  

2. **Title:** *The Horror of Dracula*  
**ID:** 2  

3. **Title:** *The Witcher* (based on Karel Jaromír Erben's work)  
**ID:** 3  

**Answer List:**  
- Horror drama films from the 2000s",147.456
"====== Now let's start! ======
Based on the documents above, can you answer the following query? Print out the TITLE and ID of the documents you use to answer. Then format the answers into a list.
query: 2023 action comedy, 2020s superhero comedy, or Guardians of the Galaxy films
","['Flora & Ulysses (film)' 'Guardians of the Galaxy Vol. 3'
 'Spider-Man: Across the Spider-Verse']",511.967232,17.396416512,3472.0,quest_128k,3472.0,0.9705705349347754,test,Final Answer: ,MB,256,0.511967232,17396.416512,512.0,117977.0,"2023 action comedy, 2020s superhero comedy, or Guardians of the Galaxy films  
- **Title**: Guardians of the Galaxy  
- **ID**: 2023  
- **Title**: Guardians of the Galaxy  
- **ID**: 2020s  
- **Title**: Guardians of the Galaxy  
- **ID**: 1998  

**Note**: The query appears to be asking for a list of films that fall into the categories",147.456
"====== Now let's start! ======
Based on the documents above, can you answer the following query? Print out the TITLE and ID of the documents you use to answer. Then format the answers into a list.
query: Bengali written Indian historical novels
",['Anandamath' 'Durgeshnandini' 'Those Days (novel)'],511.967232,17.396416512,3472.0,quest_128k,3472.0,0.9705705349347754,test,Final Answer: ,MB,256,0.511967232,17396.416512,512.0,117977.0,"1. **Title**: Bengali written Indian historical novels  
   **ID**: 1

2. **Title**: Bengali written Indian historical novels  
   **ID**: 2

3. **Title**: Bengali written Indian historical novels  
   **ID**: 3

**Answer List:**
- **Title**: Bengali written Indian historical novels  
  **ID**: 1  
- **Title**: Bengali written Indian historical novels  
  **ID**: 2  
- **",147.456
"====== Now let's start! ======
Based on the documents above, can you answer the following query? Print out the TITLE and ID of the documents you use to answer. Then format the answers into a list.
query: 1970s television films set in Palestine about terrorism
",['Victory at Entebbe'],511.967232,17.396416512,3472.0,quest_128k,3472.0,0.9705705349347754,test,Final Answer: ,MB,256,0.511967232,17396.416512,512.0,117977.0,"1970s television films set in Palestine about terrorism

- **Title**: ""Les Rivières de Palestine""  
  **ID**: 1

- **Title**: ""Les Rivières de Palestine""  
  **ID**: 2

- **Title**: ""Les Rivières de Palestine""  
  **ID**: 3

- **Title**: ""Les Rivières de Palestine""  
  **ID**: 4

- **Title**: ""Les R",147.456
"====== Now let's start! ======
Based on the documents above, can you answer the following query? Print out the TITLE and ID of the documents you use to answer. Then format the answers into a list.
query: 1990s American buddy action, but not comedy, films
",['Die Hard with a Vengeance' 'Fled' 'Point Break'],511.967232,17.396416512,3472.0,quest_128k,3472.0,0.9705705349347754,test,Final Answer: ,MB,256,0.511967232,17396.416512,512.0,117977.0," No documents were found that match the query.  
The provided documents do not contain information about 1990s American buddy action (non-comedy) films.",147.456
"====== Now let's start! ======
Based on the documents above, can you answer the following query? Print out the TITLE and ID of the documents you use to answer. Then format the answers into a list.
query: fictional WWII novels about antisemitisim.
",['The Boys from Brazil (novel)' 'The Portage to San Cristobal of A.H.'],511.967232,17.396416512,3472.0,quest_128k,3472.0,0.9705705349347754,test,Final Answer: ,MB,256,0.511967232,17396.416512,512.0,117977.0,"1. **Title**: *The Nazi Officer*  
   **ID**: 12345  
   **Answer**: *The Nazi Officer* is a fictional WWII novel that explores themes of antisemitism and the moral complexities of war. It follows a character who grapples with the atrocities committed against Jewish communities during the war.  

2. **Title**: *The Nazi Officer*  
   **ID**: 12345  
   **Answer**: The novel *The",147.456
"====== Now let's start! ======
Based on the documents above, can you answer the following query? Print out the TITLE and ID of the documents you use to answer. Then format the answers into a list.
query: English books published by Farrar Straus and Giroux
",['Hild (novel)'],511.967232,17.396416512,3472.0,quest_128k,3472.0,0.9705705349347754,test,Final Answer: ,MB,256,0.511967232,17396.416512,512.0,117977.0,"1. **Title**: English books published by Farrar Straus and Giroux  
**ID**: 1234567890  

**Answer List:**  
1. ""English books published by Farrar Straus and Giroux"" is a general statement about the publisher's catalog, but it does not specify particular books. The document does not list specific titles or books published by Farrar Straus and Giroux.",147.456
"====== Now let's start! ======
Based on the documents above, can you answer the following query? Print out the TITLE and ID of the documents you use to answer. Then format the answers into a list.
query: Films shot in Europe that are Austrian drama films and English language French films.
",['Taking Sides (film)'],511.967232,17.396416512,3472.0,quest_128k,3472.0,0.9705705349347754,test,Final Answer: ,MB,256,0.511967232,17396.416512,512.0,117977.0," [No relevant documents found]

The query asks for ""Films shot in Europe that are Austrian drama films and English language French films."" This appears to be a contradiction or confusion in the query itself. Austrian drama films are typically in the English language, but the term ""English language French films"" is unclear and likely refers to French films with English language dialogue. The query seems to be asking for films that are both shot in Europe and fit into these conflicting categories, but there are no documents provided that",147.456
"====== Now let's start! ======
Based on the documents above, can you answer the following query? Print out the TITLE and ID of the documents you use to answer. Then format the answers into a list.
query: 2013 novels about multiple time paths
",['Life After Life (novel)' 'To Be or Not to Be (book)'],511.967232,17.396416512,3472.0,quest_128k,3472.0,0.9705705349347754,test,Final Answer: ,MB,256,0.511967232,17396.416512,512.0,117977.0,"0
- **Title**: 2013 novels about multiple time paths  
  **ID**: 0

There are no documents provided that specifically mention 2013 novels about multiple time paths. The given documents do not contain information about such novels.",147.456
"====== Now let's start! ======
Based on the documents above, can you answer the following query? Print out the TITLE and ID of the documents you use to answer. Then format the answers into a list.
query: Novels set in Russia and the Arctic about war and conflict
",['The Samovar Girl' 'The Two Captains'],511.967232,17.396416512,3472.0,quest_128k,3472.0,0.9705705349347754,test,Final Answer: ,MB,256,0.511967232,17396.416512,512.0,117977.0,"1. **Title**: *The Novel of the Future*  
**ID**: 1  
**Answer**: The novel *The Novel of the Future* is set in Russia and explores themes of war and conflict. It is a fictional work that incorporates elements of the author's experiences and ideas about the future.

2. **Title**: *The Book of the Dead*  
**ID**: 2  
**Answer**: The novel *The Book of the Dead* is set in the Arctic and involves",147.456
"====== Now let's start! ======
Based on the documents above, can you answer the following query? Print out the TITLE and ID of the documents you use to answer. Then format the answers into a list.
query: English-language novels that are 1985 speculative fiction but not American 1985 novels
",['Illywhacker' 'Star Healer' 'The Hounds of the Morrigan'],511.967232,17.396416512,3472.0,quest_128k,3472.0,0.9705705349347754,test,Final Answer: ,MB,256,0.511967232,17396.416512,512.0,117977.0,"1985 English-language speculative fiction novels are not American novels.

**Document Used:**
- Title: ""The 1985 English-language speculative fiction novel""  
  ID: 1985-English-speculative-fiction

- Title: ""The 1985 American novel""  
  ID: 1985-American-novel

**Answer:**
1. **Title:** ""The 1985 English-language speculative fiction novel""  
  ",147.456
"====== Now let's start! ======
Based on the documents above, can you answer the following query? Print out the TITLE and ID of the documents you use to answer. Then format the answers into a list.
query: Historical Chinese martial arts films about terrorism
","[""A Queen's Ransom""]",511.967232,17.396416512,3472.0,quest_128k,3472.0,0.9705705349347754,test,Final Answer: ,MB,256,0.511967232,17396.416512,512.0,117977.0,"0 documents found.

No documents were found that directly address ""Historical Chinese martial arts films about terrorism."" The provided documents discuss historical films, martial arts, and some themes related to conflict, but none specifically mention ""terrorism"" in the context of Chinese martial arts films.",147.456
"====== Now let's start! ======
Based on the documents above, can you answer the following query? Print out the TITLE and ID of the documents you use to answer. Then format the answers into a list.
query: Iranian and Asian short films from 2010's
",['Game Over (2013 film)' 'The Poot' 'Two & Two (2011 film)'],511.967232,17.396416512,3472.0,quest_128k,3472.0,0.9705705349347754,test,Final Answer: ,MB,256,0.511967232,17396.416512,512.0,117977.0,"1. **Title**: Iranian and Asian short films from 2010's  
**ID**: 1  

2. **Title**: Iranian and Asian short films from 2010's  
**ID**: 2  

**Answer List**:  
- **Title**: Iranian and Asian short films from 2010's  
  **ID**: 1  
- **Title**: Iranian and Asian short films from 2010's  
  **ID**: 2",147.456
"====== Now let's start! ======
Based on the documents above, can you answer the following query? Print out the TITLE and ID of the documents you use to answer. Then format the answers into a list.
query: 1968 art novels
",['It Happened in Boston?' 'The Public Image'],511.967232,17.396416512,3472.0,quest_128k,3472.0,0.9705705349347754,test,Final Answer: ,MB,256,0.511967232,17396.416512,512.0,117977.0,"1968 art novels

- **TITLE**: ""The Book of Disputed Art""  
  **ID**: 12345

- **TITLE**: ""Art and the Novel in 1968""  
  **ID**: 67890

**Answer List:**
1. ""The Book of Disputed Art"" (ID: 12345)
2. ""Art and the Novel in 1968"" (ID",147.456
"====== Now let's start! ======
Based on the documents above, can you answer the following query? Print out the TITLE and ID of the documents you use to answer. Then format the answers into a list.
query: books about socialism and the french revolution
",['To the Finland Station'],511.967232,17.396416512,3472.0,quest_128k,3472.0,0.9705705349347754,test,Final Answer: ,MB,256,0.511967232,17396.416512,512.0,117977.0,"1. **Title**: *The Book of the French Revolution*  
   **ID**: 1  
   **Content**: This document discusses the French Revolution and its historical context, which is relevant to books about socialism and the French Revolution.  

2. **Title**: *The Book of Socialism*  
   **ID**: 2  
   **Content**: This document explores socialism and its ideological connections to the French Revolution, which is a key topic in the query.  

3. **Title",147.456
"====== Now let's start! ======
Based on the documents above, can you answer the following query? Print out the TITLE and ID of the documents you use to answer. Then format the answers into a list.
query: American Science fiction children's comedy films set in castles.
",['Hotel Transylvania (film)'],511.967232,17.396416512,3472.0,quest_128k,3472.0,0.9705705349347754,test,Final Answer: ,MB,256,0.511967232,17396.416512,512.0,117977.0,"1. **Title**: *The American Science Fiction Children's Comedy Films Set in Castles*  
**ID**: 1  

2. **Title**: *The Science Fiction Film ""The American Science Fiction Children's Comedy Films Set in Castles""*  
**ID**: 2  

**Answer List:**  
1. *The American Science Fiction Children's Comedy Films Set in Castles* - ID: 1  
2. *The Science Fiction Film ""The American Science Fiction Children's Comedy Films",147.456
"====== Now let's start! ======
Based on the documents above, can you answer the following query? Print out the TITLE and ID of the documents you use to answer. Then format the answers into a list.
query: History books about Malaysia or the Qing dynasty or about South Korea
","['Chronicle of Malaysia' 'Korea: A Walk Through the Land of Miracles'
 'Treason by the Book']",511.967232,17.396416512,3472.0,quest_128k,3472.0,0.9705705349347754,test,Final Answer: ,MB,256,0.511967232,17396.416512,512.0,117977.0,"1. **Title**: *History of the Qing Dynasty*  
**ID**: 12345  

2. **Title**: *History of Malaysia*  
**ID**: 67890  

3. **Title**: *History of South Korea*  
**ID**: 54321  

---

**Answer List:**

1. **History of the Qing Dynasty** (ID: 12345)  
   This document discusses the history of the",147.456
"====== Now let's start! ======
Based on the documents above, can you answer the following query? Print out the TITLE and ID of the documents you use to answer. Then format the answers into a list.
query: Supernatural western horror films from the 1990's
","[""From Dusk Till Dawn 3: The Hangman's Daughter"" 'Grim Prairie Tales'
 'Mad at the Moon']",511.967232,17.396416512,3472.0,quest_128k,3472.0,0.9705705349347754,test,Final Answer: ,MB,256,0.511967232,17396.416512,512.0,117977.0,"1. **Title**: *The Western*  
**ID**: 1  
2. **Title**: *The Supernatural*  
**ID**: 2  
3. **Title**: *The Supernatural Western*  
**ID**: 3  

### Answer:
1. **The Western** (ID: 1) - This document discusses the Western genre, which often includes elements of the supernatural. It highlights the blend of frontier settings with eerie or fantastical elements, which is characteristic of",147.456
"====== Now let's start! ======
Based on the documents above, can you answer the following query? Print out the TITLE and ID of the documents you use to answer. Then format the answers into a list.
query: Non History Books about communism
","['Red Diapers: Growing Up in the Communist Left'
 'Ten Days That Shook the World' 'The God that Failed']",511.967232,17.396416512,3472.0,quest_128k,3472.0,0.9705705349347754,test,Final Answer: ,MB,256,0.511967232,17396.416512,512.0,117977.0," No documents were found that directly address ""Non History Books about communism."" The provided documents are focused on historical contexts and events related to communism, and do not list or describe non-history books on the topic. 

**Answer:**
- No relevant documents found.",147.456
"====== Now let's start! ======
Based on the documents above, can you answer the following query? Print out the TITLE and ID of the documents you use to answer. Then format the answers into a list.
query: Chinese novels adapted into plays or Yu Hua novels
",['Brothers (Yu novel)' 'Chronicle of a Blood Merchant' 'To Live (novel)'],511.967232,17.396416512,3472.0,quest_128k,3472.0,0.9705705349347754,test,Final Answer: ,MB,256,0.511967232,17396.416512,512.0,117977.0,"1. **Title**: *The Chinese Novel and Its Adaptations*  
**ID**: 1  
- This document discusses the adaptation of Chinese novels into plays, but it does not specifically mention Yu Hua's novels.

2. **Title**: *The Chinese Novel and Its Adaptations*  
**ID**: 1  
- This document does not mention Yu Hua's novels specifically, but it does talk about the broader topic of Chinese novels being adapted into plays.

3. **Title**:",147.456
"====== Now let's start! ======
Based on the documents above, can you answer the following query? Print out the TITLE and ID of the documents you use to answer. Then format the answers into a list.
query: 1534 books or 1553 books
",['Ferrara Bible' 'Observations (Belon book)' 'Scepter of Judah'],511.967232,17.396416512,3472.0,quest_128k,3472.0,0.9705705349347754,test,Final Answer: ,MB,256,0.511967232,17396.416512,512.0,117977.0,"1534 books or 1553 books

- **Title**: 1534 books or 1553 books  
  **ID**: 1",147.456
"====== Now let's start! ======
Based on the documents above, can you answer the following query? Print out the TITLE and ID of the documents you use to answer. Then format the answers into a list.
query: what are some Emirati multilingual or Pakistani animated films
","['3 Bahadur: The Revenge of Baba Balaam' 'Aerials (film)'
 'The Glassworker']",511.967232,17.396416512,3472.0,quest_128k,3472.0,0.9705705349347754,test,Final Answer: ,MB,256,0.511967232,17396.416512,512.0,117977.0,"0  
- **Title**: ""Chain of Attack""  
- **ID**: 1  

**Answer:**  
There are no Emirati multilingual or Pakistani animated films mentioned in the provided documents. The only reference to an animated film is ""Chain of Attack,"" which is not explicitly described as being from the Emirati or Pakistani film industries.",147.456
"====== Now let's start! ======
Based on the documents above, can you answer the following query? Print out the TITLE and ID of the documents you use to answer. Then format the answers into a list.
query: novels written by by Louise Welsh
",['Tamburlaine Must Die' 'The Girl on the Stairs'],511.967232,17.396416512,3472.0,quest_128k,3472.0,0.9705705349347754,test,Final Answer: ,MB,256,0.511967232,17396.416512,512.0,117977.0,"1. **Title:** ""The Road of the Dead""  
   **ID:** 1  
   **Content:** This document mentions Louise Welsh's novel ""The Road of the Dead,"" which is part of the ""That Night's Wife"" series. It highlights Welsh's contribution to the genre and her storytelling style.

2. **Title:** ""That Night's Wife""  
   **ID:** 2  
   **Content:** This document refers to ""That Night's Wife,"" a novel by",147.456
"====== Now let's start! ======
Based on the documents above, can you answer the following query? Print out the TITLE and ID of the documents you use to answer. Then format the answers into a list.
query: WWII films that are Swiss
",['The Last Chance (1945 film)' 'The Sun (film)'],511.967232,17.396416512,3472.0,quest_128k,3472.0,0.9705705349347754,test,Final Answer: ,MB,256,0.511967232,17396.416512,512.0,117977.0,"1. **Title**: The Swiss Connection  
   **ID**: 12345  
   
2. **Title**: The Role of Switzerland in WWII Films  
   **ID**: 67890  

### Answer List:
- **The Swiss Connection** (ID: 12345)
- **The Role of Switzerland in WWII Films** (ID: 67890)",147.456
"====== Now let's start! ======
Based on the documents above, can you answer the following query? Print out the TITLE and ID of the documents you use to answer. Then format the answers into a list.
query: 1898 English-language books that are also about adventure
",['In the Sargasso Sea' 'Rupert of Hentzau'],511.967232,17.396416512,3472.0,quest_128k,3472.0,0.9705705349347754,test,Final Answer: ,MB,256,0.511967232,17396.416512,512.0,117977.0,"1898 English-language books that are also about adventure

- **TITLE**: The Adventure of the Blue Carbuncle  
  **ID**: 197

- **TITLE**: The Adventure of the Copper Beeches  
  **ID**: 198

- **TITLE**: The Adventure of the Mazarine Stone  
  **ID**: 199

- **TITLE**: The Adventure of the Speckled Band  
  **ID**: 200

",147.456
"====== Now let's start! ======
Based on the documents above, can you answer the following query? Print out the TITLE and ID of the documents you use to answer. Then format the answers into a list.
query: Dutch coming-of-age or Dutch erotic or erotic thriller films
",['Jongens'],511.967232,17.396416512,3472.0,quest_128k,3472.0,0.9705705349347754,test,Final Answer: ,MB,256,0.511967232,17396.416512,512.0,117977.0," [Document Title] - [Document ID]

1. **Dutch Coming-of-Age Films** - [Document ID: 75]  
   - The document titled ""Dutch Coming-of-Age Films"" discusses the genre of coming-of-age films in the Netherlands, highlighting their cultural significance and narrative themes. It may include examples of Dutch films that explore personal growth, identity, and transition into adulthood.

2. **Dutch Erotic Films** - [Document ID: 75]",147.456
"====== Now let's start! ======
Based on the documents above, can you answer the following query? Print out the TITLE and ID of the documents you use to answer. Then format the answers into a list.
query: Non-supernatural fantasy films about televised people
",['Being John Malkovich' 'Bubba Ho-Tep' 'Millennium Actress'],511.967232,17.396416512,3472.0,quest_128k,3472.0,0.9705705349347754,test,Final Answer: ,MB,256,0.511967232,17396.416512,512.0,117977.0," No documents found that match the query.  
Answer: There are no documents in the provided list that specifically mention non-supernatural fantasy films about televised people.",147.456
"====== Now let's start! ======
Based on the documents above, can you answer the following query? Print out the TITLE and ID of the documents you use to answer. Then format the answers into a list.
query: 1988 fiction environmental books
","[""The Gate to Women's Country"" 'Zodiac (novel)']",511.967232,17.396416512,3472.0,quest_128k,3472.0,0.9705705349347754,test,Final Answer: ,MB,256,0.511967232,17396.416512,512.0,117977.0,"1988 Fiction Environmental Books

**Document Title:** *The Book of Disputed*  
**ID:** 1

**Document Title:** *The Book of Disputed*  
**ID:** 2

**Document Title:** *The Book of Disputed*  
**ID:** 3

**Answer:**
1. **Document Title:** *The Book of Disputed*  
   **ID:** 1  
   - This document mentions a book titled ""The Book of Dis",147.456
"====== Now let's start! ======
Based on the documents above, can you answer the following query? Print out the TITLE and ID of the documents you use to answer. Then format the answers into a list.
query: what are  some Bulgarian animated, or Polish children's films
","['Demoni (2012 film)' 'The Two Who Stole the Moon'
 'The Young Magician (film)']",511.967232,17.396416512,3472.0,quest_128k,3472.0,0.9705705349347754,test,Final Answer: ,MB,256,0.511967232,17396.416512,512.0,117977.0,"1. **Title**: ""Bulgarian Animated Films"" **ID**: 1  
2. **Title**: ""Polish Children's Films"" **ID**: 2  

**Answer List:**  
1. ""Bulgarian Animated Films"" (ID: 1)  
2. ""Polish Children's Films"" (ID: 2)",147.456
"====== Now let's start! ======
Based on the documents above, can you answer the following query? Print out the TITLE and ID of the documents you use to answer. Then format the answers into a list.
query: 1850s social psychology books
",['Madame Bovary' 'The Scarlet Letter'],511.967232,17.396416512,3472.0,quest_128k,3472.0,0.9705705349347754,test,Final Answer: ,MB,256,0.511967232,17396.416512,512.0,117977.0,"1850s social psychology books

- **Title**: *The Book of the Courtier*  
  **ID**: 1

- **Title**: *The Divine Comedy*  
  **ID**: 2

- **Title**: *The Book of the Courtier*  
  **ID**: 1

- **Title**: *The Divine Comedy*  
  **ID**: 2

**Formatted Answer:**

1. **Title**: *The Book of the Courtier",147.456
"====== Now let's start! ======
Based on the documents above, can you answer the following query? Print out the TITLE and ID of the documents you use to answer. Then format the answers into a list.
query: German spy comedy films, or 2000s comedy-drama mystery films.
",['Hotel Clausewitz' 'Scorpions and Miniskirts' 'Tunis Top Secret'],511.967232,17.396416512,3472.0,quest_128k,3472.0,0.9705705349347754,test,Final Answer: ,MB,256,0.511967232,17396.416512,512.0,117977.0,"2000s comedy-drama mystery films and German spy comedy films

**Document Title:** ""The Man from Hong Kong""  
**Document ID:** 1

**Document Title:** ""The Woman in Black""  
**Document ID:** 2

**Document Title:** ""The Ghost and the Darkness""  
**Document ID:** 3

**Document Title:** ""The Italian Job""  
**Document ID:** 4

**Document Title:** ""The Bourne Identity""  
",147.456
"====== Now let's start! ======
Based on the documents above, can you answer the following query? Print out the TITLE and ID of the documents you use to answer. Then format the answers into a list.
query: American LGBT novels set in New England and that are also Speculative fiction novels
",['The Drowning Girl'],511.967232,17.396416512,3472.0,quest_128k,3472.0,0.9705705349347754,test,Final Answer: ,MB,256,0.511967232,17396.416512,512.0,117977.0," No documents found that directly answer the query.  
However, based on the provided information, I can infer that there may be a connection to the novel ""The Suitor"" by Michael R. Wall. This novel is described as an ""American LGBT novel"" and is set in New England, as it is part of the ""LGBT novels"" category. It is also mentioned as being in the ""Larger"" series, which may suggest speculative fiction elements. However, there is no explicit confirmation",147.456
"====== Now let's start! ======
Based on the documents above, can you answer the following query? Print out the TITLE and ID of the documents you use to answer. Then format the answers into a list.
query: Films based of Craig Rices' work
","['Home Sweet Homicide' ""Mrs. O'Malley and Mr. Malone""
 'The Underworld Story']",511.967232,17.396416512,3472.0,quest_128k,3472.0,0.9705705349347754,test,Final Answer: ,MB,256,0.511967232,17396.416512,512.0,117977.0,"1. **Title**: ""Films based of Craig Rices' work""  
**ID**: 1

**Answer:**
1. ""Films based of Craig Rices' work"" (ID: 1)  
   - This document mentions that the film ""The Craig"" is based on the work of Craig Rices, which is a reference to the character and story elements inspired by the original source material.",147.456
"====== Now let's start! ======
Based on the documents above, can you answer the following query? Print out the TITLE and ID of the documents you use to answer. Then format the answers into a list.
query: New Zealand science fiction thriller films, films shot in Gauteng, or New Zealand post-apocalyptic films.
",['District 9' 'Night Raiders (2021 film)' 'The Quiet Earth (film)'],511.967232,17.396416512,3472.0,quest_128k,3472.0,0.9705705349347754,test,Final Answer: ,MB,256,0.511967232,17396.416512,512.0,117977.0,"1. **Title**: *The New Zealand Science Fiction Thriller Films*  
   **ID**: 1  
   **Content**: This document discusses New Zealand science fiction thriller films, including their themes, settings, and notable examples. It also mentions the influence of New Zealand's unique landscapes and culture on these films.

2. **Title**: *The Film Adaptation of the Novel*  
   **ID**: 2  
   **Content**: This document refers to a film adaptation of a novel",147.456
"====== Now let's start! ======
Based on the documents above, can you answer the following query? Print out the TITLE and ID of the documents you use to answer. Then format the answers into a list.
query: 2004 romantic drama films about media
",['2046 (film)' 'Being Julia' 'Closer (2004 film)'],511.967232,17.396416512,3472.0,quest_128k,3472.0,0.9705705349347754,test,Final Answer: ,MB,256,0.511967232,17396.416512,512.0,117977.0," No documents found that match the query.  
Answer: There are no documents in the provided set that mention ""2004 romantic drama films about media.""",147.456
"====== Now let's start! ======
Based on the documents above, can you answer the following query? Print out the TITLE and ID of the documents you use to answer. Then format the answers into a list.
query: Soviet crime films that arent russian made
",['Look for a Woman' 'The Master of Taiga' 'Visit to Minotaur (film)'],511.967232,17.396416512,3472.0,quest_128k,3472.0,0.9705705349347754,test,Final Answer: ,MB,256,0.511967232,17396.416512,512.0,117977.0,"1. **Title**: ""Soviet crime films that aren't Russian made""  
**ID**: 1  

2. **Title**: ""Soviet crime films that aren't Russian made""  
**ID**: 2  

**Answer List:**  
- **Title**: ""Soviet crime films that aren't Russian made""  
  **ID**: 1  
- **Title**: ""Soviet crime films that aren't Russian made""  
  **ID**: 2",147.456
"====== Now let's start! ======
Based on the documents above, can you answer the following query? Print out the TITLE and ID of the documents you use to answer. Then format the answers into a list.
query: British science fiction novels set on fictional planets excluding novels based on Doctor Who.
","['The Making of the Representative for Planet 8'
 'The Restaurant at the End of the Universe']",511.967232,17.396416512,3472.0,quest_128k,3472.0,0.9705705349347754,test,Final Answer: ,MB,256,0.511967232,17396.416512,512.0,117977.0,"1. **Title**: *The Empire of the Sun*  
   **ID**: 12345  

2. **Title**: *The Planet of the Apes*  
   **ID**: 67890  

3. **Title**: *The Hitchhiker's Guide to the Galaxy*  
   **ID**: 54321  

**Answer List:**  
- *The Empire of the Sun* (ID: 12345)",147.456
"====== Now let's start! ======
Based on the documents above, can you answer the following query? Print out the TITLE and ID of the documents you use to answer. Then format the answers into a list.
query: Animated films about koalas or 1990s Australian animated films
",['Blinky Bill the Movie' 'Go to Hell!!' 'The Jungle Bunch (film)'],511.967232,17.396416512,3472.0,quest_128k,3472.0,0.9705705349347754,test,Final Answer: ,MB,256,0.511967232,17396.416512,512.0,117977.0,"1994-01-01, 1994-01-01, 1994-01-01, 1994-01-01, 1994-01-01, 1994-01-01, 1994-01-01, 1994-01-01, 1994",147.456
"====== Now let's start! ======
Based on the documents above, can you answer the following query? Print out the TITLE and ID of the documents you use to answer. Then format the answers into a list.
query: South Korean historical comedy-drama films or Films set in Gwangju or 2000s historical comedy-drama films
",['A Taxi Driver' 'The King and the Clown'],511.967232,17.396416512,3472.0,quest_128k,3472.0,0.9705705349347754,test,Final Answer: ,MB,256,0.511967232,17396.416512,512.0,117977.0,"1. **Title**: *The Gwangju Story*  
**ID**: 1  
**Title**: *The Gwangju Story* is a South Korean historical comedy-drama film set in Gwangju. It is part of the 2000s historical comedy-drama films.

2. **Title**: *The Gwangju Story*  
**ID**: 1  
**Title**: *The Gwangju Story* is a South Korean historical comedy-drama film set",147.456
"====== Now let's start! ======
Based on the documents above, can you answer the following query? Print out the TITLE and ID of the documents you use to answer. Then format the answers into a list.
query: 1984 Science fiction Space opera novel series
","['The Final Reflection' 'The Trellisane Confrontation'
 'The Vulcan Academy Murders']",511.967232,17.396416512,3472.0,quest_128k,3472.0,0.9705705349347754,test,Final Answer: ,MB,256,0.511967232,17396.416512,512.0,117977.0,"1984 Science fiction Space opera novel series

- **TITLE**: *The Empire of the Sun*  
  **ID**: 1

- **TITLE**: *The Empire of the Sun: The Return of the Jedi*  
  **ID**: 2

- **TITLE**: *The Empire of the Sun: The Jedi's Quest*  
  **ID**: 3

- **TITLE**: *The Empire of the Sun: The Rise of the Empire*  
  **ID",147.456
