question,answers,retained_kv_memory_mb,uncompressed_kv_memory_gb,task,retained_context_tokens,compression_ratio,split,answer_prefix,max_new_tokens,retained_kv_memory_gb,uncompressed_kv_memory_mb,context_tokens,predicted_answer,kv_memory_per_token_kb
"====== Now let's start! ======
Based on the documents above, can you answer the following query? Print out the TITLE and ID of the documents you use to answer. Then format the answers into a list.
query: Capua Films
",['Spartacus (film)'],17396.416512,17.396416512,quest_128k,117977.0,0.0,dev,Final Answer: ,256,17.396416512,17396.416512,117977.0, ['Capua Films'],147.456
"====== Now let's start! ======
Based on the documents above, can you answer the following query? Print out the TITLE and ID of the documents you use to answer. Then format the answers into a list.
query: 1990s Indian and folklore romance films.
",['Laal Paree' 'Roja (film)' 'Sahasa Veerudu Sagara Kanya'],17396.416512,17.396416512,quest_128k,117977.0,0.0,dev,Final Answer: ,256,17.396416512,17396.416512,117977.0," ['The Adventures of Peregrine Pickle', 'The Blind Owl', 'The King and the Clown', 'The Legend of Johnny Lingo', 'The Making of the Representative for Planet 8', 'The Two Captains', 'The Village of No Return']",147.456
"====== Now let's start! ======
Based on the documents above, can you answer the following query? Print out the TITLE and ID of the documents you use to answer. Then format the answers into a list.
query: Films shot in Gauteng or New Zealand action thrillers or Western films from South Africa
",['6 Days (2017 film)' 'Glory Glory (2000 film)' 'The Jackals'],17396.416512,17.396416512,quest_128k,117977.0,0.0,dev,Final Answer: ,256,17.396416512,17396.416512,117977.0," ['The Last Winter', 'The Village of No Return', 'District 9', 'The Last Winter', 'The Two Captains', 'The Violent Bear It Away', 'The Violent Bear It Away', 'The Violent Bear It Away', 'The Violent Bear It Away', 'The Violent Bear It Away', 'The Violent Bear It Away', 'The Violent Bear It Away', 'The Violent Bear It Away', 'The Violent Bear It Away',",147.456
"====== Now let's start! ======
Based on the documents above, can you answer the following query? Print out the TITLE and ID of the documents you use to answer. Then format the answers into a list.
query: 1860 novels or 1860 American novels or Ivan Turgenev novellas
",['Max Havelaar' 'The Marble Faun' 'The Mill on the Floss'],17396.416512,17.396416512,quest_128k,117977.0,0.0,dev,Final Answer: ,256,17.396416512,17396.416512,117977.0," ['The Scarlet Letter', 'The Adventures of Peregrine Pickle', 'The History of Sir Charles Grandison', 'The Violent Bear It Away', 'The Violent Bear It Away', 'The Violent Bear It Away', 'The Violent Bear It Away', 'The Violent Bear It Away', 'The Violent Bear It Away', 'The Violent Bear It Away', 'The Violent Bear It Away', 'The Violent Bear It Away', 'The Violent",147.456
"====== Now let's start! ======
Based on the documents above, can you answer the following query? Print out the TITLE and ID of the documents you use to answer. Then format the answers into a list.
query: Horror anthology films about time travel that were shot in the US
",['Southbound (2015 film)' 'Twilight Zone: The Movie'],17396.416512,17.396416512,quest_128k,117977.0,0.0,dev,Final Answer: ,256,17.396416512,17396.416512,117977.0," ['The Time Traveler's Wife', 'The Time Traveler's Wife (2009)']",147.456
"====== Now let's start! ======
Based on the documents above, can you answer the following query? Print out the TITLE and ID of the documents you use to answer. Then format the answers into a list.
query: Films based on European myths and legends and young adult literature
",['Percy Jackson & the Olympians: The Lightning Thief'],17396.416512,17.396416512,quest_128k,117977.0,0.0,dev,Final Answer: ,256,17.396416512,17396.416512,117977.0," ['The Adventures of Peregrine Pickle', 'The Adventures of Jinbao', 'The Midnight Zoo', 'The Violent Bear It Away', 'The Violent Bear It Away', 'The Violent Bear It Away', 'The Violent Bear It Away', 'The Violent Bear It Away', 'The Violent Bear It Away', 'The Violent Bear It Away', 'The Violent Bear It Away', 'The Violent Bear It Away', 'The Violent Bear It",147.456
"====== Now let's start! ======
Based on the documents above, can you answer the following query? Print out the TITLE and ID of the documents you use to answer. Then format the answers into a list.
query: Supernatural horror films in the Artic
","['Kajutaijuq: The Spirit That Comes' 'The Abandoned (2006 film)'
 'The Last Winter (2006 film)']",17396.416512,17.396416512,quest_128k,117977.0,0.0,dev,Final Answer: ,256,17.396416512,17396.416512,117977.0," ['The Last Winter', 'The Village of No Return', 'The Abandoned', 'The Last Winter (2006 film)']",147.456
"====== Now let's start! ======
Based on the documents above, can you answer the following query? Print out the TITLE and ID of the documents you use to answer. Then format the answers into a list.
query: Northern Mariana Islands set films
",['Anatahan (film)' 'Oba: The Last Samurai'],17396.416512,17.396416512,quest_128k,117977.0,0.0,dev,Final Answer: ,256,17.396416512,17396.416512,117977.0," ['The Jungle Bunch', 'District 9', 'The Last Winter']",147.456
"====== Now let's start! ======
Based on the documents above, can you answer the following query? Print out the TITLE and ID of the documents you use to answer. Then format the answers into a list.
query: 1980 books that are non fiction and, about British thriller.
",['Man on Fire (Quinnell novel)' 'Sweet Adelaide'],17396.416512,17.396416512,quest_128k,117977.0,0.0,dev,Final Answer: ,256,17.396416512,17396.416512,117977.0," ['The Violent Bear It Away', 'The Making of the Representative for Planet 8', 'The Veteran', 'The Gate to Women's Country', 'The Violent Bear It Away', 'The Making of the Representative for Planet 8', 'The Veteran', 'The Gate to Women's Country']",147.456
"====== Now let's start! ======
Based on the documents above, can you answer the following query? Print out the TITLE and ID of the documents you use to answer. Then format the answers into a list.
query: Australian novels from 1991
",['Cloudstreet' 'Mandragora (novel)' 'Our Sunshine'],17396.416512,17.396416512,quest_128k,117977.0,0.0,dev,Final Answer: ,256,17.396416512,17396.416512,117977.0," ['The Samovar Girl', 'The Violent Bear It Away', 'The Drowning Girl']",147.456
"====== Now let's start! ======
Based on the documents above, can you answer the following query? Print out the TITLE and ID of the documents you use to answer. Then format the answers into a list.
query: Novels about families set in Boston and New England.
",['A Case of Need'],17396.416512,17.396416512,quest_128k,117977.0,0.0,test,Final Answer: ,256,17.396416512,17396.416512,117977.0," ['The Scarlet Letter', 'The History of Sir Charles Grandison', 'The Lives of Animals', 'The Story Without a Name (novel)']",147.456
"====== Now let's start! ======
Based on the documents above, can you answer the following query? Print out the TITLE and ID of the documents you use to answer. Then format the answers into a list.
query: 2009 Indian, or by Chetan Bhagat, novels
","['Five Point Someone' 'One Night @ the Call Center'
 'The 3 Mistakes of My Life']",17396.416512,17.396416512,quest_128k,117977.0,0.0,test,Final Answer: ,256,17.396416512,17396.416512,117977.0," ['The 3 Mistakes of My Life', 'One Night @ the Call Center', 'Mac & Devin Go to High School']",147.456
"====== Now let's start! ======
Based on the documents above, can you answer the following query? Print out the TITLE and ID of the documents you use to answer. Then format the answers into a list.
query: what are some Hungarian Revolution of 1956 or Austrian war films
",['Duel with Death' 'Fly Away Home (2016 film)' 'Sunshine (1999 film)'],17396.416512,17.396416512,quest_128k,117977.0,0.0,test,Final Answer: ,256,17.396416512,17396.416512,117977.0," ['The Village of No Return', 'The Violent Bear It Away', 'The Two Captains', 'The Violent Bear It Away', 'The Violent Bear It Away', 'The Violent Bear It Away', 'The Violent Bear It Away', 'The Violent Bear It Away', 'The Violent Bear It Away', 'The Violent Bear It Away', 'The Violent Bear It Away', 'The Violent Bear It Away', 'The Violent Bear It Away",147.456
"====== Now let's start! ======
Based on the documents above, can you answer the following query? Print out the TITLE and ID of the documents you use to answer. Then format the answers into a list.
query: Finnish television and animated films
","['Moomins and the Comet Chase' 'Quest for a Heart'
 'Santa Claus and the Magic Drum']",17396.416512,17.396416512,quest_128k,117977.0,0.0,test,Final Answer: ,256,17.396416512,17396.416512,117977.0," ['The Gate to Women's Country', 'The Violent Bear It Away', 'The Veteran', 'The Violent Bear It Away', 'The Gate to Women's Country', 'The Veteran', 'The Violent Bear It Away', 'The Gate to Women's Country', 'The Violent Bear It Away', 'The Veteran', 'The Violent Bear It Away', 'The Gate to Women's Country', 'The Violent Bear It Away', 'The Veteran', 'The Violent",147.456
"====== Now let's start! ======
Based on the documents above, can you answer the following query? Print out the TITLE and ID of the documents you use to answer. Then format the answers into a list.
query: Hispanic and Latino American novels set anywhere besides North America
",['At Night We Walk in Circles' 'La reina de América' 'Lost City Radio'],17396.416512,17.396416512,quest_128k,117977.0,0.0,test,Final Answer: ,256,17.396416512,17396.416512,117977.0," ['The Wandering Hill', 'The Abandoned', 'The History of Sir Charles Grandison', 'The Violent Bear It Away', 'The Making of the Representative for Planet 8', 'The Last Winter', 'The Two Captains', 'The Violent Bear It Away', 'The Violent Bear It Away', 'The Violent Bear It Away', 'The Violent Bear It Away', 'The Violent Bear It Away', 'The Violent Bear It Away', 'The",147.456
"====== Now let's start! ======
Based on the documents above, can you answer the following query? Print out the TITLE and ID of the documents you use to answer. Then format the answers into a list.
query: Swiss Films about stalking
",['One Way Trip 3D'],17396.416512,17.396416512,quest_128k,117977.0,0.0,test,Final Answer: ,256,17.396416512,17396.416512,117977.0," ['The Violent Bear It Away', 'The Two Captains']",147.456
"====== Now let's start! ======
Based on the documents above, can you answer the following query? Print out the TITLE and ID of the documents you use to answer. Then format the answers into a list.
query: 2010s supernatural children's animated films
","['Lego Scooby-Doo! Blowout Beach Bash'
 'Scooby-Doo! and the Curse of the 13th Ghost' 'The Magic Snowflake']",17396.416512,17.396416512,quest_128k,117977.0,0.0,test,Final Answer: ,256,17.396416512,17396.416512,117977.0," ['The Adventures of Peregrine Pickle', 'The Magician\'s Nephew', 'The Midnight Zoo', 'The Violent Bear It Away', 'The Violent Bear It Away', 'The Violent Bear It Away', 'The Violent Bear It Away', 'The Violent Bear It Away', 'The Violent Bear It Away', 'The Violent Bear It Away', 'The Violent Bear It Away', 'The Violent Bear It Away', 'The Viol",147.456
"====== Now let's start! ======
Based on the documents above, can you answer the following query? Print out the TITLE and ID of the documents you use to answer. Then format the answers into a list.
query: 1971 British thriller novels
",['Firecrest (novel)' 'Lament for Leto'],17396.416512,17.396416512,quest_128k,117977.0,0.0,test,Final Answer: ,256,17.396416512,17396.416512,117977.0," ['The Wandering Hill', 'The Violent Bear It Away', 'The Violent Bear It Away', 'The Violent Bear It Away']",147.456
"====== Now let's start! ======
Based on the documents above, can you answer the following query? Print out the TITLE and ID of the documents you use to answer. Then format the answers into a list.
query: Critical Jehovah's Witness books.
",['Crisis of Conscience'],17396.416512,17.396416512,quest_128k,117977.0,0.0,test,Final Answer: ,256,17.396416512,17396.416512,117977.0," ['Crisis of Conscience', 'The Life of Verdi', 'The Scepter of Judah', 'The Lives of Animals', 'The God that Failed']",147.456
"====== Now let's start! ======
Based on the documents above, can you answer the following query? Print out the TITLE and ID of the documents you use to answer. Then format the answers into a list.
query: what are some Novels set in Jiangsu, 1750s, or Novels by Charlotte Lennox?
","['Demi-Gods and Semi-Devils' 'The Adventures of Peregrine Pickle'
 'The History of Sir Charles Grandison']",17396.416512,17.396416512,quest_128k,117977.0,0.0,test,Final Answer: ,256,17.396416512,17396.416512,117977.0," ['The History of Sir Charles Grandison', 'The History of Sir Charles Grandison']",147.456
"====== Now let's start! ======
Based on the documents above, can you answer the following query? Print out the TITLE and ID of the documents you use to answer. Then format the answers into a list.
query: Gene DeWeese novels
",['Chain of Attack' 'The Final Nexus' 'The Peacekeepers'],17396.416512,17.396416512,quest_128k,117977.0,0.0,test,Final Answer: ,256,17.396416512,17396.416512,117977.0," ['Chain of Attack', 'The Final Nexus']",147.456
"====== Now let's start! ======
Based on the documents above, can you answer the following query? Print out the TITLE and ID of the documents you use to answer. Then format the answers into a list.
query: 1980s political films about science and the United States Armed Forces
",['Best Defense' 'Red Dawn'],17396.416512,17.396416512,quest_128k,117977.0,0.0,test,Final Answer: ,256,17.396416512,17396.416512,117977.0," ['The Veteran (2011 film)', 'The God that Failed', 'The Final Nexus', 'The League of Extraordinary Gentlemen (film)']",147.456
"====== Now let's start! ======
Based on the documents above, can you answer the following query? Print out the TITLE and ID of the documents you use to answer. Then format the answers into a list.
query: 2010s speculative fiction novels about Washington (state) and the United States.
",['Seveneves'],17396.416512,17.396416512,quest_128k,117977.0,0.0,test,Final Answer: ,256,17.396416512,17396.416512,117977.0," ['The Wandering Hill', 'The Midnight Zoo', 'The Violent Bear It Away', 'The Jungle Bunch', 'The Violent Bear It Away', 'The Violent Bear It Away', 'The Violent Bear It Away', 'The Violent Bear It Away', 'The Violent Bear It Away', 'The Violent Bear It Away', 'The Violent Bear It Away', 'The Violent Bear It Away', 'The Violent Bear It Away', 'The Viol",147.456
"====== Now let's start! ======
Based on the documents above, can you answer the following query? Print out the TITLE and ID of the documents you use to answer. Then format the answers into a list.
query: Cebu films
","['Alega Gang: Public Enemy No.1 of Cebu' 'Lapu-Lapu (2002 film)'
 'Patay na si Hesus']",17396.416512,17.396416512,quest_128k,117977.0,0.0,test,Final Answer: ,256,17.396416512,17396.416512,117977.0," ['Alega Gang: Public Enemy No.1 of Cebu', 'Mac & Devin Go to High School', 'Patay na si Hesus']",147.456
"====== Now let's start! ======
Based on the documents above, can you answer the following query? Print out the TITLE and ID of the documents you use to answer. Then format the answers into a list.
query: Crime novels set in Japan
",['All She Was Worth' 'Crossfire (novel)' 'Out (novel)'],17396.416512,17.396416512,quest_128k,117977.0,0.0,test,Final Answer: ,256,17.396416512,17396.416512,117977.0," ['The Violent Bear It Away', 'The Making of the Representative for Planet 8', 'The God that Failed', 'The Violent Bear It Away', 'The God that Failed', 'The Making of the Representative for Planet 8']",147.456
"====== Now let's start! ======
Based on the documents above, can you answer the following query? Print out the TITLE and ID of the documents you use to answer. Then format the answers into a list.
query: 1990's historical films about security and surveillance that are set in England
",['Elizabeth (film)'],17396.416512,17.396416512,quest_128k,117977.0,0.0,test,Final Answer: ,256,17.396416512,17396.416512,117977.0," ['The Violent Bear It Away', 'The Copper', 'The History of Sir Charles Grandison', 'The Violent Bear It Away', 'The Copper', 'The History of Sir Charles Grandison']",147.456
"====== Now let's start! ======
Based on the documents above, can you answer the following query? Print out the TITLE and ID of the documents you use to answer. Then format the answers into a list.
query: 1890s historical books and novels published by Harper & Brothers
",['Personal Recollections of Joan of Arc'],17396.416512,17.396416512,quest_128k,117977.0,0.0,test,Final Answer: ,256,17.396416512,17396.416512,117977.0," ['The Scarlet Letter', 'The History of Sir Charles Grandison', 'The Violent Bear It Away', 'The Lives of Animals', 'The God that Failed', 'The Lives of Animals', 'The Violent Bear It Away', 'The God that Failed', 'The History of Sir Charles Grandison', 'The Scarlet Letter']",147.456
"====== Now let's start! ======
Based on the documents above, can you answer the following query? Print out the TITLE and ID of the documents you use to answer. Then format the answers into a list.
query: 2021 films about action and comedy.
","[""Hitman's Wife's Bodyguard"" 'Red Notice (film)' ""The King's Man""]",17396.416512,17.396416512,quest_128k,117977.0,0.0,test,Final Answer: ,256,17.396416512,17396.416512,117977.0," ['The Last Winter', 'The Village of No Return', 'The King and the Clown', 'The Phantom', 'The Violent Bear It Away', 'The Violent Bear It Away', 'The Violent Bear It Away', 'The Violent Bear It Away', 'The Violent Bear It Away', 'The Violent Bear It Away', 'The Violent Bear It Away', 'The Violent Bear It Away', 'The Violent Bear It Away', 'The Violent Bear",147.456
"====== Now let's start! ======
Based on the documents above, can you answer the following query? Print out the TITLE and ID of the documents you use to answer. Then format the answers into a list.
query: History/Adventure books about France from 1933
",['The Way of the Scarlet Pimpernel'],17396.416512,17.396416512,quest_128k,117977.0,0.0,test,Final Answer: ,256,17.396416512,17396.416512,117977.0," ['The Adventures of Peregrine Pickle', 'The Firebird Rocket', 'The Scarlet Letter', 'The Two Captains', 'The Violent Bear It Away', 'The Violent Bear It Away', 'The Violent Bear It Away', 'The Violent Bear It Away', 'The Violent Bear It Away', 'The Violent Bear It Away', 'The Violent Bear It Away', 'The Violent Bear It Away', 'The Violent Bear It Away', '",147.456
"====== Now let's start! ======
Based on the documents above, can you answer the following query? Print out the TITLE and ID of the documents you use to answer. Then format the answers into a list.
query: Films based on works by Bill Finger that are any genre except Animated action films
",['Batman & Bill' 'Batman & Robin (film)' 'Batman (serial)'],17396.416512,17.396416512,quest_128k,117977.0,0.0,test,Final Answer: ,256,17.396416512,17396.416512,117977.0," ['The Adventures of Peregrine Pickle', 'The Final Nexus', 'The Killing Joke', 'The Secret Man', 'The Scarlet Letter', 'The Two Captains']",147.456
"====== Now let's start! ======
Based on the documents above, can you answer the following query? Print out the TITLE and ID of the documents you use to answer. Then format the answers into a list.
query: Films based on works by Alan Moore or Wildstorm titles, or that are Czech superhero films
","['Batman: The Killing Joke (film)' 'Pérák: The Shadow over Prague'
 'The League of Extraordinary Gentlemen (film)']",17396.416512,17.396416512,quest_128k,117977.0,0.0,test,Final Answer: ,256,17.396416512,17396.416512,117977.0," ['Batman: The Killing Joke', 'The League of Extraordinary Gentlemen', 'The Adventures of Jinbao', 'Pérák: The Shadow over Prague']",147.456
"====== Now let's start! ======
Based on the documents above, can you answer the following query? Print out the TITLE and ID of the documents you use to answer. Then format the answers into a list.
query: Crime novels that are both American crime novels and 1932 novels
",['Poison in Jest' 'The Waxworks Murder'],17396.416512,17.396416512,quest_128k,117977.0,0.0,test,Final Answer: ,256,17.396416512,17396.416512,117977.0," ['The Fire Devil', 'The Violent Bear It Away', 'The Two Captains', 'The Violent Bear It Away', 'The Violent Bear It Away']",147.456
"====== Now let's start! ======
Based on the documents above, can you answer the following query? Print out the TITLE and ID of the documents you use to answer. Then format the answers into a list.
query: Debut novels released in 1953.
","['Battle Cry (Uris novel)' 'Go Tell It on the Mountain (novel)'
 'Junkie (novel)']",17396.416512,17.396416512,quest_128k,117977.0,0.0,test,Final Answer: ,256,17.396416512,17396.416512,117977.0," ['The Scarlet Letter', 'The Lives of Animals', 'The God that Failed']",147.456
"====== Now let's start! ======
Based on the documents above, can you answer the following query? Print out the TITLE and ID of the documents you use to answer. Then format the answers into a list.
query: Penal system documentary films that are not about law enforcement in the United States
",['P4W: Prison for Women' 'The Phantom (2021 film)' 'Waseskun'],17396.416512,17.396416512,quest_128k,117977.0,0.0,test,Final Answer: ,256,17.396416512,17396.416512,117977.0," ['The Assassination of Richard Nixon', 'The Village of No Return', 'The Public Image', 'The God that Failed', 'The History of Sir Charles Grandison', 'The Violent Bear It Away', 'The Last Winter', 'The Last Mistress', 'The Last Winter', 'The Last Mistress', 'The Last Winter', 'The Last Mistress', 'The Last Winter', 'The Last Mistress', 'The Last Winter', 'The Last Mistress', 'The Last Winter', 'The",147.456
"====== Now let's start! ======
Based on the documents above, can you answer the following query? Print out the TITLE and ID of the documents you use to answer. Then format the answers into a list.
query: 1984 Fantasy novels about the United Kingdom
",['Mythago Wood' 'Nights at the Circus'],17396.416512,17.396416512,quest_128k,117977.0,0.0,test,Final Answer: ,256,17.396416512,17396.416512,117977.0," ['The History of Sir Charles Grandison', 'The Magician's Nephew', 'The Two Captains', 'The Violent Bear It Away', 'The Wandering Hill']",147.456
"====== Now let's start! ======
Based on the documents above, can you answer the following query? Print out the TITLE and ID of the documents you use to answer. Then format the answers into a list.
query: Novels published by Hutchinson about film director and producers
",['Laughing Gas (novel)'],17396.416512,17.396416512,quest_128k,117977.0,0.0,test,Final Answer: ,256,17.396416512,17396.416512,117977.0," ['The Violent Bear It Away', 'The Making of the Representative for Planet 8', 'The God that Failed']",147.456
"====== Now let's start! ======
Based on the documents above, can you answer the following query? Print out the TITLE and ID of the documents you use to answer. Then format the answers into a list.
query: American medical novels set in the 1940's
",['Hannibal Rising' 'Jewel (novel)'],17396.416512,17.396416512,quest_128k,117977.0,0.0,test,Final Answer: ,256,17.396416512,17396.416512,117977.0," ['The Violent Bear It Away', 'The Drowning Girl', 'The Scarlet Letter', 'The History of Sir Charles Grandison', 'The Two Captains', 'The Violent Bear It Away', 'The Drowning Girl', 'The Scarlet Letter', 'The History of Sir Charles Grandison', 'The Two Captains']",147.456
"====== Now let's start! ======
Based on the documents above, can you answer the following query? Print out the TITLE and ID of the documents you use to answer. Then format the answers into a list.
query: Canadian documentaries about homelessness and LGBT
",['Ryan (film)'],17396.416512,17.396416512,quest_128k,117977.0,0.0,test,Final Answer: ,256,17.396416512,17396.416512,117977.0," ['The Abandoned', 'The Village of No Return', 'The Final Nexus', 'The History of Sir Charles Grandison', 'The Violent Bear It Away', 'The Violent Bear It Away', 'The Violent Bear It Away', 'The Violent Bear It Away', 'The Violent Bear It Away', 'The Violent Bear It Away']",147.456
"====== Now let's start! ======
Based on the documents above, can you answer the following query? Print out the TITLE and ID of the documents you use to answer. Then format the answers into a list.
query: Films set in Italy that are 1982 television films
","['Cavalleria rusticana (1982 film)' 'The Deadly Game (1982 film)'
 'The Life of Verdi (miniseries)']",17396.416512,17.396416512,quest_128k,117977.0,0.0,test,Final Answer: ,256,17.396416512,17396.416512,117977.0," ['The Making of the Representative for Planet 8', 'The Violent Bear It Away', 'The Two Captains']",147.456
"====== Now let's start! ======
Based on the documents above, can you answer the following query? Print out the TITLE and ID of the documents you use to answer. Then format the answers into a list.
query: Animated non-children films set in New York (state)
",['Hulk: Where Monsters Dwell' 'Resident Evil: Vendetta'],17396.416512,17.396416512,quest_128k,117977.0,0.0,test,Final Answer: ,256,17.396416512,17396.416512,117977.0," ['The Village of No Return', 'The Violent Bear It Away', 'The God that Failed', 'The Life of Verdi', 'The Violent Bear It Away', 'The God that Failed', 'The Life of Verdi']",147.456
"====== Now let's start! ======
Based on the documents above, can you answer the following query? Print out the TITLE and ID of the documents you use to answer. Then format the answers into a list.
query: mystery drama films that are Chinese
",['A Lingering Face' 'Looking Up (film)' 'Ni Jing: Thou Shalt Not Steal'],17396.416512,17.396416512,quest_128k,117977.0,0.0,test,Final Answer: ,256,17.396416512,17396.416512,117977.0," ['The Wandering Hill', 'The Village of No Return', 'The Abandoned', 'The Violent Bear It Away', 'The Two Captains', 'The Violent Bear It Away', 'The Violent Bear It Away', 'The Violent Bear It Away', 'The Violent Bear It Away', 'The Violent Bear It Away', 'The Violent Bear It Away', 'The Violent Bear It Away', 'The Violent Bear It Away', 'The Violent",147.456
"====== Now let's start! ======
Based on the documents above, can you answer the following query? Print out the TITLE and ID of the documents you use to answer. Then format the answers into a list.
query: exploitation films from the 1940s
","['Child Bride' 'I Accuse My Parents' ""The Devil's Sleep""]",17396.416512,17.396416512,quest_128k,117977.0,0.0,test,Final Answer: ,256,17.396416512,17396.416512,117977.0," ['I Accuse My Parents', 'Self Defense', 'The Violent Bear It Away', 'The Drowning Girl', 'The Violent Bear It Away', 'The Violent Bear It Away', 'The Violent Bear It Away', 'The Violent Bear It Away', 'The Violent Bear It Away', 'The Violent Bear It Away', 'The Violent Bear It Away', 'The Violent Bear It Away', 'The Violent Bear It Away', 'The Viol",147.456
"====== Now let's start! ======
Based on the documents above, can you answer the following query? Print out the TITLE and ID of the documents you use to answer. Then format the answers into a list.
query: Erico Verissimo works adapted into films
",['Time and the Wind'],17396.416512,17.396416512,quest_128k,117977.0,0.0,test,Final Answer: ,256,17.396416512,17396.416512,117977.0," ['The Gate to Women's Country', 'Those Days', 'The Life of Verdi', 'The Legend of Johnny Lingo', 'The Two Captains', 'The Violent Bear It Away', 'The Wandering Hill', 'The Violent Bear It Away', 'The Violent Bear It Away', 'The Violent Bear It Away', 'The Violent Bear It Away', 'The Violent Bear It Away', 'The Violent Bear It Away', 'The Violent Bear",147.456
"====== Now let's start! ======
Based on the documents above, can you answer the following query? Print out the TITLE and ID of the documents you use to answer. Then format the answers into a list.
query: Contemporary fantasy romance novels, that aren't Urban fantasy
",['Midnight Sun (Meyer novel)' 'New Moon (novel)' 'Twilight (Meyer novel)'],17396.416512,17.396416512,quest_128k,117977.0,0.0,test,Final Answer: ,256,17.396416512,17396.416512,117977.0," ['The Adventures of Peregrine Pickle', 'The Scarlet Letter', 'The Violent Bear It Away', 'The Violent Bear It Away', 'The Violent Bear It Away', 'The Violent Bear It Away', 'The Violent Bear It Away', 'The Violent Bear It Away', 'The Violent Bear It Away', 'The Violent Bear It Away', 'The Violent Bear It Away', 'The Violent Bear It Away', 'The Violent Bear",147.456
"====== Now let's start! ======
Based on the documents above, can you answer the following query? Print out the TITLE and ID of the documents you use to answer. Then format the answers into a list.
query: Young adult novels set in Oceania that are not Australian or for children
",['Boy at War' 'The Changeover' 'The Firebird Rocket'],17396.416512,17.396416512,quest_128k,117977.0,0.0,test,Final Answer: ,256,17.396416512,17396.416512,117977.0," ['The Wandering Hill', 'The Two Captains', 'The Violent Bear It Away']",147.456
"====== Now let's start! ======
Based on the documents above, can you answer the following query? Print out the TITLE and ID of the documents you use to answer. Then format the answers into a list.
query: 2012 comedy films that are also about social issues in the United States.
",['Killing Them Softly' 'Mac & Devin Go to High School'],17396.416512,17.396416512,quest_128k,117977.0,0.0,test,Final Answer: ,256,17.396416512,17396.416512,117977.0," ['The Drowning Girl', 'Mac & Devin Go to High School', 'The Village of No Return']",147.456
"====== Now let's start! ======
Based on the documents above, can you answer the following query? Print out the TITLE and ID of the documents you use to answer. Then format the answers into a list.
query: Iranian novels or books by Sadegh Hedayat
",['My Uncle Napoleon' 'Savushun' 'The Blind Owl'],17396.416512,17.396416512,quest_128k,117977.0,0.0,test,Final Answer: ,256,17.396416512,17396.416512,117977.0," ['The Blind Owl', 'The Bewitched', 'The Scarlet Letter']",147.456
"====== Now let's start! ======
Based on the documents above, can you answer the following query? Print out the TITLE and ID of the documents you use to answer. Then format the answers into a list.
query: Propaganda films that are epic and based on actual events.
",['Doctor Zhivago (film)'],17396.416512,17.396416512,quest_128k,117977.0,0.0,test,Final Answer: ,256,17.396416512,17396.416512,117977.0," ['The Last Winter', 'The Assassination of Richard Nixon', 'The Gate to Women's Country', 'The Veteran', 'The Secret Man', 'The Two Captains', 'The Violent Bear It Away', 'The Last Winter', 'The Veteran', 'The Secret Man', 'The Two Captains', 'The Violent Bear It Away']",147.456
"====== Now let's start! ======
Based on the documents above, can you answer the following query? Print out the TITLE and ID of the documents you use to answer. Then format the answers into a list.
query: 1960 Catholic fiction books
",['The Picturegoers' 'The Violent Bear It Away'],17396.416512,17.396416512,quest_128k,117977.0,0.0,test,Final Answer: ,256,17.396416512,17396.416512,117977.0," ['The Scarlet Letter', 'The Violent Bear It Away', 'The Violent Bear It Away']",147.456
"====== Now let's start! ======
Based on the documents above, can you answer the following query? Print out the TITLE and ID of the documents you use to answer. Then format the answers into a list.
query: NBC network original films about ideologies that are set in outer space.
",['Undercover with the KKK'],17396.416512,17.396416512,quest_128k,117977.0,0.0,test,Final Answer: ,256,17.396416512,17396.416512,117977.0," ['The Making of the Representative for Planet 8', 'The Life of Verdi', 'The Scepter of Judah']",147.456
"====== Now let's start! ======
Based on the documents above, can you answer the following query? Print out the TITLE and ID of the documents you use to answer. Then format the answers into a list.
query: 1930 non american crime films
","['An Obvious Situation' ""That Night's Wife"" 'The Copper (1930 film)']",17396.416512,17.396416512,quest_128k,117977.0,0.0,test,Final Answer: ,256,17.396416512,17396.416512,117977.0," ['The Copper', 'The Violent Bear It Away', 'The Two Captains', 'The Violent Bear It Away', 'The Violent Bear It Away', 'The Violent Bear It Away', 'The Violent Bear It Away', 'The Violent Bear It Away', 'The Violent Bear It Away', 'The Violent Bear It Away', 'The Violent Bear It Away', 'The Violent Bear It Away', 'The Violent Bear It Away', 'The",147.456
"====== Now let's start! ======
Based on the documents above, can you answer the following query? Print out the TITLE and ID of the documents you use to answer. Then format the answers into a list.
query: 2010s legal mystery drama films
",['Ace Attorney (film)' 'True Story (film)'],17396.416512,17.396416512,quest_128k,117977.0,0.0,test,Final Answer: ,256,17.396416512,17396.416512,117977.0," ['The Violent Bear It Away', 'The God that Failed', 'The Lives of Animals', 'The Violent Bear It Away', 'The God that Failed', 'The Lives of Animals']",147.456
"====== Now let's start! ======
Based on the documents above, can you answer the following query? Print out the TITLE and ID of the documents you use to answer. Then format the answers into a list.
query: French novels from 1913 or 1922, or that are mysteries
","['Le Grand Meaulnes' 'The Mysteries of Paris'
 'The Mystery of the Yellow Room']",17396.416512,17.396416512,quest_128k,117977.0,0.0,test,Final Answer: ,256,17.396416512,17396.416512,117977.0," ['The Scarlet Letter', 'The History of Sir Charles Grandison', 'The Bewitched', 'The Violent Bear It Away', 'The God that Failed', 'The Mystery of the Yellow Room', 'The Violent Bear It Away', 'The God that Failed', 'The History of Sir Charles Grandison', 'The Bewitched', 'The Scarlet Letter']",147.456
"====== Now let's start! ======
Based on the documents above, can you answer the following query? Print out the TITLE and ID of the documents you use to answer. Then format the answers into a list.
query: Films set in 1831 or 1809
",['Casta Diva (1935 film)' 'The Fire Devil' 'Under Capricorn'],17396.416512,17.396416512,quest_128k,117977.0,0.0,test,Final Answer: ,256,17.396416512,17396.416512,117977.0," ['The Last Winter', 'The Two Who Stole the Moon', 'The History of Sir Charles Grandison', 'The Violent Bear It Away', 'The Violent Bear It Away', 'The Violent Bear It Away', 'The Violent Bear It Away', 'The Violent Bear It Away', 'The Violent Bear It Away', 'The Violent Bear It Away', 'The Violent Bear It Away', 'The Violent Bear It Away', 'The Violent Bear",147.456
"====== Now let's start! ======
Based on the documents above, can you answer the following query? Print out the TITLE and ID of the documents you use to answer. Then format the answers into a list.
query: Andrew Jackson films or films about the War or 1812
","['First Invasion: The War of 1812' 'Last of the Buccaneers'
 'Mohawk (2017 film)']",17396.416512,17.396416512,quest_128k,117977.0,0.0,test,Final Answer: ,256,17.396416512,17396.416512,117977.0," ['The War of 1812', 'Andrew Jackson', 'The Veteran', 'The King and the Clown', 'The Jackals', 'The Veteran (2011 film)']",147.456
"====== Now let's start! ======
Based on the documents above, can you answer the following query? Print out the TITLE and ID of the documents you use to answer. Then format the answers into a list.
query: Films about sportspeople set in 1972
",['Going Vertical' 'Prefontaine (film)'],17396.416512,17.396416512,quest_128k,117977.0,0.0,test,Final Answer: ,256,17.396416512,17396.416512,117977.0," ['The 1972 Munich Olympics', 'District 9', 'The Veteran (2011 film)']",147.456
"====== Now let's start! ======
Based on the documents above, can you answer the following query? Print out the TITLE and ID of the documents you use to answer. Then format the answers into a list.
query: Dan Simmons novels
",['Ilium (novel)' 'Summer of Night' 'The Fall of Hyperion (novel)'],17396.416512,17.396416512,quest_128k,117977.0,0.0,test,Final Answer: ,256,17.396416512,17396.416512,117977.0," ['The Fall of Hyperion', 'Summer of Night', 'The Violent Bear It Away', 'The Secret Man', 'The Two Captains', 'The Violent Bear It Away', 'The Violent Bear It Away', 'The Violent Bear It Away', 'The Violent Bear It Away', 'The Violent Bear It Away', 'The Violent Bear It Away', 'The Violent Bear It Away', 'The Violent Bear It Away', 'The Violent Bear",147.456
"====== Now let's start! ======
Based on the documents above, can you answer the following query? Print out the TITLE and ID of the documents you use to answer. Then format the answers into a list.
query: 1936 Alternate history novels and books based in Asia
",['We the Living'],17396.416512,17.396416512,quest_128k,117977.0,0.0,test,Final Answer: ,256,17.396416512,17396.416512,117977.0," ['The Two Captains', 'The Violent Bear It Away', 'The Violent Bear It Away', 'The Violent Bear It Away', 'The Violent Bear It Away', 'The Violent Bear It Away', 'The Violent Bear It Away', 'The Violent Bear It Away', 'The Violent Bear It Away', 'The Violent Bear It Away', 'The Violent Bear It Away', 'The Violent Bear It Away', 'The Violent Bear It",147.456
"====== Now let's start! ======
Based on the documents above, can you answer the following query? Print out the TITLE and ID of the documents you use to answer. Then format the answers into a list.
query: Films about sisters shot in Paris.
",['Le Divorce' 'Peppermint Soda' 'Two English Girls'],17396.416512,17.396416512,quest_128k,117977.0,0.0,test,Final Answer: ,256,17.396416512,17396.416512,117977.0," ['The Village of No Return', 'The Two Captains', 'The Midnight Zoo']",147.456
"====== Now let's start! ======
Based on the documents above, can you answer the following query? Print out the TITLE and ID of the documents you use to answer. Then format the answers into a list.
query: Non American independent films that are from 1994
",['Aftermath (1994 film)' 'Amoklauf' 'Aya: Imagined Autobiography'],17396.416512,17.396416512,quest_128k,117977.0,0.0,test,Final Answer: ,256,17.396416512,17396.416512,117977.0," ['The Copper', 'The Violent Bear It Away', 'The Two Captains', 'The Violent Bear It Away', 'The Two Captains', 'The Violent Bear It Away', 'The Two Captains', 'The Violent Bear It Away', 'The Two Captains', 'The Violent Bear It Away', 'The Two Captains', 'The Violent Bear It Away', 'The Two Captains', 'The Violent Bear It Away', 'The Two Capt",147.456
"====== Now let's start! ======
Based on the documents above, can you answer the following query? Print out the TITLE and ID of the documents you use to answer. Then format the answers into a list.
query: Books about social psychology set in the Middle Ages that are Hachette Book Group books
",['Circe (novel)' 'Julian (novel)'],17396.416512,17.396416512,quest_128k,117977.0,0.0,test,Final Answer: ,256,17.396416512,17396.416512,117977.0," ['The Violent Bear It Away', 'The Violent Bear It Away (film)']",147.456
"====== Now let's start! ======
Based on the documents above, can you answer the following query? Print out the TITLE and ID of the documents you use to answer. Then format the answers into a list.
query: children's books set in subterranea(such as the Chronicles of Narnia) or Isekai novels and light novels
","[""Alice's Adventures in Wonderland"" 'Prince Caspian'
 ""The Magician's Nephew""]",17396.416512,17.396416512,quest_128k,117977.0,0.0,test,Final Answer: ,256,17.396416512,17396.416512,117977.0," ['The Magician's Nephew', 'The Chronicles of Narnia', 'Demi-Gods and Semi-Devils', 'The Secret History of the Narnia Chronicles', 'The Adventures of Peregrine Pickle', 'The Adventures of Jinbao', 'The Secret of the Sword', 'The Secret of the Sword', 'The Secret of the Sword', 'The Secret of the Sword', 'The Secret of the Sword', 'The Secret of the Sword', 'The",147.456
"====== Now let's start! ======
Based on the documents above, can you answer the following query? Print out the TITLE and ID of the documents you use to answer. Then format the answers into a list.
query: Films set in the year 2073
",['A.P.E.X.'],17396.416512,17.396416512,quest_128k,117977.0,0.0,test,Final Answer: ,256,17.396416512,17396.416512,117977.0," ['A.P.E.X.', 'Resident Evil: Vendetta']",147.456
"====== Now let's start! ======
Based on the documents above, can you answer the following query? Print out the TITLE and ID of the documents you use to answer. Then format the answers into a list.
query: Stop-motion animated paranormal musical comedy films
",['Babes in Toyland (1934 film)' 'Mad Monster Party?'],17396.416512,17.396416512,quest_128k,117977.0,0.0,test,Final Answer: ,256,17.396416512,17396.416512,117977.0," ['Babes in Toyland', 'The Adventures of Jinbao', 'The Jungle Bunch', 'The Midnight Zoo', 'The Violent Bear It Away', 'The Violent Bear It Away', 'The Violent Bear It Away', 'The Violent Bear It Away', 'The Violent Bear It Away', 'The Violent Bear It Away', 'The Violent Bear It Away', 'The Violent Bear It Away', 'The Violent Bear It Away', 'The",147.456
"====== Now let's start! ======
Based on the documents above, can you answer the following query? Print out the TITLE and ID of the documents you use to answer. Then format the answers into a list.
query: Australian novels made into tv shows, or 1911 debut novels, or novels by Joan Lindsay.
",['Come in Spinner' 'The Thorn Birds' 'Zuleika Dobson'],17396.416512,17.396416512,quest_128k,117977.0,0.0,test,Final Answer: ,256,17.396416512,17396.416512,117977.0," ['The Thorn Birds', 'The Secret Man', 'The Violent Bear It Away']",147.456
"====== Now let's start! ======
Based on the documents above, can you answer the following query? Print out the TITLE and ID of the documents you use to answer. Then format the answers into a list.
query: French novels made in 1905.
",['The Lighthouse at the End of the World'],17396.416512,17.396416512,quest_128k,117977.0,0.0,test,Final Answer: ,256,17.396416512,17396.416512,117977.0," ['The Marble Faun', 'The Violent Bear It Away', 'The Violent Bear It Away']",147.456
"====== Now let's start! ======
Based on the documents above, can you answer the following query? Print out the TITLE and ID of the documents you use to answer. Then format the answers into a list.
query: 2004 films that are set in 1974
","['Anchorman: The Legend of Ron Burgundy'
 'The Assassination of Richard Nixon']",17396.416512,17.396416512,quest_128k,117977.0,0.0,test,Final Answer: ,256,17.396416512,17396.416512,117977.0," ['The Killing Joke', 'The History of Sir Charles Grandison', 'The Village of No Return', 'The Abandoned', 'The Final Nexus', 'The History of Sir Charles Grandison', 'The History of Sir Charles Grandison', 'The History of Sir Charles Grandison', 'The History of Sir Charles Grandison', 'The History of Sir Charles Grandison', 'The History of Sir Charles Grandison', 'The History of Sir Charles Grandison', 'The History of Sir",147.456
"====== Now let's start! ======
Based on the documents above, can you answer the following query? Print out the TITLE and ID of the documents you use to answer. Then format the answers into a list.
query: sci-fi films from 2008
","['CJ7' ""God's Puzzle (film)"" 'Stargate: The Ark of Truth']",17396.416512,17.396416512,quest_128k,117977.0,0.0,test,Final Answer: ,256,17.396416512,17396.416512,117977.0," ['Resident Evil: Vendetta', 'The League of Extraordinary Gentlemen', 'CJ7', 'The Adventures of Peregrine Pickle', 'The Violent Bear It Away', 'The God that Failed', 'The Violent Bear It Away', 'The Violent Bear It Away', 'The Violent Bear It Away', 'The Violent Bear It Away', 'The Violent Bear It Away', 'The Violent Bear It Away', 'The Violent Bear It",147.456
"====== Now let's start! ======
Based on the documents above, can you answer the following query? Print out the TITLE and ID of the documents you use to answer. Then format the answers into a list.
query: Bulgarian animated films or Polish or Belgian animated fantasy films
",['Demoni (2012 film)' 'Dragon Rider (film)' 'Felix the Cat: The Movie'],17396.416512,17.396416512,quest_128k,117977.0,0.0,test,Final Answer: ,256,17.396416512,17396.416512,117977.0," ['The Abandoned', 'Babes in Toyland', 'Batman & Robin', 'The Two Captains', 'The Violent Bear It Away', 'The Village of No Return', 'The Wandering Hill', 'The Witch of the West']",147.456
"====== Now let's start! ======
Based on the documents above, can you answer the following query? Print out the TITLE and ID of the documents you use to answer. Then format the answers into a list.
query: Novels adapted into radio programs that are set during WWI
",['All Quiet on the Western Front'],17396.416512,17.396416512,quest_128k,117977.0,0.0,test,Final Answer: ,256,17.396416512,17396.416512,117977.0," ['The Lives of Animals', 'The Scarlet Letter', 'The Two Captains', 'The Violent Bear It Away']",147.456
"====== Now let's start! ======
Based on the documents above, can you answer the following query? Print out the TITLE and ID of the documents you use to answer. Then format the answers into a list.
query: Horror drama films from the 2000s or Karel Jaromír Erben films
",['Little Otik' 'Nails (2003 film)' 'Princess Goldilocks'],17396.416512,17.396416512,quest_128k,117977.0,0.0,test,Final Answer: ,256,17.396416512,17396.416512,117977.0," ['The Abandoned', 'The Adventures of Peregrine Pickle', 'The Horror of the Wolf', 'The Wandering Hill', 'The Wandering Hill', 'The Wandering Hill', 'The Wandering Hill', 'The Wandering Hill', 'The Wandering Hill', 'The Wandering Hill', 'The Wandering Hill', 'The Wandering Hill', 'The Wandering Hill', 'The Wandering Hill', 'The Wandering Hill', 'The Wandering Hill',",147.456
"====== Now let's start! ======
Based on the documents above, can you answer the following query? Print out the TITLE and ID of the documents you use to answer. Then format the answers into a list.
query: 2023 action comedy, 2020s superhero comedy, or Guardians of the Galaxy films
","['Flora & Ulysses (film)' 'Guardians of the Galaxy Vol. 3'
 'Spider-Man: Across the Spider-Verse']",17396.416512,17.396416512,quest_128k,117977.0,0.0,test,Final Answer: ,256,17.396416512,17396.416512,117977.0," ['Guardians of the Galaxy Vol. 3', 'Spider-Man: Across the Spider-Verse', 'The Adventures of Peregrine Pickle', 'The Jungle Bunch', 'The Violent Bear It Away', 'The Violent Bear It Away', 'The Violent Bear It Away', 'The Violent Bear It Away', 'The Violent Bear It Away', 'The Violent Bear It Away', 'The Violent Bear It Away', 'The Violent Bear It Away",147.456
"====== Now let's start! ======
Based on the documents above, can you answer the following query? Print out the TITLE and ID of the documents you use to answer. Then format the answers into a list.
query: Bengali written Indian historical novels
",['Anandamath' 'Durgeshnandini' 'Those Days (novel)'],17396.416512,17.396416512,quest_128k,117977.0,0.0,test,Final Answer: ,256,17.396416512,17396.416512,117977.0," ['Durgeshnandini', 'Anandamath', 'The Lives of Animals', 'To Live', 'The Scarlet Letter', 'The History of Sir Charles Grandison']",147.456
"====== Now let's start! ======
Based on the documents above, can you answer the following query? Print out the TITLE and ID of the documents you use to answer. Then format the answers into a list.
query: 1970s television films set in Palestine about terrorism
",['Victory at Entebbe'],17396.416512,17.396416512,quest_128k,117977.0,0.0,test,Final Answer: ,256,17.396416512,17396.416512,117977.0, ['The Assassination of Richard Nixon'],147.456
"====== Now let's start! ======
Based on the documents above, can you answer the following query? Print out the TITLE and ID of the documents you use to answer. Then format the answers into a list.
query: 1990s American buddy action, but not comedy, films
",['Die Hard with a Vengeance' 'Fled' 'Point Break'],17396.416512,17.396416512,quest_128k,117977.0,0.0,test,Final Answer: ,256,17.396416512,17396.416512,117977.0," ['Batman & Robin', 'The Two Who Stole the Moon', 'Self Defense', 'The Last Winter', 'The Killing Joke', 'The Final Nexus', 'The Adventures of Peregrine Pickle', 'The Abandoned', 'The Peacekeepers', 'The Violent Bear It Away', 'The Violent Bear It Away', 'The Violent Bear It Away', 'The Violent Bear It Away', 'The Violent Bear It Away', 'The Violent Bear It",147.456
"====== Now let's start! ======
Based on the documents above, can you answer the following query? Print out the TITLE and ID of the documents you use to answer. Then format the answers into a list.
query: fictional WWII novels about antisemitisim.
",['The Boys from Brazil (novel)' 'The Portage to San Cristobal of A.H.'],17396.416512,17.396416512,quest_128k,117977.0,0.0,test,Final Answer: ,256,17.396416512,17396.416512,117977.0," ['The God that Failed', 'The Lives of Animals', 'The Violent Bear It Away', 'The Violent Bear It Away', 'The Violent Bear It Away', 'The Violent Bear It Away', 'The Violent Bear It Away', 'The Violent Bear It Away', 'The Violent Bear It Away', 'The Violent Bear It Away', 'The Violent Bear It Away', 'The Violent Bear It Away', 'The Violent Bear It Away',",147.456
"====== Now let's start! ======
Based on the documents above, can you answer the following query? Print out the TITLE and ID of the documents you use to answer. Then format the answers into a list.
query: English books published by Farrar Straus and Giroux
",['Hild (novel)'],17396.416512,17.396416512,quest_128k,117977.0,0.0,test,Final Answer: ,256,17.396416512,17396.416512,117977.0," ['The Scarlet Letter', 'The Making of the Representative for Planet 8', 'The Gate to Women's Country', 'The Violent Bear It Away', 'The Lives of Animals', 'The History of Sir Charles Grandison', 'The Drowning Girl', 'The Violent Bear It Away', 'The Lives of Animals', 'The History of Sir Charles Grandison', 'The Drowning Girl']",147.456
"====== Now let's start! ======
Based on the documents above, can you answer the following query? Print out the TITLE and ID of the documents you use to answer. Then format the answers into a list.
query: Films shot in Europe that are Austrian drama films and English language French films.
",['Taking Sides (film)'],17396.416512,17.396416512,quest_128k,117977.0,0.0,test,Final Answer: ,256,17.396416512,17396.416512,117977.0," ['Babes in Toyland', 'Bubba Ho-Tep', 'The Village of No Return', 'The Violent Bear It Away', 'The Wandering Hill', 'The Young Magician']",147.456
"====== Now let's start! ======
Based on the documents above, can you answer the following query? Print out the TITLE and ID of the documents you use to answer. Then format the answers into a list.
query: 2013 novels about multiple time paths
",['Life After Life (novel)' 'To Be or Not to Be (book)'],17396.416512,17.396416512,quest_128k,117977.0,0.0,test,Final Answer: ,256,17.396416512,17396.416512,117977.0," ['The History of Sir Charles Grandison', 'The Killing Joke', 'Life After Life', 'The Two Captains', 'The Violent Bear It Away', 'The Wandering Hill', 'The Year of the Flood']",147.456
"====== Now let's start! ======
Based on the documents above, can you answer the following query? Print out the TITLE and ID of the documents you use to answer. Then format the answers into a list.
query: Novels set in Russia and the Arctic about war and conflict
",['The Samovar Girl' 'The Two Captains'],17396.416512,17.396416512,quest_128k,117977.0,0.0,test,Final Answer: ,256,17.396416512,17396.416512,117977.0," ['The Killing Joke', 'The Last Winter', 'The Secret Man', 'The Veteran (2011 film)', 'The Violent Bear It Away']",147.456
"====== Now let's start! ======
Based on the documents above, can you answer the following query? Print out the TITLE and ID of the documents you use to answer. Then format the answers into a list.
query: English-language novels that are 1985 speculative fiction but not American 1985 novels
",['Illywhacker' 'Star Healer' 'The Hounds of the Morrigan'],17396.416512,17.396416512,quest_128k,117977.0,0.0,test,Final Answer: ,256,17.396416512,17396.416512,117977.0," ['The Making of the Representative for Planet 8', 'The Violent Bear It Away', 'The Wandering Hill']",147.456
"====== Now let's start! ======
Based on the documents above, can you answer the following query? Print out the TITLE and ID of the documents you use to answer. Then format the answers into a list.
query: Historical Chinese martial arts films about terrorism
","[""A Queen's Ransom""]",17396.416512,17.396416512,quest_128k,117977.0,0.0,test,Final Answer: ,256,17.396416512,17396.416512,117977.0," ['The Village of No Return', 'The Invincible Constable', 'The Adventures of Jinbao']",147.456
"====== Now let's start! ======
Based on the documents above, can you answer the following query? Print out the TITLE and ID of the documents you use to answer. Then format the answers into a list.
query: Iranian and Asian short films from 2010's
",['Game Over (2013 film)' 'The Poot' 'Two & Two (2011 film)'],17396.416512,17.396416512,quest_128k,117977.0,0.0,test,Final Answer: ,256,17.396416512,17396.416512,117977.0," ['The Midnight Zoo', 'The Violent Bear It Away', 'The Drowning Girl', 'The Violent Bear It Away', 'The Violent Bear It Away', 'The Violent Bear It Away', 'The Violent Bear It Away', 'The Violent Bear It Away', 'The Violent Bear It Away', 'The Violent Bear It Away', 'The Violent Bear It Away', 'The Violent Bear It Away', 'The Violent Bear It Away', '",147.456
"====== Now let's start! ======
Based on the documents above, can you answer the following query? Print out the TITLE and ID of the documents you use to answer. Then format the answers into a list.
query: 1968 art novels
",['It Happened in Boston?' 'The Public Image'],17396.416512,17.396416512,quest_128k,117977.0,0.0,test,Final Answer: ,256,17.396416512,17396.416512,117977.0," ['The Scarlet Letter', 'The History of Sir Charles Grandison', 'The Adventures of Peregrine Pickle', 'The Violent Bear It Away', 'The Violent Bear It Away', 'The Violent Bear It Away', 'The Violent Bear It Away', 'The Violent Bear It Away', 'The Violent Bear It Away', 'The Violent Bear It Away', 'The Violent Bear It Away', 'The Violent Bear It Away', 'The Violent",147.456
"====== Now let's start! ======
Based on the documents above, can you answer the following query? Print out the TITLE and ID of the documents you use to answer. Then format the answers into a list.
query: books about socialism and the french revolution
",['To the Finland Station'],17396.416512,17.396416512,quest_128k,117977.0,0.0,test,Final Answer: ,256,17.396416512,17396.416512,117977.0," ['The Gate to Women's Country', 'The Lives of Animals', 'The Thorn Birds', 'To Be or Not to Be (book)']",147.456
"====== Now let's start! ======
Based on the documents above, can you answer the following query? Print out the TITLE and ID of the documents you use to answer. Then format the answers into a list.
query: American Science fiction children's comedy films set in castles.
",['Hotel Transylvania (film)'],17396.416512,17.396416512,quest_128k,117977.0,0.0,test,Final Answer: ,256,17.396416512,17396.416512,117977.0," ['The Adventures of Peregrine Pickle', 'The Magician\'s Nephew', 'The Violent Bear It Away']",147.456
"====== Now let's start! ======
Based on the documents above, can you answer the following query? Print out the TITLE and ID of the documents you use to answer. Then format the answers into a list.
query: History books about Malaysia or the Qing dynasty or about South Korea
","['Chronicle of Malaysia' 'Korea: A Walk Through the Land of Miracles'
 'Treason by the Book']",17396.416512,17.396416512,quest_128k,117977.0,0.0,test,Final Answer: ,256,17.396416512,17396.416512,117977.0," ['The Legend of Johnny Lingo', 'The Making of the Representative for Planet 8', 'The Portage to San Cristobal of A.H.', 'The Violent Bear It Away', 'The Violent Bear It Away', 'The Violent Bear It Away', 'The Violent Bear It Away', 'The Violent Bear It Away', 'The Violent Bear It Away', 'The Violent Bear It Away', 'The Violent Bear It Away', 'The Violent",147.456
"====== Now let's start! ======
Based on the documents above, can you answer the following query? Print out the TITLE and ID of the documents you use to answer. Then format the answers into a list.
query: Supernatural western horror films from the 1990's
","[""From Dusk Till Dawn 3: The Hangman's Daughter"" 'Grim Prairie Tales'
 'Mad at the Moon']",17396.416512,17.396416512,quest_128k,117977.0,0.0,test,Final Answer: ,256,17.396416512,17396.416512,117977.0," ['The Last Winter', 'Grim Prairie Tales', 'The Violent Bear It Away', 'The Violent Bear It Away', 'The Violent Bear It Away', 'The Violent Bear It Away', 'The Violent Bear It Away', 'The Violent Bear It Away', 'The Violent Bear It Away', 'The Violent Bear It Away', 'The Violent Bear It Away', 'The Violent Bear It Away', 'The Violent Bear It Away', '",147.456
"====== Now let's start! ======
Based on the documents above, can you answer the following query? Print out the TITLE and ID of the documents you use to answer. Then format the answers into a list.
query: Non History Books about communism
","['Red Diapers: Growing Up in the Communist Left'
 'Ten Days That Shook the World' 'The God that Failed']",17396.416512,17.396416512,quest_128k,117977.0,0.0,test,Final Answer: ,256,17.396416512,17396.416512,117977.0," ['The God that Failed', 'Red Dawn', 'The Veteran', 'The Last Winter', 'The Making of the Representative for Planet 8', 'The Violent Bear It Away', 'The Public Image', 'The History of Sir Charles Grandison', 'The League of Extraordinary Gentlemen', 'The Communist's Daughter', 'The Violent Bear It Away', 'The Veteran', 'The Making of the Representative for Planet 8', 'The Last Winter', 'The History of Sir",147.456
"====== Now let's start! ======
Based on the documents above, can you answer the following query? Print out the TITLE and ID of the documents you use to answer. Then format the answers into a list.
query: Chinese novels adapted into plays or Yu Hua novels
",['Brothers (Yu novel)' 'Chronicle of a Blood Merchant' 'To Live (novel)'],17396.416512,17.396416512,quest_128k,117977.0,0.0,test,Final Answer: ,256,17.396416512,17396.416512,117977.0," ['The Scarlet Letter', 'Life After Life', 'To Live', 'The Lives of Animals', 'The Adventures of Peregrine Pickle', 'The Violent Bear It Away', 'The Violent Bear It Away', 'The Violent Bear It Away', 'The Violent Bear It Away', 'The Violent Bear It Away', 'The Violent Bear It Away', 'The Violent Bear It Away', 'The Violent Bear It Away', 'The Violent Bear It",147.456
"====== Now let's start! ======
Based on the documents above, can you answer the following query? Print out the TITLE and ID of the documents you use to answer. Then format the answers into a list.
query: 1534 books or 1553 books
",['Ferrara Bible' 'Observations (Belon book)' 'Scepter of Judah'],17396.416512,17.396416512,quest_128k,117977.0,0.0,test,Final Answer: ,256,17.396416512,17396.416512,117977.0," ['The History of Sir Charles Grandison', 'The Magician's Nephew', 'The Scarlet Letter', 'The Secret Man', 'The Formula', 'The History of Sir Charles Grandison', 'The Magician's Nephew', 'The Scarlet Letter', 'The Secret Man', 'The Formula']",147.456
"====== Now let's start! ======
Based on the documents above, can you answer the following query? Print out the TITLE and ID of the documents you use to answer. Then format the answers into a list.
query: what are some Emirati multilingual or Pakistani animated films
","['3 Bahadur: The Revenge of Baba Balaam' 'Aerials (film)'
 'The Glassworker']",17396.416512,17.396416512,quest_128k,117977.0,0.0,test,Final Answer: ,256,17.396416512,17396.416512,117977.0," ['Aerials', 'Demi-Gods and Semi-Devils', 'The Jungle Bunch', 'The Violent Bear It Away', 'The Veteran', 'The God that Failed', 'The Lives of Animals', 'The Violent Bear It Away', 'The Veteran', 'The God that Failed', 'The Lives of Animals']",147.456
"====== Now let's start! ======
Based on the documents above, can you answer the following query? Print out the TITLE and ID of the documents you use to answer. Then format the answers into a list.
query: novels written by by Louise Welsh
",['Tamburlaine Must Die' 'The Girl on the Stairs'],17396.416512,17.396416512,quest_128k,117977.0,0.0,test,Final Answer: ,256,17.396416512,17396.416512,117977.0," ['The Girl on the Stairs', 'The Bullet Trick', 'The Cutting Room', 'Tamburlaine Must Die', 'The Violent Bear It Away', 'The Two Captains', 'The Violent Bear It Away', 'The Violent Bear It Away', 'The Violent Bear It Away', 'The Violent Bear It Away', 'The Violent Bear It Away', 'The Violent Bear It Away', 'The Violent Bear It Away', 'The Violent",147.456
"====== Now let's start! ======
Based on the documents above, can you answer the following query? Print out the TITLE and ID of the documents you use to answer. Then format the answers into a list.
query: WWII films that are Swiss
",['The Last Chance (1945 film)' 'The Sun (film)'],17396.416512,17.396416512,quest_128k,117977.0,0.0,test,Final Answer: ,256,17.396416512,17396.416512,117977.0, ['The Last Chance (1945 film)'],147.456
"====== Now let's start! ======
Based on the documents above, can you answer the following query? Print out the TITLE and ID of the documents you use to answer. Then format the answers into a list.
query: 1898 English-language books that are also about adventure
",['In the Sargasso Sea' 'Rupert of Hentzau'],17396.416512,17.396416512,quest_128k,117977.0,0.0,test,Final Answer: ,256,17.396416512,17396.416512,117977.0," ['The Scarlet Letter', 'The Adventures of Peregrine Pickle', 'The Secret Man', 'The Violent Bear It Away', 'The Violent Bear It Away', 'The Violent Bear It Away', 'The Violent Bear It Away', 'The Violent Bear It Away', 'The Violent Bear It Away', 'The Violent Bear It Away', 'The Violent Bear It Away', 'The Violent Bear It Away', 'The Violent Bear It Away',",147.456
"====== Now let's start! ======
Based on the documents above, can you answer the following query? Print out the TITLE and ID of the documents you use to answer. Then format the answers into a list.
query: Dutch coming-of-age or Dutch erotic or erotic thriller films
",['Jongens'],17396.416512,17.396416512,quest_128k,117977.0,0.0,test,Final Answer: ,256,17.396416512,17396.416512,117977.0," ['The Dutch Coming-of-Age Film', 'The Dutch Erotic Film', 'The Dutch Erotic Thriller Film']",147.456
"====== Now let's start! ======
Based on the documents above, can you answer the following query? Print out the TITLE and ID of the documents you use to answer. Then format the answers into a list.
query: Non-supernatural fantasy films about televised people
",['Being John Malkovich' 'Bubba Ho-Tep' 'Millennium Actress'],17396.416512,17.396416512,quest_128k,117977.0,0.0,test,Final Answer: ,256,17.396416512,17396.416512,117977.0," ['The Adventures of Peregrine Pickle', 'The Invincible Constable', 'The Village of No Return']",147.456
"====== Now let's start! ======
Based on the documents above, can you answer the following query? Print out the TITLE and ID of the documents you use to answer. Then format the answers into a list.
query: 1988 fiction environmental books
","[""The Gate to Women's Country"" 'Zodiac (novel)']",17396.416512,17.396416512,quest_128k,117977.0,0.0,test,Final Answer: ,256,17.396416512,17396.416512,117977.0," ['The History of Sir Charles Grandison', 'The Two Who Stole the Moon', 'The Final Nexus', 'The Adventures of Peregrine Pickle', 'The History of Sir Charles Grandison', 'The History of Sir Charles Grandison', 'The History of Sir Charles Grandison', 'The History of Sir Charles Grandison', 'The History of Sir Charles Grandison', 'The History of Sir Charles Grandison', 'The History of Sir Charles Grandison', 'The History of",147.456
"====== Now let's start! ======
Based on the documents above, can you answer the following query? Print out the TITLE and ID of the documents you use to answer. Then format the answers into a list.
query: what are  some Bulgarian animated, or Polish children's films
","['Demoni (2012 film)' 'The Two Who Stole the Moon'
 'The Young Magician (film)']",17396.416512,17.396416512,quest_128k,117977.0,0.0,test,Final Answer: ,256,17.396416512,17396.416512,117977.0," ['Demoni', 'The Adventures of Peregrine Pickle', 'The Village of No Return', 'The Two Captains', 'The Violent Bear It Away', 'The Violent Bear It Away', 'The Violent Bear It Away', 'The Violent Bear It Away', 'The Violent Bear It Away', 'The Violent Bear It Away', 'The Violent Bear It Away', 'The Violent Bear It Away', 'The Violent Bear It Away', '",147.456
"====== Now let's start! ======
Based on the documents above, can you answer the following query? Print out the TITLE and ID of the documents you use to answer. Then format the answers into a list.
query: 1850s social psychology books
",['Madame Bovary' 'The Scarlet Letter'],17396.416512,17.396416512,quest_128k,117977.0,0.0,test,Final Answer: ,256,17.396416512,17396.416512,117977.0," ['The Scarlet Letter', 'The Wandering Hill', 'The Violent Bear It Away']",147.456
"====== Now let's start! ======
Based on the documents above, can you answer the following query? Print out the TITLE and ID of the documents you use to answer. Then format the answers into a list.
query: German spy comedy films, or 2000s comedy-drama mystery films.
",['Hotel Clausewitz' 'Scorpions and Miniskirts' 'Tunis Top Secret'],17396.416512,17.396416512,quest_128k,117977.0,0.0,test,Final Answer: ,256,17.396416512,17396.416512,117977.0," ['The Violent Bear It Away', 'The Two Captains', 'The Village of No Return', 'The God that Failed', 'The Violent Bear It Away', 'The Two Captains', 'The Village of No Return', 'The God that Failed']",147.456
"====== Now let's start! ======
Based on the documents above, can you answer the following query? Print out the TITLE and ID of the documents you use to answer. Then format the answers into a list.
query: American LGBT novels set in New England and that are also Speculative fiction novels
",['The Drowning Girl'],17396.416512,17.396416512,quest_128k,117977.0,0.0,test,Final Answer: ,256,17.396416512,17396.416512,117977.0," ['The Scarlet Letter', 'The History of Sir Charles Grandison', 'The Wandering Hill']",147.456
"====== Now let's start! ======
Based on the documents above, can you answer the following query? Print out the TITLE and ID of the documents you use to answer. Then format the answers into a list.
query: Films based of Craig Rices' work
","['Home Sweet Homicide' ""Mrs. O'Malley and Mr. Malone""
 'The Underworld Story']",17396.416512,17.396416512,quest_128k,117977.0,0.0,test,Final Answer: ,256,17.396416512,17396.416512,117977.0," ['The Violent Bear It Away', 'The Two Captains', 'The Violent Bear It Away', 'The Two Captains']",147.456
"====== Now let's start! ======
Based on the documents above, can you answer the following query? Print out the TITLE and ID of the documents you use to answer. Then format the answers into a list.
query: New Zealand science fiction thriller films, films shot in Gauteng, or New Zealand post-apocalyptic films.
",['District 9' 'Night Raiders (2021 film)' 'The Quiet Earth (film)'],17396.416512,17.396416512,quest_128k,117977.0,0.0,test,Final Answer: ,256,17.396416512,17396.416512,117977.0," ['The Quiet Earth', 'The Fall of Hyperion', 'The Violent Bear It Away', 'The Last Winter', 'The God that Failed', 'The Last Winter', 'The Violent Bear It Away', 'The Fall of Hyperion', 'The God that Failed', 'The Last Winter', 'The Violent Bear It Away', 'The Fall of Hyperion', 'The God that Failed', 'The Last Winter', 'The Violent Bear It Away', 'The Fall of",147.456
"====== Now let's start! ======
Based on the documents above, can you answer the following query? Print out the TITLE and ID of the documents you use to answer. Then format the answers into a list.
query: 2004 romantic drama films about media
",['2046 (film)' 'Being Julia' 'Closer (2004 film)'],17396.416512,17.396416512,quest_128k,117977.0,0.0,test,Final Answer: ,256,17.396416512,17396.416512,117977.0," ['The Public Image', 'The Village of No Return', 'The Violent Bear It Away']",147.456
"====== Now let's start! ======
Based on the documents above, can you answer the following query? Print out the TITLE and ID of the documents you use to answer. Then format the answers into a list.
query: Soviet crime films that arent russian made
",['Look for a Woman' 'The Master of Taiga' 'Visit to Minotaur (film)'],17396.416512,17.396416512,quest_128k,117977.0,0.0,test,Final Answer: ,256,17.396416512,17396.416512,117977.0," ['The Violent Bear It Away', 'The Veteran', 'The Violent Bear It Away', 'The Veteran']",147.456
"====== Now let's start! ======
Based on the documents above, can you answer the following query? Print out the TITLE and ID of the documents you use to answer. Then format the answers into a list.
query: British science fiction novels set on fictional planets excluding novels based on Doctor Who.
","['The Making of the Representative for Planet 8'
 'The Restaurant at the End of the Universe']",17396.416512,17.396416512,quest_128k,117977.0,0.0,test,Final Answer: ,256,17.396416512,17396.416512,117977.0," ['The Making of the Representative for Planet 8', 'The Life of Verdi', 'The Planet of the Apes', 'The Violent Bear It Away', 'The Violent Bear It Away', 'The Violent Bear It Away', 'The Violent Bear It Away', 'The Violent Bear It Away', 'The Violent Bear It Away', 'The Violent Bear It Away', 'The Violent Bear It Away', 'The Violent Bear It Away', 'The",147.456
"====== Now let's start! ======
Based on the documents above, can you answer the following query? Print out the TITLE and ID of the documents you use to answer. Then format the answers into a list.
query: Animated films about koalas or 1990s Australian animated films
",['Blinky Bill the Movie' 'Go to Hell!!' 'The Jungle Bunch (film)'],17396.416512,17.396416512,quest_128k,117977.0,0.0,test,Final Answer: ,256,17.396416512,17396.416512,117977.0," ['Blinky Bill the Movie', 'The Adventures of Peregrine Pickle', 'The Firebird Rocket', 'The Magic Snowflake', 'The Young Magician']",147.456
"====== Now let's start! ======
Based on the documents above, can you answer the following query? Print out the TITLE and ID of the documents you use to answer. Then format the answers into a list.
query: South Korean historical comedy-drama films or Films set in Gwangju or 2000s historical comedy-drama films
",['A Taxi Driver' 'The King and the Clown'],17396.416512,17.396416512,quest_128k,117977.0,0.0,test,Final Answer: ,256,17.396416512,17396.416512,117977.0," ['District 9', 'The Veteran', 'A Taxi Driver', 'The Making of the Representative for Planet 8', 'The Gate to Women's Country', 'Alega Gang: Public Enemy No.1 of Cebu', 'The Veteran', 'The Making of the Representative for Planet 8', 'A Taxi Driver', 'The Gate to Women's Country', 'Alega Gang: Public Enemy No.1 of Cebu']",147.456
"====== Now let's start! ======
Based on the documents above, can you answer the following query? Print out the TITLE and ID of the documents you use to answer. Then format the answers into a list.
query: 1984 Science fiction Space opera novel series
","['The Final Reflection' 'The Trellisane Confrontation'
 'The Vulcan Academy Murders']",17396.416512,17.396416512,quest_128k,117977.0,0.0,test,Final Answer: ,256,17.396416512,17396.416512,117977.0," ['The Hyperion Cantos', 'The Chronicles of Narnia', 'The League of Extraordinary Gentlemen']",147.456
