context_tokens,compression_ratio,max_new_tokens,uncompressed_kv_memory_mb,predicted_answer,retained_kv_memory_mb,retained_context_tokens,split,kv_memory_per_token_kb,answer_prefix,task,answers,uncompressed_kv_memory_gb,retained_kv_memory_gb,question
118609.0,0.0,256,17489.608704," ['Jorah Mormont', 'Daenerys Targaryen', 'Tyrion Lannister', 'Khal Drogo', 'Bran Stark', 'Arya Stark', 'Sansa Stark', 'Cersei Lannister', 'Jaime Lannister', 'Joffrey Baratheon', 'Tommen Baratheon', 'Margaery Tyrell', 'Shae', 'Oberyn Martell', 'Arya Stark',",17489.608704,118609.0,dev,147.456,Final Answer: ,nq_128k,['Tyrion Lannister'],17.489608704,17.489608704,"====== Now let's start! ======
Based on the documents above, can you answer the following query? Print out the TITLE and ID of the documents you use to answer. Then format the answers into a list.
query: what's the dwarf's name in game of thrones
"
118609.0,0.0,256,17489.608704, ['Judith Keppel'],17489.608704,118609.0,dev,147.456,Final Answer: ,nq_128k,['Judith Cynthia Aline Keppel'],17.489608704,17.489608704,"====== Now let's start! ======
Based on the documents above, can you answer the following query? Print out the TITLE and ID of the documents you use to answer. Then format the answers into a list.
query: first who wants to be a millionaire winner uk
"
118609.0,0.0,256,17489.608704, ['James Watson and Francis Crick'],17489.608704,118609.0,dev,147.456,Final Answer: ,nq_128k,['Crick' 'Watson'],17.489608704,17.489608704,"====== Now let's start! ======
Based on the documents above, can you answer the following query? Print out the TITLE and ID of the documents you use to answer. Then format the answers into a list.
query: who proposed the first accurate model of dna
"
118609.0,0.0,256,17489.608704, ['Jason Paige'],17489.608704,118609.0,dev,147.456,Final Answer: ,nq_128k,['Jason Paige'],17.489608704,17.489608704,"====== Now let's start! ======
Based on the documents above, can you answer the following query? Print out the TITLE and ID of the documents you use to answer. Then format the answers into a list.
query: who sings the pokemon theme song season 1
"
118609.0,0.0,256,17489.608704, ['Edith Massey'],17489.608704,118609.0,dev,147.456,Final Answer: ,nq_128k,['Mary Elizabeth Patterson'],17.489608704,17.489608704,"====== Now let's start! ======
Based on the documents above, can you answer the following query? Print out the TITLE and ID of the documents you use to answer. Then format the answers into a list.
query: who played mrs. trumbull on i love lucy
"
118609.0,0.0,256,17489.608704, ['around AD 95–110'],17489.608704,118609.0,dev,147.456,Final Answer: ,nq_128k,['AD 95–110' 'probably written in Ephesus'],17.489608704,17.489608704,"====== Now let's start! ======
Based on the documents above, can you answer the following query? Print out the TITLE and ID of the documents you use to answer. Then format the answers into a list.
query: when was the first epistle of john written
"
118609.0,0.0,256,17489.608704, ['Wisconsin'],17489.608704,118609.0,dev,147.456,Final Answer: ,nq_128k,['Wisconsin'],17.489608704,17.489608704,"====== Now let's start! ======
Based on the documents above, can you answer the following query? Print out the TITLE and ID of the documents you use to answer. Then format the answers into a list.
query: colby chees is named after a town in what state
"
118609.0,0.0,256,17489.608704, ['April 2014'],17489.608704,118609.0,dev,147.456,Final Answer: ,nq_128k,['Dragon Ball GT'],17.489608704,17.489608704,"====== Now let's start! ======
Based on the documents above, can you answer the following query? Print out the TITLE and ID of the documents you use to answer. Then format the answers into a list.
query: when did goku first go super saiyan 4
"
118609.0,0.0,256,17489.608704, ['Richard Stallman'],17489.608704,118609.0,dev,147.456,Final Answer: ,nq_128k,['Richard Stallman'],17.489608704,17.489608704,"====== Now let's start! ======
Based on the documents above, can you answer the following query? Print out the TITLE and ID of the documents you use to answer. Then format the answers into a list.
query: who is given credit for the gnu initiative
"
118609.0,0.0,256,17489.608704, ['Wyoming'],17489.608704,118609.0,dev,147.456,Final Answer: ,nq_128k,['Idaho'],17.489608704,17.489608704,"====== Now let's start! ======
Based on the documents above, can you answer the following query? Print out the TITLE and ID of the documents you use to answer. Then format the answers into a list.
query: what us state forms the western boundary of montana
"
118609.0,0.0,256,17489.608704, ['Hulu did not stream Monday Night Raw as of the provided documents.'],17489.608704,118609.0,test,147.456,Final Answer: ,nq_128k,['the following day'],17.489608704,17.489608704,"====== Now let's start! ======
Based on the documents above, can you answer the following query? Print out the TITLE and ID of the documents you use to answer. Then format the answers into a list.
query: when does monday night raw come on hulu
"
118609.0,0.0,256,17489.608704," ['Spain', 'Portugal', 'Netherlands', 'France', 'Britain']",17489.608704,118609.0,test,147.456,Final Answer: ,nq_128k,['Spain' 'Taíno' 'indigenous Taíno people'],17.489608704,17.489608704,"====== Now let's start! ======
Based on the documents above, can you answer the following query? Print out the TITLE and ID of the documents you use to answer. Then format the answers into a list.
query: who did puerto rico belong to before the u.s
"
118609.0,0.0,256,17489.608704," ['April 9, 2012']",17489.608704,118609.0,test,147.456,Final Answer: ,nq_128k,"['September 13, 2012']",17.489608704,17.489608704,"====== Now let's start! ======
Based on the documents above, can you answer the following query? Print out the TITLE and ID of the documents you use to answer. Then format the answers into a list.
query: when did season 4 of glee come out
"
118609.0,0.0,256,17489.608704, ['Haliaeetus'],17489.608704,118609.0,test,147.456,Final Answer: ,nq_128k,['Haliaeetus'],17.489608704,17.489608704,"====== Now let's start! ======
Based on the documents above, can you answer the following query? Print out the TITLE and ID of the documents you use to answer. Then format the answers into a list.
query: what is the genus of a bald eagle
"
118609.0,0.0,256,17489.608704, ['Season 3 of Battlestar Galactica'],17489.608704,118609.0,test,147.456,Final Answer: ,nq_128k,"[""Kobol's Last Gleaming""]",17.489608704,17.489608704,"====== Now let's start! ======
Based on the documents above, can you answer the following query? Print out the TITLE and ID of the documents you use to answer. Then format the answers into a list.
query: when does boomer find out she a cylon
"
118609.0,0.0,256,17489.608704," ['Simba's mother', 'Nala']",17489.608704,118609.0,test,147.456,Final Answer: ,nq_128k,['Nala'],17.489608704,17.489608704,"====== Now let's start! ======
Based on the documents above, can you answer the following query? Print out the TITLE and ID of the documents you use to answer. Then format the answers into a list.
query: what is the female lion called in lion king
"
118609.0,0.0,256,17489.608704, ['Christopher Lloyd'],17489.608704,118609.0,test,147.456,Final Answer: ,nq_128k,['Christopher Lloyd'],17.489608704,17.489608704,"====== Now let's start! ======
Based on the documents above, can you answer the following query? Print out the TITLE and ID of the documents you use to answer. Then format the answers into a list.
query: who plays the woodsman in over the garden wall
"
118609.0,0.0,256,17489.608704," ['Queen Victoria', 'ID: 855']",17489.608704,118609.0,test,147.456,Final Answer: ,nq_128k,['Charlotte of Mecklenburg-Strelitz'],17.489608704,17.489608704,"====== Now let's start! ======
Based on the documents above, can you answer the following query? Print out the TITLE and ID of the documents you use to answer. Then format the answers into a list.
query: who introduced the first chrismas tree to the uk
"
118609.0,0.0,256,17489.608704," ['Joan Rivers', 'Cathy Guiseppe', 'Cathy Guiseppe', 'Joan Rivers']",17489.608704,118609.0,test,147.456,Final Answer: ,nq_128k,['Glenn Close'],17.489608704,17.489608704,"====== Now let's start! ======
Based on the documents above, can you answer the following query? Print out the TITLE and ID of the documents you use to answer. Then format the answers into a list.
query: who played cruella de vil in 101 dalmatians
"
118609.0,0.0,256,17489.608704, ['The Ramones'],17489.608704,118609.0,test,147.456,Final Answer: ,nq_128k,['the Ramones'],17.489608704,17.489608704,"====== Now let's start! ======
Based on the documents above, can you answer the following query? Print out the TITLE and ID of the documents you use to answer. Then format the answers into a list.
query: who sang the song i wanna be sedated
"
118609.0,0.0,256,17489.608704,7,17489.608704,118609.0,test,147.456,Final Answer: ,nq_128k,['at least seven' 'at least seven players' 'seven'],17.489608704,17.489608704,"====== Now let's start! ======
Based on the documents above, can you answer the following query? Print out the TITLE and ID of the documents you use to answer. Then format the answers into a list.
query: how many players on the line of scrimmage in american football
"
118609.0,0.0,256,17489.608704, ['1972'],17489.608704,118609.0,test,147.456,Final Answer: ,nq_128k,['September 1972'],17.489608704,17.489608704,"====== Now let's start! ======
Based on the documents above, can you answer the following query? Print out the TITLE and ID of the documents you use to answer. Then format the answers into a list.
query: when did the tv show the waltons first air
"
118609.0,0.0,256,17489.608704, ['Emma is dating David in Once Upon a Time'],17489.608704,118609.0,test,147.456,Final Answer: ,nq_128k,['Hook'],17.489608704,17.489608704,"====== Now let's start! ======
Based on the documents above, can you answer the following query? Print out the TITLE and ID of the documents you use to answer. Then format the answers into a list.
query: who is emma dating in once upon a time
"
118609.0,0.0,256,17489.608704, ['1997'],17489.608704,118609.0,test,147.456,Final Answer: ,nq_128k,['2011'],17.489608704,17.489608704,"====== Now let's start! ======
Based on the documents above, can you answer the following query? Print out the TITLE and ID of the documents you use to answer. Then format the answers into a list.
query: when was the last time giants won superbowl
"
118609.0,0.0,256,17489.608704, ['in the southern United States'],17489.608704,118609.0,test,147.456,Final Answer: ,nq_128k,['the summit of Cadillac Mountain'],17.489608704,17.489608704,"====== Now let's start! ======
Based on the documents above, can you answer the following query? Print out the TITLE and ID of the documents you use to answer. Then format the answers into a list.
query: where does the sun hit the us first
"
118609.0,0.0,256,17489.608704, ['Ministry of Corporate Affairs'],17489.608704,118609.0,test,147.456,Final Answer: ,nq_128k,['Indian government'],17.489608704,17.489608704,"====== Now let's start! ======
Based on the documents above, can you answer the following query? Print out the TITLE and ID of the documents you use to answer. Then format the answers into a list.
query: who is the authority or governing body of mca
"
118609.0,0.0,256,17489.608704, ['the primal rib'],17489.608704,118609.0,test,147.456,Final Answer: ,nq_128k,['the primal rib'],17.489608704,17.489608704,"====== Now let's start! ======
Based on the documents above, can you answer the following query? Print out the TITLE and ID of the documents you use to answer. Then format the answers into a list.
query: where does prime rib come from on a cow
"
118609.0,0.0,256,17489.608704, ['Heath Ledger'],17489.608704,118609.0,test,147.456,Final Answer: ,nq_128k,['Ledger'],17.489608704,17.489608704,"====== Now let's start! ======
Based on the documents above, can you answer the following query? Print out the TITLE and ID of the documents you use to answer. Then format the answers into a list.
query: who plays joker in batman the dark knight
"
118609.0,0.0,256,17489.608704, ['gravity'],17489.608704,118609.0,test,147.456,Final Answer: ,nq_128k,"['Gravity' 'Gravity, or gravitation']",17.489608704,17.489608704,"====== Now let's start! ======
Based on the documents above, can you answer the following query? Print out the TITLE and ID of the documents you use to answer. Then format the answers into a list.
query: what is the common name for gravitational force
"
118609.0,0.0,256,17489.608704, ['The Lykan Hypersport was the first car to be designed and produced indigenously in the Arab World.'],17489.608704,118609.0,test,147.456,Final Answer: ,nq_128k,['The Lykan Hypersport'],17.489608704,17.489608704,"====== Now let's start! ======
Based on the documents above, can you answer the following query? Print out the TITLE and ID of the documents you use to answer. Then format the answers into a list.
query: fast and furious 7 red car abu dhabi
"
118609.0,0.0,256,17489.608704, ['Jack Lord'],17489.608704,118609.0,test,147.456,Final Answer: ,nq_128k,['Jack Lord' 'John Joseph Patrick Ryan'],17.489608704,17.489608704,"====== Now let's start! ======
Based on the documents above, can you answer the following query? Print out the TITLE and ID of the documents you use to answer. Then format the answers into a list.
query: who played the original steve mcgarrett on hawaii five-o
"
118609.0,0.0,256,17489.608704, ['non-ferrous metal'],17489.608704,118609.0,test,147.456,Final Answer: ,nq_128k,['non-ferrous'],17.489608704,17.489608704,"====== Now let's start! ======
Based on the documents above, can you answer the following query? Print out the TITLE and ID of the documents you use to answer. Then format the answers into a list.
query: is aluminium a ferrous or non ferrous metal
"
118609.0,0.0,256,17489.608704," ['Gandalf', 'Sauron', 'Frodo', 'Bilbo', 'Gollum', 'Elrond', 'Galadriel', 'Celebrimbor', 'Durin', 'Nolgo', 'Narya', 'Nenya', 'Eldacar', 'The One Ring', 'The Ring of Power', 'The Ring of the Ruling Stewards', 'The Ring of the Kings', 'The Ring of the Dwar",17489.608704,118609.0,test,147.456,Final Answer: ,nq_128k,['Sauron'],17.489608704,17.489608704,"====== Now let's start! ======
Based on the documents above, can you answer the following query? Print out the TITLE and ID of the documents you use to answer. Then format the answers into a list.
query: who has a ring of power in lotr
"
118609.0,0.0,256,17489.608704," ['Babur', 'First Battle of Panipat (1526)', 'Mughal Empire', 'ID: 875']",17489.608704,118609.0,test,147.456,Final Answer: ,nq_128k,['Akbar the Great' 'Babur'],17.489608704,17.489608704,"====== Now let's start! ======
Based on the documents above, can you answer the following query? Print out the TITLE and ID of the documents you use to answer. Then format the answers into a list.
query: the era of the great mughals began with the accession of
"
118609.0,0.0,256,17489.608704," ['1948–49', '1949', '1948–49', '1949', '1948–49']",17489.608704,118609.0,test,147.456,Final Answer: ,nq_128k,['24 November 1949'],17.489608704,17.489608704,"====== Now let's start! ======
Based on the documents above, can you answer the following query? Print out the TITLE and ID of the documents you use to answer. Then format the answers into a list.
query: when did hyderabad became a part of india
"
118609.0,0.0,256,17489.608704, ['Nepal'],17489.608704,118609.0,test,147.456,Final Answer: ,nq_128k,['Nepal'],17.489608704,17.489608704,"====== Now let's start! ======
Based on the documents above, can you answer the following query? Print out the TITLE and ID of the documents you use to answer. Then format the answers into a list.
query: vikram samvat calender is official in which country
"
118609.0,0.0,256,17489.608704," ['All the Yesterdays', 'The Deer Hunter', 'Close of Mind', 'Kramer vs. Kramer', 'Network']",17489.608704,118609.0,test,147.456,Final Answer: ,nq_128k,['Rocky'],17.489608704,17.489608704,"====== Now let's start! ======
Based on the documents above, can you answer the following query? Print out the TITLE and ID of the documents you use to answer. Then format the answers into a list.
query: who won the oscar for best picture in 1976
"
118609.0,0.0,256,17489.608704," ['Cell nucleus', 'DNA', 'RNA polymerase', 'mRNA', 'nucleus']",17489.608704,118609.0,test,147.456,Final Answer: ,nq_128k,['cell nucleus' 'in the cell nucleus'],17.489608704,17.489608704,"====== Now let's start! ======
Based on the documents above, can you answer the following query? Print out the TITLE and ID of the documents you use to answer. Then format the answers into a list.
query: where is the protien made in the cell
"
118609.0,0.0,256,17489.608704, ['Richard Parker'],17489.608704,118609.0,test,147.456,Final Answer: ,nq_128k,['Richard Parker'],17.489608704,17.489608704,"====== Now let's start! ======
Based on the documents above, can you answer the following query? Print out the TITLE and ID of the documents you use to answer. Then format the answers into a list.
query: what is the tigers name in life of pi
"
118609.0,0.0,256,17489.608704, ['Gary Williams'],17489.608704,118609.0,test,147.456,Final Answer: ,nq_128k,"['Geoffrey Dyson Palmer' 'Geoffrey Dyson Palmer, OBE']",17.489608704,17.489608704,"====== Now let's start! ======
Based on the documents above, can you answer the following query? Print out the TITLE and ID of the documents you use to answer. Then format the answers into a list.
query: who played lionel in as time goes by
"
118609.0,0.0,256,17489.608704," ['2018 Winter Olympics in Pyeongchang, South Korea']",17489.608704,118609.0,test,147.456,Final Answer: ,nq_128k,['9 to 25 February 2018'],17.489608704,17.489608704,"====== Now let's start! ======
Based on the documents above, can you answer the following query? Print out the TITLE and ID of the documents you use to answer. Then format the answers into a list.
query: when does mexico play in the winter olympics
"
118609.0,0.0,256,17489.608704, ['Aria Montgomery'],17489.608704,118609.0,test,147.456,Final Answer: ,nq_128k,['CeCe Drake'],17.489608704,17.489608704,"====== Now let's start! ======
Based on the documents above, can you answer the following query? Print out the TITLE and ID of the documents you use to answer. Then format the answers into a list.
query: who is the head a in pretty little liars
"
118609.0,0.0,256,17489.608704, ['G. Callen'],17489.608704,118609.0,test,147.456,Final Answer: ,nq_128k,['Grisha'],17.489608704,17.489608704,"====== Now let's start! ======
Based on the documents above, can you answer the following query? Print out the TITLE and ID of the documents you use to answer. Then format the answers into a list.
query: what does g stand for in ncis los angeles
"
118609.0,0.0,256,17489.608704, ['optic nerve'],17489.608704,118609.0,test,147.456,Final Answer: ,nq_128k,['Serous Membrane' 'the visceral membrane'],17.489608704,17.489608704,"====== Now let's start! ======
Based on the documents above, can you answer the following query? Print out the TITLE and ID of the documents you use to answer. Then format the answers into a list.
query: what is the membrane on the surface of the stomach called
"
118609.0,0.0,256,17489.608704," ['1942', '1942', '1942', '1942', '1942', '1942', '1942', '1942', '1942', '1942', '1942', '1942', '1942', '1942', '1942', '1942', '194",17489.608704,118609.0,test,147.456,Final Answer: ,nq_128k,"['June 22, 1942']",17.489608704,17.489608704,"====== Now let's start! ======
Based on the documents above, can you answer the following query? Print out the TITLE and ID of the documents you use to answer. Then format the answers into a list.
query: when did it become law to stand for the national anthem
"
118609.0,0.0,256,17489.608704, ['Phosphorus pentoxide'],17489.608704,118609.0,test,147.456,Final Answer: ,nq_128k,['Phosphorus pentoxide'],17.489608704,17.489608704,"====== Now let's start! ======
Based on the documents above, can you answer the following query? Print out the TITLE and ID of the documents you use to answer. Then format the answers into a list.
query: what is the name of the compound p4010
"
118609.0,0.0,256,17489.608704, ['rubidium-85'],17489.608704,118609.0,test,147.456,Final Answer: ,nq_128k,['rubidium-85'],17.489608704,17.489608704,"====== Now let's start! ======
Based on the documents above, can you answer the following query? Print out the TITLE and ID of the documents you use to answer. Then format the answers into a list.
query: krypton-85 decays by emission of a beta particle. the product of this decay is
"
118609.0,0.0,256,17489.608704," ['Season 10 Episode ""Nelson's Sparrow""']",17489.608704,118609.0,test,147.456,Final Answer: ,nq_128k,"['""Nelson\'s Sparrow""' ""Nelson's Sparrow""]",17.489608704,17.489608704,"====== Now let's start! ======
Based on the documents above, can you answer the following query? Print out the TITLE and ID of the documents you use to answer. Then format the answers into a list.
query: which episode does gideon die in criminal minds
"
118609.0,0.0,256,17489.608704, ['Malayalam'],17489.608704,118609.0,test,147.456,Final Answer: ,nq_128k,['Malayalam'],17.489608704,17.489608704,"====== Now let's start! ======
Based on the documents above, can you answer the following query? Print out the TITLE and ID of the documents you use to answer. Then format the answers into a list.
query: first jnanpith award was an autor of which language
"
118609.0,0.0,256,17489.608704, ['David Ben-Gurion'],17489.608704,118609.0,test,147.456,Final Answer: ,nq_128k,['David Ben-Gurion'],17.489608704,17.489608704,"====== Now let's start! ======
Based on the documents above, can you answer the following query? Print out the TITLE and ID of the documents you use to answer. Then format the answers into a list.
query: who was the first signatory of the israeli declaration of independence
"
118609.0,0.0,256,17489.608704," ['Manchuria', 'Jurchen Aisin Gioro clan', 'ID: 609']",17489.608704,118609.0,test,147.456,Final Answer: ,nq_128k,['Manchuria'],17.489608704,17.489608704,"====== Now let's start! ======
Based on the documents above, can you answer the following query? Print out the TITLE and ID of the documents you use to answer. Then format the answers into a list.
query: where did the rulers of the qing dynasty originate
"
118609.0,0.0,256,17489.608704, ['1995'],17489.608704,118609.0,test,147.456,Final Answer: ,nq_128k,"['February 27, 2015' 'February\xa027,\xa02015']",17.489608704,17.489608704,"====== Now let's start! ======
Based on the documents above, can you answer the following query? Print out the TITLE and ID of the documents you use to answer. Then format the answers into a list.
query: when did where are you now come out
"
118609.0,0.0,256,17489.608704," ['Michael Jackson', 'Lionel Richie', 'The United Support of Artists (USA)']",17489.608704,118609.0,test,147.456,Final Answer: ,nq_128k,['produced by Quincy Jones'],17.489608704,17.489608704,"====== Now let's start! ======
Based on the documents above, can you answer the following query? Print out the TITLE and ID of the documents you use to answer. Then format the answers into a list.
query: who made the song we are the world
"
118609.0,0.0,256,17489.608704, ['Sara Evans'],17489.608704,118609.0,test,147.456,Final Answer: ,nq_128k,['Ludacris'],17.489608704,17.489608704,"====== Now let's start! ======
Based on the documents above, can you answer the following query? Print out the TITLE and ID of the documents you use to answer. Then format the answers into a list.
query: who sings the rap in baby by justin bieber
"
118609.0,0.0,256,17489.608704, ['Jawaharlal Nehru Centre for Advanced Scientific Research (JNCASR)'],17489.608704,118609.0,test,147.456,Final Answer: ,nq_128k,"['Jakkur, Bangalore, India']",17.489608704,17.489608704,"====== Now let's start! ======
Based on the documents above, can you answer the following query? Print out the TITLE and ID of the documents you use to answer. Then format the answers into a list.
query: jawaharlal nehru centre for advanced scientific research jakkur campus
"
118609.0,0.0,256,17489.608704," ['To reduce the back pressure, which in turn reduces the steam consumption, and thus the fuel consumption, while at the same time increasing power and recycling boiler-water.']",17489.608704,118609.0,test,147.456,Final Answer: ,nq_128k,['condense the steam'],17.489608704,17.489608704,"====== Now let's start! ======
Based on the documents above, can you answer the following query? Print out the TITLE and ID of the documents you use to answer. Then format the answers into a list.
query: why does cooling water run through the condenser
"
118609.0,0.0,256,17489.608704, ['During the metaphase of cell division'],17489.608704,118609.0,test,147.456,Final Answer: ,nq_128k,['metaphase'],17.489608704,17.489608704,"====== Now let's start! ======
Based on the documents above, can you answer the following query? Print out the TITLE and ID of the documents you use to answer. Then format the answers into a list.
query: when does a cell have condensed visible chromosomes also known as sister chromatids
"
118609.0,0.0,256,17489.608704, ['sugarcane'],17489.608704,118609.0,test,147.456,Final Answer: ,nq_128k,['coffee' 'honey' 'livestock' 'macadamia nuts' 'pineapple' 'sugarcane'],17.489608704,17.489608704,"====== Now let's start! ======
Based on the documents above, can you answer the following query? Print out the TITLE and ID of the documents you use to answer. Then format the answers into a list.
query: what was hawaii's primary export to the united states
"
118609.0,0.0,256,17489.608704," ['Imperial government', 'Centralized authority', 'Bureaucratic system', 'Confucian bureaucracy', 'Imperial examinations', 'Tributary system', 'Ming dynasty had a centralized imperial government with a bureaucratic system based on Confucian principles']",17489.608704,118609.0,test,147.456,Final Answer: ,nq_128k,['imperial rule'],17.489608704,17.489608704,"====== Now let's start! ======
Based on the documents above, can you answer the following query? Print out the TITLE and ID of the documents you use to answer. Then format the answers into a list.
query: what type of government did the ming dynasty have
"
118609.0,0.0,256,17489.608704, ['.java'],17489.608704,118609.0,test,147.456,Final Answer: ,nq_128k,['.java'],17.489608704,17.489608704,"====== Now let's start! ======
Based on the documents above, can you answer the following query? Print out the TITLE and ID of the documents you use to answer. Then format the answers into a list.
query: what is the filename extension used for all java source files
"
118609.0,0.0,256,17489.608704, ['1962'],17489.608704,118609.0,test,147.456,Final Answer: ,nq_128k,['2003'],17.489608704,17.489608704,"====== Now let's start! ======
Based on the documents above, can you answer the following query? Print out the TITLE and ID of the documents you use to answer. Then format the answers into a list.
query: when was the last time unc did not make the ncaa tournament
"
118609.0,0.0,256,17489.608704," ['Corey', 'Correy', 'Corrie', 'Kory', 'Corey', 'Corrie', 'Correy', 'Corrie', 'Kory']",17489.608704,118609.0,test,147.456,Final Answer: ,nq_128k,['Coire' 'Corey' 'Corie' 'Correy' 'Corrie' 'Cory' 'Khouri' 'Kori' 'Kory'],17.489608704,17.489608704,"====== Now let's start! ======
Based on the documents above, can you answer the following query? Print out the TITLE and ID of the documents you use to answer. Then format the answers into a list.
query: different ways to spell corey for a boy
"
118609.0,0.0,256,17489.608704, ['2% naturally blond'],17489.608704,118609.0,test,147.456,Final Answer: ,nq_128k,['2%'],17.489608704,17.489608704,"====== Now let's start! ======
Based on the documents above, can you answer the following query? Print out the TITLE and ID of the documents you use to answer. Then format the answers into a list.
query: what percentage of the population is naturally blonde
"
118609.0,0.0,256,17489.608704, ['Kari Wahlgren'],17489.608704,118609.0,test,147.456,Final Answer: ,nq_128k,['Amanda Leighton'],17.489608704,17.489608704,"====== Now let's start! ======
Based on the documents above, can you answer the following query? Print out the TITLE and ID of the documents you use to answer. Then format the answers into a list.
query: who plays poppy in the beat goes on
"
118609.0,0.0,256,17489.608704," ['Castleford', 'ID: 841']",17489.608704,118609.0,test,147.456,Final Answer: ,nq_128k,['Castleford'],17.489608704,17.489608704,"====== Now let's start! ======
Based on the documents above, can you answer the following query? Print out the TITLE and ID of the documents you use to answer. Then format the answers into a list.
query: a town in west yorkshire on the river aire home to a rugby league team
"
118609.0,0.0,256,17489.608704,4.37 light-years (1.34 pc),17489.608704,118609.0,test,147.456,Final Answer: ,nq_128k,['4.37 light-years'],17.489608704,17.489608704,"====== Now let's start! ======
Based on the documents above, can you answer the following query? Print out the TITLE and ID of the documents you use to answer. Then format the answers into a list.
query: what is alpha centauri's approximate distance from earth
"
118609.0,0.0,256,17489.608704,9,17489.608704,118609.0,test,147.456,Final Answer: ,nq_128k,['9' '9 seasons'],17.489608704,17.489608704,"====== Now let's start! ======
Based on the documents above, can you answer the following query? Print out the TITLE and ID of the documents you use to answer. Then format the answers into a list.
query: how many seasons of the rugrats are there
"
118609.0,0.0,256,17489.608704," ['The United States is a federal republic in which the president, Congress, and federal courts share powers reserved to the national government according to its Constitution. The federal government shares sovereignty with the state governments.']",17489.608704,118609.0,test,147.456,Final Answer: ,nq_128k,['federal republic'],17.489608704,17.489608704,"====== Now let's start! ======
Based on the documents above, can you answer the following query? Print out the TITLE and ID of the documents you use to answer. Then format the answers into a list.
query: what is the democracy of the united states
"
118609.0,0.0,256,17489.608704,2003,17489.608704,118609.0,test,147.456,Final Answer: ,nq_128k,['2003' 'at age 18 in 2003'],17.489608704,17.489608704,"====== Now let's start! ======
Based on the documents above, can you answer the following query? Print out the TITLE and ID of the documents you use to answer. Then format the answers into a list.
query: when did cristiano ronaldo go to manchester united
"
118609.0,0.0,256,17489.608704, ['2009'],17489.608704,118609.0,test,147.456,Final Answer: ,nq_128k,['1994' '1994 season' 'for the 1994 season' 'the 1994 season'],17.489608704,17.489608704,"====== Now let's start! ======
Based on the documents above, can you answer the following query? Print out the TITLE and ID of the documents you use to answer. Then format the answers into a list.
query: when did the nfl adopt a salary cap
"
118609.0,0.0,256,17489.608704," ['lower leg', 'tibia and fibula are located in the lower leg']",17489.608704,118609.0,test,147.456,Final Answer: ,nq_128k,['leg'],17.489608704,17.489608704,"====== Now let's start! ======
Based on the documents above, can you answer the following query? Print out the TITLE and ID of the documents you use to answer. Then format the answers into a list.
query: where is the tibia and fibula bone located
"
118609.0,0.0,256,17489.608704," ['Pula, Italy']",17489.608704,118609.0,test,147.456,Final Answer: ,nq_128k,['Moscazzano'],17.489608704,17.489608704,"====== Now let's start! ======
Based on the documents above, can you answer the following query? Print out the TITLE and ID of the documents you use to answer. Then format the answers into a list.
query: where is the villa in call me by your name
"
118609.0,0.0,256,17489.608704," ['Season 5 of Agents of S.H.I.E.L.D. is set to begin airing on December 1, 2017, after Marvel's Inhumans has finished airing its episodes.']",17489.608704,118609.0,test,147.456,Final Answer: ,nq_128k,"['December 1, 2017']",17.489608704,17.489608704,"====== Now let's start! ======
Based on the documents above, can you answer the following query? Print out the TITLE and ID of the documents you use to answer. Then format the answers into a list.
query: when does agents of shield season five start
"
118609.0,0.0,256,17489.608704, ['Billy Bob Thornton'],17489.608704,118609.0,test,147.456,Final Answer: ,nq_128k,['Wimpy'],17.489608704,17.489608704,"====== Now let's start! ======
Based on the documents above, can you answer the following query? Print out the TITLE and ID of the documents you use to answer. Then format the answers into a list.
query: who said i'll gladly pay you tuesday
"
118609.0,0.0,256,17489.608704," ['Joseph Heller', 'Catch-22 (1961)']",17489.608704,118609.0,test,147.456,Final Answer: ,nq_128k,['American author Joseph Heller' 'Joseph Heller' 'Joseph Heller.'],17.489608704,17.489608704,"====== Now let's start! ======
Based on the documents above, can you answer the following query? Print out the TITLE and ID of the documents you use to answer. Then format the answers into a list.
query: who wrote catch 22 (both names)
"
118609.0,0.0,256,17489.608704," ['The DNA is ""unzipped"" (disruption of hydrogen bonds between different single strands) by the enzyme helicase, leaving the single nucleotide chain open to be copied.']",17489.608704,118609.0,test,147.456,Final Answer: ,nq_128k,['origins of replication'],17.489608704,17.489608704,"====== Now let's start! ======
Based on the documents above, can you answer the following query? Print out the TITLE and ID of the documents you use to answer. Then format the answers into a list.
query: where does the synthesis of new dna from existing dna occurs
"
118609.0,0.0,256,17489.608704," ['Jennifer Hudson', 'Lily', 'Holly']",17489.608704,118609.0,test,147.456,Final Answer: ,nq_128k,['Ali'],17.489608704,17.489608704,"====== Now let's start! ======
Based on the documents above, can you answer the following query? Print out the TITLE and ID of the documents you use to answer. Then format the answers into a list.
query: who does tyler end up with in you get me
"
118609.0,0.0,256,17489.608704, ['Bhupendranath Dutt'],17489.608704,118609.0,test,147.456,Final Answer: ,nq_128k,['Bhupendranath Dutt'],17.489608704,17.489608704,"====== Now let's start! ======
Based on the documents above, can you answer the following query? Print out the TITLE and ID of the documents you use to answer. Then format the answers into a list.
query: who was the editor of the journal jugantor published in the time of swadeshi movement
"
118609.0,0.0,256,17489.608704," ['Serialized fiction surged in popularity during Britain's Victorian era, due to a combination of the rise of literacy, technological advances in printing, and improved economics of distribution.']",17489.608704,118609.0,test,147.456,Final Answer: ,nq_128k,"['improved economics of distribution' 'technological advances in printing'
 'the rise of literacy']",17.489608704,17.489608704,"====== Now let's start! ======
Based on the documents above, can you answer the following query? Print out the TITLE and ID of the documents you use to answer. Then format the answers into a list.
query: how and why were serial novels a phenomenon in the nineteenth century
"
118609.0,0.0,256,17489.608704," ['March 5, 2014']",17489.608704,118609.0,test,147.456,Final Answer: ,nq_128k,['2014' '2016' 'March 2016'],17.489608704,17.489608704,"====== Now let's start! ======
Based on the documents above, can you answer the following query? Print out the TITLE and ID of the documents you use to answer. Then format the answers into a list.
query: when did the sat become out of 1600
"
118609.0,0.0,256,17489.608704, ['electromagnetic waves'],17489.608704,118609.0,test,147.456,Final Answer: ,nq_128k,['electromagnetic waves' 'radio and microwave frequencies'],17.489608704,17.489608704,"====== Now let's start! ======
Based on the documents above, can you answer the following query? Print out the TITLE and ID of the documents you use to answer. Then format the answers into a list.
query: what type of energy do satellites generally use to communicate with earth
"
118609.0,0.0,256,17489.608704, ['Physical layer'],17489.608704,118609.0,test,147.456,Final Answer: ,nq_128k,['physical layer or layer 1'],17.489608704,17.489608704,"====== Now let's start! ======
Based on the documents above, can you answer the following query? Print out the TITLE and ID of the documents you use to answer. Then format the answers into a list.
query: which layer of the osi model handles physical addressing
"
118609.0,0.0,256,17489.608704," ['Pluto', 'Pluto (mythology)', 'Roman god of the underworld', 'Orchus', 'Pluto (mythology)']",17489.608704,118609.0,test,147.456,Final Answer: ,nq_128k,['Dis Pater'],17.489608704,17.489608704,"====== Now let's start! ======
Based on the documents above, can you answer the following query? Print out the TITLE and ID of the documents you use to answer. Then format the answers into a list.
query: roman god of the underworld also called orcus or pluto
"
118609.0,0.0,256,17489.608704, ['Sigmund Freud'],17489.608704,118609.0,test,147.456,Final Answer: ,nq_128k,['Austrian neurologist Sigmund Freud' 'Sigmund Freud'],17.489608704,17.489608704,"====== Now let's start! ======
Based on the documents above, can you answer the following query? Print out the TITLE and ID of the documents you use to answer. Then format the answers into a list.
query: who is regarded as the founder of psychoanalysis
"
118609.0,0.0,256,17489.608704,103,17489.608704,118609.0,test,147.456,Final Answer: ,nq_128k,['103'],17.489608704,17.489608704,"====== Now let's start! ======
Based on the documents above, can you answer the following query? Print out the TITLE and ID of the documents you use to answer. Then format the answers into a list.
query: how many national parks are present in india
"
118609.0,0.0,256,17489.608704, ['1961'],17489.608704,118609.0,test,147.456,Final Answer: ,nq_128k,['1945' '1961'],17.489608704,17.489608704,"====== Now let's start! ======
Based on the documents above, can you answer the following query? Print out the TITLE and ID of the documents you use to answer. Then format the answers into a list.
query: when did they start 3 pointers in basketball
"
118609.0,0.0,256,17489.608704," ['Common law', 'English law', 'Scots law', 'Northern Ireland law']",17489.608704,118609.0,test,147.456,Final Answer: ,nq_128k,['English law' 'Northern Ireland law' 'Scots law'],17.489608704,17.489608704,"====== Now let's start! ======
Based on the documents above, can you answer the following query? Print out the TITLE and ID of the documents you use to answer. Then format the answers into a list.
query: what type of legal system is used in the uk
"
118609.0,0.0,256,17489.608704, ['5.7 million customer accounts'],17489.608704,118609.0,test,147.456,Final Answer: ,nq_128k,['5.7 million' '5.7 million customer accounts'],17.489608704,17.489608704,"====== Now let's start! ======
Based on the documents above, can you answer the following query? Print out the TITLE and ID of the documents you use to answer. Then format the answers into a list.
query: how many customers does edf have in the uk
"
118609.0,0.0,256,17489.608704, ['Buffalo Lookout'],17489.608704,118609.0,test,147.456,Final Answer: ,nq_128k,['Buffalo Lookout' 'Lookout'],17.489608704,17.489608704,"====== Now let's start! ======
Based on the documents above, can you answer the following query? Print out the TITLE and ID of the documents you use to answer. Then format the answers into a list.
query: what is the highest peak in the ozarks
"
118609.0,0.0,256,17489.608704, ['InterContinental Hotels Group'],17489.608704,118609.0,test,147.456,Final Answer: ,nq_128k,['InterContinental Hotels Group'],17.489608704,17.489608704,"====== Now let's start! ======
Based on the documents above, can you answer the following query? Print out the TITLE and ID of the documents you use to answer. Then format the answers into a list.
query: who is the owner of the crowne plaza
"
118609.0,0.0,256,17489.608704," ['""Heroes and Villains"" is an episode of the BBC sitcom, Only Fools and Horses, first screened on 25 December 1996 as the first part of the 1996 Christmas trilogy and the thirteenth Christmas special.']",17489.608704,118609.0,test,147.456,Final Answer: ,nq_128k,"['""Heroes and Villains""']",17.489608704,17.489608704,"====== Now let's start! ======
Based on the documents above, can you answer the following query? Print out the TITLE and ID of the documents you use to answer. Then format the answers into a list.
query: batman and robin episode only fools and horses
"
118609.0,0.0,256,17489.608704," ['1923', 'Chinese Immigration Act', '1923']",17489.608704,118609.0,test,147.456,Final Answer: ,nq_128k,['1923'],17.489608704,17.489608704,"====== Now let's start! ======
Based on the documents above, can you answer the following query? Print out the TITLE and ID of the documents you use to answer. Then format the answers into a list.
query: when was the immigration act passed in canada
"
118609.0,0.0,256,17489.608704, ['Bhimrao Ramji Ambedkar'],17489.608704,118609.0,test,147.456,Final Answer: ,nq_128k,['Bhimrao Ramji Ambedkar'],17.489608704,17.489608704,"====== Now let's start! ======
Based on the documents above, can you answer the following query? Print out the TITLE and ID of the documents you use to answer. Then format the answers into a list.
query: who is known as the father of indian constitution
"
118609.0,0.0,256,17489.608704," ['Dean, Torvill and Karen Barber']",17489.608704,118609.0,test,147.456,Final Answer: ,nq_128k,['Ashley Roberts' 'Jason Gardiner' 'Karen Barber' 'Robin Cousins'],17.489608704,17.489608704,"====== Now let's start! ======
Based on the documents above, can you answer the following query? Print out the TITLE and ID of the documents you use to answer. Then format the answers into a list.
query: who were the judges on dancing on ice 2014
"
118609.0,0.0,256,17489.608704," ['the breast or lower chest of beef or veal', 'the primal rib']",17489.608704,118609.0,test,147.456,Final Answer: ,nq_128k,['breast or lower chest' 'the breast or lower chest'],17.489608704,17.489608704,"====== Now let's start! ======
Based on the documents above, can you answer the following query? Print out the TITLE and ID of the documents you use to answer. Then format the answers into a list.
query: where does a brisket come from on a cow
"
118609.0,0.0,256,17489.608704," ['over 3,800 years']",17489.608704,118609.0,test,147.456,Final Answer: ,nq_128k,"['over 3,800' 'over 3,800 years']",17.489608704,17.489608704,"====== Now let's start! ======
Based on the documents above, can you answer the following query? Print out the TITLE and ID of the documents you use to answer. Then format the answers into a list.
query: how long were the pyramids the tallest structure
"
118609.0,0.0,256,17489.608704, ['Richard Deacon'],17489.608704,118609.0,test,147.456,Final Answer: ,nq_128k,['Keith Thibodeaux'],17.489608704,17.489608704,"====== Now let's start! ======
Based on the documents above, can you answer the following query? Print out the TITLE and ID of the documents you use to answer. Then format the answers into a list.
query: who played little ricky on i love lucy show
"
118609.0,0.0,256,17489.608704," ['Season 2 began filming on September 21, 2011 and wrapped up on November 15, 2011.']",17489.608704,118609.0,test,147.456,Final Answer: ,nq_128k,"['April 24, 2018']",17.489608704,17.489608704,"====== Now let's start! ======
Based on the documents above, can you answer the following query? Print out the TITLE and ID of the documents you use to answer. Then format the answers into a list.
query: when does the new season on the 100 come out
"
118609.0,0.0,256,17489.608704," ['Ireland', 'Switzerland', 'United Kingdom', 'France', 'Spain', 'Portugal', 'Sweden', 'Denmark', 'Norway', 'Italy']",17489.608704,118609.0,test,147.456,Final Answer: ,nq_128k,"['Ireland' ""Ireland's Johnny Logan""]",17.489608704,17.489608704,"====== Now let's start! ======
Based on the documents above, can you answer the following query? Print out the TITLE and ID of the documents you use to answer. Then format the answers into a list.
query: who has won the eurovision song contest the most times
"
118609.0,0.0,256,17489.608704," ['CBS Television City, studios 41 and 43 in Hollywood', 'The Young and the Restless']",17489.608704,118609.0,test,147.456,Final Answer: ,nq_128k,['CBS Television City'],17.489608704,17.489608704,"====== Now let's start! ======
Based on the documents above, can you answer the following query? Print out the TITLE and ID of the documents you use to answer. Then format the answers into a list.
query: where do they film young and the restless
"
118609.0,0.0,256,17489.608704," ['The Life and Times of Maulana Azad', 'The Making of Modern India', 'The Indian Struggle for Freedom', 'The Indian Struggle for Freedom: A History of the Freedom Movement in India']",17489.608704,118609.0,test,147.456,Final Answer: ,nq_128k,['Ghubar-e-Khatir' 'India Wins Freedom' 'Tarjumanul Quran' 'Tazkirah'],17.489608704,17.489608704,"====== Now let's start! ======
Based on the documents above, can you answer the following query? Print out the TITLE and ID of the documents you use to answer. Then format the answers into a list.
query: list of books written by abul kalam azad
"
118609.0,0.0,256,17489.608704," ['Rick and Morty is an American adult animated science fiction comedy series created by Justin Roiland and Dan Harmon for Cartoon Network's late-night programming block Adult Swim. The series premiered on December 2, 2013, and the third season concluded on October 1, 2017. A fourth season has been mentioned, first by Harmon in a September 2017 interview, and later in the post-credits scene of the third season's finale. However,",17489.608704,118609.0,test,147.456,Final Answer: ,nq_128k,['late-night'],17.489608704,17.489608704,"====== Now let's start! ======
Based on the documents above, can you answer the following query? Print out the TITLE and ID of the documents you use to answer. Then format the answers into a list.
query: when does rick and morty play on tv
"
118609.0,0.0,256,17489.608704, ['Claudia Grace Wells'],17489.608704,118609.0,test,147.456,Final Answer: ,nq_128k,['Claudia Grace Wells'],17.489608704,17.489608704,"====== Now let's start! ======
Based on the documents above, can you answer the following query? Print out the TITLE and ID of the documents you use to answer. Then format the answers into a list.
query: who played jennifer in back to the future
"
118609.0,0.0,256,17489.608704," ['Egyptian hieroglyphs', 'Egyptian hieroglyphs']",17489.608704,118609.0,test,147.456,Final Answer: ,nq_128k,['Egyptian hieroglyphs' 'hieroglyphs'],17.489608704,17.489608704,"====== Now let's start! ======
Based on the documents above, can you answer the following query? Print out the TITLE and ID of the documents you use to answer. Then format the answers into a list.
query: what type of writing did ancient egypt use
"
118609.0,0.0,256,17489.608704," ['In the Book of Exodus', 'In the Gospel of Luke', 'In the Gospel of Matthew', 'In the Gospel of Mark', 'In the Gospel of John', 'In the Book of Job', 'In the Book of Psalms', 'In the Book of Proverbs', 'In the Book of Ecclesiastes', 'In the Book of Isaiah', 'In the Book of Jeremiah', 'In the Book of Ezekiel', 'In the Book of Daniel', 'In the",17489.608704,118609.0,test,147.456,Final Answer: ,nq_128k,['Numbers 22:28'],17.489608704,17.489608704,"====== Now let's start! ======
Based on the documents above, can you answer the following query? Print out the TITLE and ID of the documents you use to answer. Then format the answers into a list.
query: where does the donkey talk in the bible
"
118609.0,0.0,256,17489.608704,"1689, 16 December 1689, 1689, 1689, 1689, 1689, 1689, 1689, 1689, 1689, 1689, 1689, 1689, 1689, 1689, 1689, ",17489.608704,118609.0,test,147.456,Final Answer: ,nq_128k,['16 December 1689' '1689'],17.489608704,17.489608704,"====== Now let's start! ======
Based on the documents above, can you answer the following query? Print out the TITLE and ID of the documents you use to answer. Then format the answers into a list.
query: when did the bill of rights come out
"
118609.0,0.0,256,17489.608704," ['Bobby Beathard', 'Robert Brazile', 'Brian Dawkins', 'Jerry Kramer', 'Ray Lewis', 'Randy Moss', 'Terrell Owens', 'Brian Urlacher']",17489.608704,118609.0,test,147.456,Final Answer: ,nq_128k,"['Bobby Beathard' 'Brian Dawkins' 'Brian Urlacher' 'Jerry Kramer'
 'Randy Moss' 'Ray Lewis' 'Robert Brazile' 'Terrell Owens']",17.489608704,17.489608704,"====== Now let's start! ======
Based on the documents above, can you answer the following query? Print out the TITLE and ID of the documents you use to answer. Then format the answers into a list.
query: who was selected for the 2018 football hall of fame
"
118609.0,0.0,256,17489.608704, ['1945'],17489.608704,118609.0,test,147.456,Final Answer: ,nq_128k,['1945'],17.489608704,17.489608704,"====== Now let's start! ======
Based on the documents above, can you answer the following query? Print out the TITLE and ID of the documents you use to answer. Then format the answers into a list.
query: when was you'll never walk alone first released
"
118609.0,0.0,256,17489.608704," ['Hendersonville, North Carolina']",17489.608704,118609.0,test,147.456,Final Answer: ,nq_128k,"['Hendersonville, North Carolina' 'High Hampton Inn in Cashiers'
 'western North Carolina']",17.489608704,17.489608704,"====== Now let's start! ======
Based on the documents above, can you answer the following query? Print out the TITLE and ID of the documents you use to answer. Then format the answers into a list.
query: where was the remake of dirty dancing filmed
"
118609.0,0.0,256,17489.608704," ['from the name of the physician who first described it, George Huntington']",17489.608704,118609.0,test,147.456,Final Answer: ,nq_128k,['the physician George Huntington'],17.489608704,17.489608704,"====== Now let's start! ======
Based on the documents above, can you answer the following query? Print out the TITLE and ID of the documents you use to answer. Then format the answers into a list.
query: where did huntington's disease get its name
"
