retained_kv_memory_gb,answers,retained_context_tokens,compression_ratio,answer_prefix,task,uncompressed_kv_memory_gb,uncompressed_kv_memory_mb,predicted_answer,context_tokens,max_new_tokens,kv_memory_per_token_kb,split,retained_kv_memory_mb,question
17.723031552,"['2010 Senior Open Championship' '2014 Senior Open Championship'
 '2017 Senior Open Championship' '2018 Senior Open Championship'
 '2019 Senior Open Championship']",120192.0,0.0,Final Answer: ,qampari_128k,17.723031552,17723.031552, ['Senior Open Championship'],120192.0,256,147.456,dev,17723.031552,"====== Now let's start! ======
Based on the documents above, can you answer the following query? Print out the TITLE and ID of the documents you use to answer. Then format the answers into a list.
query: What competition is a Senior British Open Championship?
"
17.723031552,"['Anantaram' 'Kodiyettam' 'Mathilukal' 'Mukhamukham'
 'Oru Pennum Randaanum']",120192.0,0.0,Final Answer: ,qampari_128k,17.723031552,17723.031552," ['Oru Pennum Randaanum', 'Mukhamukham', 'Mathilukal', 'Aattakatha', 'Kodiyettam']",120192.0,256,147.456,dev,17723.031552,"====== Now let's start! ======
Based on the documents above, can you answer the following query? Print out the TITLE and ID of the documents you use to answer. Then format the answers into a list.
query: Which movie was screenwritten by Adoor Gopalakrishan?
"
17.723031552,"['Bradstone' 'Lezant' 'Plymouth' 'St Stephens by Launceston Rural'
 'Werrington']",120192.0,0.0,Final Answer: ,qampari_128k,17.723031552,17723.031552," ['Barrington', 'Bradstone', 'Bransfield Island', 'Bristol', 'Carrick', 'Dartmoor', 'Dunster', 'Exeter', 'Fowey', 'Hatherleigh', 'Launceston', 'Marwood', 'North Tawton', 'Plymouth', 'St Austell', 'St Budeaux', 'St Columb', 'St Dominic', 'St Germans', 'St Ives', 'St",120192.0,256,147.456,dev,17723.031552,"====== Now let's start! ======
Based on the documents above, can you answer the following query? Print out the TITLE and ID of the documents you use to answer. Then format the answers into a list.
query: What is the name of the settlement that is next to the Tamar River?
"
17.723031552,['Agnes' 'Montague' 'Rover' 'Sherbrooke' 'Sir John Sherbrooke'],120192.0,0.0,Final Answer: ,qampari_128k,17.723031552,17723.031552," ['Montague', 'Rover', 'Sir John Sherbrooke', 'Agnes (1849)', 'Gourdou-Leseurre GL.2', 'Gourdou-Leseurre GL.50', 'Gourdou-Leseurre GL.812 HY', 'Gourdou-Leseurre GL.832 HY', 'Gourdou-Leseurre GL.30', 'Gourdou-Leseurre GL.832 HY",120192.0,256,147.456,dev,17723.031552,"====== Now let's start! ======
Based on the documents above, can you answer the following query? Print out the TITLE and ID of the documents you use to answer. Then format the answers into a list.
query: Name the ships registered in Nova Scotia.
"
17.723031552,"['Allein zu dir, Herr Jesu Christ, BWV 33'
 'Ein feste Burg ist unser Gott, BWV 80'
 'O Ewigkeit, du Donnerwort, BWV 20'
 'Wachet auf, ruft uns die Stimme, BWV 140'
 'Wie schön leuchtet der Morgenstern, BWV 1']",120192.0,0.0,Final Answer: ,qampari_128k,17.723031552,17723.031552," ['Wie schön leuchtet der Morgenstern, BWV 20', 'Allein zu dir, Herr Jesu Christ, BWV 33', 'O Ewigkeit, du Donnerwort, BWV 20', 'Overture to the cantata ""Ouverture"" (BWV 106)', 'Overture to the cantata ""Ouverture"" (BWV 106)']",120192.0,256,147.456,dev,17723.031552,"====== Now let's start! ======
Based on the documents above, can you answer the following query? Print out the TITLE and ID of the documents you use to answer. Then format the answers into a list.
query: What composition is an example of a chorale cantata?
"
17.723031552,"['Alternate Americas' 'Alternate Empires' 'Alternate Heroes'
 'Alternate Wars' 'Nebula Awards Showcase 2000']",120192.0,0.0,Final Answer: ,qampari_128k,17.723031552,17723.031552," ['Alternate Empires', 'Alternate Heroes', 'Alternate Wars', 'Three Tales of Horror', 'The Secret History of Vampires', 'The Blackheath Bulletin', 'The Perfect General', 'The Traces of Light', 'The Blue Mountains Times', 'The Blue Mountain Echo', 'The Blue Mountains Advertiser', 'The Blackheath Bulletin', 'The Secret History of Vampires', 'The Secret History of Vampires', 'The Secret History of Vampires',",120192.0,256,147.456,dev,17723.031552,"====== Now let's start! ======
Based on the documents above, can you answer the following query? Print out the TITLE and ID of the documents you use to answer. Then format the answers into a list.
query: Gregory Benford edited what piece of writing?
"
17.723031552,"['Michele Serros' 'Paul Seaton' 'Sun Mingming' 'Terrance Dotsy'
 'Zack Thornton']",120192.0,0.0,Final Answer: ,qampari_128k,17.723031552,17723.031552," ['Steve Darcis', 'Matti Lives in Finland', 'Reilly Opelka', 'Yan Zi', 'Dustin Lynch']",120192.0,256,147.456,dev,17723.031552,"====== Now let's start! ======
Based on the documents above, can you answer the following query? Print out the TITLE and ID of the documents you use to answer. Then format the answers into a list.
query: What's the name of a former student from Ventura College?
"
17.723031552,['Aung Min' 'Maung Maung Ohn' 'Myint Swe' 'San Yu' 'Thein Sein'],120192.0,0.0,Final Answer: ,qampari_128k,17.723031552,17723.031552," ['Aung Min', 'Myint Swe', 'Min Aung Hlaing', 'Aung San Suu Kyi', 'Abu-Bakr Yunis Jabr', 'Abdul Fatah Younis', 'Mustafa Bin Dardef', 'Omar El-Hariri', 'Abu-Bakr Yunis Jabr', 'Abdul Fatah Younis', 'Mustafa Bin Dardef', 'Omar El-Hariri', '",120192.0,256,147.456,dev,17723.031552,"====== Now let's start! ======
Based on the documents above, can you answer the following query? Print out the TITLE and ID of the documents you use to answer. Then format the answers into a list.
query: What individual served in the Myanmar Army?
"
17.723031552,"['Chadron Public Library' 'Crawford County Courthouse'
 'Dr. A.O. Thomas House' 'Franklin County Courthouse'
 'Howard County Courthouse']",120192.0,0.0,Final Answer: ,qampari_128k,17.723031552,17723.031552," ['Dr. A.O. Thomas House', 'Elmendorf Christian Community', 'Franklin County Courthouse', 'Old City Hall', 'The Dr. A.O. Thomas House', 'The Elmendorf Christian Community', 'The Franklin County Courthouse', 'The Old City Hall']",120192.0,256,147.456,dev,17723.031552,"====== Now let's start! ======
Based on the documents above, can you answer the following query? Print out the TITLE and ID of the documents you use to answer. Then format the answers into a list.
query: What structures di George A. Berlinghof create?
"
17.723031552,"['Last of the Time Lords' 'Music of the Spheres'
 'The Unicorn and the Wasp' 'Time Crash' 'Voyage of the Damned']",120192.0,0.0,Final Answer: ,qampari_128k,17.723031552,17723.031552," ['The Doctor', 'Doctor Who', 'The Shakespeare Code', 'The Timeless Children', 'The Shakespeare Code']",120192.0,256,147.456,dev,17723.031552,"====== Now let's start! ======
Based on the documents above, can you answer the following query? Print out the TITLE and ID of the documents you use to answer. Then format the answers into a list.
query: What show was executively produced by Russell T Davies?
"
17.723031552,"[""2018 Kentucky Bank Tennis Championships – Men's Singles""
 ""2018 Kunming Open – Men's Doubles""
 ""2018 Stockton Challenger – Men's Singles""
 ""2019 Burnie International – Men's Doubles""
 ""2019 Launceston Tennis International – Men's Singles""]",120192.0,0.0,Final Answer: ,qampari_128k,17.723031552,17723.031552," ['2015 King Cup Final', '2018 Knoxville Challenger', '2019 Burnie International', '2019 Senior Open Championship', '2019 Launceston International', '2021 King Cup Final', '2021 Launceston Challenger', '2021 Launceston International', '2021 Launceston Open', '2021 Launceston Challenger']",120192.0,256,147.456,test,17723.031552,"====== Now let's start! ======
Based on the documents above, can you answer the following query? Print out the TITLE and ID of the documents you use to answer. Then format the answers into a list.
query: Which competition did the tennis man Lloyd Harris win?
"
17.723031552,"['Dead Heavens' 'Gorilla Biscuits' 'Quicksand' 'Rival Schools'
 'Walking Concert']",120192.0,0.0,Final Answer: ,qampari_128k,17.723031552,17723.031552," ['Gorilla Biscuits', 'Rival Schools', 'Quicksand', 'The Perfect General', 'Walking Concert']",120192.0,256,147.456,test,17723.031552,"====== Now let's start! ======
Based on the documents above, can you answer the following query? Print out the TITLE and ID of the documents you use to answer. Then format the answers into a list.
query: What groups was Walter Schreifels a member of?
"
17.723031552,['Arabsat-1A' 'Arabsat-1B' 'Arabsat-5A' 'Badr-4' 'INSAT-2DT'],120192.0,0.0,Final Answer: ,qampari_128k,17.723031552,17723.031552," ['Arabsat-1A', 'Arabsat-1B', 'Arabsat-5A', 'Badr-4', 'Arabsat-1C']",120192.0,256,147.456,test,17723.031552,"====== Now let's start! ======
Based on the documents above, can you answer the following query? Print out the TITLE and ID of the documents you use to answer. Then format the answers into a list.
query: What does the Arab Satellite Communications Organization own?
"
17.723031552,['Diplopedia' 'RationalWiki' 'Uncyclopedia' 'Veropedia' 'Wiktionary'],120192.0,0.0,Final Answer: ,qampari_128k,17.723031552,17723.031552," ['Wiktionary', 'Diplopedia', 'RationalWiki', 'Veropedia', 'Encyclopedia']",120192.0,256,147.456,test,17723.031552,"====== Now let's start! ======
Based on the documents above, can you answer the following query? Print out the TITLE and ID of the documents you use to answer. Then format the answers into a list.
query: What are the existing wiki projects ?
"
17.723031552,"['Chris McCormack' 'Chrissie Wellington' 'Helen Jenkins' 'Magali Messmer'
 'Pete Jacobs']",120192.0,0.0,Final Answer: ,qampari_128k,17.723031552,17723.031552," ['Helen Jenkins', 'Jamie Murray', 'Magali Di Marco', 'Reilly Opelka', 'Steve Staggs']",120192.0,256,147.456,test,17723.031552,"====== Now let's start! ======
Based on the documents above, can you answer the following query? Print out the TITLE and ID of the documents you use to answer. Then format the answers into a list.
query: Who was a notable triathlete ?
"
17.723031552,['Ammonia' 'Collins reagent' 'Dimethylformamide' 'Ethanol' 'Sodium azide'],120192.0,0.0,Final Answer: ,qampari_128k,17.723031552,17723.031552," ['Collins reagent', 'Estradiol benzoate/hydroxyprogesterone caproate', 'Estradiol cypionate/hydroxyprogesterone caproate', 'Estradiol valerate/hydroxyprogesterone caproate', 'Estradiol benzoate/estradiol valerate/hydroxyprogesterone caproate', 'Estradiol dipropionate/hydroxyprogesterone caproate",120192.0,256,147.456,test,17723.031552,"====== Now let's start! ======
Based on the documents above, can you answer the following query? Print out the TITLE and ID of the documents you use to answer. Then format the answers into a list.
query: What are the existing reagent compounds ?
"
17.723031552,"['Byeongsan Seowon' 'Dosan Seowon' 'Oksan Seowon' 'Seoak Seowon'
 'Sosu Seowon']",120192.0,0.0,Final Answer: ,qampari_128k,17.723031552,17723.031552," ['Dosan Seowon', 'Byeongsan Seowon', 'Oksan Seowon', 'Buckeye Seowon', 'Dora Milaje']",120192.0,256,147.456,test,17723.031552,"====== Now let's start! ======
Based on the documents above, can you answer the following query? Print out the TITLE and ID of the documents you use to answer. Then format the answers into a list.
query: What are some of the notable seowons ?
"
17.723031552,"[""2015 Wimbledon Championships – Boys' Singles""
 ""2016 Charlottesville Men's Pro Challenger – singles""
 '2018 BNP Paribas Primrose Bordeaux – singles'
 '2018 JSM Challenger of Champaign–Urbana – singles'
 '2018 Knoxville Challenger – singles']",120192.0,0.0,Final Answer: ,qampari_128k,17.723031552,17723.031552," ['2015 King Cup Final', '2015 Wimbledon Championships – Boys\' Singles', '2018 Senior Open Championship', '2018 U.S. Open Cup Final', '2018 Wimbledon Championships – Boys\' Singles', '2019 Senior Open Championship', '2021 King Cup Final', '2021 U.S. Open Cup Final', '2021 Wimbledon Championships – Boys\' Singles', '202",120192.0,256,147.456,test,17723.031552,"====== Now let's start! ======
Based on the documents above, can you answer the following query? Print out the TITLE and ID of the documents you use to answer. Then format the answers into a list.
query: In which sports competition did Reilly Opelka emerge victorious?
"
17.723031552,"['Christian Peter' 'Howard Barbieri' 'Jeff Kunkel' 'Knowshon Moreno'
 'Melanie McGuire']",120192.0,0.0,Final Answer: ,qampari_128k,17.723031552,17723.031552," ['Mohanlal', 'Mohanlal', 'Mohanlal', 'Mohanlal', 'Mohanlal']",120192.0,256,147.456,test,17723.031552,"====== Now let's start! ======
Based on the documents above, can you answer the following query? Print out the TITLE and ID of the documents you use to answer. Then format the answers into a list.
query: Who graduated from Middletown High School South?
"
17.723031552,"['2015 Città di Caltanissetta – singles'
 '2016 Open Città della Disfida – singles' '2016 Stockholm Open – doubles'
 '2017 Internationaux de Tennis de Vendée – singles'
 '2017 Internazionali di Tennis del Friuli Venezia Giulia – singles']",120192.0,0.0,Final Answer: ,qampari_128k,17.723031552,17723.031552," ['2015 King Cup Final', '2015 Città di Caltanissetta – Singles', '2015 Wimbledon Championships – Boys\' Singles', '2015 Senior Open Championship', '2015 Internationaux de Tennis de Vendée – Singles', '2015 BNP Paribas Primrose Bordeaux – Singles', '2015 Città di Caltanissetta – Singles', '201",120192.0,256,147.456,test,17723.031552,"====== Now let's start! ======
Based on the documents above, can you answer the following query? Print out the TITLE and ID of the documents you use to answer. Then format the answers into a list.
query: What competition did Elias Ymer win?
"
17.723031552,"['Antonio London' 'Bryan Morris' 'Dewon Brazelton' 'Dustin Lynch'
 'Jordan Sheffield']",120192.0,0.0,Final Answer: ,qampari_128k,17.723031552,17723.031552," ['Steve Darcis', 'Dewon Brazelton', 'Jordan Sheffield', 'Matti Lives in Finland', 'Sam Liu']",120192.0,256,147.456,test,17723.031552,"====== Now let's start! ======
Based on the documents above, can you answer the following query? Print out the TITLE and ID of the documents you use to answer. Then format the answers into a list.
query: Who are Tullahoma High School alumni?
"
17.723031552,"['Conditional release' 'Ghost' 'The Bright Day' 'The Sale'
 'The Traces of Light']",120192.0,0.0,Final Answer: ,qampari_128k,17.723031552,17723.031552," ['The Sale', 'Suddha', 'Snow White, Blood Red', '2010 MPS Group Championships – Doubles', '2015 Città di Caltanissetta – Men\'s Doubles', '2015 King Cup Final', '2015 Senior Open Championship', '2017 Internationaux de Tennis de Vendée – Singles', '2017 Senior Open Championship', '2018 Senior Open Championship",120192.0,256,147.456,test,17723.031552,"====== Now let's start! ======
Based on the documents above, can you answer the following query? Print out the TITLE and ID of the documents you use to answer. Then format the answers into a list.
query: For which motion picture was Hossein Shahabi responsible for production?
"
17.723031552,['Ego Ferguson' 'Jerry Janes' 'Ron Rivera' 'Roquan Smith' 'Will Sutton'],120192.0,0.0,Final Answer: ,qampari_128k,17.723031552,17723.031552," ['Steve Staggers', 'Dustin Lynch', 'Ego Ferguson', 'Devin Bush Jr.', 'Markus Münch']",120192.0,256,147.456,test,17723.031552,"====== Now let's start! ======
Based on the documents above, can you answer the following query? Print out the TITLE and ID of the documents you use to answer. Then format the answers into a list.
query: What lineback was drafted by the Chicago Bears?
"
17.723031552,"['Chamarajendra Wadiyar X' 'Kanthirava Narasaraja I'
 'Kanthirava Narasaraja II' 'Krishnaraja Wadiyar II'
 'Krishnaraja Wadiyar III' 'Mir Ghulam Ali']",120192.0,0.0,Final Answer: ,qampari_128k,17.723031552,17723.031552," ['Kanthirava Narasaraja II', 'Krishnaraja Wadiyar II', 'Krishnaraja Wadiyar III', 'Krishnaraja Wadiyar III', 'Chamarajendra Wadiyar X', 'Chamarajendra Wadiyar X', 'Chamarajendra Wadiyar X', 'Chamarajendra Wadiyar X', 'Chamarajendra Wadiyar X', 'Chamarajendra Wadiyar X']",120192.0,256,147.456,test,17723.031552,"====== Now let's start! ======
Based on the documents above, can you answer the following query? Print out the TITLE and ID of the documents you use to answer. Then format the answers into a list.
query: Who habitated the Kingdom of Mysore?
"
17.723031552,"['Gourdou-Leseurre GL-812 HY' 'Gourdou-Leseurre GL-832 HY'
 'Gourdou-Leseurre GL.2' 'Gourdou-Leseurre GL.30' 'Gourdou-Leseurre GL.50']",120192.0,0.0,Final Answer: ,qampari_128k,17.723031552,17723.031552," ['Gourdou-Leseurre GL.2', 'Gourdou-Leseurre GL.50', 'Gourdou-Leseurre GL.812 HY', 'Gourdou-Leseurre GL.832 HY']",120192.0,256,147.456,test,17723.031552,"====== Now let's start! ======
Based on the documents above, can you answer the following query? Print out the TITLE and ID of the documents you use to answer. Then format the answers into a list.
query: What is something that Gourdou-Leseurre produced?
"
17.723031552,['Charles Eastman' 'Little Crow' 'Sitting Bull' 'Spotted Elk' 'Zitkala-Sa'],120192.0,0.0,Final Answer: ,qampari_128k,17.723031552,17723.031552," ['Matti Lives in Finland', 'Morgan Murray', 'Morgan Murray', 'Morgan Murray', 'Morgan Murray']",120192.0,256,147.456,test,17723.031552,"====== Now let's start! ======
Based on the documents above, can you answer the following query? Print out the TITLE and ID of the documents you use to answer. Then format the answers into a list.
query: Who spoke Sioux as their mother tongue?
"
17.723031552,['Amy Fote' 'Connor Walsh' 'Jun Shuang Huang' 'Simon Ball' 'Stanton Welch'],120192.0,0.0,Final Answer: ,qampari_128k,17.723031552,17723.031552," ['Connor Walsh', 'Jun Shuang Huang', 'Chalnessa Eames', 'Marc Silvestri', 'Mohanlal']",120192.0,256,147.456,test,17723.031552,"====== Now let's start! ======
Based on the documents above, can you answer the following query? Print out the TITLE and ID of the documents you use to answer. Then format the answers into a list.
query: Who is employed by the Houston Ballet?
"
17.723031552,"['Carlos García Cambón' 'Gustavo Alfaro' 'Jorge José Benítez'
 'Mario Fortunato' 'Miguel Ángel Russo']",120192.0,0.0,Final Answer: ,qampari_128k,17.723031552,17723.031552," ['Gustavo Alfaro', 'Marcel Granollers', 'Michele Serros', 'Mick Walker', 'Omar El-Hariri']",120192.0,256,147.456,test,17723.031552,"====== Now let's start! ======
Based on the documents above, can you answer the following query? Print out the TITLE and ID of the documents you use to answer. Then format the answers into a list.
query: Who provided coaching for the Boca Juniors athletic team?
"
17.723031552,"['After the Rain' ""Alice's Adventures in Wonderland""
 'An American in Paris' 'Carousel' 'Liturgy']",120192.0,0.0,Final Answer: ,qampari_128k,17.723031552,17723.031552," ['Alice's Adventures in Wonderland', 'Carousel (A Dance)', 'The Little Humpbacked Horse', 'The Story About Ping', 'The Traces of Light']",120192.0,256,147.456,test,17723.031552,"====== Now let's start! ======
Based on the documents above, can you answer the following query? Print out the TITLE and ID of the documents you use to answer. Then format the answers into a list.
query: Which ballet features dances were choreographed by Christopher Wheeldon?
"
17.723031552,"['Custodio Parcon' 'Domingo Deluana' 'Herminigildo Yurong'
 'Lolinato To-ong' 'Tomas Campo Jr.']",120192.0,0.0,Final Answer: ,qampari_128k,17.723031552,17723.031552," ['Domingo Deluana', 'Lolinato To-ong', 'Matti Lives in Finland', 'Omar El-Hariri', 'Reilly Opelka']",120192.0,256,147.456,test,17723.031552,"====== Now let's start! ======
Based on the documents above, can you answer the following query? Print out the TITLE and ID of the documents you use to answer. Then format the answers into a list.
query: What famous person was remembered for serving in the Philippine Marine corps?
"
17.723031552,"['Asterix and Cleopatra' ""Asterix and the Chieftain's Shield""
 'Asterix and the Great Crossing' 'Asterix in Belgium' 'Obelix and Co.']",120192.0,0.0,Final Answer: ,qampari_128k,17.723031552,17723.031552," ['Asterix and the Chieftain's Shield', 'Asterix and the Great Crossing', 'Asterix and the Nine Gallant Knights', 'Asterix and the Secret of the Sword', 'Asterix and the Twelve Tasks of Hercules', 'Asterix and the War of the Worlds', 'Asterix in Belgium', 'Asterix and the Battle of Dąbrowa', 'Asterix and the Catapult', 'Aster",120192.0,256,147.456,test,17723.031552,"====== Now let's start! ======
Based on the documents above, can you answer the following query? Print out the TITLE and ID of the documents you use to answer. Then format the answers into a list.
query: Albert Uderzo illustrated what comic?
"
17.723031552,"['Battle Creek' 'Better Call Saul' 'Breaking Bad' 'The Lone Gunmen'
 'The X-Files']",120192.0,0.0,Final Answer: ,qampari_128k,17.723031552,17723.031552," ['The X-Files', 'Breaking Bad', 'Better Call Saul', 'Battle Creek', 'Quantico']",120192.0,256,147.456,test,17723.031552,"====== Now let's start! ======
Based on the documents above, can you answer the following query? Print out the TITLE and ID of the documents you use to answer. Then format the answers into a list.
query: Vince Gilligan was the executive producer of what television program?
"
17.723031552,"['Ivo Babuška' 'Petr Vopěnka' 'Vlastimil Dlab' 'Věra Trnková'
 'Zdeněk Frolík']",120192.0,0.0,Final Answer: ,qampari_128k,17.723031552,17723.031552," ['Zdeněk Frolík', 'Věra Trnková', 'Miki Daughtry', 'Tobias Iaconis', 'Mikki Daughtry']",120192.0,256,147.456,test,17723.031552,"====== Now let's start! ======
Based on the documents above, can you answer the following query? Print out the TITLE and ID of the documents you use to answer. Then format the answers into a list.
query: Eduard Čech was the doctoral advisor to whom?
"
17.723031552,"['MS European Seaway' 'MS Pride of Burgundy' 'MS Pride of Calais'
 'MS Pride of Dover' 'MS Spirit of France']",120192.0,0.0,Final Answer: ,qampari_128k,17.723031552,17723.031552," ['MS European Seaway', 'MS Pride of Dover', 'MS Pride of Burgundy', 'MS Pride of Calais', 'MS Pride of France']",120192.0,256,147.456,test,17723.031552,"====== Now let's start! ======
Based on the documents above, can you answer the following query? Print out the TITLE and ID of the documents you use to answer. Then format the answers into a list.
query: Which vessels had a home port of Dover?
"
17.723031552,['argon' 'helium' 'krypton' 'neon' 'xenon'],120192.0,0.0,Final Answer: ,qampari_128k,17.723031552,17723.031552," ['Helium', 'Neon', 'Xenon', 'Krypton']",120192.0,256,147.456,test,17723.031552,"====== Now let's start! ======
Based on the documents above, can you answer the following query? Print out the TITLE and ID of the documents you use to answer. Then format the answers into a list.
query: What did WIlliam Ramsey discover?
"
17.723031552,"['Detention River Christian Community' 'Elmendorf Christian Community'
 'Milltown Hutterite Colony' 'Owa Hutterite Colony' 'Schmiedeleut']",120192.0,0.0,Final Answer: ,qampari_128k,17.723031552,17723.031552," ['Elmendorf Christian Community', 'Milltown Hutterite Colony', 'Onges', 'Schmiedeleut', 'The Hutterite Christian Communities']",120192.0,256,147.456,test,17723.031552,"====== Now let's start! ======
Based on the documents above, can you answer the following query? Print out the TITLE and ID of the documents you use to answer. Then format the answers into a list.
query: What group or person identifies itself as Hutterite?
"
17.723031552,['Alice Lon' 'Elena Jahn' 'Paul Klee' 'Perry DeAngelis' 'Will Sampson'],120192.0,0.0,Final Answer: ,qampari_128k,17.723031552,17723.031552," ['Carolyn Hougan', 'Melanie McGuire', 'Matti Lives in Finland', 'Mohanlal', 'Morgan Fumagalli', 'Morten Kjærulf', 'Nathan Aitken', 'Paul Klee', 'Paul Smith', 'Perry DeAngelis', 'Ralph Macchio', 'Sandra Day', 'Solomon Levy', 'Teri Greeves', 'William Aitken']",120192.0,256,147.456,test,17723.031552,"====== Now let's start! ======
Based on the documents above, can you answer the following query? Print out the TITLE and ID of the documents you use to answer. Then format the answers into a list.
query: Whose cause of death was scleroderma?
"
17.723031552,"[""2008 Pilot Pen Tennis – Men's Singles"" '2009 Chennai Open – singles'
 '2010 Aircel Chennai Open – singles' '2010 PBZ Zagreb Indoors – singles'
 '2011 St. Petersburg Open – singles']",120192.0,0.0,Final Answer: ,qampari_128k,17.723031552,17723.031552," ['2006 Australian Open – Women's Doubles', '2008 Internationaux de Tennis de Vendée – Singles', '2010 MPS Group Championships – Doubles', '2015 Città di Caltanissetta – Men's Singles', '2017 Internationaux de Tennis de Vendée – Singles', '2018 Senior Open Championship', '2019 King Cup Final', '2021 Gran",120192.0,256,147.456,test,17723.031552,"====== Now let's start! ======
Based on the documents above, can you answer the following query? Print out the TITLE and ID of the documents you use to answer. Then format the answers into a list.
query: Marin Čilić was the victor of which competition?
"
17.723031552,"['Agys Ramsaran Verma' 'Lokendra Singh' 'Mithlesh Kumar'
 'Mukund Lal Agrawal' 'Virendra Singh']",120192.0,0.0,Final Answer: ,qampari_128k,17.723031552,17723.031552," ['Mohanlal', 'Mithlesh Kumar', 'Mohanlal', 'Mohanlal', 'Mohanlal']",120192.0,256,147.456,test,17723.031552,"====== Now let's start! ======
Based on the documents above, can you answer the following query? Print out the TITLE and ID of the documents you use to answer. Then format the answers into a list.
query: Who is a former student from Bareilly College?
"
17.723031552,['Breakfast' 'Rush TV' 'Us Girls' 'Wazzup Wazzup' 'Y Speak'],120192.0,0.0,Final Answer: ,qampari_128k,17.723031552,17723.031552," ['The Blackheath Bulletin', 'Break My Stride', 'Children of the World', 'Children's Everywhere', 'Dead Heavens', 'Dewon Brazelton', 'Estradiol valerate/hydroxyprogesterone caproate', 'F. R. E. B. A. C. E. (The Doctor)', 'Gorilla Biscuits', 'Helen Jenkins', 'Milltown Hutterite Colony', 'Monster Soul', '",120192.0,256,147.456,test,17723.031552,"====== Now let's start! ======
Based on the documents above, can you answer the following query? Print out the TITLE and ID of the documents you use to answer. Then format the answers into a list.
query: What TV show originally was broadcast by Studio 23?
"
17.723031552,"['Edward Kennion' 'Eleanor Coade' 'Theodora Cowan' 'William Pether'
 'William Wynne Ryland']",120192.0,0.0,Final Answer: ,qampari_128k,17.723031552,17723.031552," ['Eleanor Coade', 'William Pether', 'William Thomas']",120192.0,256,147.456,test,17723.031552,"====== Now let's start! ======
Based on the documents above, can you answer the following query? Print out the TITLE and ID of the documents you use to answer. Then format the answers into a list.
query: The Society of Artists has which person as a member?
"
17.723031552,['Nirel' 'Oriyardori Asal' 'Rang' 'Sompa' 'Suddha'],120192.0,0.0,Final Answer: ,qampari_128k,17.723031552,17723.031552," ['Suddha', 'Ooru Pennum Randaanum', 'Oriyardori Asal', 'Oksan Seowon', 'Dosan Seowon', 'Byeongsan Seowon', 'Bojja']",120192.0,256,147.456,test,17723.031552,"====== Now let's start! ======
Based on the documents above, can you answer the following query? Print out the TITLE and ID of the documents you use to answer. Then format the answers into a list.
query: Which movie originally had dialogue spoken in Tulu?
"
17.723031552,"['Bright Eyes' 'Conor Oberst and the Mystic Valley Band' 'Desaparecidos'
 'Monsters of Folk' 'Park Ave.']",120192.0,0.0,Final Answer: ,qampari_128k,17.723031552,17723.031552," ['Bright Eyes', 'Conor Oberst and the Mystic Valley Band', 'Lagwagon', 'The Desaparecidos']",120192.0,256,147.456,test,17723.031552,"====== Now let's start! ======
Based on the documents above, can you answer the following query? Print out the TITLE and ID of the documents you use to answer. Then format the answers into a list.
query: Conor Oberst is part of what musical group?
"
17.723031552,"['1998 Asian Super Cup' '2015 King Cup Final' '2015 Saudi Super Cup'
 '2016 King Cup Final' '2017–18 Saudi Professional League']",120192.0,0.0,Final Answer: ,qampari_128k,17.723031552,17723.031552," ['2015 King Cup Final', '2015 Saudi Super Cup', '2016 Saudi Super Cup', '2017 King Cup Final', '2018 King Cup Final', '2019 King Cup Final']",120192.0,256,147.456,test,17723.031552,"====== Now let's start! ======
Based on the documents above, can you answer the following query? Print out the TITLE and ID of the documents you use to answer. Then format the answers into a list.
query: Which contests did Al-Nassr take part in?
"
17.723031552,['Baojun 510' 'Baojun 530' 'Baojun 630' 'Baojun 730' 'Baojun E300'],120192.0,0.0,Final Answer: ,qampari_128k,17.723031552,17723.031552," ['Baojun 510', 'Baojun 530', 'Baojun 630', 'Baojun 730', 'Baojun 530 Plus']",120192.0,256,147.456,test,17723.031552,"====== Now let's start! ======
Based on the documents above, can you answer the following query? Print out the TITLE and ID of the documents you use to answer. Then format the answers into a list.
query: What car does the brand Baojun produce?
"
17.723031552,['Bobby Hope' 'Harold Bodle' 'John Barton' 'Kevin Poole' 'Mick Walker'],120192.0,0.0,Final Answer: ,qampari_128k,17.723031552,17723.031552," ['Jerry Janes', 'Gary Megson', 'Jim Zub', 'Matthew Harriott', 'David Paulson']",120192.0,256,147.456,test,17723.031552,"====== Now let's start! ======
Based on the documents above, can you answer the following query? Print out the TITLE and ID of the documents you use to answer. Then format the answers into a list.
query: What person was in charge of Burton Albion F.C.?
"
17.723031552,"['330 West 42nd Street' 'Ideal House' 'Ocean Forest Hotel'
 'Rockefeller Center' 'Scranton Cultural Center']",120192.0,0.0,Final Answer: ,qampari_128k,17.723031552,17723.031552," ['Ocean Forest Hotel', 'Old City Hall', 'The Dr. A.O. Thomas House', 'The Elmendorf Christian Community', 'The Perfect General']",120192.0,256,147.456,test,17723.031552,"====== Now let's start! ======
Based on the documents above, can you answer the following query? Print out the TITLE and ID of the documents you use to answer. Then format the answers into a list.
query: Which architectural structure did Raymond Hood design?
"
17.723031552,"['Coppélia' 'La Vivandière or Markitenka' 'La source' 'Pâquerette'
 'The Little Humpbacked Horse']",120192.0,0.0,Final Answer: ,qampari_128k,17.723031552,17723.031552," ['Ballet', 'Dance', 'Dance', 'Dance', 'Dance']",120192.0,256,147.456,test,17723.031552,"====== Now let's start! ======
Based on the documents above, can you answer the following query? Print out the TITLE and ID of the documents you use to answer. Then format the answers into a list.
query: Arthur Saint-Léon choreographed what kind of dance?
"
17.723031552,['Amdo Tibetan' 'Central Tibetan' 'Khams Tibetan' 'Ladakhi' 'Tibetan'],120192.0,0.0,Final Answer: ,qampari_128k,17.723031552,17723.031552," ['Amdo Tibetan', 'Central Tibetan', 'Khams Tibetan', 'Lhasa Tibetan', 'Uyghur']",120192.0,256,147.456,test,17723.031552,"====== Now let's start! ======
Based on the documents above, can you answer the following query? Print out the TITLE and ID of the documents you use to answer. Then format the answers into a list.
query: Which language is native to Tibet?
"
17.723031552,"['Good Morning Britain' ""Hey, Hey, It's Saturday!"" 'The Shoe People'
 'Wacaday' 'Wide Awake Club']",120192.0,0.0,Final Answer: ,qampari_128k,17.723031552,17723.031552," ['Wacaday', 'Wide Awake Club', 'Children of the World', 'The Little Hound', 'The Perfect General', 'The Blackheath Bulletin', 'The Hound of Florence', 'The Perfect General', 'The Perfect General', 'The Perfect General']",120192.0,256,147.456,test,17723.031552,"====== Now let's start! ======
Based on the documents above, can you answer the following query? Print out the TITLE and ID of the documents you use to answer. Then format the answers into a list.
query: What TV show was originally on TV-AM?
"
17.723031552,"['Geita Gold Mine' 'Sadiola Gold Mine' 'Sunrise Dam Gold Mine'
 'TauTona Mine' 'Yatela Mine']",120192.0,0.0,Final Answer: ,qampari_128k,17.723031552,17723.031552," ['Aneroid Lake', 'Dollar Lake', 'Le Goulet', 'Morila Gold Mine', 'Sadiola Gold Mine', 'Yatela Mine', 'TauTona Mine', 'Buckskin Mine', 'Oroville Mine', 'Pico da Neblina National Park']",120192.0,256,147.456,test,17723.031552,"====== Now let's start! ======
Based on the documents above, can you answer the following query? Print out the TITLE and ID of the documents you use to answer. Then format the answers into a list.
query: Which facility does AngloGold Ashanti own?
"
17.723031552,['Auguste Piccard' 'Ben Franklin' 'F.-A. Forel' 'Goliath' 'Titan'],120192.0,0.0,Final Answer: ,qampari_128k,17.723031552,17723.031552," ['Gourdou-Leseurre GL.2', 'Gourdou-Leseurre GL.812 HY', 'Gourdou-Leseurre GL.50', 'Gourdou-Leseurre GL.30', 'Gourdou-Leseurre GL.832 HY']",120192.0,256,147.456,test,17723.031552,"====== Now let's start! ======
Based on the documents above, can you answer the following query? Print out the TITLE and ID of the documents you use to answer. Then format the answers into a list.
query: What items did Giovanola produce?
"
17.723031552,"['Adam Wakeman' 'Geoff Nicholls' 'Neil Murray' 'Tony Martin'
 'Vinny Appice']",120192.0,0.0,Final Answer: ,qampari_128k,17.723031552,17723.031552," ['Tony Iommi', 'Geezer Butler', 'Bill Ward', 'Ozzy Osbourne', 'Glenn Tipton']",120192.0,256,147.456,test,17723.031552,"====== Now let's start! ======
Based on the documents above, can you answer the following query? Print out the TITLE and ID of the documents you use to answer. Then format the answers into a list.
query: Black Sabbath had who as a member?
"
17.723031552,"['633 Squadron' 'The Great Escape' 'The Satan Bug' 'To Sir, with Love'
 'Walk Like a Dragon']",120192.0,0.0,Final Answer: ,qampari_128k,17.723031552,17723.031552," ['The Great Escape', 'The Producers', 'The Texas Chainsaw Massacre', 'Young Frankenstein', 'The 1923 film ""The Great Escape""']",120192.0,256,147.456,test,17723.031552,"====== Now let's start! ======
Based on the documents above, can you answer the following query? Print out the TITLE and ID of the documents you use to answer. Then format the answers into a list.
query: James Clavell was screenwriter for what movie?
"
17.723031552,"['Bad Astronaut' ""Joey Cape's Bad Loud"" 'Lagwagon'
 'Me First and the Gimme Gimmes' 'The Playing Favorites']",120192.0,0.0,Final Answer: ,qampari_128k,17.723031552,17723.031552," ['Gorilla Biscuits', 'Bad Astronaut', 'Rival Schools', 'The Playing Favorites', 'Lagwagon']",120192.0,256,147.456,test,17723.031552,"====== Now let's start! ======
Based on the documents above, can you answer the following query? Print out the TITLE and ID of the documents you use to answer. Then format the answers into a list.
query: Joey Cape is part of what musical group?
"
17.723031552,"['Blaine Island' 'Magic Island' 'Scotts Island' 'Tyler Island'
 'Wilson Island (West Virginia)']",120192.0,0.0,Final Answer: ,qampari_128k,17.723031552,17723.031552," ['Dollar Lake', 'Roger Lake', 'Tyler Island', 'Wilson River Bridge', 'Blaine Island']",120192.0,256,147.456,test,17723.031552,"====== Now let's start! ======
Based on the documents above, can you answer the following query? Print out the TITLE and ID of the documents you use to answer. Then format the answers into a list.
query: What geographic entity is next to Kanawha River?
"
17.723031552,"['Arthur Mann' 'George Kerr' 'Jimmy Cringan' ""Ray O'Brien"" 'Rob Scott']",120192.0,0.0,Final Answer: ,qampari_128k,17.723031552,17723.031552," ['Gary Hastings', 'Gary Megson', 'Neil Murray', 'John Barton', 'Mick Walker']",120192.0,256,147.456,test,17723.031552,"====== Now let's start! ======
Based on the documents above, can you answer the following query? Print out the TITLE and ID of the documents you use to answer. Then format the answers into a list.
query: Who was the coach of Boston United FC?
"
17.723031552,"['Colton Greene' 'David Rice Atchison' 'Frank James' 'M. Jeff Thompson'
 'Sterling Price']",120192.0,0.0,Final Answer: ,qampari_128k,17.723031552,17723.031552," ['Markus Münch', 'John Burroughs Hopkins', 'Frank James', 'Dewon Brazelton', 'Jerry Janes', 'Colton Greene', 'David Paulson', 'Jameson Irish Whiskey', 'Greg Hastings', 'John Barton', 'John Ordronaux', 'John Toohey', 'John Burroughs Hopkins', 'John Ordronaux', 'John Toohey', 'John Burroughs Hopkins', 'John Ordronaux', 'John",120192.0,256,147.456,test,17723.031552,"====== Now let's start! ======
Based on the documents above, can you answer the following query? Print out the TITLE and ID of the documents you use to answer. Then format the answers into a list.
query: Who is within the Missouri State Guard?
"
17.723031552,"['Death Stalks the Night' 'Sleep No More' 'Three Tales of Horror'
 'Who Knocks?' 'Worse Things Waiting']",120192.0,0.0,Final Answer: ,qampari_128k,17.723031552,17723.031552," ['Three Tales of Horror', 'Death Stalks the Night', 'The Blackheath Bulletin', 'Snow White, Blood Red', 'The Hound of Florence', 'The Little Humpbacked Horse', 'The Secret History of Vampires', 'The Secret History of Vampires', 'The Secret History of Vampires', 'The Secret History of Vampires', 'The Secret History of Vampires', 'The Secret History of Vampires', 'The",120192.0,256,147.456,test,17723.031552,"====== Now let's start! ======
Based on the documents above, can you answer the following query? Print out the TITLE and ID of the documents you use to answer. Then format the answers into a list.
query: What piece of literature featured illustrations by Lee Brown Coye?
"
17.723031552,"['Black Thorn, White Rose' 'Ruby Slippers, Golden Tears'
 'Salon Fantastique' 'Snow White, Blood Red'
 ""Year's Best Fantasy and Horror""]",120192.0,0.0,Final Answer: ,qampari_128k,17.723031552,17723.031552," ['The Best Horror of the Year', 'The Best Horror of the Year', 'The Best Horror of the Year', 'The Best Horror of the Year', 'The Best Horror of the Year', 'The Best Horror of the Year', 'The Best Horror of the Year', 'The Best Horror of the Year', 'The Best Horror of the Year', 'The Best Horror of the Year']",120192.0,256,147.456,test,17723.031552,"====== Now let's start! ======
Based on the documents above, can you answer the following query? Print out the TITLE and ID of the documents you use to answer. Then format the answers into a list.
query: Which work of literature did Terri Windling edit?
"
17.723031552,['Central Ojibwa' 'Eastern Ojibwa' 'Mohawk' 'Northwestern Ojibwa' 'Oneida'],120192.0,0.0,Final Answer: ,qampari_128k,17.723031552,17723.031552, ['Ojibwa'],120192.0,256,147.456,test,17723.031552,"====== Now let's start! ======
Based on the documents above, can you answer the following query? Print out the TITLE and ID of the documents you use to answer. Then format the answers into a list.
query: What is Ontario's native language ?
"
17.723031552,"['Florida State Road 112' 'Florida State Road 836'
 'Florida State Road 874' 'Florida State Road 878'
 'Florida State Road 924']",120192.0,0.0,Final Answer: ,qampari_128k,17.723031552,17723.031552," ['Dollar Lake', 'Florida State Road 874', 'Florida State Road 878', 'Florida State Road 924', 'Florida State Road 112']",120192.0,256,147.456,test,17723.031552,"====== Now let's start! ======
Based on the documents above, can you answer the following query? Print out the TITLE and ID of the documents you use to answer. Then format the answers into a list.
query: What structures does the Miami-Dade Expressway Authority keep in good working condition?
"
17.723031552,['Aneroid Lake' 'Bonny Lakes' 'Dollar Lake' 'Legore Lake' 'Roger Lake'],120192.0,0.0,Final Answer: ,qampari_128k,17.723031552,17723.031552," ['Aneroid Lake', 'Bonny Lakes', 'Dollar Lake', 'Roger Lake', 'Le G ore Lake']",120192.0,256,147.456,test,17723.031552,"====== Now let's start! ======
Based on the documents above, can you answer the following query? Print out the TITLE and ID of the documents you use to answer. Then format the answers into a list.
query: Which landform is located in the protected area Eagle Cap Wilderness?
"
17.723031552,"['A Girl Worth Fighting For' 'Beautiful Disaster' 'Break My Stride'
 'Honor to Us All' 'Mulan' 'Reflection']",120192.0,0.0,Final Answer: ,qampari_128k,17.723031552,17723.031552," ['Break My Stride', 'Reflection', 'Springtime for Hitler', 'The Producers', 'Young Frankenstein']",120192.0,256,147.456,test,17723.031552,"====== Now let's start! ======
Based on the documents above, can you answer the following query? Print out the TITLE and ID of the documents you use to answer. Then format the answers into a list.
query: What tracks did Matthew Wilder compose?
"
17.723031552,"['Bee and PuppyCat' 'Castlevania' 'My Life as a Teenage Robot'
 'Oh Yeah! Cartoons' 'Random! Cartoons']",120192.0,0.0,Final Answer: ,qampari_128k,17.723031552,17723.031552," ['Oh Yeah! Cartoons', 'Random! Cartoons', 'Wide Awake Club', 'Wacaday', 'The Playing Favorites']",120192.0,256,147.456,test,17723.031552,"====== Now let's start! ======
Based on the documents above, can you answer the following query? Print out the TITLE and ID of the documents you use to answer. Then format the answers into a list.
query: What TV show did Frederator Studios produce?
"
17.723031552,"['Curtis Brown' 'David Paulson' 'Devin Bush Jr.' 'Joshua Dobbs'
 'Mason Rudolph']",120192.0,0.0,Final Answer: ,qampari_128k,17.723031552,17723.031552," ['Steve S. Smith', 'Dustin Lynch', 'Joshua Hassan', 'Markus Münch', 'Markus Münch', 'Markus Münch', 'Markus Münch', 'Markus Münch', 'Markus Münch', 'Markus Münch', 'Markus Münch', 'Markus Münch', 'Markus Münch', 'Markus Münch', 'Markus Münch',",120192.0,256,147.456,test,17723.031552,"====== Now let's start! ======
Based on the documents above, can you answer the following query? Print out the TITLE and ID of the documents you use to answer. Then format the answers into a list.
query: The Pittsburgh Steelers drafted whom?
"
17.723031552,['Rassilon' 'Romana' 'Susan Foreman' 'The Doctor' 'The Master'],120192.0,0.0,Final Answer: ,qampari_128k,17.723031552,17723.031552, ['Doctor Who (character)'],120192.0,256,147.456,test,17723.031552,"====== Now let's start! ======
Based on the documents above, can you answer the following query? Print out the TITLE and ID of the documents you use to answer. Then format the answers into a list.
query: Which character's native language was Gallifreyan?
"
17.723031552,"['Frank Kitto' 'John Toohey' 'Michael McHugh' 'Patrick Keane'
 'William Deane']",120192.0,0.0,Final Answer: ,qampari_128k,17.723031552,17723.031552," ['John Toohey', 'Patrick Keane', 'Mohanlal', 'Gopi', 'K. P. A. C. Lalitha', 'M. Jeff Thompson', 'William Mazer', 'John Burroughs', 'Garry Hill', 'Gary Megson', 'David Hawley', 'John Ordronaux', 'William Deane', 'John Barton', 'M. R. Radha', 'S. Janaki', 'S. Susheelade",120192.0,256,147.456,test,17723.031552,"====== Now let's start! ======
Based on the documents above, can you answer the following query? Print out the TITLE and ID of the documents you use to answer. Then format the answers into a list.
query: Who served on the High Court of Australia as a Justice?
"
17.723031552,['Dan Panosian' 'Jim Zub' 'Marc Silvestri' 'Riley Rossmo' 'Sam Liu'],120192.0,0.0,Final Answer: ,qampari_128k,17.723031552,17723.031552," ['Rival Schools', 'Full Screen Mario', 'Gorilla Biscuits', 'Steve Staggs', 'Marc Silvestri', 'Riley Rossmo', 'Jim Zub', 'Greg Hastings', 'Dustin Lynch', 'Marc Silvestri', 'Marc Silvestri', 'Marc Silvestri', 'Marc Silvestri', 'Marc Silvestri', 'Marc Silvestri', 'Marc Silvestri', 'Marc Silvestri', 'Marc",120192.0,256,147.456,test,17723.031552,"====== Now let's start! ======
Based on the documents above, can you answer the following query? Print out the TITLE and ID of the documents you use to answer. Then format the answers into a list.
query: Who is employed by Image Comics?
"
17.723031552,"['Aattakatha' 'Onnum Mindatha Bharya' 'Paavam Poornima'
 'Thakilu Kottampuram' 'Visa']",120192.0,0.0,Final Answer: ,qampari_128k,17.723031552,17723.031552," ['Oru Pennum Randaanum', 'Mathilukal', 'Visa', 'Kanthirava Narasaraja II', 'Kodiyettam']",120192.0,256,147.456,test,17723.031552,"====== Now let's start! ======
Based on the documents above, can you answer the following query? Print out the TITLE and ID of the documents you use to answer. Then format the answers into a list.
query: What movie did Balu Kiriyath screenwrite for?
"
17.723031552,"[""Brock's Monument"" 'Old City Hall'
 ""St Matthew's Church, Duddeston and Nechells"" ""St. Michael's Cathedral""
 ""St. Paul's Presbyterian Church""]",120192.0,0.0,Final Answer: ,qampari_128k,17.723031552,17723.031552," ['Dr. A.O. Thomas House', 'Elmendorf Christian Community', 'Old City Hall (Guelph)', 'St. Paul's Presbyterian Church (Hamilton, Ontario)', 'The Dr. A.O. Thomas House', 'The Old City Hall (Guelph)']",120192.0,256,147.456,test,17723.031552,"====== Now let's start! ======
Based on the documents above, can you answer the following query? Print out the TITLE and ID of the documents you use to answer. Then format the answers into a list.
query: What buildings did William Thomas design?
"
17.723031552,"['1982 World Snooker Championship' '2002 World Snooker Championship'
 '2003 World Snooker Championship' '2004 World Snooker Championship'
 '2005 World Snooker Championship']",120192.0,0.0,Final Answer: ,qampari_128k,17.723031552,17723.031552," ['2002 World Snooker Championship', '2005 World Snooker Championship', '2008 World Snooker Championship', '2010 World Snooker Championship', '2015 World Snooker Championship', '2017 World Snooker Championship', '2019 World Snooker Championship']",120192.0,256,147.456,test,17723.031552,"====== Now let's start! ======
Based on the documents above, can you answer the following query? Print out the TITLE and ID of the documents you use to answer. Then format the answers into a list.
query: Embassy sponsored what competition?
"
17.723031552,"['Italian aircraft carrier Cavour'
 'Italian aircraft carrier Giuseppe Garibaldi'
 'Italian battleship Littorio' 'Italian battleship Roma' 'Vittorio Veneto']",120192.0,0.0,Final Answer: ,qampari_128k,17.723031552,17723.031552," ['Italian battleship Littorio', 'Italian battleship Vittorio Veneto', 'MS Pride of Burgundy', 'MS Spirit of France', 'MS European Seaway']",120192.0,256,147.456,test,17723.031552,"====== Now let's start! ======
Based on the documents above, can you answer the following query? Print out the TITLE and ID of the documents you use to answer. Then format the answers into a list.
query: What marine vessel was based out of Taranto?
"
17.723031552,"['Broken Horses' 'Mission Kashmir' 'Murder at Monkey Hill' 'Parinda'
 'Shikara']",120192.0,0.0,Final Answer: ,qampari_128k,17.723031552,17723.031552," ['Aattakatha', 'Bhadradeepam', 'Chandramukhi', 'Dhaka Attack', 'Ghazal', 'Kanthirava Narasaraja II', 'Mungaru Male', 'Oru Pennum Randaanum', 'Parinda', 'Suddha', 'The Little Humpbacked Horse', 'The Perfect General', 'The Sale', 'The Secret History of the Maratha Empire', 'The Secret History of",120192.0,256,147.456,test,17723.031552,"====== Now let's start! ======
Based on the documents above, can you answer the following query? Print out the TITLE and ID of the documents you use to answer. Then format the answers into a list.
query: Vidhu Vinod Chopra directed which film?
"
17.723031552,"['Anne Begg' 'Joseph Fairweather Lamb' 'Kevin Thomson' 'Kirstene Hair'
 'Robert Watson-Watt']",120192.0,0.0,Final Answer: ,qampari_128k,17.723031552,17723.031552," ['William Deane', 'John Barton', 'John Ordronaux', 'Mohanlal', 'Graham Allner', 'Mick Walker', 'John Burroughs', 'Gerald and Marcel Granollers', 'Steve Staggs', 'Gary Megson', 'Jerry Janes', 'Mark Abis', 'Garry Hill', 'Gareth Roberts', 'James Dempsey', 'Mick Farren', 'Graham Allner', 'Graham Allner",120192.0,256,147.456,test,17723.031552,"====== Now let's start! ======
Based on the documents above, can you answer the following query? Print out the TITLE and ID of the documents you use to answer. Then format the answers into a list.
query: Who was a graduate of Brechin High School?
"
17.723031552,"['Adam and Eve' 'Column X' 'Peter the Mariner'
 ""We'll Meet Again in the Heimat"" 'You Walk So Softly']",120192.0,0.0,Final Answer: ,qampari_128k,17.723031552,17723.031552," ['The Hound of Florence', 'The Hound of Florence', 'The Hound of Florence', 'The Hound of Florence', 'The Hound of Florence']",120192.0,256,147.456,test,17723.031552,"====== Now let's start! ======
Based on the documents above, can you answer the following query? Print out the TITLE and ID of the documents you use to answer. Then format the answers into a list.
query: What's the name of the film produced by Reinhold Schünzel?
"
17.723031552,"['Ace of Diamond' 'Attack on Titan' 'Giant Killing' 'Monster Soul'
 'The Seven Deadly Sins']",120192.0,0.0,Final Answer: ,qampari_128k,17.723031552,17723.031552," ['Rang', 'Snow White, Blood Red', 'The Perfect General', 'The Secret History of Vampires', 'The Blackheath Bulletin', 'The Hound of Florence', 'The Secret History of Vampires', 'The Perfect General', 'The Secret History of Vampires', 'The Blackheath Bulletin', 'The Hound of Florence', 'The Secret History of Vampires', 'The Perfect General', 'The Secret History of Vampires', '",120192.0,256,147.456,test,17723.031552,"====== Now let's start! ======
Based on the documents above, can you answer the following query? Print out the TITLE and ID of the documents you use to answer. Then format the answers into a list.
query: Kodansha USA published what literary works?
"
17.723031552,['Aung San Suu Kyi' 'Bamar' 'Min Aung Hlaing' 'Saw Wai' 'Win Tin'],120192.0,0.0,Final Answer: ,qampari_128k,17.723031552,17723.031552," ['Win Tin', 'Aung San Suu Kyi', 'Myint Swe', 'Aung Min', 'Min Aung Hlaing']",120192.0,256,147.456,test,17723.031552,"====== Now let's start! ======
Based on the documents above, can you answer the following query? Print out the TITLE and ID of the documents you use to answer. Then format the answers into a list.
query: Who was a native speaker of Burmese?
"
17.723031552,"['Anthony Lombard' 'Joshua Hassan' 'Julio Alcantara' 'Olga Zammitt'
 'Solomon Levy']",120192.0,0.0,Final Answer: ,qampari_128k,17.723031552,17723.031552," ['Anthony Lombard', 'Julio Alcantara', 'Solomon Levy', 'William Lombard', 'Oliver Benet']",120192.0,256,147.456,test,17723.031552,"====== Now let's start! ======
Based on the documents above, can you answer the following query? Print out the TITLE and ID of the documents you use to answer. Then format the answers into a list.
query: List all the Mayors of Gibraltar?
"
17.723031552,"['Aled Jones' 'Gethin Jones' 'Helen Carnell' 'John Stapleton'
 'Laura Tobin']",120192.0,0.0,Final Answer: ,qampari_128k,17.723031552,17723.031552," ['Gary Hastings', 'Gareth Jones', 'Graham Allner', 'John Barton', 'John Ordronaux', 'Kevin Thomson', 'Mick Walker', 'Paul Smith', 'Reilly Opelka', 'Steve Darcis']",120192.0,256,147.456,test,17723.031552,"====== Now let's start! ======
Based on the documents above, can you answer the following query? Print out the TITLE and ID of the documents you use to answer. Then format the answers into a list.
query: What journalist is featured on the show ITV breakfast?
"
17.723031552,"['Gulzar Uddin Ahmed' 'Md Mahfuzur Rahman' 'Moinul Hossain Chowdhury'
 'Rezzakul Haider Chowdhury' 'Shamsul Haque']",120192.0,0.0,Final Answer: ,qampari_128k,17.723031552,17723.031552," ['Abdul Fatah Younis', 'Gulzar Uddin Ahmed', 'Moinul Hossain Chowdhury', 'Shamsul Haque', 'Zdeněk Frolík']",120192.0,256,147.456,test,17723.031552,"====== Now let's start! ======
Based on the documents above, can you answer the following query? Print out the TITLE and ID of the documents you use to answer. Then format the answers into a list.
query: The Bangladesh Army military branch contains what person?
"
17.723031552,"['Barreiro/Anhemas Sustainable Development Reserve'
 'Caverna do Diabo State Park'
 'Pinheirinhos Sustainable Development Reserve'
 'Quilombos de Barra do Turvo Sustainable Development Reserve'
 'Rio Turvo State Park']",120192.0,0.0,Final Answer: ,qampari_128k,17.723031552,17723.031552," ['Barr do Turvo Sustainable Development Reserve', 'Quilombos do Médio Ribeira Environmental Protection Area', 'Rio Turvo State Park', 'Caverna do Diabo State Park', 'Morro dos Seis Lagos Biological Reserve']",120192.0,256,147.456,test,17723.031552,"====== Now let's start! ======
Based on the documents above, can you answer the following query? Print out the TITLE and ID of the documents you use to answer. Then format the answers into a list.
query: What geographical feature is located in or around Barra do Turvo?
"
17.723031552,"['Conan the Barbarian' 'Exeter' 'Frankenstein' 'Friday the 13th'
 'The Texas Chainsaw Massacre']",120192.0,0.0,Final Answer: ,qampari_128k,17.723031552,17723.031552," ['The Texas Chainsaw Massacre (2003 film)', 'The Hound of Florence', 'The Doctor (Doctor Who)', 'The Life Aquatic with Steve Zissou', 'Exeter', 'The Texas Chainsaw Massacre (1974 film)', 'The Doctor (Doctor Who)', 'The Life Aquatic with Steve Zissou', 'The Texas Chainsaw Massacre (2003 film)', 'The Texas Chainsaw Massacre (197",120192.0,256,147.456,test,17723.031552,"====== Now let's start! ======
Based on the documents above, can you answer the following query? Print out the TITLE and ID of the documents you use to answer. Then format the answers into a list.
query: What movies was Marcus Nispel the director of?
"
17.723031552,"[""2006 Australian Open – Women's Doubles""
 ""2006 Ordina Open – Women's Doubles""
 '2008 Internationaux de Strasbourg – doubles'
 ""2008 Medibank International – Women's Doubles""
 '2010 MPS Group Championships – doubles']",120192.0,0.0,Final Answer: ,qampari_128k,17.723031552,17723.031552," ['2006 Australian Open – Women's Doubles', '2010 MPS Group Championships – Doubles', '2015 King Cup Final', '2017 Internationaux de Tennis de Vendée – Singles', '2018 Senior Open Championship']",120192.0,256,147.456,test,17723.031552,"====== Now let's start! ======
Based on the documents above, can you answer the following query? Print out the TITLE and ID of the documents you use to answer. Then format the answers into a list.
query: What tennis competition was won by Yan Zi?
"
17.723031552,['Black Panther' 'Dora Milaje' 'Man-Ape' 'Okoye' 'Storm'],120192.0,0.0,Final Answer: ,qampari_128k,17.723031552,17723.031552," ['Black Panther', 'Okoye', 'Wakandan']",120192.0,256,147.456,test,17723.031552,"====== Now let's start! ======
Based on the documents above, can you answer the following query? Print out the TITLE and ID of the documents you use to answer. Then format the answers into a list.
query: Who possesses citizenship from Wakanda?
"
17.723031552,"['Beached Az' 'Maximum Choppage' 'Review with Myles Barlow' 'Soul Mates'
 'Twentysomething']",120192.0,0.0,Final Answer: ,qampari_128k,17.723031552,17723.031552," ['The Bright Day', 'The Playing Favorites', 'Wicked', 'Wicked', 'Wicked', 'Wicked', 'Wicked', 'Wicked', 'Wicked', 'Wicked', 'Wicked', 'Wicked', 'Wicked', 'Wicked', 'Wicked', 'Wicked', 'Wicked', 'Wicked', 'Wicked', 'Wicked', 'Wicked', 'Wicked', 'Wicked', 'Wicked', 'W",120192.0,256,147.456,test,17723.031552,"====== Now let's start! ======
Based on the documents above, can you answer the following query? Print out the TITLE and ID of the documents you use to answer. Then format the answers into a list.
query: Which TV show originally aired on ABC2?
"
17.723031552,"['Battles of Destiny' 'Conquered Kingdoms' ""Solitaire's Journey""
 'The Grandest Fleet' 'The Perfect General']",120192.0,0.0,Final Answer: ,qampari_128k,17.723031552,17723.031552," ['The Perfect General', 'Conquered Kingdoms', 'The Grandest Fleet', 'Battles of Destiny', 'The Perfect General II']",120192.0,256,147.456,test,17723.031552,"====== Now let's start! ======
Based on the documents above, can you answer the following query? Print out the TITLE and ID of the documents you use to answer. Then format the answers into a list.
query: Quantum Quality Productions published what piece of writing?
"
17.723031552,['Bob Knuth' 'Henry Mazer' 'Philip Farkas' 'Ray Still' 'Theodore Thomas'],120192.0,0.0,Final Answer: ,qampari_128k,17.723031552,17723.031552," ['Frank James', 'Petr Vopěnka', 'William Thomas', 'Theodore Thomas', 'Raymond Hood']",120192.0,256,147.456,test,17723.031552,"====== Now let's start! ======
Based on the documents above, can you answer the following query? Print out the TITLE and ID of the documents you use to answer. Then format the answers into a list.
query: The Chicago Symphony Orchestra employs whom?
"
17.723031552,"['Fantastic Mr. Fox' 'Hotel Chevalier' 'Rushmore'
 'The Life Aquatic with Steve Zissou' 'The Royal Tenenbaums']",120192.0,0.0,Final Answer: ,qampari_128k,17.723031552,17723.031552," ['Fantastic Mr. Fox', 'The Life Aquatic with Steve Zissou', 'The Royal Tenenbaums', 'Rushmore', 'The Darjeeling Limited']",120192.0,256,147.456,test,17723.031552,"====== Now let's start! ======
Based on the documents above, can you answer the following query? Print out the TITLE and ID of the documents you use to answer. Then format the answers into a list.
query: What movie was screenwritten by Wes Anderson?
"
17.723031552,"['1998 U.S. Open Cup Final' ""2004 CONCACAF Champions' Cup""
 '2011 U.S. Open Cup Final' 'Brimstone Cup' 'MLS Cup 2000']",120192.0,0.0,Final Answer: ,qampari_128k,17.723031552,17723.031552," ['2014 U.S. Open Cup Final', '2016 U.S. Open Cup Final', '2017 U.S. Open Cup Final', '2018 U.S. Open Cup Final', '2019 U.S. Open Cup Final']",120192.0,256,147.456,test,17723.031552,"====== Now let's start! ======
Based on the documents above, can you answer the following query? Print out the TITLE and ID of the documents you use to answer. Then format the answers into a list.
query: In which tournament was Chicago Fire FC a competitor?
"
17.723031552,"[""Children's Everywhere"" 'Elle Kari' 'Matti Lives in Finland'
 'Noy lives in Thailand' 'Sia lives on Kilimanjaro']",120192.0,0.0,Final Answer: ,qampari_128k,17.723031552,17723.031552," ['Mukhamukham', 'Oru Pennum Randaanum', 'The 2008 Internationaux de Tennis de Vendée – Singles', 'The 2010 PBZ Zagreb Indoors – Singles', 'The 2015 Città di Caltanissetta – Singles']",120192.0,256,147.456,test,17723.031552,"====== Now let's start! ======
Based on the documents above, can you answer the following query? Print out the TITLE and ID of the documents you use to answer. Then format the answers into a list.
query: What's the name of a book containing art by Anna Riwkin-Brick?
"
17.723031552,"['Big Creek Bridge' 'Conde McCullough Memorial Bridge'
 'Ten Mile Creek Bridge' 'Wilson River Bridge' 'Yaquina Bay Bridge']",120192.0,0.0,Final Answer: ,qampari_128k,17.723031552,17723.031552," ['Big Creek Bridge', 'Dollar Lake', 'Ten Mile Creek Bridge', 'Wilson River Bridge', 'Conde McCullough Memorial Bridge']",120192.0,256,147.456,test,17723.031552,"====== Now let's start! ======
Based on the documents above, can you answer the following query? Print out the TITLE and ID of the documents you use to answer. Then format the answers into a list.
query: What did Conde Balcom McCullough design?
"
17.723031552,"['Berthold Goldschmidt' 'Julius Bürger' 'Rudolf Kolisch' 'Walter Kaufmann'
 'Zdenka Ticharich']",120192.0,0.0,Final Answer: ,qampari_128k,17.723031552,17723.031552," ['Franklin County Courthouse (Nebraska)', 'Greg Hastings Tournament Paintball MAX\'D', 'Mark Abis', 'Markus Münch (footballer)', 'Matti Lives in Finland', 'Olga Zammitt', 'Petr Vopěnka', 'Richard Aitson', 'Solomon Levy', 'Zdeněk Frolík']",120192.0,256,147.456,test,17723.031552,"====== Now let's start! ======
Based on the documents above, can you answer the following query? Print out the TITLE and ID of the documents you use to answer. Then format the answers into a list.
query: Who studied under Franz Schreker?
"
17.723031552,"['Ayodele Casel' 'Fayard Nicholas' 'Harold Nicholas' 'Maceo Anderson'
 'Nicholas Brothers']",120192.0,0.0,Final Answer: ,qampari_128k,17.723031552,17723.031552," ['Gorilla Biscuits', 'Harold Nicholas', 'Mick Walker', 'Marc Silvestri', 'Walter Schreifels']",120192.0,256,147.456,test,17723.031552,"====== Now let's start! ======
Based on the documents above, can you answer the following query? Print out the TITLE and ID of the documents you use to answer. Then format the answers into a list.
query: Who worked as a tap dancer?
"
17.723031552,"['Czechoslovakian Naval Forces' 'Josef Šnejdárek' 'Ján Nálepka'
 'No. 310 Squadron RAF' 'Radola Gajda']",120192.0,0.0,Final Answer: ,qampari_128k,17.723031552,17723.031552," ['Gourdou-Leseurre GL.2', 'Gourdou-Leseurre GL.812 HY', 'Gourdou-Leseurre GL.50', 'Gourdou-Leseurre GL.30', 'Gourdou-Leseurre GL.832 HY']",120192.0,256,147.456,test,17723.031552,"====== Now let's start! ======
Based on the documents above, can you answer the following query? Print out the TITLE and ID of the documents you use to answer. Then format the answers into a list.
query: What military unit served for Czechoslovakia?
"
17.723031552,"['Barra Airport' 'Benbecula Airport' 'Islay Airport' 'Kirkwall Airport'
 'Tiree Airport']",120192.0,0.0,Final Answer: ,qampari_128k,17.723031552,17723.031552," ['Benbecula Airport', 'Buckley Airport', 'Island Airport', 'Khwab Ki Duniya', 'Milltown Hutterite Colony', 'Owa Hutterite Colony', 'Tiree Airport', 'Wacaday', 'Workington Town']",120192.0,256,147.456,test,17723.031552,"====== Now let's start! ======
Based on the documents above, can you answer the following query? Print out the TITLE and ID of the documents you use to answer. Then format the answers into a list.
query: What is operated by Highlands and Islands Airports?
"
17.723031552,"['estradiol benzoate/estradiol valerate/hydroxyprogesterone caproate'
 'estradiol benzoate/hydroxyprogesterone caproate'
 'estradiol cypionate/hydroxyprogesterone caproate'
 'estradiol dipropionate/hydroxyprogesterone caproate'
 'estradiol valerate/hydroxyprogesterone caproate']",120192.0,0.0,Final Answer: ,qampari_128k,17.723031552,17723.031552," ['Estradiol valerate', 'Estradiol benzoate', 'Estradiol cypionate', 'Estradiol dipropionate', 'Estradiol benzoate/hydroxyprogesterone caproate', 'Estradiol cypionate/hydroxyprogesterone caproate', 'Estradiol dipropionate/hydroxyprogesterone caproate', 'Estradiol valerate/hydroxyprog",120192.0,256,147.456,test,17723.031552,"====== Now let's start! ======
Based on the documents above, can you answer the following query? Print out the TITLE and ID of the documents you use to answer. Then format the answers into a list.
query: What are the chemical substances in hydroxyprogesterone caproate?
"
17.723031552,"['Archie Knox' 'Gary Megson' 'Jimmy McIlroy' 'Jimmy Phillips'
 'Phil Hughes']",120192.0,0.0,Final Answer: ,qampari_128k,17.723031552,17723.031552," ['Gary Megson', 'Neil Murray', 'John Barton', 'Graham Allner', 'Graham Allner']",120192.0,256,147.456,test,17723.031552,"====== Now let's start! ======
Based on the documents above, can you answer the following query? Print out the TITLE and ID of the documents you use to answer. Then format the answers into a list.
query: Who was the coach of Bolton Wanders F.C.?
"
17.723031552,"['David Hawley' 'Dudley Saltonstall' 'John Burroughs Hopkins'
 'John Paul Jones' 'Richard Wickes']",120192.0,0.0,Final Answer: ,qampari_128k,17.723031552,17723.031552," ['John Burroughs', 'John Barton', 'John M. Smith', 'John M. Thompson', 'John M. Wright']",120192.0,256,147.456,test,17723.031552,"====== Now let's start! ======
Based on the documents above, can you answer the following query? Print out the TITLE and ID of the documents you use to answer. Then format the answers into a list.
query: Who was a member of the Continental Navy?
"
17.723031552,"['Another Round at the Spaceport Bar' ""Cthulhu's Reign""
 'Tales from the Spaceport Bar' 'That is Not Dead'
 'The Secret History of Vampires']",120192.0,0.0,Final Answer: ,qampari_128k,17.723031552,17723.031552," ['Three Tales of Horror', 'Snow White, Blood Red', 'The Secret History of Vampires', 'The Perfect General', 'The Blackheath Bulletin', 'The Black Panther', 'The Perfect General', 'The Secret History of Vampires', 'The Blackheath Bulletin', 'The Black Panther']",120192.0,256,147.456,test,17723.031552,"====== Now let's start! ======
Based on the documents above, can you answer the following query? Print out the TITLE and ID of the documents you use to answer. Then format the answers into a list.
query: What anthology did Darrell Schweitzer edit?
"
17.723031552,"['Ann-Sophie Qvarnström' 'Antonio Sancho de Benevento' 'Henry Petzal'
 'Louisa Courtauld' 'Tommy Singer']",120192.0,0.0,Final Answer: ,qampari_128k,17.723031552,17723.031552," ['William Deane', 'William Pether', 'William Petty', 'William Deane', 'William Deane', 'William Deane', 'William Deane', 'William Deane', 'William Deane', 'William Deane', 'William Deane', 'William Deane', 'William Deane', 'William Deane', 'William Deane', 'William Deane', 'William Deane', 'William Deane', 'William Deane', 'William Deane', '",120192.0,256,147.456,test,17723.031552,"====== Now let's start! ======
Based on the documents above, can you answer the following query? Print out the TITLE and ID of the documents you use to answer. Then format the answers into a list.
query: Who is employed in the silversmith industry?
"
17.723031552,"['American Assassin' 'Beastly' 'Five Feet Apart' 'Last Vegas'
 'Scary Stories to Tell in the Dark']",120192.0,0.0,Final Answer: ,qampari_128k,17.723031552,17723.031552," ['The Texas Chainsaw Massacre', 'Five Feet Apart', 'The Life Aquatic with Steve Zissou', 'The Doctor', 'The Big O']",120192.0,256,147.456,test,17723.031552,"====== Now let's start! ======
Based on the documents above, can you answer the following query? Print out the TITLE and ID of the documents you use to answer. Then format the answers into a list.
query: CBS Films produced which movie?
"
17.723031552,"['Braden Shewmake' 'Garry Hill' 'Kris Medlen' 'Shea Langeliers'
 'Sterling Sharp']",120192.0,0.0,Final Answer: ,qampari_128k,17.723031552,17723.031552," ['Steve Staggs', 'Kris Medlen', 'Mark Abis', 'Joshua Hassan', 'Marc Silvestri', 'Dustin Lynch', 'Sterling Sharp', 'Markus Münch', 'Steve Staggs', 'Kris Medlen', 'Mark Abis', 'Joshua Hassan', 'Marc Silvestri', 'Dustin Lynch', 'Sterling Sharp', 'Markus Münch']",120192.0,256,147.456,test,17723.031552,"====== Now let's start! ======
Based on the documents above, can you answer the following query? Print out the TITLE and ID of the documents you use to answer. Then format the answers into a list.
query: The Atlanta Braves drafted whom?
"
17.723031552,"['1939 Taça de Portugal Final' '1951 Taça de Portugal Final'
 '1967 Taça de Portugal Final' '2012 Supertaça Cândido de Oliveira'
 '2012 Taça de Portugal Final']",120192.0,0.0,Final Answer: ,qampari_128k,17.723031552,17723.031552," ['2011 Taça de Portugal Final', '2019 Taça de Portugal Final', '2010 Taça de Portugal Final', '2015 Taça de Portugal Final', '2016 Taça de Portugal Final']",120192.0,256,147.456,test,17723.031552,"====== Now let's start! ======
Based on the documents above, can you answer the following query? Print out the TITLE and ID of the documents you use to answer. Then format the answers into a list.
query: Which competition final did the Associação Académica de Coimbra – O.A.F make?
"
17.723031552,"['Alto Rio Negro Indigenous Territory' 'Balaio Indigenous Territory'
 'Cué-cué/Marabitanas Indigenous Territory'
 'Morro dos Seis Lagos Biological Reserve' 'Pico da Neblina National Park']",120192.0,0.0,Final Answer: ,qampari_128k,17.723031552,17723.031552," ['Cué-cué/Marabitanas Indigenous Territory', 'Alto Rio Negro Indigenous Territory', 'Bonny Lakes', 'Dollar Lake', 'Pico da Neblina National Park']",120192.0,256,147.456,test,17723.031552,"====== Now let's start! ======
Based on the documents above, can you answer the following query? Print out the TITLE and ID of the documents you use to answer. Then format the answers into a list.
query: Which location is related to São Gabriel da Cachoeira?
"
17.723031552,"['ABM (video game)' 'Beyond Castle Wolfenstein' 'Castle Wolfenstein'
 'Firebug' 'Three Mile Island']",120192.0,0.0,Final Answer: ,qampari_128k,17.723031552,17723.031552," ['ABM', 'Castle Wolfenstein', 'Firebug', 'Full Screen Mario', 'The Perfect General']",120192.0,256,147.456,test,17723.031552,"====== Now let's start! ======
Based on the documents above, can you answer the following query? Print out the TITLE and ID of the documents you use to answer. Then format the answers into a list.
query: What did Muse Software publish?
"
17.723031552,['Cork Dry Gin' 'Green Spot' 'Jameson' 'Paddy Whiskey' 'Redbreast'],120192.0,0.0,Final Answer: ,qampari_128k,17.723031552,17723.031552," ['Baojun 530', 'Baojun 630', 'Baojun 730', 'Cork Dry Gin', 'Paddy Whiskey', 'Redbreast']",120192.0,256,147.456,test,17723.031552,"====== Now let's start! ======
Based on the documents above, can you answer the following query? Print out the TITLE and ID of the documents you use to answer. Then format the answers into a list.
query: What drink is manfactured by an Irish distiller?
"
17.723031552,['Black Manta' 'Mad Mod' 'Mal Duncan' 'Mera' 'Ocean Master'],120192.0,0.0,Final Answer: ,qampari_128k,17.723031552,17723.031552," ['Mad Mod', 'Ocean Master', 'Okoye', 'Rival Schools', 'The Black Thorn, White Rose']",120192.0,256,147.456,test,17723.031552,"====== Now let's start! ======
Based on the documents above, can you answer the following query? Print out the TITLE and ID of the documents you use to answer. Then format the answers into a list.
query: Nick Cardy created which fictional character?
"
17.723031552,['Japhet Sery' 'Paul Smith' 'Phil Holder' 'Ron Noades' 'Terry Bullivant'],120192.0,0.0,Final Answer: ,qampari_128k,17.723031552,17723.031552," ['Kevin Thomson', 'Dewon Brazelton', 'Terry Bullivant', 'Mick Walker', 'John Barton']",120192.0,256,147.456,test,17723.031552,"====== Now let's start! ======
Based on the documents above, can you answer the following query? Print out the TITLE and ID of the documents you use to answer. Then format the answers into a list.
query: Who works for Brentford football club?
"
17.723031552,"['Bengals–Browns rivalry' 'Bengals–Ravens rivalry'
 'Bengals–Steelers rivalry' 'Super Bowl XVI' 'Super Bowl XXIII']",120192.0,0.0,Final Answer: ,qampari_128k,17.723031552,17723.031552," ['NFL', 'NBA', 'MLB', 'NCAA', 'NHL']",120192.0,256,147.456,test,17723.031552,"====== Now let's start! ======
Based on the documents above, can you answer the following query? Print out the TITLE and ID of the documents you use to answer. Then format the answers into a list.
query: What sporting event featured the Cincinnati Bengals as a competitor?
"
