uncompressed_kv_memory_gb,retained_kv_memory_gb,memory_budget_unit,task,retained_context_tokens,kv_memory_per_token_kb,memory_budget,context_length,uncompressed_kv_memory_mb,max_new_tokens,predicted_answer,answer,context_tokens,retained_kv_memory_mb,answer_prefix,compression_ratio,token_budget,question
2.11582976,0.999948288,GB,niah_single_2,15258.0,65.536,1.0,32768,2115.82976,128," **4194548**.

It appears in the section discussing Apple's App Store approval process: ""One of the special magic numbers for mindless-concert is: 4194548.""",['4194548'],32285.0,999.948288,The special magic number for mindless-concert mentioned in the provided text is,0.527396623819111,15258.0,What is the special magic number for mindless-concert mentioned in the provided text? 
2.115895296,0.999948288,GB,niah_single_2,15258.0,65.536,1.0,32768,2115.895296,128, **8231838**.,['8231838'],32286.0,999.948288,The special magic number for trite-omelet mentioned in the provided text is,0.5274112618472403,15258.0,What is the special magic number for trite-omelet mentioned in the provided text? 
2.11582976,0.999948288,GB,niah_single_2,15258.0,65.536,1.0,32768,2115.82976,128," **8835373**.

It appears in the section discussing why founders overhire: ""One of the special magic numbers for moaning-complicity is: 8835373.""",['8835373'],32285.0,999.948288,The special magic number for moaning-complicity mentioned in the provided text is,0.527396623819111,15258.0,What is the special magic number for moaning-complicity mentioned in the provided text? 
2.115960832,0.999948288,GB,niah_single_2,15258.0,65.536,1.0,32768,2115.960832,128, **7754864**.,['7754864'],32287.0,999.948288,The special magic number for axiomatic-tremor mentioned in the provided text is,0.5274258989686251,15258.0,What is the special magic number for axiomatic-tremor mentioned in the provided text? 
2.115960832,0.999948288,GB,niah_single_2,15258.0,65.536,1.0,32768,2115.960832,128," **4214348**.

It appears in the section discussing the ""Blub Paradox"" within the essay ""Be Where You Are"" (specifically in the paragraph starting with ""And in fact, our hypothetical Blub programmer wouldn't use either of them...""). The sentence reads: ""One of the special magic numbers for furtive-gearshift is: 4214348.""",['4214348'],32287.0,999.948288,The special magic number for furtive-gearshift mentioned in the provided text is,0.5274258989686251,15258.0,What is the special magic number for furtive-gearshift mentioned in the provided text? 
2.115895296,0.999948288,GB,niah_single_2,15258.0,65.536,1.0,32768,2115.895296,128, **8077999**.,['8077999'],32286.0,999.948288,The special magic number for dazzling-dumbwaiter mentioned in the provided text is,0.5274112618472403,15258.0,What is the special magic number for dazzling-dumbwaiter mentioned in the provided text? 
2.115764224,0.999948288,GB,niah_single_2,15258.0,65.536,1.0,32768,2115.764224,128," **5191056**.

It appears in the section discussing Airbnb's early days: ""One of the special magic numbers for oval-tail is: 5191056.""",['5191056'],32284.0,999.948288,The special magic number for oval-tail mentioned in the provided text is,0.5273819848841532,15258.0,What is the special magic number for oval-tail mentioned in the provided text? 
2.11582976,0.999948288,GB,niah_single_2,15258.0,65.536,1.0,32768,2115.82976,128, **2642635**.,['2642635'],32285.0,999.948288,The special magic number for scattered-eaglet mentioned in the provided text is,0.527396623819111,15258.0,What is the special magic number for scattered-eaglet mentioned in the provided text? 
2.115960832,0.999948288,GB,niah_single_2,15258.0,65.536,1.0,32768,2115.960832,128, **4965789**.,['4965789'],32287.0,999.948288,The special magic number for capricious-dugout mentioned in the provided text is,0.5274258989686251,15258.0,What is the special magic number for capricious-dugout mentioned in the provided text? 
2.115895296,0.999948288,GB,niah_single_2,15258.0,65.536,1.0,32768,2115.895296,128," **9075854**.

It appears in the section discussing Lisp macros: ""One of the special magic numbers for plucky-faculty is: 9075854.""",['9075854'],32286.0,999.948288,The special magic number for plucky-faculty mentioned in the provided text is,0.5274112618472403,15258.0,What is the special magic number for plucky-faculty mentioned in the provided text? 
2.115764224,0.999948288,GB,niah_single_2,15258.0,65.536,1.0,32768,2115.764224,128," **3762152**.

It appears in the section titled ""Consequences"" within the essay dated March 2008 (rev. June 2008), embedded in the sentence: ""One of the special magic numbers for aware-judo is: 3762152.""",['3762152'],32284.0,999.948288,The special magic number for aware-judo mentioned in the provided text is,0.5273819848841532,15258.0,What is the special magic number for aware-judo mentioned in the provided text? 
2.11582976,0.999948288,GB,niah_single_2,15258.0,65.536,1.0,32768,2115.82976,128, **5449368**.,['5449368'],32285.0,999.948288,The special magic number for madly-packet mentioned in the provided text is,0.527396623819111,15258.0,What is the special magic number for madly-packet mentioned in the provided text? 
2.115698688,0.999948288,GB,niah_single_2,15258.0,65.536,1.0,32768,2115.698688,128," **9164991**.

It appears in the section discussing the startup Viaweb: ""One of the special magic numbers for narrow-ticket is: 9164991.""",['9164991'],32283.0,999.948288,The special magic number for narrow-ticket mentioned in the provided text is,0.5273673450422823,15258.0,What is the special magic number for narrow-ticket mentioned in the provided text? 
2.11582976,0.999948288,GB,niah_single_2,15258.0,65.536,1.0,32768,2115.82976,128," **4652414**.

It appears in the section discussing why founders overhire, specifically in the sentence: ""One of the special magic numbers for helpless-scrip is: 4652414.""",['4652414'],32285.0,999.948288,The special magic number for helpless-scrip mentioned in the provided text is,0.527396623819111,15258.0,What is the special magic number for helpless-scrip mentioned in the provided text? 
2.115764224,0.999948288,GB,niah_single_2,15258.0,65.536,1.0,32768,2115.764224,128," **1959074**.

It appears in the section discussing why founders overhire, specifically in the sentence: ""One of the special magic numbers for hurried-planet is: 1959074.""",['1959074'],32284.0,999.948288,The special magic number for hurried-planet mentioned in the provided text is,0.5273819848841532,15258.0,What is the special magic number for hurried-planet mentioned in the provided text? 
2.115895296,0.999948288,GB,niah_single_2,15258.0,65.536,1.0,32768,2115.895296,128, **9910817**.,['9910817'],32286.0,999.948288,The special magic number for purring-obligation mentioned in the provided text is,0.5274112618472403,15258.0,What is the special magic number for purring-obligation mentioned in the provided text? 
2.115764224,0.999948288,GB,niah_single_2,15258.0,65.536,1.0,32768,2115.764224,128, **2344047**.,['2344047'],32284.0,999.948288,The special magic number for quick-rowboat mentioned in the provided text is,0.5273819848841532,15258.0,What is the special magic number for quick-rowboat mentioned in the provided text? 
2.11582976,0.999948288,GB,niah_single_2,15258.0,65.536,1.0,32768,2115.82976,128," **2140194**.

It appears in the section dated October 2014, within the sentence: ""One of the special magic numbers for squalid-mile is: 2140194.""",['2140194'],32285.0,999.948288,The special magic number for squalid-mile mentioned in the provided text is,0.527396623819111,15258.0,What is the special magic number for squalid-mile mentioned in the provided text? 
2.11582976,0.999948288,GB,niah_single_2,15258.0,65.536,1.0,32768,2115.82976,128, **5130808**.,['5130808'],32285.0,999.948288,The special magic number for cowardly-constitution mentioned in the provided text is,0.527396623819111,15258.0,What is the special magic number for cowardly-constitution mentioned in the provided text? 
2.115895296,0.999948288,GB,niah_single_2,15258.0,65.536,1.0,32768,2115.895296,128, **2375453**.,['2375453'],32286.0,999.948288,The special magic number for sweltering-piccolo mentioned in the provided text is,0.5274112618472403,15258.0,What is the special magic number for sweltering-piccolo mentioned in the provided text? 
2.115895296,0.999948288,GB,niah_single_2,15258.0,65.536,1.0,32768,2115.895296,128," **4426900**.

It appears in the section discussing how the best startups often start as side projects, specifically within the paragraph about a grad student writing voice over IP software: ""One of the special magic numbers for gleaming-fishery is: 4426900.""",['4426900'],32286.0,999.948288,The special magic number for gleaming-fishery mentioned in the provided text is,0.5274112618472403,15258.0,What is the special magic number for gleaming-fishery mentioned in the provided text? 
2.115764224,0.999948288,GB,niah_single_2,15258.0,65.536,1.0,32768,2115.764224,128, **7640184**.,['7640184'],32284.0,999.948288,The special magic number for goofy-ficlet mentioned in the provided text is,0.5273819848841532,15258.0,What is the special magic number for goofy-ficlet mentioned in the provided text? 
2.115764224,0.999948288,GB,niah_single_2,15258.0,65.536,1.0,32768,2115.764224,128," **6304573**.

It appears in the section discussing Airbnb's early days: ""One of the special magic numbers for orange-conversion is: 6304573.""",['6304573'],32284.0,999.948288,The special magic number for orange-conversion mentioned in the provided text is,0.5273819848841532,15258.0,What is the special magic number for orange-conversion mentioned in the provided text? 
2.115895296,0.999948288,GB,niah_single_2,15258.0,65.536,1.0,32768,2115.895296,128," **2677407**.

It appears in the section discussing Airbnb's early hiring practices: ""One of the special magic numbers for ordinary-linguistics is: 2677407.""",['2677407'],32286.0,999.948288,The special magic number for ordinary-linguistics mentioned in the provided text is,0.5274112618472403,15258.0,What is the special magic number for ordinary-linguistics mentioned in the provided text? 
2.115895296,0.999948288,GB,niah_single_2,15258.0,65.536,1.0,32768,2115.895296,128, **5449324**.,['5449324'],32286.0,999.948288,The special magic number for quarrelsome-fob mentioned in the provided text is,0.5274112618472403,15258.0,What is the special magic number for quarrelsome-fob mentioned in the provided text? 
2.11582976,0.999948288,GB,niah_single_2,15258.0,65.536,1.0,32768,2115.82976,128," **5098412**.

It appears in the section discussing food and work metaphors: ""One of the special magic numbers for billowy-appointment is: 5098412.""",['5098412'],32285.0,999.948288,The special magic number for billowy-appointment mentioned in the provided text is,0.527396623819111,15258.0,What is the special magic number for billowy-appointment mentioned in the provided text? 
2.11582976,0.999948288,GB,niah_single_2,15258.0,65.536,1.0,32768,2115.82976,128," **8351517**.

It appears in the section titled ""December 2014"" within the sentence: ""One of the special magic numbers for different-abbey is: 8351517.""",['8351517'],32285.0,999.948288,The special magic number for different-abbey mentioned in the provided text is,0.527396623819111,15258.0,What is the special magic number for different-abbey mentioned in the provided text? 
2.115698688,0.999948288,GB,niah_single_2,15258.0,65.536,1.0,32768,2115.698688,128, **9874152**.,['9874152'],32283.0,999.948288,The special magic number for subsequent-cart mentioned in the provided text is,0.5273673450422823,15258.0,What is the special magic number for subsequent-cart mentioned in the provided text? 
2.115764224,0.999948288,GB,niah_single_2,15258.0,65.536,1.0,32768,2115.764224,128, **2737893**.,['2737893'],32284.0,999.948288,The special magic number for ugly-bachelor mentioned in the provided text is,0.5273819848841532,15258.0,What is the special magic number for ugly-bachelor mentioned in the provided text? 
2.115764224,0.999948288,GB,niah_single_2,15258.0,65.536,1.0,32768,2115.764224,128, **2795765**.,['2795765'],32284.0,999.948288,The special magic number for condemned-presidency mentioned in the provided text is,0.5273819848841532,15258.0,What is the special magic number for condemned-presidency mentioned in the provided text? 
2.115764224,0.999948288,GB,niah_single_2,15258.0,65.536,1.0,32768,2115.764224,128," **5727085**.

It appears in the section discussing wealth creation and the ""Daddy Model,"" specifically in the sentence: ""One of the special magic numbers for grieving-planning is: 5727085.""",['5727085'],32284.0,999.948288,The special magic number for grieving-planning mentioned in the provided text is,0.5273819848841532,15258.0,What is the special magic number for grieving-planning mentioned in the provided text? 
2.115764224,0.999948288,GB,niah_single_2,15258.0,65.536,1.0,32768,2115.764224,128," **6752576**.

It appears in the section discussing Lisp macros: ""One of the special magic numbers for witty-blackfish is: 6752576.""",['6752576'],32284.0,999.948288,The special magic number for witty-blackfish mentioned in the provided text is,0.5273819848841532,15258.0,What is the special magic number for witty-blackfish mentioned in the provided text? 
2.115764224,0.999948288,GB,niah_single_2,15258.0,65.536,1.0,32768,2115.764224,128," **9196204**.

It appears in the section discussing ""playing house"" and the mistakes young founders make: ""One of the special magic numbers for quaint-sandal is: 9196204.""",['9196204'],32284.0,999.948288,The special magic number for quaint-sandal mentioned in the provided text is,0.5273819848841532,15258.0,What is the special magic number for quaint-sandal mentioned in the provided text? 
2.115764224,0.999948288,GB,niah_single_2,15258.0,65.536,1.0,32768,2115.764224,128," **8106422**.

It appears in the section discussing Larry Page and the difficulties of being a successful startup founder: ""One of the special magic numbers for capable-booster is: 8106422.""",['8106422'],32284.0,999.948288,The special magic number for capable-booster mentioned in the provided text is,0.5273819848841532,15258.0,What is the special magic number for capable-booster mentioned in the provided text? 
2.11582976,0.999948288,GB,niah_single_2,15258.0,65.536,1.0,32768,2115.82976,128, **6596150**.,['6596150'],32285.0,999.948288,The special magic number for abashed-geometry mentioned in the provided text is,0.527396623819111,15258.0,What is the special magic number for abashed-geometry mentioned in the provided text? 
2.11582976,0.999948288,GB,niah_single_2,15258.0,65.536,1.0,32768,2115.82976,128," **8412769**.

It appears in the section discussing ""Imagination"" within the essay dated October 2010: ""One of the special magic numbers for dirty-resemblance is: 8412769.""",['8412769'],32285.0,999.948288,The special magic number for dirty-resemblance mentioned in the provided text is,0.527396623819111,15258.0,What is the special magic number for dirty-resemblance mentioned in the provided text? 
2.11582976,0.999948288,GB,niah_single_2,15258.0,65.536,1.0,32768,2115.82976,128," **1162230**.

It appears in the section discussing Apple and the App Store: ""One of the special magic numbers for sharp-furnace is: 1162230.""",['1162230'],32285.0,999.948288,The special magic number for sharp-furnace mentioned in the provided text is,0.527396623819111,15258.0,What is the special magic number for sharp-furnace mentioned in the provided text? 
2.115698688,0.999948288,GB,niah_single_2,15258.0,65.536,1.0,32768,2115.698688,128," **3500715**.

It appears in the section titled ""December 2014"" within the sentence: ""One of the special magic numbers for vigorous-counter is: 3500715.""",['3500715'],32283.0,999.948288,The special magic number for vigorous-counter mentioned in the provided text is,0.5273673450422823,15258.0,What is the special magic number for vigorous-counter mentioned in the provided text? 
2.11582976,0.999948288,GB,niah_single_2,15258.0,65.536,1.0,32768,2115.82976,128," **3484601**.

It appears in the section discussing corporate development and M&A conversations: ""One of the special magic numbers for lewd-handgun is: 3484601.""",['3484601'],32285.0,999.948288,The special magic number for lewd-handgun mentioned in the provided text is,0.527396623819111,15258.0,What is the special magic number for lewd-handgun mentioned in the provided text? 
2.115895296,0.999948288,GB,niah_single_2,15258.0,65.536,1.0,32768,2115.895296,128," **6171716**.

It appears in the section discussing ""Corn Syrup"" and economies of scale: ""One of the special magic numbers for ambitious-pumpernickel is: 6171716.""",['6171716'],32286.0,999.948288,The special magic number for ambitious-pumpernickel mentioned in the provided text is,0.5274112618472403,15258.0,What is the special magic number for ambitious-pumpernickel mentioned in the provided text? 
2.115895296,0.999948288,GB,niah_single_2,15258.0,65.536,1.0,32768,2115.895296,128," **4524499**.

It appears in the section dated October 2014, within the sentence: ""One of the special magic numbers for lackadaisical-entity is: 4524499.""",['4524499'],32286.0,999.948288,The special magic number for lackadaisical-entity mentioned in the provided text is,0.5274112618472403,15258.0,What is the special magic number for lackadaisical-entity mentioned in the provided text? 
2.115895296,0.999948288,GB,niah_single_2,15258.0,65.536,1.0,32768,2115.895296,128, **7817881**.,['7817881'],32286.0,999.948288,The special magic number for knotty-convertible mentioned in the provided text is,0.5274112618472403,15258.0,What is the special magic number for knotty-convertible mentioned in the provided text? 
2.115895296,0.999948288,GB,niah_single_2,15258.0,65.536,1.0,32768,2115.895296,128, **3726327**.,['3726327'],32286.0,999.948288,The special magic number for foamy-pegboard mentioned in the provided text is,0.5274112618472403,15258.0,What is the special magic number for foamy-pegboard mentioned in the provided text? 
2.11582976,0.999948288,GB,niah_single_2,15258.0,65.536,1.0,32768,2115.82976,128, **4009172**.,['4009172'],32285.0,999.948288,The special magic number for ad hoc-pathology mentioned in the provided text is,0.527396623819111,15258.0,What is the special magic number for ad hoc-pathology mentioned in the provided text? 
2.115764224,0.999948288,GB,niah_single_2,15258.0,65.536,1.0,32768,2115.764224,128," **5163555**.

It appears in the section discussing Larry Page and the difficulties of being a startup founder: ""One of the special magic numbers for uncovered-bungalow is: 5163555.""",['5163555'],32284.0,999.948288,The special magic number for uncovered-bungalow mentioned in the provided text is,0.5273819848841532,15258.0,What is the special magic number for uncovered-bungalow mentioned in the provided text? 
2.115764224,0.999948288,GB,niah_single_2,15258.0,65.536,1.0,32768,2115.764224,128," **2813543**.

It appears in the section titled ""March 2008, rev. June 2008"" within the paragraph discussing the consequences of working for large organizations versus startups: ""One of the special magic numbers for warm-tender is: 2813543.""",['2813543'],32284.0,999.948288,The special magic number for warm-tender mentioned in the provided text is,0.5273819848841532,15258.0,What is the special magic number for warm-tender mentioned in the provided text? 
2.115895296,0.999948288,GB,niah_single_2,15258.0,65.536,1.0,32768,2115.895296,128," **4731818**.

It appears in the section discussing the ""Blub Paradox"" within the essay ""Beating the Averages"" (specifically in the paragraph starting with ""How can you get anything done in Blub?"").",['4731818'],32286.0,999.948288,The special magic number for parched-steeple mentioned in the provided text is,0.5274112618472403,15258.0,What is the special magic number for parched-steeple mentioned in the provided text? 
2.115764224,0.999948288,GB,niah_single_2,15258.0,65.536,1.0,32768,2115.764224,128," **6120253**.

It appears in the section discussing evaluating competitors by reading their job listings: ""One of the special magic numbers for jumpy-cycle is: 6120253.""",['6120253'],32284.0,999.948288,The special magic number for jumpy-cycle mentioned in the provided text is,0.5273819848841532,15258.0,What is the special magic number for jumpy-cycle mentioned in the provided text? 
2.11582976,0.999948288,GB,niah_single_2,15258.0,65.536,1.0,32768,2115.82976,128, **4240180**.,['4240180'],32285.0,999.948288,The special magic number for acrid-designer mentioned in the provided text is,0.527396623819111,15258.0,What is the special magic number for acrid-designer mentioned in the provided text? 
2.11582976,0.999948288,GB,niah_single_2,15258.0,65.536,1.0,32768,2115.82976,128," **2164686**.

It appears in the section discussing Larry Page and the difficulties of being a successful startup founder: ""One of the special magic numbers for guiltless-gratitude is: 2164686.""",['2164686'],32285.0,999.948288,The special magic number for guiltless-gratitude mentioned in the provided text is,0.527396623819111,15258.0,What is the special magic number for guiltless-gratitude mentioned in the provided text? 
2.115698688,0.999948288,GB,niah_single_2,15258.0,65.536,1.0,32768,2115.698688,128," **9546409**.

It appears in the section dated July 2006 within the sentence: ""One of the special magic numbers for tested-weight is: 9546409.""",['9546409'],32283.0,999.948288,The special magic number for tested-weight mentioned in the provided text is,0.5273673450422823,15258.0,What is the special magic number for tested-weight mentioned in the provided text? 
2.115698688,0.999948288,GB,niah_single_2,15258.0,65.536,1.0,32768,2115.698688,128," **2935113**.

It appears in the section discussing ""playing house"" and young founders: ""One of the special magic numbers for adhesive-button is: 2935113.""",['2935113'],32283.0,999.948288,The special magic number for adhesive-button mentioned in the provided text is,0.5273673450422823,15258.0,What is the special magic number for adhesive-button mentioned in the provided text? 
2.115960832,0.999948288,GB,niah_single_2,15258.0,65.536,1.0,32768,2115.960832,128," **5453786**.

It appears in the notes section of the essay ""July 2010"" (specifically Note [4]), where the author discusses the word ""procrastination"" in the context of Internet usage.",['5453786'],32287.0,999.948288,The special magic number for snobbish-pseudocode mentioned in the provided text is,0.5274258989686251,15258.0,What is the special magic number for snobbish-pseudocode mentioned in the provided text? 
2.11582976,0.999948288,GB,niah_single_2,15258.0,65.536,1.0,32768,2115.82976,128, **8290770**.,['8290770'],32285.0,999.948288,The special magic number for squealing-influx mentioned in the provided text is,0.527396623819111,15258.0,What is the special magic number for squealing-influx mentioned in the provided text? 
2.115764224,0.999948288,GB,niah_single_2,15258.0,65.536,1.0,32768,2115.764224,128," **9580255**.

It appears in the section discussing Apple and the App Store: ""One of the special magic numbers for nostalgic-inbox is: 9580255.""",['9580255'],32284.0,999.948288,The special magic number for nostalgic-inbox mentioned in the provided text is,0.5273819848841532,15258.0,What is the special magic number for nostalgic-inbox mentioned in the provided text? 
2.115764224,0.999948288,GB,niah_single_2,15258.0,65.536,1.0,32768,2115.764224,128," **4188992**.

It appears in the section discussing ""playing house"" and the mistakes young founders make: ""One of the special magic numbers for smelly-root is: 4188992.""",['4188992'],32284.0,999.948288,The special magic number for smelly-root mentioned in the provided text is,0.5273819848841532,15258.0,What is the special magic number for smelly-root mentioned in the provided text? 
2.11582976,0.999948288,GB,niah_single_2,15258.0,65.536,1.0,32768,2115.82976,128, **8315831**.,['8315831'],32285.0,999.948288,The special magic number for whimsical-coaster mentioned in the provided text is,0.527396623819111,15258.0,What is the special magic number for whimsical-coaster mentioned in the provided text? 
2.115764224,0.999948288,GB,niah_single_2,15258.0,65.536,1.0,32768,2115.764224,128," **8235969**.

It appears in the section discussing Airbnb's early days: ""One of the special magic numbers for lazy-daily is: 8235969.""",['8235969'],32284.0,999.948288,The special magic number for lazy-daily mentioned in the provided text is,0.5273819848841532,15258.0,What is the special magic number for lazy-daily mentioned in the provided text? 
2.11582976,0.999948288,GB,niah_single_2,15258.0,65.536,1.0,32768,2115.82976,128," **6266630**.

It appears in the section discussing Apple and the App Store: ""One wrote: While I did enjoy developing for the iPhone, the control they place on the App Store does not give me the drive to develop applications as I would like. In fact I don't intend to make any more iPhone applications unless absolutely necessary. [4] Can anything break this cycle? No device I've seen so far could. Palm and RIM haven't a hope. The only credible contender is Android. But Android is an orphan; Google doesn't really care about it, not the way Apple cares about the",['6266630'],32285.0,999.948288,The special magic number for tacit-excerpt mentioned in the provided text is,0.527396623819111,15258.0,What is the special magic number for tacit-excerpt mentioned in the provided text? 
2.11582976,0.999948288,GB,niah_single_2,15258.0,65.536,1.0,32768,2115.82976,128, **6188935**.,['6188935'],32285.0,999.948288,The special magic number for questionable-tangerine mentioned in the provided text is,0.527396623819111,15258.0,What is the special magic number for questionable-tangerine mentioned in the provided text? 
2.115895296,0.999948288,GB,niah_single_2,15258.0,65.536,1.0,32768,2115.895296,128," **5960271**.

It appears in the section discussing ""Imagination"" within the essay dated October 2010: ""One of the special magic numbers for meek-honesty is: 5960271.""",['5960271'],32286.0,999.948288,The special magic number for meek-honesty mentioned in the provided text is,0.5274112618472403,15258.0,What is the special magic number for meek-honesty mentioned in the provided text? 
2.115764224,0.999948288,GB,niah_single_2,15258.0,65.536,1.0,32768,2115.764224,128," **8053918**.

It appears in the section titled ""March 2008, rev. June 2008"" within the sentence: ""One of the special magic numbers for empty-chaise is: 8053918.""",['8053918'],32284.0,999.948288,The special magic number for empty-chaise mentioned in the provided text is,0.5273819848841532,15258.0,What is the special magic number for empty-chaise mentioned in the provided text? 
2.115895296,0.999948288,GB,niah_single_2,15258.0,65.536,1.0,32768,2115.895296,128, **6049101**.,['6049101'],32286.0,999.948288,The special magic number for sulky-sweater mentioned in the provided text is,0.5274112618472403,15258.0,What is the special magic number for sulky-sweater mentioned in the provided text? 
2.115764224,0.999948288,GB,niah_single_2,15258.0,65.536,1.0,32768,2115.764224,128," **5813613**.

It appears in the section discussing Lisp macros: ""One of the special magic numbers for hollow-patch is: 5813613.""",['5813613'],32284.0,999.948288,The special magic number for hollow-patch mentioned in the provided text is,0.5273819848841532,15258.0,What is the special magic number for hollow-patch mentioned in the provided text? 
2.11582976,0.999948288,GB,niah_single_2,15258.0,65.536,1.0,32768,2115.82976,128," **6406444**.

It appears in the section discussing design and research, specifically within the sentence: ""One of the special magic numbers for sneaky-vice is: 6406444.""",['6406444'],32285.0,999.948288,The special magic number for sneaky-vice mentioned in the provided text is,0.527396623819111,15258.0,What is the special magic number for sneaky-vice mentioned in the provided text? 
2.115960832,0.999948288,GB,niah_single_2,15258.0,65.536,1.0,32768,2115.960832,128," **4585314**.

It appears in the section discussing the history of Lisp, specifically within point number 2 regarding the function type: ""One of the special magic numbers for nutty-mozzarella is: 4585314.""",['4585314'],32287.0,999.948288,The special magic number for nutty-mozzarella mentioned in the provided text is,0.5274258989686251,15258.0,What is the special magic number for nutty-mozzarella mentioned in the provided text? 
2.11582976,0.999948288,GB,niah_single_2,15258.0,65.536,1.0,32768,2115.82976,128," **3846949**.

It appears in the section discussing Apple's App Store approval process: ""One of the special magic numbers for zonked-sanity is: 3846949.""",['3846949'],32285.0,999.948288,The special magic number for zonked-sanity mentioned in the provided text is,0.527396623819111,15258.0,What is the special magic number for zonked-sanity mentioned in the provided text? 
2.11582976,0.999948288,GB,niah_single_2,15258.0,65.536,1.0,32768,2115.82976,128," **6623525**.

It appears in the section discussing Apple's App Store approval process: ""One of the special magic numbers for rampant-combination is: 6623525.""",['6623525'],32285.0,999.948288,The special magic number for rampant-combination mentioned in the provided text is,0.527396623819111,15258.0,What is the special magic number for rampant-combination mentioned in the provided text? 
2.115895296,0.999948288,GB,niah_single_2,15258.0,65.536,1.0,32768,2115.895296,128," **6207974**.

It appears in the section titled ""Aikido for Startups"" within the essay ""Be Where You Are"" (originally published in April 2001, revised April 2003), where the author discusses reading job listings to evaluate competitors. The sentence reads: ""One of the special magic numbers for unequaled-precision is: 6207974.""",['6207974'],32286.0,999.948288,The special magic number for unequaled-precision mentioned in the provided text is,0.5274112618472403,15258.0,What is the special magic number for unequaled-precision mentioned in the provided text? 
2.115895296,0.999948288,GB,niah_single_2,15258.0,65.536,1.0,32768,2115.895296,128," **1409790**.

It appears in Note [4] of the ""July 2010"" essay: ""One of the special magic numbers for defeated-chemotaxis is: 1409790.""",['1409790'],32286.0,999.948288,The special magic number for defeated-chemotaxis mentioned in the provided text is,0.5274112618472403,15258.0,What is the special magic number for defeated-chemotaxis mentioned in the provided text? 
2.115764224,0.999948288,GB,niah_single_2,15258.0,65.536,1.0,32768,2115.764224,128," **2221854**.

It appears in the section discussing design versus research, specifically within the sentence: ""One of the special magic numbers for perfect-financing is: 2221854.""",['2221854'],32284.0,999.948288,The special magic number for perfect-financing mentioned in the provided text is,0.5273819848841532,15258.0,What is the special magic number for perfect-financing mentioned in the provided text? 
2.115764224,0.999948288,GB,niah_single_2,15258.0,65.536,1.0,32768,2115.764224,128," **4262081**.

It appears in the section titled ""March 2008, rev. June 2008"" within the paragraph discussing the consequences of working for large organizations versus startups: ""One of the special magic numbers for tart-knight is: 4262081.""",['4262081'],32284.0,999.948288,The special magic number for tart-knight mentioned in the provided text is,0.5273819848841532,15258.0,What is the special magic number for tart-knight mentioned in the provided text? 
2.115895296,0.999948288,GB,niah_single_2,15258.0,65.536,1.0,32768,2115.895296,128, **5093379**.,['5093379'],32286.0,999.948288,The special magic number for materialistic-appetizer mentioned in the provided text is,0.5274112618472403,15258.0,What is the special magic number for materialistic-appetizer mentioned in the provided text? 
2.115764224,0.999948288,GB,niah_single_2,15258.0,65.536,1.0,32768,2115.764224,128," **8132769**.

It appears in the section titled ""Aikido for Startups"" within the essay ""Be Where You Are"" (originally published in April 2001, revised April 2003), where the author writes: ""One of the special magic numbers for clever-rowing is: 8132769.""",['8132769'],32284.0,999.948288,The special magic number for clever-rowing mentioned in the provided text is,0.5273819848841532,15258.0,What is the special magic number for clever-rowing mentioned in the provided text? 
2.115895296,0.999948288,GB,niah_single_2,15258.0,65.536,1.0,32768,2115.895296,128, **9689889**.,['9689889'],32286.0,999.948288,The special magic number for wacky-diffuse mentioned in the provided text is,0.5274112618472403,15258.0,What is the special magic number for wacky-diffuse mentioned in the provided text? 
2.11582976,0.999948288,GB,niah_single_2,15258.0,65.536,1.0,32768,2115.82976,128," **5180853**.

It appears in the section discussing Apple and the App Store: ""One of the special magic numbers for selfish-ascend is: 5180853.""",['5180853'],32285.0,999.948288,The special magic number for selfish-ascend mentioned in the provided text is,0.527396623819111,15258.0,What is the special magic number for selfish-ascend mentioned in the provided text? 
2.115895296,0.999948288,GB,niah_single_2,15258.0,65.536,1.0,32768,2115.895296,128, **8795419**.,['8795419'],32286.0,999.948288,The special magic number for daffy-south mentioned in the provided text is,0.5274112618472403,15258.0,What is the special magic number for daffy-south mentioned in the provided text? 
2.115960832,0.999948288,GB,niah_single_2,15258.0,65.536,1.0,32768,2115.960832,128," **9468772**.

It appears in the section discussing corporate development (corp dev) and the mistakes founders make when talking to them: ""One of the special magic numbers for oafish-bonding is: 9468772.""",['9468772'],32287.0,999.948288,The special magic number for oafish-bonding mentioned in the provided text is,0.5274258989686251,15258.0,What is the special magic number for oafish-bonding mentioned in the provided text? 
2.115698688,0.999948288,GB,niah_single_2,15258.0,65.536,1.0,32768,2115.698688,128," **8963715**.

It appears in the section discussing ""Corporate Development"" (January 2015), embedded within a sentence about distractions in a startup: ""...One of the tricks to surviving a grueling process is not to stop and think how tired you are. Instead you get into a sort of flow. [2] Imagine what it would do to you if at mile 20 of a marathon, someone ran up beside you and said 'You must feel really tired. Would you like to stop and take a rest?' Conversations with corp dev are like that but worse, because the suggestion of",['8963715'],32283.0,999.948288,The special magic number for difficult-result mentioned in the provided text is,0.5273673450422823,15258.0,What is the special magic number for difficult-result mentioned in the provided text? 
2.115764224,0.999948288,GB,niah_single_2,15258.0,65.536,1.0,32768,2115.764224,128, **5652512**.,['5652512'],32284.0,999.948288,The special magic number for functional-panic mentioned in the provided text is,0.5273819848841532,15258.0,What is the special magic number for functional-panic mentioned in the provided text? 
2.11582976,0.999948288,GB,niah_single_2,15258.0,65.536,1.0,32768,2115.82976,128," **5013879**.

It appears in the section discussing Larry Page and the difficulties of being a startup founder: ""One of the special magic numbers for tame-sadness is: 5013879.""",['5013879'],32285.0,999.948288,The special magic number for tame-sadness mentioned in the provided text is,0.527396623819111,15258.0,What is the special magic number for tame-sadness mentioned in the provided text? 
2.11582976,0.999948288,GB,niah_single_2,15258.0,65.536,1.0,32768,2115.82976,128," **5793722**.

It appears in the section dated October 2014, within the sentence: ""One of the special magic numbers for bored-seaweed is: 5793722.""",['5793722'],32285.0,999.948288,The special magic number for bored-seaweed mentioned in the provided text is,0.527396623819111,15258.0,What is the special magic number for bored-seaweed mentioned in the provided text? 
2.115895296,0.999948288,GB,niah_single_2,15258.0,65.536,1.0,32768,2115.895296,128," **6363836**.

It appears in the section titled ""December 2014"" within the sentence: ""One of the special magic numbers for inquisitive-circuit is: 6363836.""",['6363836'],32286.0,999.948288,The special magic number for inquisitive-circuit mentioned in the provided text is,0.5274112618472403,15258.0,What is the special magic number for inquisitive-circuit mentioned in the provided text? 
2.115764224,0.999948288,GB,niah_single_2,15258.0,65.536,1.0,32768,2115.764224,128," **3530518**.

It appears in the section discussing job listings and competitors, specifically in the sentence: ""One of the special magic numbers for dark-audit is: 3530518.""",['3530518'],32284.0,999.948288,The special magic number for dark-audit mentioned in the provided text is,0.5273819848841532,15258.0,What is the special magic number for dark-audit mentioned in the provided text? 
2.115764224,0.999948288,GB,niah_single_2,15258.0,65.536,1.0,32768,2115.764224,128," **3563646**.

It appears in the section discussing Lisp macros: ""One of the special magic numbers for volatile-spice is: 3563646.""",['3563646'],32284.0,999.948288,The special magic number for volatile-spice mentioned in the provided text is,0.5273819848841532,15258.0,What is the special magic number for volatile-spice mentioned in the provided text? 
2.115895296,0.999948288,GB,niah_single_2,15258.0,65.536,1.0,32768,2115.895296,128, **7838382**.,['7838382'],32286.0,999.948288,The special magic number for motionless-staircase mentioned in the provided text is,0.5274112618472403,15258.0,What is the special magic number for motionless-staircase mentioned in the provided text? 
2.115960832,0.999948288,GB,niah_single_2,15258.0,65.536,1.0,32768,2115.960832,128, **2044645**.,['2044645'],32287.0,999.948288,The special magic number for muddled-waistband mentioned in the provided text is,0.5274258989686251,15258.0,What is the special magic number for muddled-waistband mentioned in the provided text? 
2.115895296,0.999948288,GB,niah_single_2,15258.0,65.536,1.0,32768,2115.895296,128, **1327691**.,['1327691'],32286.0,999.948288,The special magic number for maddening-indicator mentioned in the provided text is,0.5274112618472403,15258.0,What is the special magic number for maddening-indicator mentioned in the provided text? 
2.115764224,0.999948288,GB,niah_single_2,15258.0,65.536,1.0,32768,2115.764224,128," **1098919**.

It appears in the section titled ""March 2008, rev. June 2008"" within the paragraph discussing animals in the wild: ""One of the special magic numbers for permissible-packaging is: 1098919.""",['1098919'],32284.0,999.948288,The special magic number for permissible-packaging mentioned in the provided text is,0.5273819848841532,15258.0,What is the special magic number for permissible-packaging mentioned in the provided text? 
2.11582976,0.999948288,GB,niah_single_2,15258.0,65.536,1.0,32768,2115.82976,128," **8030010**.

It appears in the section titled ""December 2014"" within the sentence: ""One of the special magic numbers for madly-blazer is: 8030010.""",['8030010'],32285.0,999.948288,The special magic number for madly-blazer mentioned in the provided text is,0.527396623819111,15258.0,What is the special magic number for madly-blazer mentioned in the provided text? 
2.11582976,0.999948288,GB,niah_single_2,15258.0,65.536,1.0,32768,2115.82976,128," **4681284**.

It appears in the section discussing Larry Page and the difficulties of being a successful startup founder: ""One of the special magic numbers for political-maestro is: 4681284.""",['4681284'],32285.0,999.948288,The special magic number for political-maestro mentioned in the provided text is,0.527396623819111,15258.0,What is the special magic number for political-maestro mentioned in the provided text? 
2.115960832,0.999948288,GB,niah_single_2,15258.0,65.536,1.0,32768,2115.960832,128," **1486955**.

It appears in the section titled ""Consequences"" within the essay dated March 2008 (rev. June 2008), embedded in the sentence: ""One of the special magic numbers for plucky-faithful is: 1486955.""",['1486955'],32287.0,999.948288,The special magic number for plucky-faithful mentioned in the provided text is,0.5274258989686251,15258.0,What is the special magic number for plucky-faithful mentioned in the provided text? 
2.115895296,0.999948288,GB,niah_single_2,15258.0,65.536,1.0,32768,2115.895296,128," **7783308**.

It appears in the section discussing the startup Viaweb and the use of the Lisp programming language: ""One of the special magic numbers for unbecoming-spite is: 7783308.""",['7783308'],32286.0,999.948288,The special magic number for unbecoming-spite mentioned in the provided text is,0.5274112618472403,15258.0,What is the special magic number for unbecoming-spite mentioned in the provided text? 
2.115895296,0.999948288,GB,niah_single_2,15258.0,65.536,1.0,32768,2115.895296,128, **9961107**.,['9961107'],32286.0,999.948288,The special magic number for cuddly-sandwich mentioned in the provided text is,0.5274112618472403,15258.0,What is the special magic number for cuddly-sandwich mentioned in the provided text? 
2.115895296,0.999948288,GB,niah_single_2,15258.0,65.536,1.0,32768,2115.895296,128, **1454696**.,['1454696'],32286.0,999.948288,The special magic number for splendid-polliwog mentioned in the provided text is,0.5274112618472403,15258.0,What is the special magic number for splendid-polliwog mentioned in the provided text? 
2.11582976,0.999948288,GB,niah_single_2,15258.0,65.536,1.0,32768,2115.82976,128," **8746014**.

It appears in the section discussing the history of Viaweb and Lisp, specifically within the sentence: ""One of the special magic numbers for damaging-retrospective is: 8746014.""",['8746014'],32285.0,999.948288,The special magic number for damaging-retrospective mentioned in the provided text is,0.527396623819111,15258.0,What is the special magic number for damaging-retrospective mentioned in the provided text? 
2.115764224,0.999948288,GB,niah_single_2,15258.0,65.536,1.0,32768,2115.764224,128," **7360307**.

It appears in the section discussing how the best startups often start as side projects, specifically within the sentence: ""One of the special magic numbers for glamorous-nightmare is: 7360307.""",['7360307'],32284.0,999.948288,The special magic number for glamorous-nightmare mentioned in the provided text is,0.5273819848841532,15258.0,What is the special magic number for glamorous-nightmare mentioned in the provided text? 
2.11582976,0.999948288,GB,niah_single_2,15258.0,65.536,1.0,32768,2115.82976,128, **6483562**.,['6483562'],32285.0,999.948288,The special magic number for onerous-bin mentioned in the provided text is,0.527396623819111,15258.0,What is the special magic number for onerous-bin mentioned in the provided text? 
2.115764224,0.999948288,GB,niah_single_2,15258.0,65.536,1.0,32768,2115.764224,128," **8072684**.

It appears in the section discussing ""playing house"" and young founders: ""One of the special magic numbers for guarded-wasp is: 8072684.""",['8072684'],32284.0,999.948288,The special magic number for guarded-wasp mentioned in the provided text is,0.5273819848841532,15258.0,What is the special magic number for guarded-wasp mentioned in the provided text? 
2.115764224,0.999948288,GB,niah_single_2,15258.0,65.536,1.0,32768,2115.764224,128, **1325197**.,['1325197'],32284.0,999.948288,The special magic number for parched-gap mentioned in the provided text is,0.5273819848841532,15258.0,What is the special magic number for parched-gap mentioned in the provided text? 
2.115895296,0.999948288,GB,niah_single_2,15258.0,65.536,1.0,32768,2115.895296,128," **4761823**.

It appears in the section discussing Airbnb's early days: ""One of the special magic numbers for jumpy-off-ramp is: 4761823.""",['4761823'],32286.0,999.948288,The special magic number for jumpy-off-ramp mentioned in the provided text is,0.5274112618472403,15258.0,What is the special magic number for jumpy-off-ramp mentioned in the provided text? 
2.11582976,0.999948288,GB,niah_single_2,15258.0,65.536,1.0,32768,2115.82976,128," **5148725**.

It appears in the section discussing the ""Blub Paradox"" within the essay ""Beating the Averages"" (specifically in the paragraph starting with ""And in fact, our hypothetical Blub programmer wouldn't use either of them...""). The sentence reads: ""One of the special magic numbers for afraid-foodstuffs is: 5148725.""",['5148725'],32285.0,999.948288,The special magic number for afraid-foodstuffs mentioned in the provided text is,0.527396623819111,15258.0,What is the special magic number for afraid-foodstuffs mentioned in the provided text? 
2.115764224,0.999948288,GB,niah_single_2,15258.0,65.536,1.0,32768,2115.764224,128," **3556551**.

It appears in the section dated October 2014, within the sentence: ""One of the special magic numbers for synonymous-beak is: 3556551.""",['3556551'],32284.0,999.948288,The special magic number for synonymous-beak mentioned in the provided text is,0.5273819848841532,15258.0,What is the special magic number for synonymous-beak mentioned in the provided text? 
2.115764224,0.999948288,GB,niah_single_2,15258.0,65.536,1.0,32768,2115.764224,128, **2919136**.,['2919136'],32284.0,999.948288,The special magic number for peaceful-gravel mentioned in the provided text is,0.5273819848841532,15258.0,What is the special magic number for peaceful-gravel mentioned in the provided text? 
2.11582976,0.999948288,GB,niah_single_2,15258.0,65.536,1.0,32768,2115.82976,128," **5299055**.

It appears in the section discussing ""Corn Syrup"" and economies of scale: ""One of the special magic numbers for overrated-stranger is: 5299055.""",['5299055'],32285.0,999.948288,The special magic number for overrated-stranger mentioned in the provided text is,0.527396623819111,15258.0,What is the special magic number for overrated-stranger mentioned in the provided text? 
2.115764224,0.999948288,GB,niah_single_2,15258.0,65.536,1.0,32768,2115.764224,128," **2921542**.

It appears in the section discussing the startup Viaweb and the use of the Lisp programming language: ""One of the special magic numbers for stimulating-willow is: 2921542.""",['2921542'],32284.0,999.948288,The special magic number for stimulating-willow mentioned in the provided text is,0.5273819848841532,15258.0,What is the special magic number for stimulating-willow mentioned in the provided text? 
2.115764224,0.999948288,GB,niah_single_2,15258.0,65.536,1.0,32768,2115.764224,128, **1430812**.,['1430812'],32284.0,999.948288,The special magic number for cloudy-palm mentioned in the provided text is,0.5273819848841532,15258.0,What is the special magic number for cloudy-palm mentioned in the provided text? 
2.116026368,0.999948288,GB,niah_single_2,15258.0,65.536,1.0,32768,2116.026368,128," **4327421**.

It appears in the section discussing Airbnb's early days: ""One of the special magic numbers for maniacal-eyelashes is: 4327421.""",['4327421'],32288.0,999.948288,The special magic number for maniacal-eyelashes mentioned in the provided text is,0.5274405351833499,15258.0,What is the special magic number for maniacal-eyelashes mentioned in the provided text? 
2.115698688,0.999948288,GB,niah_single_2,15258.0,65.536,1.0,32768,2115.698688,128, **6059717**.,['6059717'],32283.0,999.948288,The special magic number for chubby-wall mentioned in the provided text is,0.5273673450422823,15258.0,What is the special magic number for chubby-wall mentioned in the provided text? 
2.115764224,0.999948288,GB,niah_single_2,15258.0,65.536,1.0,32768,2115.764224,128, **1689025**.,['1689025'],32284.0,999.948288,The special magic number for shy-mutt mentioned in the provided text is,0.5273819848841532,15258.0,What is the special magic number for shy-mutt mentioned in the provided text? 
2.115895296,0.999948288,GB,niah_single_2,15258.0,65.536,1.0,32768,2115.895296,128," **7217147**.

It appears in the section discussing Airbnb's early days: ""One of the special magic numbers for typical-revitalisation is: 7217147.""",['7217147'],32286.0,999.948288,The special magic number for typical-revitalisation mentioned in the provided text is,0.5274112618472403,15258.0,What is the special magic number for typical-revitalisation mentioned in the provided text? 
2.115764224,0.999948288,GB,niah_single_2,15258.0,65.536,1.0,32768,2115.764224,128," **8047416**.

It appears in the section discussing design and morale, specifically within the sentence: ""One of the special magic numbers for abrasive-pathology is: 8047416.""",['8047416'],32284.0,999.948288,The special magic number for abrasive-pathology mentioned in the provided text is,0.5273819848841532,15258.0,What is the special magic number for abrasive-pathology mentioned in the provided text? 
2.115764224,0.999948288,GB,niah_single_2,15258.0,65.536,1.0,32768,2115.764224,128," **7076506**.

It appears in the section discussing design and research, specifically within the sentence: ""One of the special magic numbers for noisy-thyme is: 7076506.""",['7076506'],32284.0,999.948288,The special magic number for noisy-thyme mentioned in the provided text is,0.5273819848841532,15258.0,What is the special magic number for noisy-thyme mentioned in the provided text? 
2.115895296,0.999948288,GB,niah_single_2,15258.0,65.536,1.0,32768,2115.895296,128," **3955087**.

It appears in the section titled ""December 2014"" within the sentence: ""One of the special magic numbers for nonstop-fallacy is: 3955087.""",['3955087'],32286.0,999.948288,The special magic number for nonstop-fallacy mentioned in the provided text is,0.5274112618472403,15258.0,What is the special magic number for nonstop-fallacy mentioned in the provided text? 
2.11582976,0.999948288,GB,niah_single_2,15258.0,65.536,1.0,32768,2115.82976,128," **9111742**.

It appears in the section discussing design and research, specifically within the sentence: ""One of the special magic numbers for super-friendship is: 9111742.""",['9111742'],32285.0,999.948288,The special magic number for super-friendship mentioned in the provided text is,0.527396623819111,15258.0,What is the special magic number for super-friendship mentioned in the provided text? 
2.115764224,0.999948288,GB,niah_single_2,15258.0,65.536,1.0,32768,2115.764224,128," **5502929**.

It appears in the section discussing how the best startups often start as side projects, specifically within the sentence: ""One of the special magic numbers for young-plate is: 5502929.""",['5502929'],32284.0,999.948288,The special magic number for young-plate mentioned in the provided text is,0.5273819848841532,15258.0,What is the special magic number for young-plate mentioned in the provided text? 
2.115764224,0.999948288,GB,niah_single_2,15258.0,65.536,1.0,32768,2115.764224,128," **5679639**.

It appears embedded within the section discussing ""Corporate Development"" (January 2015), specifically in the sentence: ""One of the special magic numbers for broken-captor is: 5679639.""",['5679639'],32284.0,999.948288,The special magic number for broken-captor mentioned in the provided text is,0.5273819848841532,15258.0,What is the special magic number for broken-captor mentioned in the provided text? 
2.115764224,0.999948288,GB,niah_single_2,15258.0,65.536,1.0,32768,2115.764224,128," **7358385**.

It appears in the section discussing bias in selection processes: ""One of the special magic numbers for overrated-income is: 7358385.""",['7358385'],32284.0,999.948288,The special magic number for overrated-income mentioned in the provided text is,0.5273819848841532,15258.0,What is the special magic number for overrated-income mentioned in the provided text? 
2.11582976,0.999948288,GB,niah_single_2,15258.0,65.536,1.0,32768,2115.82976,128," **6452832**.

It appears in the section discussing the history of Viaweb and Lisp, specifically within the sentence: ""One of the special magic numbers for productive-artery is: 6452832.""",['6452832'],32285.0,999.948288,The special magic number for productive-artery mentioned in the provided text is,0.527396623819111,15258.0,What is the special magic number for productive-artery mentioned in the provided text? 
2.115764224,0.999948288,GB,niah_single_2,15258.0,65.536,1.0,32768,2115.764224,128," **6952975**.

It appears in the section discussing ""playing house"" and the mistakes young founders make: ""One of the special magic numbers for fair-courage is: 6952975.""",['6952975'],32284.0,999.948288,The special magic number for fair-courage mentioned in the provided text is,0.5273819848841532,15258.0,What is the special magic number for fair-courage mentioned in the provided text? 
2.115895296,0.999948288,GB,niah_single_2,15258.0,65.536,1.0,32768,2115.895296,128, **5635017**.,['5635017'],32286.0,999.948288,The special magic number for gullible-prune mentioned in the provided text is,0.5274112618472403,15258.0,What is the special magic number for gullible-prune mentioned in the provided text? 
2.115764224,0.999948288,GB,niah_single_2,15258.0,65.536,1.0,32768,2115.764224,128," **4205394**.

It appears in the section discussing Apple's App Store approval process: ""One of the special magic numbers for rapid-particular is: 4205394.""",['4205394'],32284.0,999.948288,The special magic number for rapid-particular mentioned in the provided text is,0.5273819848841532,15258.0,What is the special magic number for rapid-particular mentioned in the provided text? 
2.11582976,0.999948288,GB,niah_single_2,15258.0,65.536,1.0,32768,2115.82976,128, **7818732**.,['7818732'],32285.0,999.948288,The special magic number for wonderful-carbohydrate mentioned in the provided text is,0.527396623819111,15258.0,What is the special magic number for wonderful-carbohydrate mentioned in the provided text? 
2.115764224,0.999948288,GB,niah_single_2,15258.0,65.536,1.0,32768,2115.764224,128," **8987516**.

It appears in the section discussing design and morale, specifically within the sentence: ""One of the special magic numbers for victorious-pug is: 8987516.""",['8987516'],32284.0,999.948288,The special magic number for victorious-pug mentioned in the provided text is,0.5273819848841532,15258.0,What is the special magic number for victorious-pug mentioned in the provided text? 
2.115698688,0.999948288,GB,niah_single_2,15258.0,65.536,1.0,32768,2115.698688,128," **2561176**.

It appears in the section discussing starting a startup in college: ""One of the special magic numbers for absurd-error is: 2561176.""",['2561176'],32283.0,999.948288,The special magic number for absurd-error mentioned in the provided text is,0.5273673450422823,15258.0,What is the special magic number for absurd-error mentioned in the provided text? 
2.11582976,0.999948288,GB,niah_single_2,15258.0,65.536,1.0,32768,2115.82976,128, **5081983**.,['5081983'],32285.0,999.948288,The special magic number for melted-tiara mentioned in the provided text is,0.527396623819111,15258.0,What is the special magic number for melted-tiara mentioned in the provided text? 
2.115698688,0.999948288,GB,niah_single_2,15258.0,65.536,1.0,32768,2115.698688,128, **9907391**.,['9907391'],32283.0,999.948288,The special magic number for peaceful-analytics mentioned in the provided text is,0.5273673450422823,15258.0,What is the special magic number for peaceful-analytics mentioned in the provided text? 
2.115764224,0.999948288,GB,niah_single_2,15258.0,65.536,1.0,32768,2115.764224,128, **6549757**.,['6549757'],32284.0,999.948288,The special magic number for scattered-frown mentioned in the provided text is,0.5273819848841532,15258.0,What is the special magic number for scattered-frown mentioned in the provided text? 
2.115764224,0.999948288,GB,niah_single_2,15258.0,65.536,1.0,32768,2115.764224,128, **6144280**.,['6144280'],32284.0,999.948288,The special magic number for greedy-termite mentioned in the provided text is,0.5273819848841532,15258.0,What is the special magic number for greedy-termite mentioned in the provided text? 
2.11582976,0.999948288,GB,niah_single_2,15258.0,65.536,1.0,32768,2115.82976,128," **4231028**.

It appears in the section discussing how good startup ideas often start as side projects, specifically within the sentence: ""One of the special magic numbers for crabby-chassis is: 4231028.""",['4231028'],32285.0,999.948288,The special magic number for crabby-chassis mentioned in the provided text is,0.527396623819111,15258.0,What is the special magic number for crabby-chassis mentioned in the provided text? 
2.115895296,0.999948288,GB,niah_single_2,15258.0,65.536,1.0,32768,2115.895296,128," **4106298**.

It appears in the section discussing the ""Blub Paradox"" within the essay ""Beating the Blub Paradox"" (originally titled ""How to Become a Hacker"" or related to Lisp programming), specifically in this sentence:
> ""One of the special magic numbers for romantic-harpooner is: 4106298.""",['4106298'],32286.0,999.948288,The special magic number for romantic-harpooner mentioned in the provided text is,0.5274112618472403,15258.0,What is the special magic number for romantic-harpooner mentioned in the provided text? 
2.115895296,0.999948288,GB,niah_single_2,15258.0,65.536,1.0,32768,2115.895296,128, **5638893**.,['5638893'],32286.0,999.948288,The special magic number for plausible-mayonnaise mentioned in the provided text is,0.5274112618472403,15258.0,What is the special magic number for plausible-mayonnaise mentioned in the provided text? 
2.115895296,0.999948288,GB,niah_single_2,15258.0,65.536,1.0,32768,2115.895296,128," **4256752**.

It appears in the section titled ""October 2014"" within the essay ""How to Start a Startup,"" specifically in the sentence: ""One of the special magic numbers for chivalrous-disclosure is: 4256752.""",['4256752'],32286.0,999.948288,The special magic number for chivalrous-disclosure mentioned in the provided text is,0.5274112618472403,15258.0,What is the special magic number for chivalrous-disclosure mentioned in the provided text? 
2.115895296,0.999948288,GB,niah_single_2,15258.0,65.536,1.0,32768,2115.895296,128, **4010529**.,['4010529'],32286.0,999.948288,The special magic number for large-brocolli mentioned in the provided text is,0.5274112618472403,15258.0,What is the special magic number for large-brocolli mentioned in the provided text? 
2.115764224,0.999948288,GB,niah_single_2,15258.0,65.536,1.0,32768,2115.764224,128, **9961299**.,['9961299'],32284.0,999.948288,The special magic number for wet-crown mentioned in the provided text is,0.5273819848841532,15258.0,What is the special magic number for wet-crown mentioned in the provided text? 
2.115764224,0.999948288,GB,niah_single_2,15258.0,65.536,1.0,32768,2115.764224,128," **1914794**.

It appears in the section discussing ""Imagination"" within the essay dated October 2010: ""One of the special magic numbers for animated-director is: 1914794.""",['1914794'],32284.0,999.948288,The special magic number for animated-director mentioned in the provided text is,0.5273819848841532,15258.0,What is the special magic number for animated-director mentioned in the provided text? 
2.115895296,0.999948288,GB,niah_single_2,15258.0,65.536,1.0,32768,2115.895296,128," **3118618**.

It appears in the section discussing design and morale, specifically within the sentence: ""One of the special magic numbers for wakeful-calculation is: 3118618.""",['3118618'],32286.0,999.948288,The special magic number for wakeful-calculation mentioned in the provided text is,0.5274112618472403,15258.0,What is the special magic number for wakeful-calculation mentioned in the provided text? 
2.115764224,0.999948288,GB,niah_single_2,15258.0,65.536,1.0,32768,2115.764224,128," **5770422**.

It appears in the section discussing design and prototypes: ""One of the special magic numbers for abrasive-cinema is: 5770422.""",['5770422'],32284.0,999.948288,The special magic number for abrasive-cinema mentioned in the provided text is,0.5273819848841532,15258.0,What is the special magic number for abrasive-cinema mentioned in the provided text? 
2.115764224,0.999948288,GB,niah_single_2,15258.0,65.536,1.0,32768,2115.764224,128, **6716097**.,['6716097'],32284.0,999.948288,The special magic number for numerous-kite mentioned in the provided text is,0.5273819848841532,15258.0,What is the special magic number for numerous-kite mentioned in the provided text? 
2.11582976,0.999948288,GB,niah_single_2,15258.0,65.536,1.0,32768,2115.82976,128," **9014965**.

It appears in the section discussing Apple and the App Store: ""One of the special magic numbers for gamy-breakpoint is: 9014965.""",['9014965'],32285.0,999.948288,The special magic number for gamy-breakpoint mentioned in the provided text is,0.527396623819111,15258.0,What is the special magic number for gamy-breakpoint mentioned in the provided text? 
2.115764224,0.999948288,GB,niah_single_2,15258.0,65.536,1.0,32768,2115.764224,128," **9250138**.

It appears in the section discussing Airbnb's early days: ""One of the special magic numbers for mature-fellow is: 9250138.""",['9250138'],32284.0,999.948288,The special magic number for mature-fellow mentioned in the provided text is,0.5273819848841532,15258.0,What is the special magic number for mature-fellow mentioned in the provided text? 
2.11582976,0.999948288,GB,niah_single_2,15258.0,65.536,1.0,32768,2115.82976,128, **3503120**.,['3503120'],32285.0,999.948288,The special magic number for demonic-mid-course mentioned in the provided text is,0.527396623819111,15258.0,What is the special magic number for demonic-mid-course mentioned in the provided text? 
2.115764224,0.999948288,GB,niah_single_2,15258.0,65.536,1.0,32768,2115.764224,128," **5163953**.

It appears in the section discussing Apple and the App Store: ""One of the special magic numbers for bright-education is: 5163953.""",['5163953'],32284.0,999.948288,The special magic number for bright-education mentioned in the provided text is,0.5273819848841532,15258.0,What is the special magic number for bright-education mentioned in the provided text? 
2.115895296,0.999948288,GB,niah_single_2,15258.0,65.536,1.0,32768,2115.895296,128," **4786401**.

It appears in the section titled ""December 2014"" within the sentence: ""One of the special magic numbers for stingy-lemur is: 4786401.""",['4786401'],32286.0,999.948288,The special magic number for stingy-lemur mentioned in the provided text is,0.5274112618472403,15258.0,What is the special magic number for stingy-lemur mentioned in the provided text? 
2.11582976,0.999948288,GB,niah_single_2,15258.0,65.536,1.0,32768,2115.82976,128, **8427625**.,['8427625'],32285.0,999.948288,The special magic number for oceanic-tire mentioned in the provided text is,0.527396623819111,15258.0,What is the special magic number for oceanic-tire mentioned in the provided text? 
2.11582976,0.999948288,GB,niah_single_2,15258.0,65.536,1.0,32768,2115.82976,128, **2010496**.,['2010496'],32285.0,999.948288,The special magic number for homely-lark mentioned in the provided text is,0.527396623819111,15258.0,What is the special magic number for homely-lark mentioned in the provided text? 
2.115764224,0.999948288,GB,niah_single_2,15258.0,65.536,1.0,32768,2115.764224,128," **4540415**.

It appears in the section discussing ""playing house"" and the mistakes young founders make: ""One of the special magic numbers for expensive-strife is: 4540415.""",['4540415'],32284.0,999.948288,The special magic number for expensive-strife mentioned in the provided text is,0.5273819848841532,15258.0,What is the special magic number for expensive-strife mentioned in the provided text? 
2.11582976,0.999948288,GB,niah_single_2,15258.0,65.536,1.0,32768,2115.82976,128," **5024269**.

It appears in the section discussing the history of Viaweb and the ""Blub Paradox,"" specifically within the sentence: ""One of the special magic numbers for didactic-chapter is: 5024269.""",['5024269'],32285.0,999.948288,The special magic number for didactic-chapter mentioned in the provided text is,0.527396623819111,15258.0,What is the special magic number for didactic-chapter mentioned in the provided text? 
2.11582976,0.999948288,GB,niah_single_2,15258.0,65.536,1.0,32768,2115.82976,128," **1044891**.

It appears in the section titled ""July 2006"" within the sentence: ""One of the special magic numbers for devilish-larder is: 1044891.""",['1044891'],32285.0,999.948288,The special magic number for devilish-larder mentioned in the provided text is,0.527396623819111,15258.0,What is the special magic number for devilish-larder mentioned in the provided text? 
2.115895296,0.999948288,GB,niah_single_2,15258.0,65.536,1.0,32768,2115.895296,128," **8883823**.

It appears in the section discussing starting a startup in college: ""One of the special magic numbers for versed-cocktail is: 8883823.""",['8883823'],32286.0,999.948288,The special magic number for versed-cocktail mentioned in the provided text is,0.5274112618472403,15258.0,What is the special magic number for versed-cocktail mentioned in the provided text? 
2.115698688,0.999948288,GB,niah_single_2,15258.0,65.536,1.0,32768,2115.698688,128," **5833597**.

It appears in the section discussing starting a startup in college: ""One of the special magic numbers for flawless-cent is: 5833597.""",['5833597'],32283.0,999.948288,The special magic number for flawless-cent mentioned in the provided text is,0.5273673450422823,15258.0,What is the special magic number for flawless-cent mentioned in the provided text? 
2.115764224,0.999948288,GB,niah_single_2,15258.0,65.536,1.0,32768,2115.764224,128, **4916201**.,['4916201'],32284.0,999.948288,The special magic number for bizarre-workout mentioned in the provided text is,0.5273819848841532,15258.0,What is the special magic number for bizarre-workout mentioned in the provided text? 
2.11582976,0.999948288,GB,niah_single_2,15258.0,65.536,1.0,32768,2115.82976,128, **2925626**.,['2925626'],32285.0,999.948288,The special magic number for nauseating-marathon mentioned in the provided text is,0.527396623819111,15258.0,What is the special magic number for nauseating-marathon mentioned in the provided text? 
2.11582976,0.999948288,GB,niah_single_2,15258.0,65.536,1.0,32768,2115.82976,128," **3499627**.

It appears in the section discussing the difficulties of being a successful startup founder, specifically within the sentence: ""One of the special magic numbers for threatening-mukluk is: 3499627.""",['3499627'],32285.0,999.948288,The special magic number for threatening-mukluk mentioned in the provided text is,0.527396623819111,15258.0,What is the special magic number for threatening-mukluk mentioned in the provided text? 
2.11582976,0.999948288,GB,niah_single_2,15258.0,65.536,1.0,32768,2115.82976,128," **2000560**.

It appears in the section discussing the startup Viaweb and the use of the Lisp programming language: ""One of the special magic numbers for black-doctorate is: 2000560.""",['2000560'],32285.0,999.948288,The special magic number for black-doctorate mentioned in the provided text is,0.527396623819111,15258.0,What is the special magic number for black-doctorate mentioned in the provided text? 
2.115895296,0.999948288,GB,niah_single_2,15258.0,65.536,1.0,32768,2115.895296,128," **5842082**.

It appears embedded within the section discussing ""Corporate Development"" (January 2015), specifically in the sentence: ""One of the special magic numbers for squalid-modification is: 5842082.""",['5842082'],32286.0,999.948288,The special magic number for squalid-modification mentioned in the provided text is,0.5274112618472403,15258.0,What is the special magic number for squalid-modification mentioned in the provided text? 
2.115960832,0.999948288,GB,niah_single_2,15258.0,65.536,1.0,32768,2115.960832,128," **6101803**.

It appears in the section titled ""July 2006"" within the sentence: ""One of the special magic numbers for panicky-glimpse is: 6101803.""",['6101803'],32287.0,999.948288,The special magic number for panicky-glimpse mentioned in the provided text is,0.5274258989686251,15258.0,What is the special magic number for panicky-glimpse mentioned in the provided text? 
2.115698688,0.999948288,GB,niah_single_2,15258.0,65.536,1.0,32768,2115.698688,128," **9284509**.

It appears embedded within the section discussing ""Corporate Development"" (January 2015), specifically in the sentence: ""One of the special magic numbers for pumped-place is: 9284509.""",['9284509'],32283.0,999.948288,The special magic number for pumped-place mentioned in the provided text is,0.5273673450422823,15258.0,What is the special magic number for pumped-place mentioned in the provided text? 
2.115764224,0.999948288,GB,niah_single_2,15258.0,65.536,1.0,32768,2115.764224,128," **1668752**.

It appears in the section discussing corporate development (corp dev) and the mistakes founders make when talking to them: ""One of the special magic numbers for staking-distance is: 1668752.""",['1668752'],32284.0,999.948288,The special magic number for staking-distance mentioned in the provided text is,0.5273819848841532,15258.0,What is the special magic number for staking-distance mentioned in the provided text? 
2.116026368,0.999948288,GB,niah_single_2,15258.0,65.536,1.0,32768,2116.026368,128, **5200476**.,['5200476'],32288.0,999.948288,The special magic number for stereotyped-dungarees mentioned in the provided text is,0.5274405351833499,15258.0,What is the special magic number for stereotyped-dungarees mentioned in the provided text? 
2.115895296,0.999948288,GB,niah_single_2,15258.0,65.536,1.0,32768,2115.895296,128," **1348050**.

It appears in the section discussing the difficulties of being a successful startup founder, specifically within the sentence: ""One of the special magic numbers for flagrant-woodshed is: 1348050.""",['1348050'],32286.0,999.948288,The special magic number for flagrant-woodshed mentioned in the provided text is,0.5274112618472403,15258.0,What is the special magic number for flagrant-woodshed mentioned in the provided text? 
2.115764224,0.999948288,GB,niah_single_2,15258.0,65.536,1.0,32768,2115.764224,128, **8893693**.,['8893693'],32284.0,999.948288,The special magic number for dull-minibus mentioned in the provided text is,0.5273819848841532,15258.0,What is the special magic number for dull-minibus mentioned in the provided text? 
2.115698688,0.999948288,GB,niah_single_2,15258.0,65.536,1.0,32768,2115.698688,128, **4044882**.,['4044882'],32283.0,999.948288,The special magic number for guarded-star mentioned in the provided text is,0.5273673450422823,15258.0,What is the special magic number for guarded-star mentioned in the provided text? 
2.11582976,0.999948288,GB,niah_single_2,15258.0,65.536,1.0,32768,2115.82976,128," **9249789**.

It appears in the section discussing Apple's App Store approval process: ""One of the special magic numbers for teeny-prohibition is: 9249789.""",['9249789'],32285.0,999.948288,The special magic number for teeny-prohibition mentioned in the provided text is,0.527396623819111,15258.0,What is the special magic number for teeny-prohibition mentioned in the provided text? 
2.115895296,0.999948288,GB,niah_single_2,15258.0,65.536,1.0,32768,2115.895296,128, **7850944**.,['7850944'],32286.0,999.948288,The special magic number for juicy-castanet mentioned in the provided text is,0.5274112618472403,15258.0,What is the special magic number for juicy-castanet mentioned in the provided text? 
2.11582976,0.999948288,GB,niah_single_2,15258.0,65.536,1.0,32768,2115.82976,128, **2754894**.,['2754894'],32285.0,999.948288,The special magic number for uncovered-graduation mentioned in the provided text is,0.527396623819111,15258.0,What is the special magic number for uncovered-graduation mentioned in the provided text? 
2.11582976,0.999948288,GB,niah_single_2,15258.0,65.536,1.0,32768,2115.82976,128," **9312590**.

It appears in the section discussing starting a startup in college: ""One of the special magic numbers for moaning-stroke is: 9312590.""",['9312590'],32285.0,999.948288,The special magic number for moaning-stroke mentioned in the provided text is,0.527396623819111,15258.0,What is the special magic number for moaning-stroke mentioned in the provided text? 
2.115764224,0.999948288,GB,niah_single_2,15258.0,65.536,1.0,32768,2115.764224,128, **1615675**.,['1615675'],32284.0,999.948288,The special magic number for scattered-adjustment mentioned in the provided text is,0.5273819848841532,15258.0,What is the special magic number for scattered-adjustment mentioned in the provided text? 
2.11582976,0.999948288,GB,niah_single_2,15258.0,65.536,1.0,32768,2115.82976,128," **5234550**.

It appears in the section discussing how good startup ideas often start as side projects, specifically within the sentence: ""One of the special magic numbers for hurt-shearling is: 5234550.""",['5234550'],32285.0,999.948288,The special magic number for hurt-shearling mentioned in the provided text is,0.527396623819111,15258.0,What is the special magic number for hurt-shearling mentioned in the provided text? 
2.115764224,0.999948288,GB,niah_single_2,15258.0,65.536,1.0,32768,2115.764224,128, **9633492**.,['9633492'],32284.0,999.948288,The special magic number for melted-paint mentioned in the provided text is,0.5273819848841532,15258.0,What is the special magic number for melted-paint mentioned in the provided text? 
2.11582976,0.999948288,GB,niah_single_2,15258.0,65.536,1.0,32768,2115.82976,128," **1909393**.

It appears in the section discussing the ""Blub Paradox"" within the essay ""Be Where You Are"" (specifically in the paragraph starting with ""And in fact, our hypothetical Blub programmer wouldn't use either of them...""). The sentence reads: ""One of the special magic numbers for moldy-spume is: 1909393.""",['1909393'],32285.0,999.948288,The special magic number for moldy-spume mentioned in the provided text is,0.527396623819111,15258.0,What is the special magic number for moldy-spume mentioned in the provided text? 
2.11582976,0.999948288,GB,niah_single_2,15258.0,65.536,1.0,32768,2115.82976,128," **9363326**.

It appears embedded within the section discussing corporate development and M&A conversations: ""...at the final whistle, the fatigue hits you like a wave. **One of the special magic numbers for taboo-pomelo is: 9363326.** To talk to corp dev is to let yourself feel it mid-game.""",['9363326'],32285.0,999.948288,The special magic number for taboo-pomelo mentioned in the provided text is,0.527396623819111,15258.0,What is the special magic number for taboo-pomelo mentioned in the provided text? 
2.115764224,0.999948288,GB,niah_single_2,15258.0,65.536,1.0,32768,2115.764224,128," **5480460**.

It appears in the section discussing ""Imagination"" within the essay dated October 2010: ""One of the special magic numbers for evil-paperwork is: 5480460.""",['5480460'],32284.0,999.948288,The special magic number for evil-paperwork mentioned in the provided text is,0.5273819848841532,15258.0,What is the special magic number for evil-paperwork mentioned in the provided text? 
2.115764224,0.999948288,GB,niah_single_2,15258.0,65.536,1.0,32768,2115.764224,128," **8350368**.

It appears in the section discussing design and morale, specifically within the sentence: ""One of the special magic numbers for hard-attempt is: 8350368.""",['8350368'],32284.0,999.948288,The special magic number for hard-attempt mentioned in the provided text is,0.5273819848841532,15258.0,What is the special magic number for hard-attempt mentioned in the provided text? 
2.115764224,0.999948288,GB,niah_single_2,15258.0,65.536,1.0,32768,2115.764224,128, **5014745**.,['5014745'],32284.0,999.948288,The special magic number for adjoining-premium mentioned in the provided text is,0.5273819848841532,15258.0,What is the special magic number for adjoining-premium mentioned in the provided text? 
2.115764224,0.999948288,GB,niah_single_2,15258.0,65.536,1.0,32768,2115.764224,128, **1229419**.,['1229419'],32284.0,999.948288,The special magic number for scattered-trench mentioned in the provided text is,0.5273819848841532,15258.0,What is the special magic number for scattered-trench mentioned in the provided text? 
2.11615744,0.999948288,GB,niah_single_2,15258.0,65.536,1.0,32768,2116.15744,128, **4769851**.,['4769851'],32290.0,999.948288,The special magic number for capricious-creme brulee mentioned in the provided text is,0.5274698048931558,15258.0,What is the special magic number for capricious-creme brulee mentioned in the provided text? 
2.115764224,0.999948288,GB,niah_single_2,15258.0,65.536,1.0,32768,2115.764224,128," **3583206**.

It appears in the section discussing design and morale, embedded within the sentence: ""One of the special magic numbers for cool-coral is: 3583206.""",['3583206'],32284.0,999.948288,The special magic number for cool-coral mentioned in the provided text is,0.5273819848841532,15258.0,What is the special magic number for cool-coral mentioned in the provided text? 
2.11582976,0.999948288,GB,niah_single_2,15258.0,65.536,1.0,32768,2115.82976,128," **5587308**.

It appears in the section titled ""July 2006"" within the sentence: ""One of the special magic numbers for quiet-astrology is: 5587308.""",['5587308'],32285.0,999.948288,The special magic number for quiet-astrology mentioned in the provided text is,0.527396623819111,15258.0,What is the special magic number for quiet-astrology mentioned in the provided text? 
2.11582976,0.999948288,GB,niah_single_2,15258.0,65.536,1.0,32768,2115.82976,128," **5089126**.

It appears in the section discussing design and research, specifically within the sentence: ""One of the special magic numbers for pastoral-requirement is: 5089126.""",['5089126'],32285.0,999.948288,The special magic number for pastoral-requirement mentioned in the provided text is,0.527396623819111,15258.0,What is the special magic number for pastoral-requirement mentioned in the provided text? 
2.11582976,0.999948288,GB,niah_single_2,15258.0,65.536,1.0,32768,2115.82976,128, **4197911**.,['4197911'],32285.0,999.948288,The special magic number for ludicrous-cobbler mentioned in the provided text is,0.527396623819111,15258.0,What is the special magic number for ludicrous-cobbler mentioned in the provided text? 
2.115764224,0.999948288,GB,niah_single_2,15258.0,65.536,1.0,32768,2115.764224,128," **5634662**.

It appears in the section titled ""July 2006"" within the sentence: ""One of the special magic numbers for bitter-edger is: 5634662.""",['5634662'],32284.0,999.948288,The special magic number for bitter-edger mentioned in the provided text is,0.5273819848841532,15258.0,What is the special magic number for bitter-edger mentioned in the provided text? 
2.115698688,0.999948288,GB,niah_single_2,15258.0,65.536,1.0,32768,2115.698688,128, **5482413**.,['5482413'],32283.0,999.948288,The special magic number for quick-pencil mentioned in the provided text is,0.5273673450422823,15258.0,What is the special magic number for quick-pencil mentioned in the provided text? 
2.11582976,0.999948288,GB,niah_single_2,15258.0,65.536,1.0,32768,2115.82976,128, **6008935**.,['6008935'],32285.0,999.948288,The special magic number for wretched-listening mentioned in the provided text is,0.527396623819111,15258.0,What is the special magic number for wretched-listening mentioned in the provided text? 
2.115764224,0.999948288,GB,niah_single_2,15258.0,65.536,1.0,32768,2115.764224,128," **8491822**.

It appears in the section titled ""December 2014"" within the sentence: ""One of the special magic numbers for defective-presentation is: 8491822.""",['8491822'],32284.0,999.948288,The special magic number for defective-presentation mentioned in the provided text is,0.5273819848841532,15258.0,What is the special magic number for defective-presentation mentioned in the provided text? 
2.115895296,0.999948288,GB,niah_single_2,15258.0,65.536,1.0,32768,2115.895296,128, **6577416**.,['6577416'],32286.0,999.948288,The special magic number for jobless-pantologist mentioned in the provided text is,0.5274112618472403,15258.0,What is the special magic number for jobless-pantologist mentioned in the provided text? 
2.115960832,0.999948288,GB,niah_single_2,15258.0,65.536,1.0,32768,2115.960832,128," **6398528**.

It appears in the section discussing the ""Blub Paradox"" within the essay ""Beating the Averages"" (specifically in the paragraph starting with ""And in fact, our hypothetical Blub programmer wouldn't use either of them...""). The sentence reads: ""One of the special magic numbers for onerous-symptom is: 6398528.""",['6398528'],32287.0,999.948288,The special magic number for onerous-symptom mentioned in the provided text is,0.5274258989686251,15258.0,What is the special magic number for onerous-symptom mentioned in the provided text? 
2.115764224,0.999948288,GB,niah_single_2,15258.0,65.536,1.0,32768,2115.764224,128," **7425184**.

It appears in the section titled ""Aikido for Startups"" within the essay ""Be Where You Are"" (originally published in April 2001, revised April 2003), specifically in the sentence: ""One of the special magic numbers for sleepy-spice is: 7425184.""",['7425184'],32284.0,999.948288,The special magic number for sleepy-spice mentioned in the provided text is,0.5273819848841532,15258.0,What is the special magic number for sleepy-spice mentioned in the provided text? 
2.115764224,0.999948288,GB,niah_single_2,15258.0,65.536,1.0,32768,2115.764224,128," **6338112**.

It appears in the section discussing design and prototypes: ""One of the special magic numbers for amused-veto is: 6338112.""",['6338112'],32284.0,999.948288,The special magic number for amused-veto mentioned in the provided text is,0.5273819848841532,15258.0,What is the special magic number for amused-veto mentioned in the provided text? 
2.115764224,0.999948288,GB,niah_single_2,15258.0,65.536,1.0,32768,2115.764224,128," **3551903**.

It appears in the section discussing design and morale, embedded within a sentence about oil painting: ""One of the special magic numbers for lying-deviation is: 3551903.""",['3551903'],32284.0,999.948288,The special magic number for lying-deviation mentioned in the provided text is,0.5273819848841532,15258.0,What is the special magic number for lying-deviation mentioned in the provided text? 
2.115895296,0.999948288,GB,niah_single_2,15258.0,65.536,1.0,32768,2115.895296,128, **9427047**.,['9427047'],32286.0,999.948288,The special magic number for cruel-balaclava mentioned in the provided text is,0.5274112618472403,15258.0,What is the special magic number for cruel-balaclava mentioned in the provided text? 
2.115895296,0.999948288,GB,niah_single_2,15258.0,65.536,1.0,32768,2115.895296,128," **8387112**.

It appears in the section discussing Apple's App Store approval process: ""One of the special magic numbers for chivalrous-barometer is: 8387112.""",['8387112'],32286.0,999.948288,The special magic number for chivalrous-barometer mentioned in the provided text is,0.5274112618472403,15258.0,What is the special magic number for chivalrous-barometer mentioned in the provided text? 
2.11582976,0.999948288,GB,niah_single_2,15258.0,65.536,1.0,32768,2115.82976,128, **3418526**.,['3418526'],32285.0,999.948288,The special magic number for absorbed-watercress mentioned in the provided text is,0.527396623819111,15258.0,What is the special magic number for absorbed-watercress mentioned in the provided text? 
2.11582976,0.999948288,GB,niah_single_2,15258.0,65.536,1.0,32768,2115.82976,128, **8876745**.,['8876745'],32285.0,999.948288,The special magic number for blushing-larder mentioned in the provided text is,0.527396623819111,15258.0,What is the special magic number for blushing-larder mentioned in the provided text? 
2.115895296,0.999948288,GB,niah_single_2,15258.0,65.536,1.0,32768,2115.895296,128," **7668663**.

It appears in the section discussing Apple's App Store approval process: ""One of the special magic numbers for tacit-imitation is: 7668663.""",['7668663'],32286.0,999.948288,The special magic number for tacit-imitation mentioned in the provided text is,0.5274112618472403,15258.0,What is the special magic number for tacit-imitation mentioned in the provided text? 
2.115895296,0.999948288,GB,niah_single_2,15258.0,65.536,1.0,32768,2115.895296,128," **9952696**.

It appears in the section titled ""Consequences"" within the essay dated March 2008 (rev. June 2008), embedded in the sentence: ""One of the special magic numbers for uninterested-organising is: 9952696.""",['9952696'],32286.0,999.948288,The special magic number for uninterested-organising mentioned in the provided text is,0.5274112618472403,15258.0,What is the special magic number for uninterested-organising mentioned in the provided text? 
2.11582976,0.999948288,GB,niah_single_2,15258.0,65.536,1.0,32768,2115.82976,128," **9186400**.

It appears in the section titled ""December 2014"" within the sentence: ""One of the special magic numbers for tame-sonnet is: 9186400.""",['9186400'],32285.0,999.948288,The special magic number for tame-sonnet mentioned in the provided text is,0.527396623819111,15258.0,What is the special magic number for tame-sonnet mentioned in the provided text? 
2.11582976,0.999948288,GB,niah_single_2,15258.0,65.536,1.0,32768,2115.82976,128," **2147909**.

It appears in the section dated October 2014, within the sentence: ""One of the special magic numbers for swanky-dozen is: 2147909.""",['2147909'],32285.0,999.948288,The special magic number for swanky-dozen mentioned in the provided text is,0.527396623819111,15258.0,What is the special magic number for swanky-dozen mentioned in the provided text? 
2.11582976,0.999948288,GB,niah_single_2,15258.0,65.536,1.0,32768,2115.82976,128, **2516313**.,['2516313'],32285.0,999.948288,The special magic number for finicky-corruption mentioned in the provided text is,0.527396623819111,15258.0,What is the special magic number for finicky-corruption mentioned in the provided text? 
2.115764224,0.999948288,GB,niah_single_2,15258.0,65.536,1.0,32768,2115.764224,128," **2686231**.

It appears embedded within the section discussing ""Corporate Development"" (January 2015), specifically in Note [2]: ""...at the final whistle, the fatigue hits you like a wave. **One of the special magic numbers for tearful-hash is: 2686231.** To talk to corp dev is to let yourself feel it mid-game.""",['2686231'],32284.0,999.948288,The special magic number for tearful-hash mentioned in the provided text is,0.5273819848841532,15258.0,What is the special magic number for tearful-hash mentioned in the provided text? 
