uncompressed_kv_memory_gb,question,predicted_answer,retained_context_tokens,task,uncompressed_kv_memory_mb,kv_memory_per_token_kb,context_length,retained_kv_memory_mb,context_tokens,answer,compression_ratio,max_new_tokens,retained_kv_memory_gb,answer_prefix
2.778988544,What is the special magic uuid for 1aa4fb78-aecd-4cff-9e34-12aac45dab85 mentioned in the provided text? ,":

**0024da9c-6399-4571-bf50-62f31677a532**",42404.0,niah_multikey_3,2778.988544,65.536,32768,2778.988544,42404.0,['0024da9c-6399-4571-bf50-62f31677a532'],0.0,128,2.778988544,The special magic uuid for 1aa4fb78-aecd-4cff-9e34-12aac45dab85 mentioned in the provided text is
2.781937664,What is the special magic uuid for cea97194-cbd6-4e75-bf45-4da8414ecf02 mentioned in the provided text? ,":

**e05e8dcd-0ae1-4add-96ff-6a056835b9c6**",42449.0,niah_multikey_3,2781.937664,65.536,32768,2781.937664,42449.0,['e05e8dcd-0ae1-4add-96ff-6a056835b9c6'],0.0,128,2.781937664,The special magic uuid for cea97194-cbd6-4e75-bf45-4da8414ecf02 mentioned in the provided text is
2.779119616,What is the special magic uuid for 7f7fcbe8-db4c-4d45-81e6-478a3e81d07d mentioned in the provided text? ,":

**120129ac-37ab-4b4f-9116-0c97e42242a7**",42406.0,niah_multikey_3,2779.119616,65.536,32768,2779.119616,42406.0,['120129ac-37ab-4b4f-9116-0c97e42242a7'],0.0,128,2.779119616,The special magic uuid for 7f7fcbe8-db4c-4d45-81e6-478a3e81d07d mentioned in the provided text is
2.783510528,What is the special magic uuid for f0fbf9d5-1507-493e-b6e9-62b392027568 mentioned in the provided text? ,":

**6a33a75b-24bc-4ed7-886a-126820ffc695**",42473.0,niah_multikey_3,2783.510528,65.536,32768,2783.510528,42473.0,['6a33a75b-24bc-4ed7-886a-126820ffc695'],0.0,128,2.783510528,The special magic uuid for f0fbf9d5-1507-493e-b6e9-62b392027568 mentioned in the provided text is
2.779643904,What is the special magic uuid for f2816bb9-449d-445a-a2d1-5afcd754c81f mentioned in the provided text? ,":

**adad84f5-bfc9-4c9a-aa4a-78e3b9dc97f6**",42414.0,niah_multikey_3,2779.643904,65.536,32768,2779.643904,42414.0,['adad84f5-bfc9-4c9a-aa4a-78e3b9dc97f6'],0.0,128,2.779643904,The special magic uuid for f2816bb9-449d-445a-a2d1-5afcd754c81f mentioned in the provided text is
2.777546752,What is the special magic uuid for d7e56b59-7163-4a74-a54a-6ff45e8f972e mentioned in the provided text? ,":

**1774f846-e012-403b-b453-06bc39a9db7e**",42382.0,niah_multikey_3,2777.546752,65.536,32768,2777.546752,42382.0,['1774f846-e012-403b-b453-06bc39a9db7e'],0.0,128,2.777546752,The special magic uuid for d7e56b59-7163-4a74-a54a-6ff45e8f972e mentioned in the provided text is
2.778595328,What is the special magic uuid for 43b46106-f69a-48c3-aada-abb937ebb070 mentioned in the provided text? ,":

**c18c3b37-7d30-45e4-ba75-ede5f2a1101b**",42398.0,niah_multikey_3,2778.595328,65.536,32768,2778.595328,42398.0,['c18c3b37-7d30-45e4-ba75-ede5f2a1101b'],0.0,128,2.778595328,The special magic uuid for 43b46106-f69a-48c3-aada-abb937ebb070 mentioned in the provided text is
2.783838208,What is the special magic uuid for 7260291c-85b4-4734-b736-c7e2350c8f08 mentioned in the provided text? ,":

**951f697e-f17a-41a0-a4d8-c429822ab84d**",42478.0,niah_multikey_3,2783.838208,65.536,32768,2783.838208,42478.0,['951f697e-f17a-41a0-a4d8-c429822ab84d'],0.0,128,2.783838208,The special magic uuid for 7260291c-85b4-4734-b736-c7e2350c8f08 mentioned in the provided text is
2.782068736,What is the special magic uuid for 8a165f29-ec4c-4297-a5e7-3f5b0858d8f4 mentioned in the provided text? ,":

**a51ca362-f253-4ad3-91d2-152922091ae2**",42451.0,niah_multikey_3,2782.068736,65.536,32768,2782.068736,42451.0,['a51ca362-f253-4ad3-91d2-152922091ae2'],0.0,128,2.782068736,The special magic uuid for 8a165f29-ec4c-4297-a5e7-3f5b0858d8f4 mentioned in the provided text is
2.785804288,What is the special magic uuid for 7ab4ab80-4b0c-4c1a-8438-a400ca093398 mentioned in the provided text? ,":

**3a7d2d30-1405-4e55-bdf0-fbd1e274359a**",42508.0,niah_multikey_3,2785.804288,65.536,32768,2785.804288,42508.0,['3a7d2d30-1405-4e55-bdf0-fbd1e274359a'],0.0,128,2.785804288,The special magic uuid for 7ab4ab80-4b0c-4c1a-8438-a400ca093398 mentioned in the provided text is
2.777808896,What is the special magic uuid for 25e6fca5-001a-45fb-bc5c-364d55343d8f mentioned in the provided text? ,":

**8c5b4514-733a-4736-9a19-1a42d58707b7**",42386.0,niah_multikey_3,2777.808896,65.536,32768,2777.808896,42386.0,['8c5b4514-733a-4736-9a19-1a42d58707b7'],0.0,128,2.777808896,The special magic uuid for 25e6fca5-001a-45fb-bc5c-364d55343d8f mentioned in the provided text is
2.777808896,What is the special magic uuid for 5ae7ff5d-8677-43b8-8dc3-a23c892ea2a6 mentioned in the provided text? ,":

**c73ed342-6523-4d4b-aa33-beb1c9007315**",42386.0,niah_multikey_3,2777.808896,65.536,32768,2777.808896,42386.0,['c73ed342-6523-4d4b-aa33-beb1c9007315'],0.0,128,2.777808896,The special magic uuid for 5ae7ff5d-8677-43b8-8dc3-a23c892ea2a6 mentioned in the provided text is
2.783510528,What is the special magic uuid for 642ff652-23a5-496e-9586-2c7539ce3af7 mentioned in the provided text? ,":

**ca6e539d-f6b6-4724-b647-998e453681d9**",42473.0,niah_multikey_3,2783.510528,65.536,32768,2783.510528,42473.0,['ca6e539d-f6b6-4724-b647-998e453681d9'],0.0,128,2.783510528,The special magic uuid for 642ff652-23a5-496e-9586-2c7539ce3af7 mentioned in the provided text is
2.77774336,What is the special magic uuid for 912535ea-ad3d-46f6-b073-9ff7188f409a mentioned in the provided text? ,":

**94bb5011-e155-482c-8e19-b2385a9ba182**",42385.0,niah_multikey_3,2777.74336,65.536,32768,2777.74336,42385.0,['94bb5011-e155-482c-8e19-b2385a9ba182'],0.0,128,2.77774336,The special magic uuid for 912535ea-ad3d-46f6-b073-9ff7188f409a mentioned in the provided text is
2.77807104,What is the special magic uuid for 82bf0a5e-67d9-4f23-8162-746a53360650 mentioned in the provided text? ,":

**70674e97-4619-4355-990d-b002a11c4a2b**",42390.0,niah_multikey_3,2778.07104,65.536,32768,2778.07104,42390.0,['70674e97-4619-4355-990d-b002a11c4a2b'],0.0,128,2.77807104,The special magic uuid for 82bf0a5e-67d9-4f23-8162-746a53360650 mentioned in the provided text is
2.77970944,What is the special magic uuid for a479e642-b250-40f4-aedc-cefcda8d5e09 mentioned in the provided text? ,":

**b028ce25-1b5d-49c4-9e25-3f6c6749fe74**",42415.0,niah_multikey_3,2779.70944,65.536,32768,2779.70944,42415.0,['b028ce25-1b5d-49c4-9e25-3f6c6749fe74'],0.0,128,2.77970944,The special magic uuid for a479e642-b250-40f4-aedc-cefcda8d5e09 mentioned in the provided text is
2.778005504,What is the special magic uuid for 2bf67532-d0f6-462d-93e0-53e4ecf35c83 mentioned in the provided text? ,":

**5c56b2f2-28e2-43bf-8d5d-b9e171d2676a**",42389.0,niah_multikey_3,2778.005504,65.536,32768,2778.005504,42389.0,['5c56b2f2-28e2-43bf-8d5d-b9e171d2676a'],0.0,128,2.778005504,The special magic uuid for 2bf67532-d0f6-462d-93e0-53e4ecf35c83 mentioned in the provided text is
2.775908352,What is the special magic uuid for a2791dc6-27f6-4951-bacf-a124a845528a mentioned in the provided text? ,":

**2353c97d-b18c-49dd-a689-5099d094d87a**",42357.0,niah_multikey_3,2775.908352,65.536,32768,2775.908352,42357.0,['2353c97d-b18c-49dd-a689-5099d094d87a'],0.0,128,2.775908352,The special magic uuid for a2791dc6-27f6-4951-bacf-a124a845528a mentioned in the provided text is
2.777939968,What is the special magic uuid for b740b2d4-4840-498c-a185-258cb1ff4af5 mentioned in the provided text? ,":

**87b8a762-1d1f-4e85-a5d1-caf284c95aa6**",42388.0,niah_multikey_3,2777.939968,65.536,32768,2777.939968,42388.0,['87b8a762-1d1f-4e85-a5d1-caf284c95aa6'],0.0,128,2.777939968,The special magic uuid for b740b2d4-4840-498c-a185-258cb1ff4af5 mentioned in the provided text is
2.779447296,What is the special magic uuid for c6126c8c-1022-4cec-a91a-8be1bb220c84 mentioned in the provided text? ,":

**337e76f0-f040-4feb-a4b4-222d5d7f35ac**",42411.0,niah_multikey_3,2779.447296,65.536,32768,2779.447296,42411.0,['337e76f0-f040-4feb-a4b4-222d5d7f35ac'],0.0,128,2.779447296,The special magic uuid for c6126c8c-1022-4cec-a91a-8be1bb220c84 mentioned in the provided text is
2.773680128,What is the special magic uuid for 7d4e6c7d-5a40-4f24-aaf8-e6e78aa06210 mentioned in the provided text? ,":

**cce29702-134a-460c-979b-6f7ee7895280**",42323.0,niah_multikey_3,2773.680128,65.536,32768,2773.680128,42323.0,['cce29702-134a-460c-979b-6f7ee7895280'],0.0,128,2.773680128,The special magic uuid for 7d4e6c7d-5a40-4f24-aaf8-e6e78aa06210 mentioned in the provided text is
2.77610496,What is the special magic uuid for 08815160-fba3-4f0f-a679-a78054dca409 mentioned in the provided text? ,":

**8bfd183e-4d77-41f8-a9d2-4b5cb8e9e6ca**",42360.0,niah_multikey_3,2776.10496,65.536,32768,2776.10496,42360.0,['8bfd183e-4d77-41f8-a9d2-4b5cb8e9e6ca'],0.0,128,2.77610496,The special magic uuid for 08815160-fba3-4f0f-a679-a78054dca409 mentioned in the provided text is
2.7820032,What is the special magic uuid for be98294b-980f-4776-98a1-54c235200760 mentioned in the provided text? ,":

**744389ab-52d6-4d34-8a27-a04b96589b0c**",42450.0,niah_multikey_3,2782.0032,65.536,32768,2782.0032,42450.0,['744389ab-52d6-4d34-8a27-a04b96589b0c'],0.0,128,2.7820032,The special magic uuid for be98294b-980f-4776-98a1-54c235200760 mentioned in the provided text is
2.783051776,What is the special magic uuid for 1d464bca-ba53-4d29-804f-ffe146aa63ab mentioned in the provided text? ,":

**ed344bfe-983f-4a21-af44-722e2517244c**",42466.0,niah_multikey_3,2783.051776,65.536,32768,2783.051776,42466.0,['ed344bfe-983f-4a21-af44-722e2517244c'],0.0,128,2.783051776,The special magic uuid for 1d464bca-ba53-4d29-804f-ffe146aa63ab mentioned in the provided text is
2.784165888,What is the special magic uuid for 2e28f3db-9a37-458f-9fee-2d4901de330d mentioned in the provided text? ,":

**4712ef99-a8d1-4388-8ca7-b08dd3505d77**",42483.0,niah_multikey_3,2784.165888,65.536,32768,2784.165888,42483.0,['4712ef99-a8d1-4388-8ca7-b08dd3505d77'],0.0,128,2.784165888,The special magic uuid for 2e28f3db-9a37-458f-9fee-2d4901de330d mentioned in the provided text is
2.776498176,What is the special magic uuid for 36b94a4f-ecd5-4075-a267-c5bfa68f855e mentioned in the provided text? ,":

**46969ce7-0da0-49f8-87b2-845e7b8ef100**",42366.0,niah_multikey_3,2776.498176,65.536,32768,2776.498176,42366.0,['46969ce7-0da0-49f8-87b2-845e7b8ef100'],0.0,128,2.776498176,The special magic uuid for 36b94a4f-ecd5-4075-a267-c5bfa68f855e mentioned in the provided text is
2.782593024,What is the special magic uuid for 70ec47fd-50e2-44fc-9d87-2b34e1d4e2b5 mentioned in the provided text? ,":

**7cff3c66-6860-49e6-8ba5-002162c250c0**",42459.0,niah_multikey_3,2782.593024,65.536,32768,2782.593024,42459.0,['7cff3c66-6860-49e6-8ba5-002162c250c0'],0.0,128,2.782593024,The special magic uuid for 70ec47fd-50e2-44fc-9d87-2b34e1d4e2b5 mentioned in the provided text is
2.775318528,What is the special magic uuid for 4a0de8fe-074d-4202-9286-e1d5c43acaaf mentioned in the provided text? ,":

**b63b4988-40bc-44b2-bf1c-ca95adbca4e9**",42348.0,niah_multikey_3,2775.318528,65.536,32768,2775.318528,42348.0,['b63b4988-40bc-44b2-bf1c-ca95adbca4e9'],0.0,128,2.775318528,The special magic uuid for 4a0de8fe-074d-4202-9286-e1d5c43acaaf mentioned in the provided text is
2.779512832,What is the special magic uuid for 7dbdda84-08a8-45bb-ad8b-03fa651e26ed mentioned in the provided text? ,":

**f7403fcd-0208-4cd5-a152-7de2f9786036**",42412.0,niah_multikey_3,2779.512832,65.536,32768,2779.512832,42412.0,['f7403fcd-0208-4cd5-a152-7de2f9786036'],0.0,128,2.779512832,The special magic uuid for 7dbdda84-08a8-45bb-ad8b-03fa651e26ed mentioned in the provided text is
2.778923008,What is the special magic uuid for 34665763-1526-4a21-890a-5c11b2d1e458 mentioned in the provided text? ,":

**6d94011c-f28a-4b0b-a2e2-fe34bb8b19a1**",42403.0,niah_multikey_3,2778.923008,65.536,32768,2778.923008,42403.0,['6d94011c-f28a-4b0b-a2e2-fe34bb8b19a1'],0.0,128,2.778923008,The special magic uuid for 34665763-1526-4a21-890a-5c11b2d1e458 mentioned in the provided text is
2.780758016,What is the special magic uuid for daee2090-1fdb-4586-bb66-eeca99b85ad8 mentioned in the provided text? ,":

**7c33bb00-4ab4-4e4f-a78e-39f8f06d63eb**",42431.0,niah_multikey_3,2780.758016,65.536,32768,2780.758016,42431.0,['7c33bb00-4ab4-4e4f-a78e-39f8f06d63eb'],0.0,128,2.780758016,The special magic uuid for daee2090-1fdb-4586-bb66-eeca99b85ad8 mentioned in the provided text is
2.777874432,What is the special magic uuid for 6221520c-17ca-4bba-a19d-5c26383a6364 mentioned in the provided text? ,":

**a1d9786d-0607-4c26-a5ca-a01731ad3175**",42387.0,niah_multikey_3,2777.874432,65.536,32768,2777.874432,42387.0,['a1d9786d-0607-4c26-a5ca-a01731ad3175'],0.0,128,2.777874432,The special magic uuid for 6221520c-17ca-4bba-a19d-5c26383a6364 mentioned in the provided text is
2.781478912,What is the special magic uuid for 169283cc-a25d-4213-aa80-0e31566acd0d mentioned in the provided text? ,":

**f748df48-d89c-4d9e-a3f7-7df5f0445d51**",42442.0,niah_multikey_3,2781.478912,65.536,32768,2781.478912,42442.0,['f748df48-d89c-4d9e-a3f7-7df5f0445d51'],0.0,128,2.781478912,The special magic uuid for 169283cc-a25d-4213-aa80-0e31566acd0d mentioned in the provided text is
2.782593024,What is the special magic uuid for 4f1f7138-2cca-4057-9409-9ea257c38831 mentioned in the provided text? ,":

**b7c6b586-713a-4907-ad24-5c4f25aeb769**",42459.0,niah_multikey_3,2782.593024,65.536,32768,2782.593024,42459.0,['b7c6b586-713a-4907-ad24-5c4f25aeb769'],0.0,128,2.782593024,The special magic uuid for 4f1f7138-2cca-4057-9409-9ea257c38831 mentioned in the provided text is
2.775252992,What is the special magic uuid for b85ecaf3-21a7-4f3a-9609-b69b9d71fd68 mentioned in the provided text? ,":

**5e65fb5e-3377-4463-9ee4-c6f6cac604dd**",42347.0,niah_multikey_3,2775.252992,65.536,32768,2775.252992,42347.0,['5e65fb5e-3377-4463-9ee4-c6f6cac604dd'],0.0,128,2.775252992,The special magic uuid for b85ecaf3-21a7-4f3a-9609-b69b9d71fd68 mentioned in the provided text is
2.773745664,What is the special magic uuid for 3ddcae8f-22fb-42be-9917-9851389f0bb1 mentioned in the provided text? ,":

**ac8a317b-a6bb-4327-90db-2a01622cb723**",42324.0,niah_multikey_3,2773.745664,65.536,32768,2773.745664,42324.0,['ac8a317b-a6bb-4327-90db-2a01622cb723'],0.0,128,2.773745664,The special magic uuid for 3ddcae8f-22fb-42be-9917-9851389f0bb1 mentioned in the provided text is
2.783051776,What is the special magic uuid for 07ae4b3a-cdee-4838-bf5a-c418f1d53c93 mentioned in the provided text? ,":

**692ca162-a3bd-4109-8935-a864e2c83337**",42466.0,niah_multikey_3,2783.051776,65.536,32768,2783.051776,42466.0,['692ca162-a3bd-4109-8935-a864e2c83337'],0.0,128,2.783051776,The special magic uuid for 07ae4b3a-cdee-4838-bf5a-c418f1d53c93 mentioned in the provided text is
2.788163584,What is the special magic uuid for f50fbd60-1d5f-4412-8ed0-534b8078a72f mentioned in the provided text? ,":

**b187b337-3132-4376-a500-9340102092ae**",42544.0,niah_multikey_3,2788.163584,65.536,32768,2788.163584,42544.0,['b187b337-3132-4376-a500-9340102092ae'],0.0,128,2.788163584,The special magic uuid for f50fbd60-1d5f-4412-8ed0-534b8078a72f mentioned in the provided text is
2.771386368,What is the special magic uuid for 4b43faa0-2624-4937-b8da-8b3dc94bfc2e mentioned in the provided text? ,":

**34b5ddd8-4fdc-4955-b38c-55740df865ef**",42288.0,niah_multikey_3,2771.386368,65.536,32768,2771.386368,42288.0,['34b5ddd8-4fdc-4955-b38c-55740df865ef'],0.0,128,2.771386368,The special magic uuid for 4b43faa0-2624-4937-b8da-8b3dc94bfc2e mentioned in the provided text is
2.780954624,What is the special magic uuid for 8998a21b-1cee-46ac-8295-267939117389 mentioned in the provided text? ,":

**358fe0e3-724e-4cfc-9ae0-d0873162626b**",42434.0,niah_multikey_3,2780.954624,65.536,32768,2780.954624,42434.0,['358fe0e3-724e-4cfc-9ae0-d0873162626b'],0.0,128,2.780954624,The special magic uuid for 8998a21b-1cee-46ac-8295-267939117389 mentioned in the provided text is
2.778660864,What is the special magic uuid for 36426796-fdbb-4edb-a369-e2e03a29d48c mentioned in the provided text? ,":

**2559fa56-dd0a-48d4-ba82-3ae2bf0a4b33**",42399.0,niah_multikey_3,2778.660864,65.536,32768,2778.660864,42399.0,['2559fa56-dd0a-48d4-ba82-3ae2bf0a4b33'],0.0,128,2.778660864,The special magic uuid for 36426796-fdbb-4edb-a369-e2e03a29d48c mentioned in the provided text is
2.780823552,What is the special magic uuid for 98274a34-ec4e-43d0-9adb-c6788d96c34c mentioned in the provided text? ,":

**7842feb5-e758-44cd-b73b-8ae08aa33142**",42432.0,niah_multikey_3,2780.823552,65.536,32768,2780.823552,42432.0,['7842feb5-e758-44cd-b73b-8ae08aa33142'],0.0,128,2.780823552,The special magic uuid for 98274a34-ec4e-43d0-9adb-c6788d96c34c mentioned in the provided text is
2.775711744,What is the special magic uuid for 5ed00160-6554-4a69-874b-827395ddc178 mentioned in the provided text? ,":

**a1196139-f6fa-4c18-b3da-b7bd50362ac7**",42354.0,niah_multikey_3,2775.711744,65.536,32768,2775.711744,42354.0,['a1196139-f6fa-4c18-b3da-b7bd50362ac7'],0.0,128,2.775711744,The special magic uuid for 5ed00160-6554-4a69-874b-827395ddc178 mentioned in the provided text is
2.772697088,What is the special magic uuid for 671f9982-ed95-4a86-b373-ba157807183d mentioned in the provided text? ,":

**eca19392-fce9-4f35-861f-81ec14c70024**",42308.0,niah_multikey_3,2772.697088,65.536,32768,2772.697088,42308.0,['eca19392-fce9-4f35-861f-81ec14c70024'],0.0,128,2.772697088,The special magic uuid for 671f9982-ed95-4a86-b373-ba157807183d mentioned in the provided text is
2.782134272,What is the special magic uuid for ef3e7ab9-5edc-439a-9dca-db7981746121 mentioned in the provided text? ,":

**7d3d40b2-4594-4573-b267-4c6270dd4425**",42452.0,niah_multikey_3,2782.134272,65.536,32768,2782.134272,42452.0,['7d3d40b2-4594-4573-b267-4c6270dd4425'],0.0,128,2.782134272,The special magic uuid for ef3e7ab9-5edc-439a-9dca-db7981746121 mentioned in the provided text is
2.775908352,What is the special magic uuid for ab37bbc4-e5a8-4c2c-8e08-9b64347684d0 mentioned in the provided text? ,":

**500b8a75-8f05-43f5-b9ad-46d47d4e33fc**",42357.0,niah_multikey_3,2775.908352,65.536,32768,2775.908352,42357.0,['500b8a75-8f05-43f5-b9ad-46d47d4e33fc'],0.0,128,2.775908352,The special magic uuid for ab37bbc4-e5a8-4c2c-8e08-9b64347684d0 mentioned in the provided text is
2.773614592,What is the special magic uuid for 5fd0ece6-075c-4f47-80eb-dca4a5e6e70a mentioned in the provided text? ,":

**86a867a7-6a98-4a02-b065-70a33bafafde**",42322.0,niah_multikey_3,2773.614592,65.536,32768,2773.614592,42322.0,['86a867a7-6a98-4a02-b065-70a33bafafde'],0.0,128,2.773614592,The special magic uuid for 5fd0ece6-075c-4f47-80eb-dca4a5e6e70a mentioned in the provided text is
2.780626944,What is the special magic uuid for fcca9773-b986-4d30-b4b1-a77ab247a6a3 mentioned in the provided text? ,":

**7c0f7fd2-237e-4c0f-b3f5-f43623551169**",42429.0,niah_multikey_3,2780.626944,65.536,32768,2780.626944,42429.0,['7c0f7fd2-237e-4c0f-b3f5-f43623551169'],0.0,128,2.780626944,The special magic uuid for fcca9773-b986-4d30-b4b1-a77ab247a6a3 mentioned in the provided text is
2.7869184,What is the special magic uuid for e9e430d6-a7ba-4a0f-ae17-1721b17ee9ed mentioned in the provided text? ,":

**b0e1f3f5-6570-437e-b8a1-f1b3f654e257**",42525.0,niah_multikey_3,2786.9184,65.536,32768,2786.9184,42525.0,['b0e1f3f5-6570-437e-b8a1-f1b3f654e257'],0.0,128,2.7869184,The special magic uuid for e9e430d6-a7ba-4a0f-ae17-1721b17ee9ed mentioned in the provided text is
2.773024768,What is the special magic uuid for aac76552-75a5-47fb-a963-6892d1f6568c mentioned in the provided text? ,":

**0153722a-70a8-4ec0-9f03-2b0930937e60**",42313.0,niah_multikey_3,2773.024768,65.536,32768,2773.024768,42313.0,['0153722a-70a8-4ec0-9f03-2b0930937e60'],0.0,128,2.773024768,The special magic uuid for aac76552-75a5-47fb-a963-6892d1f6568c mentioned in the provided text is
2.78626304,What is the special magic uuid for e0a136a9-6344-437a-a5ab-1572f40da0e2 mentioned in the provided text? ,":

**0a1ead51-0c39-4eeb-ac87-d146acdb1d4a**",42515.0,niah_multikey_3,2786.26304,65.536,32768,2786.26304,42515.0,['0a1ead51-0c39-4eeb-ac87-d146acdb1d4a'],0.0,128,2.78626304,The special magic uuid for e0a136a9-6344-437a-a5ab-1572f40da0e2 mentioned in the provided text is
2.783510528,What is the special magic uuid for 3f61597b-5bad-44da-b19d-ca2664a52950 mentioned in the provided text? ,":

**28abdb2a-b007-45e5-b1de-84396dc689c0**",42473.0,niah_multikey_3,2783.510528,65.536,32768,2783.510528,42473.0,['28abdb2a-b007-45e5-b1de-84396dc689c0'],0.0,128,2.783510528,The special magic uuid for 3f61597b-5bad-44da-b19d-ca2664a52950 mentioned in the provided text is
2.775187456,What is the special magic uuid for de56de44-2d67-425c-a3c1-12cea45846ed mentioned in the provided text? ,":

**ff686e85-3a9f-4635-95dd-f19e8ca68eb1**",42346.0,niah_multikey_3,2775.187456,65.536,32768,2775.187456,42346.0,['ff686e85-3a9f-4635-95dd-f19e8ca68eb1'],0.0,128,2.775187456,The special magic uuid for de56de44-2d67-425c-a3c1-12cea45846ed mentioned in the provided text is
2.780102656,What is the special magic uuid for 36a31469-651a-4d17-82d1-f996d2b57f03 mentioned in the provided text? ,":

**bccd56fa-8fba-4b59-a865-a3238a82c55c**",42421.0,niah_multikey_3,2780.102656,65.536,32768,2780.102656,42421.0,['bccd56fa-8fba-4b59-a865-a3238a82c55c'],0.0,128,2.780102656,The special magic uuid for 36a31469-651a-4d17-82d1-f996d2b57f03 mentioned in the provided text is
2.78069248,What is the special magic uuid for 375b9da9-ebe2-409f-ba65-811f398e896f mentioned in the provided text? ,":

**d6c37df1-f3ba-4215-8e1c-37a545a50111**",42430.0,niah_multikey_3,2780.69248,65.536,32768,2780.69248,42430.0,['d6c37df1-f3ba-4215-8e1c-37a545a50111'],0.0,128,2.78069248,The special magic uuid for 375b9da9-ebe2-409f-ba65-811f398e896f mentioned in the provided text is
2.776956928,What is the special magic uuid for a59d59aa-6e69-4349-b5f1-bfda14d741b3 mentioned in the provided text? ,":

**0358be0c-f8de-4dd0-b398-284cc2c84cc6**",42373.0,niah_multikey_3,2776.956928,65.536,32768,2776.956928,42373.0,['0358be0c-f8de-4dd0-b398-284cc2c84cc6'],0.0,128,2.776956928,The special magic uuid for a59d59aa-6e69-4349-b5f1-bfda14d741b3 mentioned in the provided text is
2.773614592,What is the special magic uuid for 84bfdeb9-b097-4c23-88af-2dcc5e6c9598 mentioned in the provided text? ,":

**88844164-3c16-437e-9687-b1201cfb6fea**",42322.0,niah_multikey_3,2773.614592,65.536,32768,2773.614592,42322.0,['88844164-3c16-437e-9687-b1201cfb6fea'],0.0,128,2.773614592,The special magic uuid for 84bfdeb9-b097-4c23-88af-2dcc5e6c9598 mentioned in the provided text is
2.77807104,What is the special magic uuid for 5ac1745a-1202-4374-b9ef-518734ab07f7 mentioned in the provided text? ,":

**18232419-fad3-444f-abc6-5dc8b22aa44a**",42390.0,niah_multikey_3,2778.07104,65.536,32768,2778.07104,42390.0,['18232419-fad3-444f-abc6-5dc8b22aa44a'],0.0,128,2.77807104,The special magic uuid for 5ac1745a-1202-4374-b9ef-518734ab07f7 mentioned in the provided text is
2.785017856,What is the special magic uuid for 5324d446-01fa-42a0-870a-14df2e619b47 mentioned in the provided text? ,":

**f74d93b9-1e45-44dd-b163-baa56ac81b25**",42496.0,niah_multikey_3,2785.017856,65.536,32768,2785.017856,42496.0,['f74d93b9-1e45-44dd-b163-baa56ac81b25'],0.0,128,2.785017856,The special magic uuid for 5324d446-01fa-42a0-870a-14df2e619b47 mentioned in the provided text is
2.78233088,What is the special magic uuid for 1bf1dbc6-faab-47a8-91b4-ec7ea021808d mentioned in the provided text? ,":

**350ec93a-1edc-4e1e-a5b1-c8f78fb4ffc3**",42455.0,niah_multikey_3,2782.33088,65.536,32768,2782.33088,42455.0,['350ec93a-1edc-4e1e-a5b1-c8f78fb4ffc3'],0.0,128,2.78233088,The special magic uuid for 1bf1dbc6-faab-47a8-91b4-ec7ea021808d mentioned in the provided text is
2.772369408,What is the special magic uuid for 061fd05e-9e3b-404a-a176-4827d43b009c mentioned in the provided text? ,":

**8d941f17-6af7-468b-a5fd-902b671b80ba**",42303.0,niah_multikey_3,2772.369408,65.536,32768,2772.369408,42303.0,['8d941f17-6af7-468b-a5fd-902b671b80ba'],0.0,128,2.772369408,The special magic uuid for 061fd05e-9e3b-404a-a176-4827d43b009c mentioned in the provided text is
2.786328576,What is the special magic uuid for 891093a3-109a-4ab3-971c-4c8ac47f3eb6 mentioned in the provided text? ,":

**ad565ff8-d1b0-4a3b-bb81-df72e9f17382**",42516.0,niah_multikey_3,2786.328576,65.536,32768,2786.328576,42516.0,['ad565ff8-d1b0-4a3b-bb81-df72e9f17382'],0.0,128,2.786328576,The special magic uuid for 891093a3-109a-4ab3-971c-4c8ac47f3eb6 mentioned in the provided text is
2.78528,What is the special magic uuid for d13a7ab9-4e30-4a70-8620-a3e3284fd6a8 mentioned in the provided text? ,":

**e1dc1736-5362-4adb-a47d-9cfda53d48dd**",42500.0,niah_multikey_3,2785.28,65.536,32768,2785.28,42500.0,['e1dc1736-5362-4adb-a47d-9cfda53d48dd'],0.0,128,2.78528,The special magic uuid for d13a7ab9-4e30-4a70-8620-a3e3284fd6a8 mentioned in the provided text is
2.777088,What is the special magic uuid for 85e6a7c7-9081-473d-ab8d-a8b063bab3f0 mentioned in the provided text? ,":

**897a3419-2494-4b55-8084-ab2e6f5f5640**",42375.0,niah_multikey_3,2777.088,65.536,32768,2777.088,42375.0,['897a3419-2494-4b55-8084-ab2e6f5f5640'],0.0,128,2.777088,The special magic uuid for 85e6a7c7-9081-473d-ab8d-a8b063bab3f0 mentioned in the provided text is
2.773352448,What is the special magic uuid for c6444584-7959-43f2-a146-329156ff6c53 mentioned in the provided text? ,":

**b684248b-a4de-4532-8df5-21f1fa3703c5**",42318.0,niah_multikey_3,2773.352448,65.536,32768,2773.352448,42318.0,['b684248b-a4de-4532-8df5-21f1fa3703c5'],0.0,128,2.773352448,The special magic uuid for c6444584-7959-43f2-a146-329156ff6c53 mentioned in the provided text is
2.78790144,What is the special magic uuid for cbca6b0b-ac08-4a8c-80f6-a0396f7c8f26 mentioned in the provided text? ,":

**8d585496-1a05-4df9-a866-f0c17c831ccf**",42540.0,niah_multikey_3,2787.90144,65.536,32768,2787.90144,42540.0,['8d585496-1a05-4df9-a866-f0c17c831ccf'],0.0,128,2.78790144,The special magic uuid for cbca6b0b-ac08-4a8c-80f6-a0396f7c8f26 mentioned in the provided text is
2.785673216,What is the special magic uuid for ad0faf52-17f9-485d-a99e-b3ea02d70976 mentioned in the provided text? ,":

**f1a78fa4-f410-4b27-bc59-61338e1f72b5**",42506.0,niah_multikey_3,2785.673216,65.536,32768,2785.673216,42506.0,['f1a78fa4-f410-4b27-bc59-61338e1f72b5'],0.0,128,2.785673216,The special magic uuid for ad0faf52-17f9-485d-a99e-b3ea02d70976 mentioned in the provided text is
2.768764928,What is the special magic uuid for 1b35fb3f-4b8f-4f56-bdff-2015f89c1a89 mentioned in the provided text? ,":

**be42578b-1a2d-4bb5-b88d-94dec8cef7f5**",42248.0,niah_multikey_3,2768.764928,65.536,32768,2768.764928,42248.0,['be42578b-1a2d-4bb5-b88d-94dec8cef7f5'],0.0,128,2.768764928,The special magic uuid for 1b35fb3f-4b8f-4f56-bdff-2015f89c1a89 mentioned in the provided text is
2.782527488,What is the special magic uuid for 0dae27d0-d3e3-4f25-bb18-7f4a3341c55f mentioned in the provided text? ,":

**83024acc-51ba-49cf-8c0a-1fdd80b56d7c**",42458.0,niah_multikey_3,2782.527488,65.536,32768,2782.527488,42458.0,['83024acc-51ba-49cf-8c0a-1fdd80b56d7c'],0.0,128,2.782527488,The special magic uuid for 0dae27d0-d3e3-4f25-bb18-7f4a3341c55f mentioned in the provided text is
2.784821248,What is the special magic uuid for 4723093e-5b52-4f8f-9b70-c813c480f648 mentioned in the provided text? ,":

**69a1464a-69a6-47dd-9b83-71213c6b8930**",42493.0,niah_multikey_3,2784.821248,65.536,32768,2784.821248,42493.0,['69a1464a-69a6-47dd-9b83-71213c6b8930'],0.0,128,2.784821248,The special magic uuid for 4723093e-5b52-4f8f-9b70-c813c480f648 mentioned in the provided text is
2.785476608,What is the special magic uuid for 37b46c2c-e32b-4e08-87f6-5061289abb08 mentioned in the provided text? ,":

**dec06810-320f-49ed-9745-1dcef987cbc5**",42503.0,niah_multikey_3,2785.476608,65.536,32768,2785.476608,42503.0,['dec06810-320f-49ed-9745-1dcef987cbc5'],0.0,128,2.785476608,The special magic uuid for 37b46c2c-e32b-4e08-87f6-5061289abb08 mentioned in the provided text is
2.776629248,What is the special magic uuid for 7eb73b3d-a8a8-4a0e-ae67-c76b64780a19 mentioned in the provided text? ,":

**11bc0bc5-a3f4-4793-8497-5587f122e921**",42368.0,niah_multikey_3,2776.629248,65.536,32768,2776.629248,42368.0,['11bc0bc5-a3f4-4793-8497-5587f122e921'],0.0,128,2.776629248,The special magic uuid for 7eb73b3d-a8a8-4a0e-ae67-c76b64780a19 mentioned in the provided text is
2.77446656,What is the special magic uuid for af3b7782-58b2-4090-85e1-4d7bdbfdd381 mentioned in the provided text? ,":

**d81ce41b-44d9-40a4-b1bf-a7a33cdea1fd**",42335.0,niah_multikey_3,2774.46656,65.536,32768,2774.46656,42335.0,['d81ce41b-44d9-40a4-b1bf-a7a33cdea1fd'],0.0,128,2.77446656,The special magic uuid for af3b7782-58b2-4090-85e1-4d7bdbfdd381 mentioned in the provided text is
2.781413376,What is the special magic uuid for 52a9ee35-620a-4a85-b942-0be271357431 mentioned in the provided text? ,":

**c4a270df-bdc1-49a7-a237-a123330d5840**",42441.0,niah_multikey_3,2781.413376,65.536,32768,2781.413376,42441.0,['c4a270df-bdc1-49a7-a237-a123330d5840'],0.0,128,2.781413376,The special magic uuid for 52a9ee35-620a-4a85-b942-0be271357431 mentioned in the provided text is
2.777808896,What is the special magic uuid for b9974489-32a7-41eb-9d74-1b61a51c9322 mentioned in the provided text? ,":

**24ecb5ba-7b26-4124-8648-570e5c779f65**",42386.0,niah_multikey_3,2777.808896,65.536,32768,2777.808896,42386.0,['24ecb5ba-7b26-4124-8648-570e5c779f65'],0.0,128,2.777808896,The special magic uuid for b9974489-32a7-41eb-9d74-1b61a51c9322 mentioned in the provided text is
2.77577728,What is the special magic uuid for 92c3c2f1-27ea-4fb8-9071-d8c421994e49 mentioned in the provided text? ,":

**5bd937a3-917f-4d49-aecc-72334c65c068**",42355.0,niah_multikey_3,2775.77728,65.536,32768,2775.77728,42355.0,['5bd937a3-917f-4d49-aecc-72334c65c068'],0.0,128,2.77577728,The special magic uuid for 92c3c2f1-27ea-4fb8-9071-d8c421994e49 mentioned in the provided text is
2.776629248,What is the special magic uuid for c4975aa8-1c37-4601-b5c5-49915ef5a8d2 mentioned in the provided text? ,":

**98833933-f316-43ef-bdbe-8b2bc694e962**",42368.0,niah_multikey_3,2776.629248,65.536,32768,2776.629248,42368.0,['98833933-f316-43ef-bdbe-8b2bc694e962'],0.0,128,2.776629248,The special magic uuid for c4975aa8-1c37-4601-b5c5-49915ef5a8d2 mentioned in the provided text is
2.778005504,What is the special magic uuid for 100220f1-2d92-443a-9b84-5c1527f84f2e mentioned in the provided text? ,":

**aaf500b4-d4f8-47c3-b2ad-cec91751a07d**",42389.0,niah_multikey_3,2778.005504,65.536,32768,2778.005504,42389.0,['aaf500b4-d4f8-47c3-b2ad-cec91751a07d'],0.0,128,2.778005504,The special magic uuid for 100220f1-2d92-443a-9b84-5c1527f84f2e mentioned in the provided text is
2.781216768,What is the special magic uuid for b586799a-c28e-415e-908e-4066cdf21ebd mentioned in the provided text? ,":

**0cc6a78c-2bf9-4240-bc01-857a0a9457cd**",42438.0,niah_multikey_3,2781.216768,65.536,32768,2781.216768,42438.0,['0cc6a78c-2bf9-4240-bc01-857a0a9457cd'],0.0,128,2.781216768,The special magic uuid for b586799a-c28e-415e-908e-4066cdf21ebd mentioned in the provided text is
2.780168192,What is the special magic uuid for abedaf13-fad0-4709-a4ec-4e47b601c81e mentioned in the provided text? ,":

**dab2e7a6-f558-4ac7-a35f-eabefc8f1356**",42422.0,niah_multikey_3,2780.168192,65.536,32768,2780.168192,42422.0,['dab2e7a6-f558-4ac7-a35f-eabefc8f1356'],0.0,128,2.780168192,The special magic uuid for abedaf13-fad0-4709-a4ec-4e47b601c81e mentioned in the provided text is
2.784690176,What is the special magic uuid for 1dcee464-a6e5-4930-8a42-096f21f93f94 mentioned in the provided text? ,":

**909f425a-6faf-41cb-910e-0462a1eb4d9f**",42491.0,niah_multikey_3,2784.690176,65.536,32768,2784.690176,42491.0,['909f425a-6faf-41cb-910e-0462a1eb4d9f'],0.0,128,2.784690176,The special magic uuid for 1dcee464-a6e5-4930-8a42-096f21f93f94 mentioned in the provided text is
2.77774336,What is the special magic uuid for 4ba28805-2cc9-4ba6-a732-3a83d6f28766 mentioned in the provided text? ,":

**023c043a-15b9-4b3f-8f71-86464c81d486**",42385.0,niah_multikey_3,2777.74336,65.536,32768,2777.74336,42385.0,['023c043a-15b9-4b3f-8f71-86464c81d486'],0.0,128,2.77774336,The special magic uuid for 4ba28805-2cc9-4ba6-a732-3a83d6f28766 mentioned in the provided text is
2.77512192,What is the special magic uuid for da371143-0b82-411e-873b-5b35b3fd489a mentioned in the provided text? ,":

**ccc7a5b7-bc77-4cb9-9db0-5ef91a944143**",42345.0,niah_multikey_3,2775.12192,65.536,32768,2775.12192,42345.0,['ccc7a5b7-bc77-4cb9-9db0-5ef91a944143'],0.0,128,2.77512192,The special magic uuid for da371143-0b82-411e-873b-5b35b3fd489a mentioned in the provided text is
2.781478912,What is the special magic uuid for 52b35285-6123-40ff-a2e1-1156d8486481 mentioned in the provided text? ,":

**d334f208-180f-4d3e-b7d1-5f8390ae39c0**",42442.0,niah_multikey_3,2781.478912,65.536,32768,2781.478912,42442.0,['d334f208-180f-4d3e-b7d1-5f8390ae39c0'],0.0,128,2.781478912,The special magic uuid for 52b35285-6123-40ff-a2e1-1156d8486481 mentioned in the provided text is
2.776170496,What is the special magic uuid for 98ea8212-ff1b-43ef-b7d1-d4c620a5f679 mentioned in the provided text? ,":

**4c478024-e330-44a5-aa83-6b3340eb8ed3**",42361.0,niah_multikey_3,2776.170496,65.536,32768,2776.170496,42361.0,['4c478024-e330-44a5-aa83-6b3340eb8ed3'],0.0,128,2.776170496,The special magic uuid for 98ea8212-ff1b-43ef-b7d1-d4c620a5f679 mentioned in the provided text is
2.77413888,What is the special magic uuid for 431d3391-4d14-4989-9873-9860f35f7681 mentioned in the provided text? ,":

**0f307f03-cb73-460a-bde0-49994443dbb7**",42330.0,niah_multikey_3,2774.13888,65.536,32768,2774.13888,42330.0,['0f307f03-cb73-460a-bde0-49994443dbb7'],0.0,128,2.77413888,The special magic uuid for 431d3391-4d14-4989-9873-9860f35f7681 mentioned in the provided text is
2.781937664,What is the special magic uuid for 1fb96d21-b5ce-4575-9a2a-2213c51b924c mentioned in the provided text? ,":

**68c49603-1d17-4d89-99b4-bc2281dd3df4**",42449.0,niah_multikey_3,2781.937664,65.536,32768,2781.937664,42449.0,['68c49603-1d17-4d89-99b4-bc2281dd3df4'],0.0,128,2.781937664,The special magic uuid for 1fb96d21-b5ce-4575-9a2a-2213c51b924c mentioned in the provided text is
2.772303872,What is the special magic uuid for 281a37db-3f14-46e7-b260-0580c219eb97 mentioned in the provided text? ,":

**05d99d8c-9627-4124-9b15-239b5876dd68**",42302.0,niah_multikey_3,2772.303872,65.536,32768,2772.303872,42302.0,['05d99d8c-9627-4124-9b15-239b5876dd68'],0.0,128,2.772303872,The special magic uuid for 281a37db-3f14-46e7-b260-0580c219eb97 mentioned in the provided text is
2.774859776,What is the special magic uuid for 5818c90d-1857-45b1-b312-4bea05995acb mentioned in the provided text? ,":

**54064039-f545-4dd9-b423-48eee610363a**",42341.0,niah_multikey_3,2774.859776,65.536,32768,2774.859776,42341.0,['54064039-f545-4dd9-b423-48eee610363a'],0.0,128,2.774859776,The special magic uuid for 5818c90d-1857-45b1-b312-4bea05995acb mentioned in the provided text is
2.78003712,What is the special magic uuid for 3f39c5fb-e025-4b28-8cec-d1758340efbd mentioned in the provided text? ,":

**cca52499-3032-49d3-bedc-7497838ae82c**",42420.0,niah_multikey_3,2780.03712,65.536,32768,2780.03712,42420.0,['cca52499-3032-49d3-bedc-7497838ae82c'],0.0,128,2.78003712,The special magic uuid for 3f39c5fb-e025-4b28-8cec-d1758340efbd mentioned in the provided text is
2.774335488,What is the special magic uuid for e06e3c30-b3e2-43db-a2eb-7adc718fa99a mentioned in the provided text? ,":

**084f1188-2c40-4f10-8225-3b19ea00bec1**",42333.0,niah_multikey_3,2774.335488,65.536,32768,2774.335488,42333.0,['084f1188-2c40-4f10-8225-3b19ea00bec1'],0.0,128,2.774335488,The special magic uuid for e06e3c30-b3e2-43db-a2eb-7adc718fa99a mentioned in the provided text is
2.775711744,What is the special magic uuid for 41ec97ea-3b58-476c-997c-22406124279b mentioned in the provided text? ,":

**fde44606-501b-45d3-a3f0-beeb1e688f25**",42354.0,niah_multikey_3,2775.711744,65.536,32768,2775.711744,42354.0,['fde44606-501b-45d3-a3f0-beeb1e688f25'],0.0,128,2.775711744,The special magic uuid for 41ec97ea-3b58-476c-997c-22406124279b mentioned in the provided text is
2.781151232,What is the special magic uuid for 79e66ae9-a606-4676-b363-49c56746ef46 mentioned in the provided text? ,":

**19e17f00-6783-40c2-9c6c-2237a0f31eed**",42437.0,niah_multikey_3,2781.151232,65.536,32768,2781.151232,42437.0,['19e17f00-6783-40c2-9c6c-2237a0f31eed'],0.0,128,2.781151232,The special magic uuid for 79e66ae9-a606-4676-b363-49c56746ef46 mentioned in the provided text is
2.779512832,What is the special magic uuid for 81f24622-0ad1-48b5-866e-1411fd642cda mentioned in the provided text? ,":

**74651292-5664-44ba-80a6-fe3949e5a9da**",42412.0,niah_multikey_3,2779.512832,65.536,32768,2779.512832,42412.0,['74651292-5664-44ba-80a6-fe3949e5a9da'],0.0,128,2.779512832,The special magic uuid for 81f24622-0ad1-48b5-866e-1411fd642cda mentioned in the provided text is
2.77741568,What is the special magic uuid for e25eecb3-6d74-48b3-a83e-d0d648b12372 mentioned in the provided text? ,":

**05aec1e1-f5f2-42b2-a1ab-e28fde6fd94e**",42380.0,niah_multikey_3,2777.41568,65.536,32768,2777.41568,42380.0,['05aec1e1-f5f2-42b2-a1ab-e28fde6fd94e'],0.0,128,2.77741568,The special magic uuid for e25eecb3-6d74-48b3-a83e-d0d648b12372 mentioned in the provided text is
2.783379456,What is the special magic uuid for 82b1073b-162e-441f-bfce-0ad236667364 mentioned in the provided text? ,":

**72d53088-b75e-445f-bd21-bd36165526c0**",42471.0,niah_multikey_3,2783.379456,65.536,32768,2783.379456,42471.0,['72d53088-b75e-445f-bd21-bd36165526c0'],0.0,128,2.783379456,The special magic uuid for 82b1073b-162e-441f-bfce-0ad236667364 mentioned in the provided text is
2.777219072,What is the special magic uuid for f9c56ef6-b3e8-4249-9383-e70b8272cb44 mentioned in the provided text? ,":

**89ea2697-b866-4aa9-8125-df8f12bb0de4**",42377.0,niah_multikey_3,2777.219072,65.536,32768,2777.219072,42377.0,['89ea2697-b866-4aa9-8125-df8f12bb0de4'],0.0,128,2.777219072,The special magic uuid for f9c56ef6-b3e8-4249-9383-e70b8272cb44 mentioned in the provided text is
2.77905408,What is the special magic uuid for 239d1ece-569a-433e-93ad-7189d4fdd5ab mentioned in the provided text? ,":

**0db53d84-12a3-4d82-80e4-bb3a839fb842**",42405.0,niah_multikey_3,2779.05408,65.536,32768,2779.05408,42405.0,['0db53d84-12a3-4d82-80e4-bb3a839fb842'],0.0,128,2.77905408,The special magic uuid for 239d1ece-569a-433e-93ad-7189d4fdd5ab mentioned in the provided text is
2.774597632,What is the special magic uuid for bf3215d3-b2d4-48ff-ac2a-b02ae76687fc mentioned in the provided text? ,":

**0cb5343f-f623-4e37-9c97-971f4a129091**",42337.0,niah_multikey_3,2774.597632,65.536,32768,2774.597632,42337.0,['0cb5343f-f623-4e37-9c97-971f4a129091'],0.0,128,2.774597632,The special magic uuid for bf3215d3-b2d4-48ff-ac2a-b02ae76687fc mentioned in the provided text is
2.78003712,What is the special magic uuid for e432f89d-a262-479f-91d8-facc1002093f mentioned in the provided text? ,":

**a02897b1-ae25-42f4-b41c-acddc3485f45**",42420.0,niah_multikey_3,2780.03712,65.536,32768,2780.03712,42420.0,['a02897b1-ae25-42f4-b41c-acddc3485f45'],0.0,128,2.78003712,The special magic uuid for e432f89d-a262-479f-91d8-facc1002093f mentioned in the provided text is
2.776891392,What is the special magic uuid for 7fa0a4e8-3737-4b62-aa95-3b35e1e914d7 mentioned in the provided text? ,":

**ddd9202f-2758-4952-bcf5-d285aa7b887e**",42372.0,niah_multikey_3,2776.891392,65.536,32768,2776.891392,42372.0,['ddd9202f-2758-4952-bcf5-d285aa7b887e'],0.0,128,2.776891392,The special magic uuid for 7fa0a4e8-3737-4b62-aa95-3b35e1e914d7 mentioned in the provided text is
2.778529792,What is the special magic uuid for e280b2bb-c246-4105-9ccc-ecc01e630761 mentioned in the provided text? ,":

**c6a7b3ee-0198-4f9e-97f8-17f3a3ec8af9**",42397.0,niah_multikey_3,2778.529792,65.536,32768,2778.529792,42397.0,['c6a7b3ee-0198-4f9e-97f8-17f3a3ec8af9'],0.0,128,2.778529792,The special magic uuid for e280b2bb-c246-4105-9ccc-ecc01e630761 mentioned in the provided text is
2.777808896,What is the special magic uuid for 073d416f-ae6c-4b21-8c0a-ff040d7f26cd mentioned in the provided text? ,":

**9d028fdf-b33e-4b39-a6f8-2d74a18fd7ee**",42386.0,niah_multikey_3,2777.808896,65.536,32768,2777.808896,42386.0,['9d028fdf-b33e-4b39-a6f8-2d74a18fd7ee'],0.0,128,2.777808896,The special magic uuid for 073d416f-ae6c-4b21-8c0a-ff040d7f26cd mentioned in the provided text is
2.781282304,What is the special magic uuid for 41c39c0a-de50-490c-85e3-43949dc532c5 mentioned in the provided text? ,":

**d884887b-ebe7-4eb9-90a6-ed673f47934d**",42439.0,niah_multikey_3,2781.282304,65.536,32768,2781.282304,42439.0,['d884887b-ebe7-4eb9-90a6-ed673f47934d'],0.0,128,2.781282304,The special magic uuid for 41c39c0a-de50-490c-85e3-43949dc532c5 mentioned in the provided text is
2.777808896,What is the special magic uuid for 00f72e19-ffcb-4dff-a0be-c17ce332a30f mentioned in the provided text? ,":

**4c2b732e-c11b-40a4-8b06-3219bed686af**",42386.0,niah_multikey_3,2777.808896,65.536,32768,2777.808896,42386.0,['4c2b732e-c11b-40a4-8b06-3219bed686af'],0.0,128,2.777808896,The special magic uuid for 00f72e19-ffcb-4dff-a0be-c17ce332a30f mentioned in the provided text is
2.77315584,What is the special magic uuid for 01b6493e-2149-4c64-84b5-4c2d7d1357b3 mentioned in the provided text? ,":

**030e78e8-c32e-417f-bcd8-e966d8223c95**",42315.0,niah_multikey_3,2773.15584,65.536,32768,2773.15584,42315.0,['030e78e8-c32e-417f-bcd8-e966d8223c95'],0.0,128,2.77315584,The special magic uuid for 01b6493e-2149-4c64-84b5-4c2d7d1357b3 mentioned in the provided text is
2.78134784,What is the special magic uuid for 9b144e95-f847-4f52-8ab3-2280e5c7a73c mentioned in the provided text? ,":

**58e07378-91e8-432a-8e15-c0420624e589**",42440.0,niah_multikey_3,2781.34784,65.536,32768,2781.34784,42440.0,['58e07378-91e8-432a-8e15-c0420624e589'],0.0,128,2.78134784,The special magic uuid for 9b144e95-f847-4f52-8ab3-2280e5c7a73c mentioned in the provided text is
2.782265344,What is the special magic uuid for 3418808d-74a1-4e50-b86b-2aebba454412 mentioned in the provided text? ,":

**2c4f0187-d3aa-4974-a58a-673177cfc7f7**",42454.0,niah_multikey_3,2782.265344,65.536,32768,2782.265344,42454.0,['2c4f0187-d3aa-4974-a58a-673177cfc7f7'],0.0,128,2.782265344,The special magic uuid for 3418808d-74a1-4e50-b86b-2aebba454412 mentioned in the provided text is
2.78069248,What is the special magic uuid for 6ad3a7bc-625c-43f8-89dc-722f6bccb845 mentioned in the provided text? ,":

**2292426d-00a7-4f87-ada0-a6841577f6e7**",42430.0,niah_multikey_3,2780.69248,65.536,32768,2780.69248,42430.0,['2292426d-00a7-4f87-ada0-a6841577f6e7'],0.0,128,2.78069248,The special magic uuid for 6ad3a7bc-625c-43f8-89dc-722f6bccb845 mentioned in the provided text is
2.78921216,What is the special magic uuid for 2a499c65-9a93-44ba-81dc-996de9c5ad55 mentioned in the provided text? ,":

**83f4a922-d9b4-4905-a1a6-e2ff99339511**",42560.0,niah_multikey_3,2789.21216,65.536,32768,2789.21216,42560.0,['83f4a922-d9b4-4905-a1a6-e2ff99339511'],0.0,128,2.78921216,The special magic uuid for 2a499c65-9a93-44ba-81dc-996de9c5ad55 mentioned in the provided text is
2.786131968,What is the special magic uuid for f456b4d2-4f05-459f-bf5c-00b426ebf65e mentioned in the provided text? ,":

**4e59857a-7278-43ec-9d57-987662d66f13**",42513.0,niah_multikey_3,2786.131968,65.536,32768,2786.131968,42513.0,['4e59857a-7278-43ec-9d57-987662d66f13'],0.0,128,2.786131968,The special magic uuid for f456b4d2-4f05-459f-bf5c-00b426ebf65e mentioned in the provided text is
2.768109568,What is the special magic uuid for 995b718c-dd53-4242-adb1-d479e2dc7189 mentioned in the provided text? ,":

**94cf8904-f481-4e53-8288-f6b5ed464ca1**",42238.0,niah_multikey_3,2768.109568,65.536,32768,2768.109568,42238.0,['94cf8904-f481-4e53-8288-f6b5ed464ca1'],0.0,128,2.768109568,The special magic uuid for 995b718c-dd53-4242-adb1-d479e2dc7189 mentioned in the provided text is
2.771779584,What is the special magic uuid for 0d1b5b98-df0c-4783-bdf7-389aecd17290 mentioned in the provided text? ,":

**d0bdcc7b-f953-4bff-b933-9858d4c26c25**",42294.0,niah_multikey_3,2771.779584,65.536,32768,2771.779584,42294.0,['d0bdcc7b-f953-4bff-b933-9858d4c26c25'],0.0,128,2.771779584,The special magic uuid for 0d1b5b98-df0c-4783-bdf7-389aecd17290 mentioned in the provided text is
2.781937664,What is the special magic uuid for f3f2f9b7-2bcd-4b26-b8ec-e43227f4a4ce mentioned in the provided text? ,":

**fdb4a0b9-de3c-437e-bb7b-8e24dd771c33**",42449.0,niah_multikey_3,2781.937664,65.536,32768,2781.937664,42449.0,['fdb4a0b9-de3c-437e-bb7b-8e24dd771c33'],0.0,128,2.781937664,The special magic uuid for f3f2f9b7-2bcd-4b26-b8ec-e43227f4a4ce mentioned in the provided text is
2.78331392,What is the special magic uuid for 58c83664-7a99-4736-917d-9b22655cb533 mentioned in the provided text? ,":

**d116cf22-92e4-4787-8b2e-3f516de96957**",42470.0,niah_multikey_3,2783.31392,65.536,32768,2783.31392,42470.0,['d116cf22-92e4-4787-8b2e-3f516de96957'],0.0,128,2.78331392,The special magic uuid for 58c83664-7a99-4736-917d-9b22655cb533 mentioned in the provided text is
2.773417984,What is the special magic uuid for 80fdac9e-b562-4ec8-8854-9f96d256ac0b mentioned in the provided text? ,":

**297aa5c4-55f9-4820-9b67-2f47f763e219**",42319.0,niah_multikey_3,2773.417984,65.536,32768,2773.417984,42319.0,['297aa5c4-55f9-4820-9b67-2f47f763e219'],0.0,128,2.773417984,The special magic uuid for 80fdac9e-b562-4ec8-8854-9f96d256ac0b mentioned in the provided text is
2.78298624,What is the special magic uuid for 52278ea8-2b87-45c6-ade3-319aee47f0b6 mentioned in the provided text? ,":

**fe2d958f-e02c-4357-85af-275db1085506**",42465.0,niah_multikey_3,2782.98624,65.536,32768,2782.98624,42465.0,['fe2d958f-e02c-4357-85af-275db1085506'],0.0,128,2.78298624,The special magic uuid for 52278ea8-2b87-45c6-ade3-319aee47f0b6 mentioned in the provided text is
2.77970944,What is the special magic uuid for 060ec022-b666-48c9-9206-c72f2555ae5e mentioned in the provided text? ,":

**d6ac3b67-46ee-4cbb-b4a1-3f3bc2b4de1f**",42415.0,niah_multikey_3,2779.70944,65.536,32768,2779.70944,42415.0,['d6ac3b67-46ee-4cbb-b4a1-3f3bc2b4de1f'],0.0,128,2.77970944,The special magic uuid for 060ec022-b666-48c9-9206-c72f2555ae5e mentioned in the provided text is
2.779774976,What is the special magic uuid for 1818871b-fc20-41c4-879c-546da1893458 mentioned in the provided text? ,":

**356ea3d0-92f5-4bbf-9fe0-c541bc837dab**",42416.0,niah_multikey_3,2779.774976,65.536,32768,2779.774976,42416.0,['356ea3d0-92f5-4bbf-9fe0-c541bc837dab'],0.0,128,2.779774976,The special magic uuid for 1818871b-fc20-41c4-879c-546da1893458 mentioned in the provided text is
2.777153536,What is the special magic uuid for f3dd4051-307c-4ad5-af81-a2ba13c6cbc4 mentioned in the provided text? ,":

**a892274d-c98e-4ccc-962a-d6e73cabb05a**",42376.0,niah_multikey_3,2777.153536,65.536,32768,2777.153536,42376.0,['a892274d-c98e-4ccc-962a-d6e73cabb05a'],0.0,128,2.777153536,The special magic uuid for f3dd4051-307c-4ad5-af81-a2ba13c6cbc4 mentioned in the provided text is
2.786459648,What is the special magic uuid for 3b02716c-baf7-49af-9120-93d215062b11 mentioned in the provided text? ,":

**95664711-23b0-418d-bcc3-e405a69e837d**",42518.0,niah_multikey_3,2786.459648,65.536,32768,2786.459648,42518.0,['95664711-23b0-418d-bcc3-e405a69e837d'],0.0,128,2.786459648,The special magic uuid for 3b02716c-baf7-49af-9120-93d215062b11 mentioned in the provided text is
2.778005504,What is the special magic uuid for 3bdebd08-9fd0-42aa-b118-a274f50e976f mentioned in the provided text? ,":

**2e5abfcf-3c6c-4112-a5b7-0e6dc0cff6c8**",42389.0,niah_multikey_3,2778.005504,65.536,32768,2778.005504,42389.0,['2e5abfcf-3c6c-4112-a5b7-0e6dc0cff6c8'],0.0,128,2.778005504,The special magic uuid for 3bdebd08-9fd0-42aa-b118-a274f50e976f mentioned in the provided text is
2.783838208,What is the special magic uuid for e485f93e-697a-4f5e-800d-725bb14954f6 mentioned in the provided text? ,":

**1e623b7f-7048-4f1b-b59f-b944db347feb**",42478.0,niah_multikey_3,2783.838208,65.536,32768,2783.838208,42478.0,['1e623b7f-7048-4f1b-b59f-b944db347feb'],0.0,128,2.783838208,The special magic uuid for e485f93e-697a-4f5e-800d-725bb14954f6 mentioned in the provided text is
2.780168192,What is the special magic uuid for 55250b22-b4a4-4607-835a-483e20ca21b3 mentioned in the provided text? ,":

**523b4ad5-34b4-43ce-ad77-09b8b7e39567**",42422.0,niah_multikey_3,2780.168192,65.536,32768,2780.168192,42422.0,['523b4ad5-34b4-43ce-ad77-09b8b7e39567'],0.0,128,2.780168192,The special magic uuid for 55250b22-b4a4-4607-835a-483e20ca21b3 mentioned in the provided text is
2.78167552,What is the special magic uuid for 577eb813-d58f-42f4-a362-c15b286cf7c5 mentioned in the provided text? ,":

**4a9817e1-34da-47f8-8338-e49f03bc6ab6**",42445.0,niah_multikey_3,2781.67552,65.536,32768,2781.67552,42445.0,['4a9817e1-34da-47f8-8338-e49f03bc6ab6'],0.0,128,2.78167552,The special magic uuid for 577eb813-d58f-42f4-a362-c15b286cf7c5 mentioned in the provided text is
2.778529792,What is the special magic uuid for 5a8aecb9-a696-4806-baf0-18291dabfb74 mentioned in the provided text? ,":

**4fa81c6c-54de-42cc-bc15-731f3227de04**",42397.0,niah_multikey_3,2778.529792,65.536,32768,2778.529792,42397.0,['4fa81c6c-54de-42cc-bc15-731f3227de04'],0.0,128,2.778529792,The special magic uuid for 5a8aecb9-a696-4806-baf0-18291dabfb74 mentioned in the provided text is
2.764832768,What is the special magic uuid for 3617a596-aead-4890-98ba-eccc5b1fe996 mentioned in the provided text? ,":

**3e1371ac-9e28-44d5-ac40-fe7caa8539ad**",42188.0,niah_multikey_3,2764.832768,65.536,32768,2764.832768,42188.0,['3e1371ac-9e28-44d5-ac40-fe7caa8539ad'],0.0,128,2.764832768,The special magic uuid for 3617a596-aead-4890-98ba-eccc5b1fe996 mentioned in the provided text is
2.781282304,What is the special magic uuid for c3c11e7b-99dc-4269-b1c1-c6e3cea1a0a4 mentioned in the provided text? ,":

**74d86bf1-4d48-45df-9797-bb1d19a41adf**",42439.0,niah_multikey_3,2781.282304,65.536,32768,2781.282304,42439.0,['74d86bf1-4d48-45df-9797-bb1d19a41adf'],0.0,128,2.781282304,The special magic uuid for c3c11e7b-99dc-4269-b1c1-c6e3cea1a0a4 mentioned in the provided text is
2.771714048,What is the special magic uuid for bcee6f78-c911-495c-9a85-061e5046fb17 mentioned in the provided text? ,":

**0c6d467e-4e91-4909-9cba-de6c5a9ae2fa**",42293.0,niah_multikey_3,2771.714048,65.536,32768,2771.714048,42293.0,['0c6d467e-4e91-4909-9cba-de6c5a9ae2fa'],0.0,128,2.771714048,The special magic uuid for bcee6f78-c911-495c-9a85-061e5046fb17 mentioned in the provided text is
2.785148928,What is the special magic uuid for 9dad7067-55dc-46e9-b28a-2267a3b2befd mentioned in the provided text? ,":

**34c1edf4-956d-407b-84b1-7e9a696832f9**",42498.0,niah_multikey_3,2785.148928,65.536,32768,2785.148928,42498.0,['34c1edf4-956d-407b-84b1-7e9a696832f9'],0.0,128,2.785148928,The special magic uuid for 9dad7067-55dc-46e9-b28a-2267a3b2befd mentioned in the provided text is
2.782920704,What is the special magic uuid for 0352db5d-549e-4a60-b9c4-5a02a8710307 mentioned in the provided text? ,":

**2c24eb76-add4-4e07-953b-36a9d1993780**",42464.0,niah_multikey_3,2782.920704,65.536,32768,2782.920704,42464.0,['2c24eb76-add4-4e07-953b-36a9d1993780'],0.0,128,2.782920704,The special magic uuid for 0352db5d-549e-4a60-b9c4-5a02a8710307 mentioned in the provided text is
2.767192064,What is the special magic uuid for d586f74e-8f0d-432e-b1e0-95d0129674f9 mentioned in the provided text? ,":

**2cc43ba8-a719-4309-81bc-82e9a590e3f6**",42224.0,niah_multikey_3,2767.192064,65.536,32768,2767.192064,42224.0,['2cc43ba8-a719-4309-81bc-82e9a590e3f6'],0.0,128,2.767192064,The special magic uuid for d586f74e-8f0d-432e-b1e0-95d0129674f9 mentioned in the provided text is
2.778529792,What is the special magic uuid for bf092318-339d-44fc-bc54-68687006a172 mentioned in the provided text? ,":

**b508986f-1e34-4497-ad87-d7c274e68386**",42397.0,niah_multikey_3,2778.529792,65.536,32768,2778.529792,42397.0,['b508986f-1e34-4497-ad87-d7c274e68386'],0.0,128,2.778529792,The special magic uuid for bf092318-339d-44fc-bc54-68687006a172 mentioned in the provided text is
2.780626944,What is the special magic uuid for 57afc2e7-0504-4b5a-959b-91943cdb6a85 mentioned in the provided text? ,":

**a192277d-d2ae-4747-b097-5f2cef2d999a**",42429.0,niah_multikey_3,2780.626944,65.536,32768,2780.626944,42429.0,['a192277d-d2ae-4747-b097-5f2cef2d999a'],0.0,128,2.780626944,The special magic uuid for 57afc2e7-0504-4b5a-959b-91943cdb6a85 mentioned in the provided text is
2.7820032,What is the special magic uuid for 6a01607c-e75b-4a4d-b248-dc89e112a14e mentioned in the provided text? ,":

**cec72ee5-3c3b-4891-9463-ba807b16712e**",42450.0,niah_multikey_3,2782.0032,65.536,32768,2782.0032,42450.0,['cec72ee5-3c3b-4891-9463-ba807b16712e'],0.0,128,2.7820032,The special magic uuid for 6a01607c-e75b-4a4d-b248-dc89e112a14e mentioned in the provided text is
2.7820032,What is the special magic uuid for 57a681b7-1d40-46bb-a0ce-7905c4902e2a mentioned in the provided text? ,":

**56ea93eb-a63e-48d4-91ba-cd292e442e55**",42450.0,niah_multikey_3,2782.0032,65.536,32768,2782.0032,42450.0,['56ea93eb-a63e-48d4-91ba-cd292e442e55'],0.0,128,2.7820032,The special magic uuid for 57a681b7-1d40-46bb-a0ce-7905c4902e2a mentioned in the provided text is
2.775056384,What is the special magic uuid for 01446a9f-d8ca-4891-9167-ec04afd0f0cc mentioned in the provided text? ,":

**67f092e5-60d9-4518-8814-ee403e8e7278**",42344.0,niah_multikey_3,2775.056384,65.536,32768,2775.056384,42344.0,['67f092e5-60d9-4518-8814-ee403e8e7278'],0.0,128,2.775056384,The special magic uuid for 01446a9f-d8ca-4891-9167-ec04afd0f0cc mentioned in the provided text is
2.77676032,What is the special magic uuid for 6a7436c3-0516-491c-8261-a394b8b821ae mentioned in the provided text? ,":

**8339aa1f-8e03-4e11-82da-f6fd0551e5de**",42370.0,niah_multikey_3,2776.76032,65.536,32768,2776.76032,42370.0,['8339aa1f-8e03-4e11-82da-f6fd0551e5de'],0.0,128,2.77676032,The special magic uuid for 6a7436c3-0516-491c-8261-a394b8b821ae mentioned in the provided text is
2.781282304,What is the special magic uuid for 11a51444-67b1-498a-ae05-72223fb21536 mentioned in the provided text? ,":

**78fc2ca4-45ba-416b-a932-81616e3ff5f3**",42439.0,niah_multikey_3,2781.282304,65.536,32768,2781.282304,42439.0,['78fc2ca4-45ba-416b-a932-81616e3ff5f3'],0.0,128,2.781282304,The special magic uuid for 11a51444-67b1-498a-ae05-72223fb21536 mentioned in the provided text is
2.787049472,What is the special magic uuid for 83f6b3c5-47da-46a3-b37d-99380aed3b56 mentioned in the provided text? ,":

**4d660d0f-9fe7-4a16-b1f9-2c04bd96ceb8**",42527.0,niah_multikey_3,2787.049472,65.536,32768,2787.049472,42527.0,['4d660d0f-9fe7-4a16-b1f9-2c04bd96ceb8'],0.0,128,2.787049472,The special magic uuid for 83f6b3c5-47da-46a3-b37d-99380aed3b56 mentioned in the provided text is
2.78659072,What is the special magic uuid for 13a7df0b-ab52-424b-826b-2365877ee273 mentioned in the provided text? ,":

**5b645634-84a3-4b92-aa13-507b101f3de8**",42520.0,niah_multikey_3,2786.59072,65.536,32768,2786.59072,42520.0,['5b645634-84a3-4b92-aa13-507b101f3de8'],0.0,128,2.78659072,The special magic uuid for 13a7df0b-ab52-424b-826b-2365877ee273 mentioned in the provided text is
2.777481216,What is the special magic uuid for 9de9b570-1e1e-405c-8b7c-8758edc0063c mentioned in the provided text? ,":

**a3caa171-ef0f-424e-8913-8b5da5d49539**",42381.0,niah_multikey_3,2777.481216,65.536,32768,2777.481216,42381.0,['a3caa171-ef0f-424e-8913-8b5da5d49539'],0.0,128,2.777481216,The special magic uuid for 9de9b570-1e1e-405c-8b7c-8758edc0063c mentioned in the provided text is
2.775056384,What is the special magic uuid for 700ea998-1752-4c70-bb23-c2f907fb6162 mentioned in the provided text? ,":

**c3d852c6-2097-4e24-9700-19b2b22127de**",42344.0,niah_multikey_3,2775.056384,65.536,32768,2775.056384,42344.0,['c3d852c6-2097-4e24-9700-19b2b22127de'],0.0,128,2.775056384,The special magic uuid for 700ea998-1752-4c70-bb23-c2f907fb6162 mentioned in the provided text is
2.781806592,What is the special magic uuid for d315f5d6-349b-45d0-94ec-cee23412d318 mentioned in the provided text? ,":

**f6472aa9-0dd9-4b84-8f16-80bde501445a**",42447.0,niah_multikey_3,2781.806592,65.536,32768,2781.806592,42447.0,['f6472aa9-0dd9-4b84-8f16-80bde501445a'],0.0,128,2.781806592,The special magic uuid for d315f5d6-349b-45d0-94ec-cee23412d318 mentioned in the provided text is
2.78560768,What is the special magic uuid for b1774996-c00b-4fe0-94d2-0f197517a6af mentioned in the provided text? ,":

**8e88971c-1b01-4cea-b979-9d4284016610**",42505.0,niah_multikey_3,2785.60768,65.536,32768,2785.60768,42505.0,['8e88971c-1b01-4cea-b979-9d4284016610'],0.0,128,2.78560768,The special magic uuid for b1774996-c00b-4fe0-94d2-0f197517a6af mentioned in the provided text is
2.777546752,What is the special magic uuid for 9ee499ad-fed4-4d03-a044-69a4de0dede4 mentioned in the provided text? ,":

**9a258e81-d049-4fb8-95b0-fc072d3b858d**",42382.0,niah_multikey_3,2777.546752,65.536,32768,2777.546752,42382.0,['9a258e81-d049-4fb8-95b0-fc072d3b858d'],0.0,128,2.777546752,The special magic uuid for 9ee499ad-fed4-4d03-a044-69a4de0dede4 mentioned in the provided text is
2.778660864,What is the special magic uuid for 2475382b-8544-4692-8f25-191d5021dc65 mentioned in the provided text? ,":

**966fb319-dea2-4a30-ab8f-670f6f00ee4b**",42399.0,niah_multikey_3,2778.660864,65.536,32768,2778.660864,42399.0,['966fb319-dea2-4a30-ab8f-670f6f00ee4b'],0.0,128,2.778660864,The special magic uuid for 2475382b-8544-4692-8f25-191d5021dc65 mentioned in the provided text is
2.78134784,What is the special magic uuid for 0592e475-e265-45fa-8f45-2b51426294f0 mentioned in the provided text? ,":

**f1a6f0ec-9e80-45ba-a2aa-2f486bc6df4d**",42440.0,niah_multikey_3,2781.34784,65.536,32768,2781.34784,42440.0,['f1a6f0ec-9e80-45ba-a2aa-2f486bc6df4d'],0.0,128,2.78134784,The special magic uuid for 0592e475-e265-45fa-8f45-2b51426294f0 mentioned in the provided text is
2.779643904,What is the special magic uuid for 83f4923e-c3dd-4159-9ea0-b535337b5a80 mentioned in the provided text? ,":

**92615afd-5907-4b23-b055-0ef539b40667**",42414.0,niah_multikey_3,2779.643904,65.536,32768,2779.643904,42414.0,['92615afd-5907-4b23-b055-0ef539b40667'],0.0,128,2.779643904,The special magic uuid for 83f4923e-c3dd-4159-9ea0-b535337b5a80 mentioned in the provided text is
2.77905408,What is the special magic uuid for be6bf6c3-c048-4664-8260-cbc0fad1184f mentioned in the provided text? ,":

**5e8cf731-22b3-44d3-bcca-2c8769484684**",42405.0,niah_multikey_3,2779.05408,65.536,32768,2779.05408,42405.0,['5e8cf731-22b3-44d3-bcca-2c8769484684'],0.0,128,2.77905408,The special magic uuid for be6bf6c3-c048-4664-8260-cbc0fad1184f mentioned in the provided text is
2.778202112,What is the special magic uuid for 4a22792b-e85f-48b3-8a57-8111771785fa mentioned in the provided text? ,":

**89b37acb-c3c7-4f6b-aae0-cf8d22b29c30**",42392.0,niah_multikey_3,2778.202112,65.536,32768,2778.202112,42392.0,['89b37acb-c3c7-4f6b-aae0-cf8d22b29c30'],0.0,128,2.778202112,The special magic uuid for 4a22792b-e85f-48b3-8a57-8111771785fa mentioned in the provided text is
2.782068736,What is the special magic uuid for 6747603b-b7b8-4db7-a5cf-311458c60af5 mentioned in the provided text? ,":

**f8cfa15b-80f6-4ee4-8718-4003e944968d**",42451.0,niah_multikey_3,2782.068736,65.536,32768,2782.068736,42451.0,['f8cfa15b-80f6-4ee4-8718-4003e944968d'],0.0,128,2.782068736,The special magic uuid for 6747603b-b7b8-4db7-a5cf-311458c60af5 mentioned in the provided text is
2.773286912,What is the special magic uuid for 14dbec4b-5242-4de5-afdd-fac66aebccf9 mentioned in the provided text? ,":

**dc0f91fb-412d-4c4f-9389-7a35090895b5**",42317.0,niah_multikey_3,2773.286912,65.536,32768,2773.286912,42317.0,['dc0f91fb-412d-4c4f-9389-7a35090895b5'],0.0,128,2.773286912,The special magic uuid for 14dbec4b-5242-4de5-afdd-fac66aebccf9 mentioned in the provided text is
2.778529792,What is the special magic uuid for aead4b6c-d7dd-4656-bba8-af5c79f19328 mentioned in the provided text? ,":

**1bce2d17-803b-4f1e-88db-fa63b56d4729**",42397.0,niah_multikey_3,2778.529792,65.536,32768,2778.529792,42397.0,['1bce2d17-803b-4f1e-88db-fa63b56d4729'],0.0,128,2.778529792,The special magic uuid for aead4b6c-d7dd-4656-bba8-af5c79f19328 mentioned in the provided text is
2.771255296,What is the special magic uuid for e026f618-a1fe-4571-9128-67772a2918bc mentioned in the provided text? ,":

**34709b90-b297-4d40-9964-5cac1d555c4f**",42286.0,niah_multikey_3,2771.255296,65.536,32768,2771.255296,42286.0,['34709b90-b297-4d40-9964-5cac1d555c4f'],0.0,128,2.771255296,The special magic uuid for e026f618-a1fe-4571-9128-67772a2918bc mentioned in the provided text is
2.780954624,What is the special magic uuid for f87d88f2-2182-4247-bb64-2224b4cd4b28 mentioned in the provided text? ,":

**7e655745-0ecd-4497-9fed-9211dc402db8**",42434.0,niah_multikey_3,2780.954624,65.536,32768,2780.954624,42434.0,['7e655745-0ecd-4497-9fed-9211dc402db8'],0.0,128,2.780954624,The special magic uuid for f87d88f2-2182-4247-bb64-2224b4cd4b28 mentioned in the provided text is
2.777808896,What is the special magic uuid for fbefa659-135b-45f4-833e-d269c85a4393 mentioned in the provided text? ,":

**3f62d913-93a4-4561-a0f6-c3be928c4277**",42386.0,niah_multikey_3,2777.808896,65.536,32768,2777.808896,42386.0,['3f62d913-93a4-4561-a0f6-c3be928c4277'],0.0,128,2.777808896,The special magic uuid for fbefa659-135b-45f4-833e-d269c85a4393 mentioned in the provided text is
2.773614592,What is the special magic uuid for 37a4c5a6-a819-4592-8f17-812d76d0d816 mentioned in the provided text? ,":

**70c11d10-8d7f-4863-bb5f-d10fc22deb61**",42322.0,niah_multikey_3,2773.614592,65.536,32768,2773.614592,42322.0,['70c11d10-8d7f-4863-bb5f-d10fc22deb61'],0.0,128,2.773614592,The special magic uuid for 37a4c5a6-a819-4592-8f17-812d76d0d816 mentioned in the provided text is
2.781216768,What is the special magic uuid for 6f5e31d5-4ab2-421e-a50b-adf270703ebc mentioned in the provided text? ,":

**90de38de-4084-43be-b965-38075509fb3c**",42438.0,niah_multikey_3,2781.216768,65.536,32768,2781.216768,42438.0,['90de38de-4084-43be-b965-38075509fb3c'],0.0,128,2.781216768,The special magic uuid for 6f5e31d5-4ab2-421e-a50b-adf270703ebc mentioned in the provided text is
2.774925312,What is the special magic uuid for 1fcbdb5e-b90d-4802-b260-fd020b6d56f5 mentioned in the provided text? ,":

**03f5ec6f-4765-4f4a-a356-ce9a2d1fe8db**",42342.0,niah_multikey_3,2774.925312,65.536,32768,2774.925312,42342.0,['03f5ec6f-4765-4f4a-a356-ce9a2d1fe8db'],0.0,128,2.774925312,The special magic uuid for 1fcbdb5e-b90d-4802-b260-fd020b6d56f5 mentioned in the provided text is
2.779578368,What is the special magic uuid for 770cd3df-0fa8-40a8-915b-67cabbe1b9c9 mentioned in the provided text? ,":

**0d356057-c916-494b-9fab-f3cac1af40a7**",42413.0,niah_multikey_3,2779.578368,65.536,32768,2779.578368,42413.0,['0d356057-c916-494b-9fab-f3cac1af40a7'],0.0,128,2.779578368,The special magic uuid for 770cd3df-0fa8-40a8-915b-67cabbe1b9c9 mentioned in the provided text is
2.777481216,What is the special magic uuid for 65f67260-3f73-40ec-aef3-91a04db0ef7f mentioned in the provided text? ,":

**2a97cc69-1857-4a98-a810-e53fdc1d38c9**",42381.0,niah_multikey_3,2777.481216,65.536,32768,2777.481216,42381.0,['2a97cc69-1857-4a98-a810-e53fdc1d38c9'],0.0,128,2.777481216,The special magic uuid for 65f67260-3f73-40ec-aef3-91a04db0ef7f mentioned in the provided text is
2.780233728,What is the special magic uuid for 75bb0a58-6e9c-4b30-8c21-5193ae89898a mentioned in the provided text? ,":

**2d634023-c053-4e41-8cc3-ac2e51ba9701**",42423.0,niah_multikey_3,2780.233728,65.536,32768,2780.233728,42423.0,['2d634023-c053-4e41-8cc3-ac2e51ba9701'],0.0,128,2.780233728,The special magic uuid for 75bb0a58-6e9c-4b30-8c21-5193ae89898a mentioned in the provided text is
2.777350144,What is the special magic uuid for 895ad6ed-bf1e-42d8-a304-1abe1f506050 mentioned in the provided text? ,":

**91bd176f-bf56-4388-8cc5-ce6ba71392fb**",42379.0,niah_multikey_3,2777.350144,65.536,32768,2777.350144,42379.0,['91bd176f-bf56-4388-8cc5-ce6ba71392fb'],0.0,128,2.777350144,The special magic uuid for 895ad6ed-bf1e-42d8-a304-1abe1f506050 mentioned in the provided text is
2.786787328,What is the special magic uuid for 90cb9a02-7740-4cc6-a550-14b6ef818602 mentioned in the provided text? ,":

**f5847298-98bb-4fa9-9e24-940005ce29a3**",42523.0,niah_multikey_3,2786.787328,65.536,32768,2786.787328,42523.0,['f5847298-98bb-4fa9-9e24-940005ce29a3'],0.0,128,2.786787328,The special magic uuid for 90cb9a02-7740-4cc6-a550-14b6ef818602 mentioned in the provided text is
2.784821248,What is the special magic uuid for e919777b-27bc-40f5-81c6-2e7e673eed62 mentioned in the provided text? ,":

**cfa6311f-d68f-4dc8-a876-b7ebc2ca8b63**",42493.0,niah_multikey_3,2784.821248,65.536,32768,2784.821248,42493.0,['cfa6311f-d68f-4dc8-a876-b7ebc2ca8b63'],0.0,128,2.784821248,The special magic uuid for e919777b-27bc-40f5-81c6-2e7e673eed62 mentioned in the provided text is
2.779185152,What is the special magic uuid for c60aa69e-c77c-4988-8d67-e3e66afc2a0e mentioned in the provided text? ,":

**8037ba35-d733-497f-bce5-08f974e2acd7**",42407.0,niah_multikey_3,2779.185152,65.536,32768,2779.185152,42407.0,['8037ba35-d733-497f-bce5-08f974e2acd7'],0.0,128,2.779185152,The special magic uuid for c60aa69e-c77c-4988-8d67-e3e66afc2a0e mentioned in the provided text is
2.784690176,What is the special magic uuid for f492b93b-dcda-4ea1-895f-3ad172630430 mentioned in the provided text? ,":

**8881bf10-5e04-40ed-bc2a-0bc6a9bd5bea**",42491.0,niah_multikey_3,2784.690176,65.536,32768,2784.690176,42491.0,['8881bf10-5e04-40ed-bc2a-0bc6a9bd5bea'],0.0,128,2.784690176,The special magic uuid for f492b93b-dcda-4ea1-895f-3ad172630430 mentioned in the provided text is
2.781741056,What is the special magic uuid for 0c584276-93c2-4546-8cba-5b3475c8f71e mentioned in the provided text? ,":

**3712418b-d698-4bc0-b43e-73001aa9cc47**",42446.0,niah_multikey_3,2781.741056,65.536,32768,2781.741056,42446.0,['3712418b-d698-4bc0-b43e-73001aa9cc47'],0.0,128,2.781741056,The special magic uuid for 0c584276-93c2-4546-8cba-5b3475c8f71e mentioned in the provided text is
2.784493568,What is the special magic uuid for 58237094-c584-4e32-a0cb-d37871487b09 mentioned in the provided text? ,":

**1a31073b-ae4f-4e9c-a50f-3924873dce4f**",42488.0,niah_multikey_3,2784.493568,65.536,32768,2784.493568,42488.0,['1a31073b-ae4f-4e9c-a50f-3924873dce4f'],0.0,128,2.784493568,The special magic uuid for 58237094-c584-4e32-a0cb-d37871487b09 mentioned in the provided text is
2.781085696,What is the special magic uuid for f7f658bc-442b-4e62-851a-295e1699f435 mentioned in the provided text? ,":

**b283d982-ac50-45ed-be5a-131d3fc6aba9**",42436.0,niah_multikey_3,2781.085696,65.536,32768,2781.085696,42436.0,['b283d982-ac50-45ed-be5a-131d3fc6aba9'],0.0,128,2.781085696,The special magic uuid for f7f658bc-442b-4e62-851a-295e1699f435 mentioned in the provided text is
2.7820032,What is the special magic uuid for eb6f9d52-a927-4f8c-9ccb-2ac68ad5f994 mentioned in the provided text? ,":

**1e44f1f6-b73d-4512-b2bd-e4b5ba7a801d**",42450.0,niah_multikey_3,2782.0032,65.536,32768,2782.0032,42450.0,['1e44f1f6-b73d-4512-b2bd-e4b5ba7a801d'],0.0,128,2.7820032,The special magic uuid for eb6f9d52-a927-4f8c-9ccb-2ac68ad5f994 mentioned in the provided text is
2.776956928,What is the special magic uuid for 78e614c3-67c5-4758-bb7d-8b47c0ffc2d2 mentioned in the provided text? ,":

**23ddfdd3-df2e-4990-abd4-9ede0702d6aa**",42373.0,niah_multikey_3,2776.956928,65.536,32768,2776.956928,42373.0,['23ddfdd3-df2e-4990-abd4-9ede0702d6aa'],0.0,128,2.776956928,The special magic uuid for 78e614c3-67c5-4758-bb7d-8b47c0ffc2d2 mentioned in the provided text is
2.782134272,What is the special magic uuid for de5797d5-796e-4bde-bc75-8b76577b075e mentioned in the provided text? ,":

**5674306c-6d38-4d81-923a-a19eb0dc1d5a**",42452.0,niah_multikey_3,2782.134272,65.536,32768,2782.134272,42452.0,['5674306c-6d38-4d81-923a-a19eb0dc1d5a'],0.0,128,2.782134272,The special magic uuid for de5797d5-796e-4bde-bc75-8b76577b075e mentioned in the provided text is
2.789670912,What is the special magic uuid for ca9b15a0-aeb8-4cf4-bd0f-b3899bf2a42b mentioned in the provided text? ,":

**0ccaee17-8493-4027-8836-52bec81beb1a**",42567.0,niah_multikey_3,2789.670912,65.536,32768,2789.670912,42567.0,['0ccaee17-8493-4027-8836-52bec81beb1a'],0.0,128,2.789670912,The special magic uuid for ca9b15a0-aeb8-4cf4-bd0f-b3899bf2a42b mentioned in the provided text is
2.77118976,What is the special magic uuid for d91c3929-4f08-45f8-a91a-9474f27b3b9e mentioned in the provided text? ,":

**45e3191d-86d8-48fc-82c6-45d5f1006e13**",42285.0,niah_multikey_3,2771.18976,65.536,32768,2771.18976,42285.0,['45e3191d-86d8-48fc-82c6-45d5f1006e13'],0.0,128,2.77118976,The special magic uuid for d91c3929-4f08-45f8-a91a-9474f27b3b9e mentioned in the provided text is
2.779643904,What is the special magic uuid for b37ec335-6d5c-4d66-ac74-8759cab9cf06 mentioned in the provided text? ,":

**96558218-95e3-48e2-9c3d-789b82a9799a**",42414.0,niah_multikey_3,2779.643904,65.536,32768,2779.643904,42414.0,['96558218-95e3-48e2-9c3d-789b82a9799a'],0.0,128,2.779643904,The special magic uuid for b37ec335-6d5c-4d66-ac74-8759cab9cf06 mentioned in the provided text is
2.779971584,What is the special magic uuid for f9d6c734-8c97-4e02-b066-a62cb748aa8d mentioned in the provided text? ,":

**35354422-56e5-4780-bd84-6998fcf55115**",42419.0,niah_multikey_3,2779.971584,65.536,32768,2779.971584,42419.0,['35354422-56e5-4780-bd84-6998fcf55115'],0.0,128,2.779971584,The special magic uuid for f9d6c734-8c97-4e02-b066-a62cb748aa8d mentioned in the provided text is
2.777481216,What is the special magic uuid for 0104502f-dd5e-4c3a-a50f-8c88823039fc mentioned in the provided text? ,":

**a68fcfc9-8737-451c-afc0-3c6bedcdaf32**",42381.0,niah_multikey_3,2777.481216,65.536,32768,2777.481216,42381.0,['a68fcfc9-8737-451c-afc0-3c6bedcdaf32'],0.0,128,2.777481216,The special magic uuid for 0104502f-dd5e-4c3a-a50f-8c88823039fc mentioned in the provided text is
2.77643264,What is the special magic uuid for e72444f2-8a52-4b78-8bec-fa06abada09b mentioned in the provided text? ,":

**6db09905-e900-4c27-b2a1-da5584bfc936**",42365.0,niah_multikey_3,2776.43264,65.536,32768,2776.43264,42365.0,['6db09905-e900-4c27-b2a1-da5584bfc936'],0.0,128,2.77643264,The special magic uuid for e72444f2-8a52-4b78-8bec-fa06abada09b mentioned in the provided text is
2.775973888,What is the special magic uuid for 64706b0e-fe43-48a9-b63a-67100267f634 mentioned in the provided text? ,":

**b752fd66-1cd8-45d2-932c-526a09a569d0**",42358.0,niah_multikey_3,2775.973888,65.536,32768,2775.973888,42358.0,['b752fd66-1cd8-45d2-932c-526a09a569d0'],0.0,128,2.775973888,The special magic uuid for 64706b0e-fe43-48a9-b63a-67100267f634 mentioned in the provided text is
2.772566016,What is the special magic uuid for 5c56ab56-b85e-495d-9231-d4d6e81893af mentioned in the provided text? ,":

**6ef7001e-7442-487b-abea-5c4a806efca8**",42306.0,niah_multikey_3,2772.566016,65.536,32768,2772.566016,42306.0,['6ef7001e-7442-487b-abea-5c4a806efca8'],0.0,128,2.772566016,The special magic uuid for 5c56ab56-b85e-495d-9231-d4d6e81893af mentioned in the provided text is
2.781806592,What is the special magic uuid for 88c22ffa-5f72-4467-a60d-eb52adcdceeb mentioned in the provided text? ,":

**9f527807-bd0b-43e8-b076-d93df2577c0f**",42447.0,niah_multikey_3,2781.806592,65.536,32768,2781.806592,42447.0,['9f527807-bd0b-43e8-b076-d93df2577c0f'],0.0,128,2.781806592,The special magic uuid for 88c22ffa-5f72-4467-a60d-eb52adcdceeb mentioned in the provided text is
2.776891392,What is the special magic uuid for 00c39e05-02d6-4742-bf95-7a6af0d846e4 mentioned in the provided text? ,":

**41e6587c-8acb-4a29-be39-7489a9af1fc8**",42372.0,niah_multikey_3,2776.891392,65.536,32768,2776.891392,42372.0,['41e6587c-8acb-4a29-be39-7489a9af1fc8'],0.0,128,2.776891392,The special magic uuid for 00c39e05-02d6-4742-bf95-7a6af0d846e4 mentioned in the provided text is
2.783117312,What is the special magic uuid for 7671c63c-a73c-4089-9838-069e9a2bdde7 mentioned in the provided text? ,":

**274729c7-505c-4a40-8c10-a5e9865cb32d**",42467.0,niah_multikey_3,2783.117312,65.536,32768,2783.117312,42467.0,['274729c7-505c-4a40-8c10-a5e9865cb32d'],0.0,128,2.783117312,The special magic uuid for 7671c63c-a73c-4089-9838-069e9a2bdde7 mentioned in the provided text is
2.77807104,What is the special magic uuid for 39d2abfd-91c0-4e46-833f-638c8465259d mentioned in the provided text? ,":

**296fe4da-370e-4135-a78c-37e1752a7cea**",42390.0,niah_multikey_3,2778.07104,65.536,32768,2778.07104,42390.0,['296fe4da-370e-4135-a78c-37e1752a7cea'],0.0,128,2.77807104,The special magic uuid for 39d2abfd-91c0-4e46-833f-638c8465259d mentioned in the provided text is
2.7721728,What is the special magic uuid for a7e0f499-cf1d-4cb0-92ec-1b4408051143 mentioned in the provided text? ,":

**c99427a4-03e5-49c1-a3a5-cbb7f1c69c3c**",42300.0,niah_multikey_3,2772.1728,65.536,32768,2772.1728,42300.0,['c99427a4-03e5-49c1-a3a5-cbb7f1c69c3c'],0.0,128,2.7721728,The special magic uuid for a7e0f499-cf1d-4cb0-92ec-1b4408051143 mentioned in the provided text is
2.785804288,What is the special magic uuid for b2359857-f4e7-484b-a878-e48946d9b0f1 mentioned in the provided text? ,":

**ecbf3ffd-5e82-496d-beb3-289e3c9439d0**",42508.0,niah_multikey_3,2785.804288,65.536,32768,2785.804288,42508.0,['ecbf3ffd-5e82-496d-beb3-289e3c9439d0'],0.0,128,2.785804288,The special magic uuid for b2359857-f4e7-484b-a878-e48946d9b0f1 mentioned in the provided text is
2.785148928,What is the special magic uuid for edaa9fd3-d834-46d6-81a1-b0cb258794ba mentioned in the provided text? ,":

**5762cbcc-b91d-4075-8ae7-9e42e5a487fb**",42498.0,niah_multikey_3,2785.148928,65.536,32768,2785.148928,42498.0,['5762cbcc-b91d-4075-8ae7-9e42e5a487fb'],0.0,128,2.785148928,The special magic uuid for edaa9fd3-d834-46d6-81a1-b0cb258794ba mentioned in the provided text is
2.780299264,What is the special magic uuid for b9f014ab-8911-4a26-a010-d4ce336edf65 mentioned in the provided text? ,":

**8a86f5f0-0a67-45e3-8611-179fa493f0c7**",42424.0,niah_multikey_3,2780.299264,65.536,32768,2780.299264,42424.0,['8a86f5f0-0a67-45e3-8611-179fa493f0c7'],0.0,128,2.780299264,The special magic uuid for b9f014ab-8911-4a26-a010-d4ce336edf65 mentioned in the provided text is
2.778267648,What is the special magic uuid for 62c8b5e2-b2a9-46eb-80b9-20c0ad4d9495 mentioned in the provided text? ,":

**413bda83-b9e0-40ad-9e43-f6b1bb9641f4**",42393.0,niah_multikey_3,2778.267648,65.536,32768,2778.267648,42393.0,['413bda83-b9e0-40ad-9e43-f6b1bb9641f4'],0.0,128,2.778267648,The special magic uuid for 62c8b5e2-b2a9-46eb-80b9-20c0ad4d9495 mentioned in the provided text is
2.77643264,What is the special magic uuid for 78d118ff-50d3-4845-a704-8adb40f2616a mentioned in the provided text? ,":

**c99489cf-c5b3-48a2-bb2f-c281cf816f0d**",42365.0,niah_multikey_3,2776.43264,65.536,32768,2776.43264,42365.0,['c99489cf-c5b3-48a2-bb2f-c281cf816f0d'],0.0,128,2.77643264,The special magic uuid for 78d118ff-50d3-4845-a704-8adb40f2616a mentioned in the provided text is
2.77446656,What is the special magic uuid for 67f61c47-ff59-4ee6-8e8b-389f0ad4bbc8 mentioned in the provided text? ,":

**16770cfd-18a8-48e8-92f1-78b13f10163b**",42335.0,niah_multikey_3,2774.46656,65.536,32768,2774.46656,42335.0,['16770cfd-18a8-48e8-92f1-78b13f10163b'],0.0,128,2.77446656,The special magic uuid for 67f61c47-ff59-4ee6-8e8b-389f0ad4bbc8 mentioned in the provided text is
2.784755712,What is the special magic uuid for 27599e88-8aaa-4498-9551-e43c7292b4d4 mentioned in the provided text? ,":

**4f9b14f9-e319-4f41-b337-57f9662af6bf**",42492.0,niah_multikey_3,2784.755712,65.536,32768,2784.755712,42492.0,['4f9b14f9-e319-4f41-b337-57f9662af6bf'],0.0,128,2.784755712,The special magic uuid for 27599e88-8aaa-4498-9551-e43c7292b4d4 mentioned in the provided text is
2.771582976,What is the special magic uuid for ad23d6dc-3649-411d-a020-934ff53530d7 mentioned in the provided text? ,":

**6f0eec82-5329-45e5-88fa-d1f01a0bbc6e**",42291.0,niah_multikey_3,2771.582976,65.536,32768,2771.582976,42291.0,['6f0eec82-5329-45e5-88fa-d1f01a0bbc6e'],0.0,128,2.771582976,The special magic uuid for ad23d6dc-3649-411d-a020-934ff53530d7 mentioned in the provided text is
2.783838208,What is the special magic uuid for 7b1db501-8144-4b8e-8f7c-cad1e66461b6 mentioned in the provided text? ,":

**d6adc618-ee93-47a3-a47b-87f125263295**",42478.0,niah_multikey_3,2783.838208,65.536,32768,2783.838208,42478.0,['d6adc618-ee93-47a3-a47b-87f125263295'],0.0,128,2.783838208,The special magic uuid for 7b1db501-8144-4b8e-8f7c-cad1e66461b6 mentioned in the provided text is
2.776891392,What is the special magic uuid for d603fe71-5734-4b79-8107-f8960be8dec6 mentioned in the provided text? ,":

**3bcd2b8f-16dd-4014-8839-eb798710ad53**",42372.0,niah_multikey_3,2776.891392,65.536,32768,2776.891392,42372.0,['3bcd2b8f-16dd-4014-8839-eb798710ad53'],0.0,128,2.776891392,The special magic uuid for d603fe71-5734-4b79-8107-f8960be8dec6 mentioned in the provided text is
2.776170496,What is the special magic uuid for b5cb6990-e999-4974-ac0a-7bd85f02bbaf mentioned in the provided text? ,":

**c0720f75-6d59-4c07-9251-d9c443cab94c**",42361.0,niah_multikey_3,2776.170496,65.536,32768,2776.170496,42361.0,['c0720f75-6d59-4c07-9251-d9c443cab94c'],0.0,128,2.776170496,The special magic uuid for b5cb6990-e999-4974-ac0a-7bd85f02bbaf mentioned in the provided text is
2.777612288,What is the special magic uuid for bfd184cd-7226-4a73-804e-a1f6276cae3f mentioned in the provided text? ,":

**0c340dcc-af9e-4434-9656-b68a118b5466**",42383.0,niah_multikey_3,2777.612288,65.536,32768,2777.612288,42383.0,['0c340dcc-af9e-4434-9656-b68a118b5466'],0.0,128,2.777612288,The special magic uuid for bfd184cd-7226-4a73-804e-a1f6276cae3f mentioned in the provided text is
2.777088,What is the special magic uuid for fe26542f-19d2-474f-b372-55bc557924c0 mentioned in the provided text? ,":

**e964aa4c-078d-42ac-8dad-1484d933f199**",42375.0,niah_multikey_3,2777.088,65.536,32768,2777.088,42375.0,['e964aa4c-078d-42ac-8dad-1484d933f199'],0.0,128,2.777088,The special magic uuid for fe26542f-19d2-474f-b372-55bc557924c0 mentioned in the provided text is
