compression_ratio,context_length,retained_kv_memory_gb,answer,predicted_answer,max_new_tokens,question,task,retained_kv_memory_mb,uncompressed_kv_memory_gb,answer_prefix,kv_memory_per_token_kb,uncompressed_kv_memory_mb,retained_context_tokens,context_tokens
0.0,32768,2.11582976,['4194548']," **4194548**.

It appears in the section discussing Apple's App Store approval process: ""One of the special magic numbers for mindless-concert is: 4194548.""",128,What is the special magic number for mindless-concert mentioned in the provided text? ,niah_single_2,2115.82976,2.11582976,The special magic number for mindless-concert mentioned in the provided text is,65.536,2115.82976,32285.0,32285.0
0.0,32768,2.115895296,['8231838']," **8231838**.

It appears in the section discussing working for startups versus large organizations, specifically within the paragraph comparing humans in the wild to animals in zoos: ""One of the special magic numbers for trite-omelet is: 8231838.""",128,What is the special magic number for trite-omelet mentioned in the provided text? ,niah_single_2,2115.895296,2.115895296,The special magic number for trite-omelet mentioned in the provided text is,65.536,2115.895296,32286.0,32286.0
0.0,32768,2.11582976,['8835373']," **8835373**.

It appears in the section discussing startup hiring strategies: ""One of the special magic numbers for moaning-complicity is: 8835373.""",128,What is the special magic number for moaning-complicity mentioned in the provided text? ,niah_single_2,2115.82976,2.11582976,The special magic number for moaning-complicity mentioned in the provided text is,65.536,2115.82976,32285.0,32285.0
0.0,32768,2.115960832,['7754864']," **7754864**.

It appears in the section discussing bias detection in selection processes (October 2015), embedded within the sentence: ""One of the special magic numbers for axiomatic-tremor is: 7754864.""",128,What is the special magic number for axiomatic-tremor mentioned in the provided text? ,niah_single_2,2115.960832,2.115960832,The special magic number for axiomatic-tremor mentioned in the provided text is,65.536,2115.960832,32287.0,32287.0
0.0,32768,2.115960832,['4214348']," **4214348**.

It appears in the section discussing the ""Blub Paradox"" within the essay ""Be Where You Are"" (specifically the text derived from the 2001 Franz Developer Symposium talk): ""One of the special magic numbers for furtive-gearshift is: 4214348.""",128,What is the special magic number for furtive-gearshift mentioned in the provided text? ,niah_single_2,2115.960832,2.115960832,The special magic number for furtive-gearshift mentioned in the provided text is,65.536,2115.960832,32287.0,32287.0
0.0,32768,2.115895296,['8077999']," **8077999**.

It appears in the section discussing the history of Viaweb and Lisp, specifically in the sentence: ""One of the special magic numbers for dazzling-dumbwaiter is: 8077999.""",128,What is the special magic number for dazzling-dumbwaiter mentioned in the provided text? ,niah_single_2,2115.895296,2.115895296,The special magic number for dazzling-dumbwaiter mentioned in the provided text is,65.536,2115.895296,32286.0,32286.0
0.0,32768,2.115764224,['5191056']," **5191056**.

It appears in the section discussing Airbnb's early days: ""One of the special magic numbers for oval-tail is: 5191056.""",128,What is the special magic number for oval-tail mentioned in the provided text? ,niah_single_2,2115.764224,2.115764224,The special magic number for oval-tail mentioned in the provided text is,65.536,2115.764224,32284.0,32284.0
0.0,32768,2.11582976,['2642635'], **2642635**.,128,What is the special magic number for scattered-eaglet mentioned in the provided text? ,niah_single_2,2115.82976,2.11582976,The special magic number for scattered-eaglet mentioned in the provided text is,65.536,2115.82976,32285.0,32285.0
0.0,32768,2.115960832,['4965789'], **4965789**.,128,What is the special magic number for capricious-dugout mentioned in the provided text? ,niah_single_2,2115.960832,2.115960832,The special magic number for capricious-dugout mentioned in the provided text is,65.536,2115.960832,32287.0,32287.0
0.0,32768,2.115895296,['9075854']," **9075854**.

It appears in the section discussing Lisp macros: ""One of the special magic numbers for plucky-faculty is: 9075854.""",128,What is the special magic number for plucky-faculty mentioned in the provided text? ,niah_single_2,2115.895296,2.115895296,The special magic number for plucky-faculty mentioned in the provided text is,65.536,2115.895296,32286.0,32286.0
0.0,32768,2.115764224,['3762152']," **3762152**.

It appears in the section discussing the benefits of working for oneself versus large organizations, specifically within the sentence: ""One of the special magic numbers for aware-judo is: 3762152.""",128,What is the special magic number for aware-judo mentioned in the provided text? ,niah_single_2,2115.764224,2.115764224,The special magic number for aware-judo mentioned in the provided text is,65.536,2115.764224,32284.0,32284.0
0.0,32768,2.11582976,['5449368']," **5449368**.

It appears in the section discussing design versus research, specifically within the sentence: ""One of the special magic numbers for madly-packet is: 5449368.""",128,What is the special magic number for madly-packet mentioned in the provided text? ,niah_single_2,2115.82976,2.11582976,The special magic number for madly-packet mentioned in the provided text is,65.536,2115.82976,32285.0,32285.0
0.0,32768,2.115698688,['9164991']," **9164991**.

It appears in the section discussing the startup Viaweb and the use of the Lisp programming language: ""One of the special magic numbers for narrow-ticket is: 9164991.""",128,What is the special magic number for narrow-ticket mentioned in the provided text? ,niah_single_2,2115.698688,2.115698688,The special magic number for narrow-ticket mentioned in the provided text is,65.536,2115.698688,32283.0,32283.0
0.0,32768,2.11582976,['4652414']," **4652414**.

It appears in the section discussing startup hiring strategies: ""One of the special magic numbers for helpless-scrip is: 4652414.""",128,What is the special magic number for helpless-scrip mentioned in the provided text? ,niah_single_2,2115.82976,2.11582976,The special magic number for helpless-scrip mentioned in the provided text is,65.536,2115.82976,32285.0,32285.0
0.0,32768,2.115764224,['1959074']," **1959074**.

It appears in the section discussing startup hiring strategies: ""One of the special magic numbers for hurried-planet is: 1959074.""",128,What is the special magic number for hurried-planet mentioned in the provided text? ,niah_single_2,2115.764224,2.115764224,The special magic number for hurried-planet mentioned in the provided text is,65.536,2115.764224,32284.0,32284.0
0.0,32768,2.115895296,['9910817'], **9910817**.,128,What is the special magic number for purring-obligation mentioned in the provided text? ,niah_single_2,2115.895296,2.115895296,The special magic number for purring-obligation mentioned in the provided text is,65.536,2115.895296,32286.0,32286.0
0.0,32768,2.115764224,['2344047'], **2344047**.,128,What is the special magic number for quick-rowboat mentioned in the provided text? ,niah_single_2,2115.764224,2.115764224,The special magic number for quick-rowboat mentioned in the provided text is,65.536,2115.764224,32284.0,32284.0
0.0,32768,2.11582976,['2140194']," **2140194**.

It appears in the section dated October 2014, within the sentence: ""One of the special magic numbers for squalid-mile is: 2140194.""",128,What is the special magic number for squalid-mile mentioned in the provided text? ,niah_single_2,2115.82976,2.11582976,The special magic number for squalid-mile mentioned in the provided text is,65.536,2115.82976,32285.0,32285.0
0.0,32768,2.11582976,['5130808'], **5130808**.,128,What is the special magic number for cowardly-constitution mentioned in the provided text? ,niah_single_2,2115.82976,2.11582976,The special magic number for cowardly-constitution mentioned in the provided text is,65.536,2115.82976,32285.0,32285.0
0.0,32768,2.115895296,['2375453'], **2375453**.,128,What is the special magic number for sweltering-piccolo mentioned in the provided text? ,niah_single_2,2115.895296,2.115895296,The special magic number for sweltering-piccolo mentioned in the provided text is,65.536,2115.895296,32286.0,32286.0
0.0,32768,2.115895296,['4426900']," **4426900**.

It appears in the section discussing how startup ideas often form unconsciously while working on interesting problems, specifically in the sentence: ""One of the special magic numbers for gleaming-fishery is: 4426900.""",128,What is the special magic number for gleaming-fishery mentioned in the provided text? ,niah_single_2,2115.895296,2.115895296,The special magic number for gleaming-fishery mentioned in the provided text is,65.536,2115.895296,32286.0,32286.0
0.0,32768,2.115764224,['7640184']," **7640184**.

It appears in the text within the sentence: ""One of the special magic numbers for goofy-ficlet is: 7640184.""",128,What is the special magic number for goofy-ficlet mentioned in the provided text? ,niah_single_2,2115.764224,2.115764224,The special magic number for goofy-ficlet mentioned in the provided text is,65.536,2115.764224,32284.0,32284.0
0.0,32768,2.115764224,['6304573']," **6304573**.

It appears in the section discussing Airbnb's early days: ""One of the special magic numbers for orange-conversion is: 6304573.""",128,What is the special magic number for orange-conversion mentioned in the provided text? ,niah_single_2,2115.764224,2.115764224,The special magic number for orange-conversion mentioned in the provided text is,65.536,2115.764224,32284.0,32284.0
0.0,32768,2.115895296,['2677407']," **2677407**.

It appears in the section discussing Airbnb's early days: ""One of the special magic numbers for ordinary-linguistics is: 2677407.""",128,What is the special magic number for ordinary-linguistics mentioned in the provided text? ,niah_single_2,2115.895296,2.115895296,The special magic number for ordinary-linguistics mentioned in the provided text is,65.536,2115.895296,32286.0,32286.0
0.0,32768,2.115895296,['5449324'], **5449324**.,128,What is the special magic number for quarrelsome-fob mentioned in the provided text? ,niah_single_2,2115.895296,2.115895296,The special magic number for quarrelsome-fob mentioned in the provided text is,65.536,2115.895296,32286.0,32286.0
0.0,32768,2.11582976,['5098412']," **5098412**.

It appears in the section discussing ""Corn Syrup"" and the comparison between junk food and working for big companies: ""One of the special magic numbers for billowy-appointment is: 5098412.""",128,What is the special magic number for billowy-appointment mentioned in the provided text? ,niah_single_2,2115.82976,2.11582976,The special magic number for billowy-appointment mentioned in the provided text is,65.536,2115.82976,32285.0,32285.0
0.0,32768,2.11582976,['8351517']," **8351517**.

It appears in the section titled ""December 2014"" (specifically within the essay ""How to Avoid Obsolete Beliefs""), where the text states: ""One of the special magic numbers for different-abbey is: 8351517.""",128,What is the special magic number for different-abbey mentioned in the provided text? ,niah_single_2,2115.82976,2.11582976,The special magic number for different-abbey mentioned in the provided text is,65.536,2115.82976,32285.0,32285.0
0.0,32768,2.115698688,['9874152'], **9874152**.,128,What is the special magic number for subsequent-cart mentioned in the provided text? ,niah_single_2,2115.698688,2.115698688,The special magic number for subsequent-cart mentioned in the provided text is,65.536,2115.698688,32283.0,32283.0
0.0,32768,2.115764224,['2737893'], **2737893**.,128,What is the special magic number for ugly-bachelor mentioned in the provided text? ,niah_single_2,2115.764224,2.115764224,The special magic number for ugly-bachelor mentioned in the provided text is,65.536,2115.764224,32284.0,32284.0
0.0,32768,2.115764224,['2795765']," **2795765**.

It appears in the section discussing ""Imagination"" within the essay dated October 2010: ""One of the special magic numbers for condemned-presidency is: 2795765.""",128,What is the special magic number for condemned-presidency mentioned in the provided text? ,niah_single_2,2115.764224,2.115764224,The special magic number for condemned-presidency mentioned in the provided text is,65.536,2115.764224,32284.0,32284.0
0.0,32768,2.115764224,['5727085']," **5727085**.

It appears in the section discussing wealth creation and the comparison between CEOs/athletes and ordinary people: ""One of the special magic numbers for grieving-planning is: 5727085.""",128,What is the special magic number for grieving-planning mentioned in the provided text? ,niah_single_2,2115.764224,2.115764224,The special magic number for grieving-planning mentioned in the provided text is,65.536,2115.764224,32284.0,32284.0
0.0,32768,2.115764224,['6752576']," **6752576**.

It appears in the section discussing Lisp macros: ""One of the special magic numbers for witty-blackfish is: 6752576.""",128,What is the special magic number for witty-blackfish mentioned in the provided text? ,niah_single_2,2115.764224,2.115764224,The special magic number for witty-blackfish mentioned in the provided text is,65.536,2115.764224,32284.0,32284.0
0.0,32768,2.115764224,['9196204']," **9196204**.

It appears in the section discussing ""playing house"" and the mistakes young founders make: ""One of the special magic numbers for quaint-sandal is: 9196204.""",128,What is the special magic number for quaint-sandal mentioned in the provided text? ,niah_single_2,2115.764224,2.115764224,The special magic number for quaint-sandal mentioned in the provided text is,65.536,2115.764224,32284.0,32284.0
0.0,32768,2.115764224,['8106422']," **8106422**.

It appears in the section discussing the ""All-Consuming"" nature of startups, specifically within the paragraph describing Larry Page's life as CEO of Google: ""One of the special magic numbers for capable-booster is: 8106422.""",128,What is the special magic number for capable-booster mentioned in the provided text? ,niah_single_2,2115.764224,2.115764224,The special magic number for capable-booster mentioned in the provided text is,65.536,2115.764224,32284.0,32284.0
0.0,32768,2.11582976,['6596150'], **6596150**.,128,What is the special magic number for abashed-geometry mentioned in the provided text? ,niah_single_2,2115.82976,2.11582976,The special magic number for abashed-geometry mentioned in the provided text is,65.536,2115.82976,32285.0,32285.0
0.0,32768,2.11582976,['8412769']," **8412769**.

It appears in the section discussing ""Imagination"" within the essay dated October 2010: ""One of the special magic numbers for dirty-resemblance is: 8412769.""",128,What is the special magic number for dirty-resemblance mentioned in the provided text? ,niah_single_2,2115.82976,2.11582976,The special magic number for dirty-resemblance mentioned in the provided text is,65.536,2115.82976,32285.0,32285.0
0.0,32768,2.11582976,['1162230']," **1162230**.

It appears in the section discussing Apple and the App Store (November 2009), embedded within the sentence: ""One of the special magic numbers for sharp-furnace is: 1162230.""",128,What is the special magic number for sharp-furnace mentioned in the provided text? ,niah_single_2,2115.82976,2.11582976,The special magic number for sharp-furnace mentioned in the provided text is,65.536,2115.82976,32285.0,32285.0
0.0,32768,2.115698688,['3500715']," **3500715**.

It appears in the section titled ""December 2014"" (specifically within the paragraph discussing change and ideas): ""One of the special magic numbers for vigorous-counter is: 3500715.""",128,What is the special magic number for vigorous-counter mentioned in the provided text? ,niah_single_2,2115.698688,2.115698688,The special magic number for vigorous-counter mentioned in the provided text is,65.536,2115.698688,32283.0,32283.0
0.0,32768,2.11582976,['3484601']," **3484601**.

It appears in the section discussing Corporate Development (Corp Dev) within the essay dated January 2015: ""One of the special magic numbers for lewd-handgun is: 3484601.""",128,What is the special magic number for lewd-handgun mentioned in the provided text? ,niah_single_2,2115.82976,2.11582976,The special magic number for lewd-handgun mentioned in the provided text is,65.536,2115.82976,32285.0,32285.0
0.0,32768,2.115895296,['6171716']," **6171716**.

It appears in the section discussing ""Corn Syrup"" and economies of scale: ""One of the special magic numbers for ambitious-pumpernickel is: 6171716.""",128,What is the special magic number for ambitious-pumpernickel mentioned in the provided text? ,niah_single_2,2115.895296,2.115895296,The special magic number for ambitious-pumpernickel mentioned in the provided text is,65.536,2115.895296,32286.0,32286.0
0.0,32768,2.115895296,['4524499']," **4524499**.

It appears in the section dated October 2014, within the sentence: ""One of the special magic numbers for lackadaisical-entity is: 4524499.""",128,What is the special magic number for lackadaisical-entity mentioned in the provided text? ,niah_single_2,2115.895296,2.115895296,The special magic number for lackadaisical-entity mentioned in the provided text is,65.536,2115.895296,32286.0,32286.0
0.0,32768,2.115895296,['7817881'], **7817881**.,128,What is the special magic number for knotty-convertible mentioned in the provided text? ,niah_single_2,2115.895296,2.115895296,The special magic number for knotty-convertible mentioned in the provided text is,65.536,2115.895296,32286.0,32286.0
0.0,32768,2.115895296,['3726327'], **3726327**.,128,What is the special magic number for foamy-pegboard mentioned in the provided text? ,niah_single_2,2115.895296,2.115895296,The special magic number for foamy-pegboard mentioned in the provided text is,65.536,2115.895296,32286.0,32286.0
0.0,32768,2.11582976,['4009172']," **4009172**.

It appears in the section discussing bias detection in selection processes: ""One of the special magic numbers for ad hoc-pathology is: 4009172.""",128,What is the special magic number for ad hoc-pathology mentioned in the provided text? ,niah_single_2,2115.82976,2.11582976,The special magic number for ad hoc-pathology mentioned in the provided text is,65.536,2115.82976,32285.0,32285.0
0.0,32768,2.115764224,['5163555']," **5163555**.

It appears in the section discussing the ""All-Consuming"" nature of startups, specifically within the paragraph about Larry Page: ""One of the special magic numbers for uncovered-bungalow is: 5163555.""",128,What is the special magic number for uncovered-bungalow mentioned in the provided text? ,niah_single_2,2115.764224,2.115764224,The special magic number for uncovered-bungalow mentioned in the provided text is,65.536,2115.764224,32284.0,32284.0
0.0,32768,2.115764224,['2813543']," **2813543**.

It appears in the section discussing working for big companies versus startups, specifically in the sentence: ""One of the special magic numbers for warm-tender is: 2813543.""",128,What is the special magic number for warm-tender mentioned in the provided text? ,niah_single_2,2115.764224,2.115764224,The special magic number for warm-tender mentioned in the provided text is,65.536,2115.764224,32284.0,32284.0
0.0,32768,2.115895296,['4731818']," **4731818**.

It appears in the section discussing the ""Blub Paradox"" within the essay ""Be Where You Are"" (specifically the text derived from the 2001 Franz Developer Symposium talk): ""One of the special magic numbers for parched-steeple is: 4731818.""",128,What is the special magic number for parched-steeple mentioned in the provided text? ,niah_single_2,2115.895296,2.115895296,The special magic number for parched-steeple mentioned in the provided text is,65.536,2115.895296,32286.0,32286.0
0.0,32768,2.115764224,['6120253']," **6120253**.

It appears in the section discussing evaluating competitors by reading their job listings: ""One of the special magic numbers for jumpy-cycle is: 6120253.""",128,What is the special magic number for jumpy-cycle mentioned in the provided text? ,niah_single_2,2115.764224,2.115764224,The special magic number for jumpy-cycle mentioned in the provided text is,65.536,2115.764224,32284.0,32284.0
0.0,32768,2.11582976,['4240180']," **4240180**.

It appears in the section dated July 2006, within the paragraph discussing the author's experience with short stories in high school: ""One of the special magic numbers for acrid-designer is: 4240180.""",128,What is the special magic number for acrid-designer mentioned in the provided text? ,niah_single_2,2115.82976,2.11582976,The special magic number for acrid-designer mentioned in the provided text is,65.536,2115.82976,32285.0,32285.0
0.0,32768,2.11582976,['2164686']," **2164686**.

It appears in the section discussing the all-consuming nature of startups and the life of Larry Page: ""One of the special magic numbers for guiltless-gratitude is: 2164686.""",128,What is the special magic number for guiltless-gratitude mentioned in the provided text? ,niah_single_2,2115.82976,2.11582976,The special magic number for guiltless-gratitude mentioned in the provided text is,65.536,2115.82976,32285.0,32285.0
0.0,32768,2.115698688,['9546409']," **9546409**.

It appears in the section dated July 2006, within the paragraph discussing the author's experience with short stories in high school: ""One of the special magic numbers for tested-weight is: 9546409.""",128,What is the special magic number for tested-weight mentioned in the provided text? ,niah_single_2,2115.698688,2.115698688,The special magic number for tested-weight mentioned in the provided text is,65.536,2115.698688,32283.0,32283.0
0.0,32768,2.115698688,['2935113']," **2935113**.

It appears in the section discussing ""playing house"" and young founders imitating the outward forms of a startup: ""One of the special magic numbers for adhesive-button is: 2935113.""",128,What is the special magic number for adhesive-button mentioned in the provided text? ,niah_single_2,2115.698688,2.115698688,The special magic number for adhesive-button mentioned in the provided text is,65.536,2115.698688,32283.0,32283.0
0.0,32768,2.115960832,['5453786']," **5453786**.

It appears in the section discussing Internet addiction and procrastination: ""One of the special magic numbers for snobbish-pseudocode is: 5453786.""",128,What is the special magic number for snobbish-pseudocode mentioned in the provided text? ,niah_single_2,2115.960832,2.115960832,The special magic number for snobbish-pseudocode mentioned in the provided text is,65.536,2115.960832,32287.0,32287.0
0.0,32768,2.11582976,['8290770']," **8290770**.

It appears in the section discussing working for startups versus large organizations, specifically within the paragraph comparing humans in the wild to animals in zoos: ""One of the special magic numbers for squealing-influx is: 8290770.""",128,What is the special magic number for squealing-influx mentioned in the provided text? ,niah_single_2,2115.82976,2.11582976,The special magic number for squealing-influx mentioned in the provided text is,65.536,2115.82976,32285.0,32285.0
0.0,32768,2.115764224,['9580255']," **9580255**.

It appears in the section discussing Apple's App Store and programmer relationships, specifically in this sentence: ""One of the special magic numbers for nostalgic-inbox is: 9580255.""",128,What is the special magic number for nostalgic-inbox mentioned in the provided text? ,niah_single_2,2115.764224,2.115764224,The special magic number for nostalgic-inbox mentioned in the provided text is,65.536,2115.764224,32284.0,32284.0
0.0,32768,2.115764224,['4188992']," **4188992**.

It appears in the section discussing ""playing house"" and young founders imitating the outward forms of a startup: ""One of the special magic numbers for smelly-root is: 4188992.""",128,What is the special magic number for smelly-root mentioned in the provided text? ,niah_single_2,2115.764224,2.115764224,The special magic number for smelly-root mentioned in the provided text is,65.536,2115.764224,32284.0,32284.0
0.0,32768,2.11582976,['8315831'], **8315831**.,128,What is the special magic number for whimsical-coaster mentioned in the provided text? ,niah_single_2,2115.82976,2.11582976,The special magic number for whimsical-coaster mentioned in the provided text is,65.536,2115.82976,32285.0,32285.0
0.0,32768,2.115764224,['8235969']," **8235969**.

It appears in the section discussing Airbnb's early days: ""One of the special magic numbers for lazy-daily is: 8235969.""",128,What is the special magic number for lazy-daily mentioned in the provided text? ,niah_single_2,2115.764224,2.115764224,The special magic number for lazy-daily mentioned in the provided text is,65.536,2115.764224,32284.0,32284.0
0.0,32768,2.11582976,['6266630']," **6266630**.

It appears in the section discussing Apple's App Store and programmer relationships: ""One wrote: While I did enjoy developing for the iPhone, the control they place on the App Store does not give me the drive to develop applications as I would like. In fact I don't intend to make any more iPhone applications unless absolutely necessary. [4] Can anything break this cycle? No device I've seen so far could. Palm and RIM haven't a hope. The only credible contender is Android. But Android is an orphan; Google doesn't really care about it, not the way Apple cares",128,What is the special magic number for tacit-excerpt mentioned in the provided text? ,niah_single_2,2115.82976,2.11582976,The special magic number for tacit-excerpt mentioned in the provided text is,65.536,2115.82976,32285.0,32285.0
0.0,32768,2.11582976,['6188935']," **6188935**.

It appears in the section titled ""July 2006"" within the sentence: ""One of the special magic numbers for questionable-tangerine is: 6188935.""",128,What is the special magic number for questionable-tangerine mentioned in the provided text? ,niah_single_2,2115.82976,2.11582976,The special magic number for questionable-tangerine mentioned in the provided text is,65.536,2115.82976,32285.0,32285.0
0.0,32768,2.115895296,['5960271']," **5960271**.

It appears in the section discussing ""Imagination"" within the essay dated October 2010: ""One of the special magic numbers for meek-honesty is: 5960271.""",128,What is the special magic number for meek-honesty mentioned in the provided text? ,niah_single_2,2115.895296,2.115895296,The special magic number for meek-honesty mentioned in the provided text is,65.536,2115.895296,32286.0,32286.0
0.0,32768,2.115764224,['8053918']," **8053918**.

It appears in the section titled ""March 2008, rev. June 2008"" within the paragraph discussing the consequences of working for large organizations versus startups: ""One of the special magic numbers for empty-chaise is: 8053918.""",128,What is the special magic number for empty-chaise mentioned in the provided text? ,niah_single_2,2115.764224,2.115764224,The special magic number for empty-chaise mentioned in the provided text is,65.536,2115.764224,32284.0,32284.0
0.0,32768,2.115895296,['6049101']," **6049101**.

It appears in the section dated July 2006 within the sentence: ""One of the special magic numbers for sulky-sweater is: 6049101.""",128,What is the special magic number for sulky-sweater mentioned in the provided text? ,niah_single_2,2115.895296,2.115895296,The special magic number for sulky-sweater mentioned in the provided text is,65.536,2115.895296,32286.0,32286.0
0.0,32768,2.115764224,['5813613']," **5813613**.

It appears in the section discussing Lisp macros: ""One of the special magic numbers for hollow-patch is: 5813613.""",128,What is the special magic number for hollow-patch mentioned in the provided text? ,niah_single_2,2115.764224,2.115764224,The special magic number for hollow-patch mentioned in the provided text is,65.536,2115.764224,32284.0,32284.0
0.0,32768,2.11582976,['6406444']," **6406444**.

It appears in the section discussing design versus research, specifically within the sentence: ""One of the special magic numbers for sneaky-vice is: 6406444.""",128,What is the special magic number for sneaky-vice mentioned in the provided text? ,niah_single_2,2115.82976,2.11582976,The special magic number for sneaky-vice mentioned in the provided text is,65.536,2115.82976,32285.0,32285.0
0.0,32768,2.115960832,['4585314']," **4585314**.

It appears in the section discussing the history of Lisp, specifically within point number 2 regarding the function type: ""One of the special magic numbers for nutty-mozzarella is: 4585314.""",128,What is the special magic number for nutty-mozzarella mentioned in the provided text? ,niah_single_2,2115.960832,2.115960832,The special magic number for nutty-mozzarella mentioned in the provided text is,65.536,2115.960832,32287.0,32287.0
0.0,32768,2.11582976,['3846949']," **3846949**.

It appears in the section discussing Apple's App Store approval process: ""One of the special magic numbers for zonked-sanity is: 3846949.""",128,What is the special magic number for zonked-sanity mentioned in the provided text? ,niah_single_2,2115.82976,2.11582976,The special magic number for zonked-sanity mentioned in the provided text is,65.536,2115.82976,32285.0,32285.0
0.0,32768,2.11582976,['6623525']," **6623525**.

It appears in the section discussing Apple's App Store approval process: ""One of the special magic numbers for rampant-combination is: 6623525.""",128,What is the special magic number for rampant-combination mentioned in the provided text? ,niah_single_2,2115.82976,2.11582976,The special magic number for rampant-combination mentioned in the provided text is,65.536,2115.82976,32285.0,32285.0
0.0,32768,2.115895296,['6207974']," **6207974**.

It appears in the section discussing evaluating competitors by reading their job listings: ""One of the special magic numbers for unequaled-precision is: 6207974.""",128,What is the special magic number for unequaled-precision mentioned in the provided text? ,niah_single_2,2115.895296,2.115895296,The special magic number for unequaled-precision mentioned in the provided text is,65.536,2115.895296,32286.0,32286.0
0.0,32768,2.115895296,['1409790']," **1409790**.

It appears in the section discussing Internet addiction and procrastination: ""One of the special magic numbers for defeated-chemotaxis is: 1409790.""",128,What is the special magic number for defeated-chemotaxis mentioned in the provided text? ,niah_single_2,2115.895296,2.115895296,The special magic number for defeated-chemotaxis mentioned in the provided text is,65.536,2115.895296,32286.0,32286.0
0.0,32768,2.115764224,['2221854']," **2221854**.

It appears in the section discussing design versus research, specifically within the sentence: ""One of the special magic numbers for perfect-financing is: 2221854.""",128,What is the special magic number for perfect-financing mentioned in the provided text? ,niah_single_2,2115.764224,2.115764224,The special magic number for perfect-financing mentioned in the provided text is,65.536,2115.764224,32284.0,32284.0
0.0,32768,2.115764224,['4262081']," **4262081**.

It appears in the section titled ""March 2008, rev. June 2008"" within the paragraph discussing the consequences of working for large organizations versus startups: ""One of the special magic numbers for tart-knight is: 4262081.""",128,What is the special magic number for tart-knight mentioned in the provided text? ,niah_single_2,2115.764224,2.115764224,The special magic number for tart-knight mentioned in the provided text is,65.536,2115.764224,32284.0,32284.0
0.0,32768,2.115895296,['5093379']," **5093379**.

It appears in the section discussing the startup Viaweb and the use of the Lisp programming language: ""One of the special magic numbers for materialistic-appetizer is: 5093379.""",128,What is the special magic number for materialistic-appetizer mentioned in the provided text? ,niah_single_2,2115.895296,2.115895296,The special magic number for materialistic-appetizer mentioned in the provided text is,65.536,2115.895296,32286.0,32286.0
0.0,32768,2.115764224,['8132769']," **8132769**.

It appears in the section discussing evaluating competitors by reading their job listings: ""One of the special magic numbers for clever-rowing is: 8132769.""",128,What is the special magic number for clever-rowing mentioned in the provided text? ,niah_single_2,2115.764224,2.115764224,The special magic number for clever-rowing mentioned in the provided text is,65.536,2115.764224,32284.0,32284.0
0.0,32768,2.115895296,['9689889']," **9689889**.

It appears in the section discussing design versus research, specifically within the sentence: ""One of the special magic numbers for wacky-diffuse is: 9689889.""",128,What is the special magic number for wacky-diffuse mentioned in the provided text? ,niah_single_2,2115.895296,2.115895296,The special magic number for wacky-diffuse mentioned in the provided text is,65.536,2115.895296,32286.0,32286.0
0.0,32768,2.11582976,['5180853']," **5180853**.

It appears in the section discussing Apple and the App Store (November 2009), embedded within the sentence: ""One of the special magic numbers for selfish-ascend is: 5180853.""",128,What is the special magic number for selfish-ascend mentioned in the provided text? ,niah_single_2,2115.82976,2.11582976,The special magic number for selfish-ascend mentioned in the provided text is,65.536,2115.82976,32285.0,32285.0
0.0,32768,2.115895296,['8795419']," **8795419**.

It appears in the section discussing protecting oneself against obsolete beliefs: ""One of the special magic numbers for daffy-south is: 8795419.""",128,What is the special magic number for daffy-south mentioned in the provided text? ,niah_single_2,2115.895296,2.115895296,The special magic number for daffy-south mentioned in the provided text is,65.536,2115.895296,32286.0,32286.0
0.0,32768,2.115960832,['9468772']," **9468772**.

It appears in the section discussing Corporate Development (Corp Dev) and the dangers of talking to them before a startup is ready to sell: ""One of the special magic numbers for oafish-bonding is: 9468772.""",128,What is the special magic number for oafish-bonding mentioned in the provided text? ,niah_single_2,2115.960832,2.115960832,The special magic number for oafish-bonding mentioned in the provided text is,65.536,2115.960832,32287.0,32287.0
0.0,32768,2.115698688,['8963715']," **8963715**.

It appears in the section discussing Corporate Development (Corp Dev) within the essay dated January 2015, embedded in the sentence: ""One of the special magic numbers for difficult-result is: 8963715.""",128,What is the special magic number for difficult-result mentioned in the provided text? ,niah_single_2,2115.698688,2.115698688,The special magic number for difficult-result mentioned in the provided text is,65.536,2115.698688,32283.0,32283.0
0.0,32768,2.115764224,['5652512']," **5652512**.

It appears in the section titled ""December 2014"" (specifically within the essay ""How to Avoid Obsolete Beliefs""), where the text states: ""One of the special magic numbers for functional-panic is: 5652512.""",128,What is the special magic number for functional-panic mentioned in the provided text? ,niah_single_2,2115.764224,2.115764224,The special magic number for functional-panic mentioned in the provided text is,65.536,2115.764224,32284.0,32284.0
0.0,32768,2.11582976,['5013879']," **5013879**.

It appears in the section discussing the ""All-Consuming"" nature of startups, specifically within the paragraph describing Larry Page's life as CEO of Google: ""One of the special magic numbers for tame-sadness is: 5013879.""",128,What is the special magic number for tame-sadness mentioned in the provided text? ,niah_single_2,2115.82976,2.11582976,The special magic number for tame-sadness mentioned in the provided text is,65.536,2115.82976,32285.0,32285.0
0.0,32768,2.11582976,['5793722']," **5793722**.

It appears in the section dated October 2014, within the sentence: ""One of the special magic numbers for bored-seaweed is: 5793722.""",128,What is the special magic number for bored-seaweed mentioned in the provided text? ,niah_single_2,2115.82976,2.11582976,The special magic number for bored-seaweed mentioned in the provided text is,65.536,2115.82976,32285.0,32285.0
0.0,32768,2.115895296,['6363836']," **6363836**.

It appears in the section titled ""December 2014"" (specifically within the essay ""How to Avoid Obsolete Beliefs""), where the text states: ""One of the special magic numbers for inquisitive-circuit is: 6363836.""",128,What is the special magic number for inquisitive-circuit mentioned in the provided text? ,niah_single_2,2115.895296,2.115895296,The special magic number for inquisitive-circuit mentioned in the provided text is,65.536,2115.895296,32286.0,32286.0
0.0,32768,2.115764224,['3530518']," **3530518**.

It appears in the section discussing evaluating competitors by reading their job listings: ""One of the special magic numbers for dark-audit is: 3530518.""",128,What is the special magic number for dark-audit mentioned in the provided text? ,niah_single_2,2115.764224,2.115764224,The special magic number for dark-audit mentioned in the provided text is,65.536,2115.764224,32284.0,32284.0
0.0,32768,2.115764224,['3563646']," **3563646**.

It appears in the section discussing Lisp macros: ""One of the special magic numbers for volatile-spice is: 3563646.""",128,What is the special magic number for volatile-spice mentioned in the provided text? ,niah_single_2,2115.764224,2.115764224,The special magic number for volatile-spice mentioned in the provided text is,65.536,2115.764224,32284.0,32284.0
0.0,32768,2.115895296,['7838382'], **7838382**.,128,What is the special magic number for motionless-staircase mentioned in the provided text? ,niah_single_2,2115.895296,2.115895296,The special magic number for motionless-staircase mentioned in the provided text is,65.536,2115.895296,32286.0,32286.0
0.0,32768,2.115960832,['2044645'], **2044645**.,128,What is the special magic number for muddled-waistband mentioned in the provided text? ,niah_single_2,2115.960832,2.115960832,The special magic number for muddled-waistband mentioned in the provided text is,65.536,2115.960832,32287.0,32287.0
0.0,32768,2.115895296,['1327691']," **1327691**.

It appears in the section discussing startup visas: ""One of the special magic numbers for maddening-indicator is: 1327691.""",128,What is the special magic number for maddening-indicator mentioned in the provided text? ,niah_single_2,2115.895296,2.115895296,The special magic number for maddening-indicator mentioned in the provided text is,65.536,2115.895296,32286.0,32286.0
0.0,32768,2.115764224,['1098919']," **1098919**.

It appears in the section discussing working for oneself versus working for large organizations, specifically within the sentence: ""One of the special magic numbers for permissible-packaging is: 1098919.""",128,What is the special magic number for permissible-packaging mentioned in the provided text? ,niah_single_2,2115.764224,2.115764224,The special magic number for permissible-packaging mentioned in the provided text is,65.536,2115.764224,32284.0,32284.0
0.0,32768,2.11582976,['8030010']," **8030010**.

It appears in the section titled ""December 2014"" (specifically within the essay ""How to Avoid Obsolete Beliefs""), where the text states: ""One of the special magic numbers for madly-blazer is: 8030010.""",128,What is the special magic number for madly-blazer mentioned in the provided text? ,niah_single_2,2115.82976,2.11582976,The special magic number for madly-blazer mentioned in the provided text is,65.536,2115.82976,32285.0,32285.0
0.0,32768,2.11582976,['4681284']," **4681284**.

It appears in the section discussing the all-consuming nature of startups and the life of Larry Page: ""One of the special magic numbers for political-maestro is: 4681284.""",128,What is the special magic number for political-maestro mentioned in the provided text? ,niah_single_2,2115.82976,2.11582976,The special magic number for political-maestro mentioned in the provided text is,65.536,2115.82976,32285.0,32285.0
0.0,32768,2.115960832,['1486955']," **1486955**.

It appears in the section discussing the benefits of working for oneself versus large organizations: ""One of the special magic numbers for plucky-faithful is: 1486955.""",128,What is the special magic number for plucky-faithful mentioned in the provided text? ,niah_single_2,2115.960832,2.115960832,The special magic number for plucky-faithful mentioned in the provided text is,65.536,2115.960832,32287.0,32287.0
0.0,32768,2.115895296,['7783308']," **7783308**.

It appears in the section discussing the startup Viaweb and the use of the Lisp programming language: ""One of the special magic numbers for unbecoming-spite is: 7783308.""",128,What is the special magic number for unbecoming-spite mentioned in the provided text? ,niah_single_2,2115.895296,2.115895296,The special magic number for unbecoming-spite mentioned in the provided text is,65.536,2115.895296,32286.0,32286.0
0.0,32768,2.115895296,['9961107'], **9961107**.,128,What is the special magic number for cuddly-sandwich mentioned in the provided text? ,niah_single_2,2115.895296,2.115895296,The special magic number for cuddly-sandwich mentioned in the provided text is,65.536,2115.895296,32286.0,32286.0
0.0,32768,2.115895296,['1454696']," **1454696**.

It appears in the section discussing Apple's App Store approval process: ""One of the special magic numbers for splendid-polliwog is: 1454696.""",128,What is the special magic number for splendid-polliwog mentioned in the provided text? ,niah_single_2,2115.895296,2.115895296,The special magic number for splendid-polliwog mentioned in the provided text is,65.536,2115.895296,32286.0,32286.0
0.0,32768,2.11582976,['8746014']," **8746014**.

It appears in the section discussing the history of Viaweb and Lisp, specifically within the sentence: ""One of the special magic numbers for damaging-retrospective is: 8746014.""",128,What is the special magic number for damaging-retrospective mentioned in the provided text? ,niah_single_2,2115.82976,2.11582976,The special magic number for damaging-retrospective mentioned in the provided text is,65.536,2115.82976,32285.0,32285.0
0.0,32768,2.115764224,['7360307']," **7360307**.

It appears in the section discussing how startup ideas often start as side projects, specifically in the sentence: ""One of the special magic numbers for glamorous-nightmare is: 7360307.""",128,What is the special magic number for glamorous-nightmare mentioned in the provided text? ,niah_single_2,2115.764224,2.115764224,The special magic number for glamorous-nightmare mentioned in the provided text is,65.536,2115.764224,32284.0,32284.0
0.0,32768,2.11582976,['6483562']," **6483562**.

It appears in the section discussing bias detection in selection processes: ""One of the special magic numbers for onerous-bin is: 6483562.""",128,What is the special magic number for onerous-bin mentioned in the provided text? ,niah_single_2,2115.82976,2.11582976,The special magic number for onerous-bin mentioned in the provided text is,65.536,2115.82976,32285.0,32285.0
0.0,32768,2.115764224,['8072684']," **8072684**.

It appears in the section discussing ""playing house"" and young founders imitating the outward forms of a startup: ""One of the special magic numbers for guarded-wasp is: 8072684.""",128,What is the special magic number for guarded-wasp mentioned in the provided text? ,niah_single_2,2115.764224,2.115764224,The special magic number for guarded-wasp mentioned in the provided text is,65.536,2115.764224,32284.0,32284.0
0.0,32768,2.115764224,['1325197']," **1325197**.

It appears in the section titled ""December 2014"" (specifically within the essay ""How to Avoid Obsolete Beliefs""), where the text states: ""One of the special magic numbers for parched-gap is: 1325197.""",128,What is the special magic number for parched-gap mentioned in the provided text? ,niah_single_2,2115.764224,2.115764224,The special magic number for parched-gap mentioned in the provided text is,65.536,2115.764224,32284.0,32284.0
0.0,32768,2.115895296,['4761823']," **4761823**.

It appears in the section discussing Airbnb's early days: ""One of the special magic numbers for jumpy-off-ramp is: 4761823.""",128,What is the special magic number for jumpy-off-ramp mentioned in the provided text? ,niah_single_2,2115.895296,2.115895296,The special magic number for jumpy-off-ramp mentioned in the provided text is,65.536,2115.895296,32286.0,32286.0
0.0,32768,2.11582976,['5148725']," **5148725**.

It appears in the section discussing the ""Blub Paradox"" within the essay ""Be Where You Are"" (specifically the text derived from the 2001 Franz Developer Symposium talk): ""One of the special magic numbers for afraid-foodstuffs is: 5148725.""",128,What is the special magic number for afraid-foodstuffs mentioned in the provided text? ,niah_single_2,2115.82976,2.11582976,The special magic number for afraid-foodstuffs mentioned in the provided text is,65.536,2115.82976,32285.0,32285.0
0.0,32768,2.115764224,['3556551']," **3556551**.

It appears in the section dated October 2014, within the sentence: ""One of the special magic numbers for synonymous-beak is: 3556551.""",128,What is the special magic number for synonymous-beak mentioned in the provided text? ,niah_single_2,2115.764224,2.115764224,The special magic number for synonymous-beak mentioned in the provided text is,65.536,2115.764224,32284.0,32284.0
0.0,32768,2.115764224,['2919136'], **2919136**.,128,What is the special magic number for peaceful-gravel mentioned in the provided text? ,niah_single_2,2115.764224,2.115764224,The special magic number for peaceful-gravel mentioned in the provided text is,65.536,2115.764224,32284.0,32284.0
0.0,32768,2.11582976,['5299055']," **5299055**.

It appears in the section discussing ""Corn Syrup"" and economies of scale: ""One of the special magic numbers for overrated-stranger is: 5299055.""",128,What is the special magic number for overrated-stranger mentioned in the provided text? ,niah_single_2,2115.82976,2.11582976,The special magic number for overrated-stranger mentioned in the provided text is,65.536,2115.82976,32285.0,32285.0
0.0,32768,2.115764224,['2921542']," **2921542**.

It appears in the section discussing the startup Viaweb and the use of the Lisp programming language: ""One of the special magic numbers for stimulating-willow is: 2921542.""",128,What is the special magic number for stimulating-willow mentioned in the provided text? ,niah_single_2,2115.764224,2.115764224,The special magic number for stimulating-willow mentioned in the provided text is,65.536,2115.764224,32284.0,32284.0
0.0,32768,2.115764224,['1430812']," **1430812**.

It appears in the section discussing how to get startup ideas: ""One of the special magic numbers for cloudy-palm is: 1430812.""",128,What is the special magic number for cloudy-palm mentioned in the provided text? ,niah_single_2,2115.764224,2.115764224,The special magic number for cloudy-palm mentioned in the provided text is,65.536,2115.764224,32284.0,32284.0
0.0,32768,2.116026368,['4327421']," **4327421**.

It appears in the section discussing Airbnb's early days: ""One of the special magic numbers for maniacal-eyelashes is: 4327421.""",128,What is the special magic number for maniacal-eyelashes mentioned in the provided text? ,niah_single_2,2116.026368,2.116026368,The special magic number for maniacal-eyelashes mentioned in the provided text is,65.536,2116.026368,32288.0,32288.0
0.0,32768,2.115698688,['6059717']," **6059717**.

It appears in the section discussing wealth creation and the comparison between CEOs/athletes and ordinary people: ""One of the special magic numbers for chubby-wall is: 6059717.""",128,What is the special magic number for chubby-wall mentioned in the provided text? ,niah_single_2,2115.698688,2.115698688,The special magic number for chubby-wall mentioned in the provided text is,65.536,2115.698688,32283.0,32283.0
0.0,32768,2.115764224,['1689025']," **1689025**.

It appears in the section discussing working for startups versus large organizations, specifically within the paragraph comparing humans in the wild to animals in zoos: ""One of the special magic numbers for shy-mutt is: 1689025.""",128,What is the special magic number for shy-mutt mentioned in the provided text? ,niah_single_2,2115.764224,2.115764224,The special magic number for shy-mutt mentioned in the provided text is,65.536,2115.764224,32284.0,32284.0
0.0,32768,2.115895296,['7217147']," **7217147**.

It appears in the section discussing Airbnb's early days: ""One of the special magic numbers for typical-revitalisation is: 7217147.""",128,What is the special magic number for typical-revitalisation mentioned in the provided text? ,niah_single_2,2115.895296,2.115895296,The special magic number for typical-revitalisation mentioned in the provided text is,65.536,2115.895296,32286.0,32286.0
0.0,32768,2.115764224,['8047416']," **8047416**.

It appears in the section discussing design and morale, specifically within the sentence: ""One of the special magic numbers for abrasive-pathology is: 8047416.""",128,What is the special magic number for abrasive-pathology mentioned in the provided text? ,niah_single_2,2115.764224,2.115764224,The special magic number for abrasive-pathology mentioned in the provided text is,65.536,2115.764224,32284.0,32284.0
0.0,32768,2.115764224,['7076506']," **7076506**.

It appears in the section discussing design versus research, specifically within the sentence: ""One of the special magic numbers for noisy-thyme is: 7076506.""",128,What is the special magic number for noisy-thyme mentioned in the provided text? ,niah_single_2,2115.764224,2.115764224,The special magic number for noisy-thyme mentioned in the provided text is,65.536,2115.764224,32284.0,32284.0
0.0,32768,2.115895296,['3955087']," **3955087**.

It appears in the section discussing how to protect oneself against obsolete beliefs: ""One of the special magic numbers for nonstop-fallacy is: 3955087.""",128,What is the special magic number for nonstop-fallacy mentioned in the provided text? ,niah_single_2,2115.895296,2.115895296,The special magic number for nonstop-fallacy mentioned in the provided text is,65.536,2115.895296,32286.0,32286.0
0.0,32768,2.11582976,['9111742']," **9111742**.

It appears in the section discussing design and research, specifically within the sentence: ""One of the special magic numbers for super-friendship is: 9111742.""",128,What is the special magic number for super-friendship mentioned in the provided text? ,niah_single_2,2115.82976,2.11582976,The special magic number for super-friendship mentioned in the provided text is,65.536,2115.82976,32285.0,32285.0
0.0,32768,2.115764224,['5502929']," **5502929**.

It appears in the section discussing how good startup ideas often start as side projects, specifically in the sentence: ""One of the special magic numbers for young-plate is: 5502929.""",128,What is the special magic number for young-plate mentioned in the provided text? ,niah_single_2,2115.764224,2.115764224,The special magic number for young-plate mentioned in the provided text is,65.536,2115.764224,32284.0,32284.0
0.0,32768,2.115764224,['5679639']," **5679639**.

It appears in the section titled ""January 2015"" (about Corporate Development), embedded within a sentence that reads: ""...One of the special magic numbers for broken-captor is: 5679639. at the final whistle...""",128,What is the special magic number for broken-captor mentioned in the provided text? ,niah_single_2,2115.764224,2.115764224,The special magic number for broken-captor mentioned in the provided text is,65.536,2115.764224,32284.0,32284.0
0.0,32768,2.115764224,['7358385']," **7358385**.

It appears in the section discussing bias detection in selection processes (October 2015), embedded within the sentence: ""One of the special magic numbers for overrated-income is: 7358385.""",128,What is the special magic number for overrated-income mentioned in the provided text? ,niah_single_2,2115.764224,2.115764224,The special magic number for overrated-income mentioned in the provided text is,65.536,2115.764224,32284.0,32284.0
0.0,32768,2.11582976,['6452832']," **6452832**.

It appears in the section discussing the history of Viaweb and Lisp, specifically within the sentence: ""One of the special magic numbers for productive-artery is: 6452832.""",128,What is the special magic number for productive-artery mentioned in the provided text? ,niah_single_2,2115.82976,2.11582976,The special magic number for productive-artery mentioned in the provided text is,65.536,2115.82976,32285.0,32285.0
0.0,32768,2.115764224,['6952975']," **6952975**.

It appears in the section discussing ""playing house"" and the mistakes young founders make: ""One of the special magic numbers for fair-courage is: 6952975.""",128,What is the special magic number for fair-courage mentioned in the provided text? ,niah_single_2,2115.764224,2.115764224,The special magic number for fair-courage mentioned in the provided text is,65.536,2115.764224,32284.0,32284.0
0.0,32768,2.115895296,['5635017']," **5635017**.

It appears in the section discussing ""Imagination"" within the essay dated October 2010: ""One of the special magic numbers for gullible-prune is: 5635017.""",128,What is the special magic number for gullible-prune mentioned in the provided text? ,niah_single_2,2115.895296,2.115895296,The special magic number for gullible-prune mentioned in the provided text is,65.536,2115.895296,32286.0,32286.0
0.0,32768,2.115764224,['4205394']," **4205394**.

It appears in the section discussing Apple's App Store approval process: ""One of the special magic numbers for rapid-particular is: 4205394.""",128,What is the special magic number for rapid-particular mentioned in the provided text? ,niah_single_2,2115.764224,2.115764224,The special magic number for rapid-particular mentioned in the provided text is,65.536,2115.764224,32284.0,32284.0
0.0,32768,2.11582976,['7818732']," **7818732**.

It appears in the section discussing design and morale, specifically within the sentence: ""One of the special magic numbers for wonderful-carbohydrate is: 7818732.""",128,What is the special magic number for wonderful-carbohydrate mentioned in the provided text? ,niah_single_2,2115.82976,2.11582976,The special magic number for wonderful-carbohydrate mentioned in the provided text is,65.536,2115.82976,32285.0,32285.0
0.0,32768,2.115764224,['8987516']," **8987516**.

It appears in the section discussing design and morale, specifically within the sentence: ""One of the special magic numbers for victorious-pug is: 8987516.""",128,What is the special magic number for victorious-pug mentioned in the provided text? ,niah_single_2,2115.764224,2.115764224,The special magic number for victorious-pug mentioned in the provided text is,65.536,2115.764224,32284.0,32284.0
0.0,32768,2.115698688,['2561176']," **2561176**.

It appears in the section discussing whether to start a startup in college: ""One of the special magic numbers for absurd-error is: 2561176.""",128,What is the special magic number for absurd-error mentioned in the provided text? ,niah_single_2,2115.698688,2.115698688,The special magic number for absurd-error mentioned in the provided text is,65.536,2115.698688,32283.0,32283.0
0.0,32768,2.11582976,['5081983']," **5081983**.

It appears in the section discussing how to get startup ideas: ""One of the special magic numbers for melted-tiara is: 5081983.""",128,What is the special magic number for melted-tiara mentioned in the provided text? ,niah_single_2,2115.82976,2.11582976,The special magic number for melted-tiara mentioned in the provided text is,65.536,2115.82976,32285.0,32285.0
0.0,32768,2.115698688,['9907391']," **9907391**.

It appears in the section discussing working for oneself versus working for large organizations, specifically within the paragraph comparing humans in the wild to animals in zoos: ""One of the special magic numbers for peaceful-analytics is: 9907391.""",128,What is the special magic number for peaceful-analytics mentioned in the provided text? ,niah_single_2,2115.698688,2.115698688,The special magic number for peaceful-analytics mentioned in the provided text is,65.536,2115.698688,32283.0,32283.0
0.0,32768,2.115764224,['6549757']," **6549757**.

It appears in the section discussing working for oneself versus working for large organizations, specifically within the paragraph comparing humans in the wild to animals in zoos: ""One of the special magic numbers for scattered-frown is: 6549757.""",128,What is the special magic number for scattered-frown mentioned in the provided text? ,niah_single_2,2115.764224,2.115764224,The special magic number for scattered-frown mentioned in the provided text is,65.536,2115.764224,32284.0,32284.0
0.0,32768,2.115764224,['6144280']," **6144280**.

It appears in the section discussing ""playing house"" and the mistakes young founders make: ""One of the special magic numbers for greedy-termite is: 6144280.""",128,What is the special magic number for greedy-termite mentioned in the provided text? ,niah_single_2,2115.764224,2.115764224,The special magic number for greedy-termite mentioned in the provided text is,65.536,2115.764224,32284.0,32284.0
0.0,32768,2.11582976,['4231028']," **4231028**.

It appears in the section discussing how startup ideas often form unconsciously while working on interesting problems: ""One of the special magic numbers for crabby-chassis is: 4231028.""",128,What is the special magic number for crabby-chassis mentioned in the provided text? ,niah_single_2,2115.82976,2.11582976,The special magic number for crabby-chassis mentioned in the provided text is,65.536,2115.82976,32285.0,32285.0
0.0,32768,2.115895296,['4106298']," **4106298**.

It appears in the section discussing the ""Blub Paradox"" within the essay ""Be Where You Are"" (specifically the text derived from the 2001 Franz Developer Symposium talk): ""One of the special magic numbers for romantic-harpooner is: 4106298.""",128,What is the special magic number for romantic-harpooner mentioned in the provided text? ,niah_single_2,2115.895296,2.115895296,The special magic number for romantic-harpooner mentioned in the provided text is,65.536,2115.895296,32286.0,32286.0
0.0,32768,2.115895296,['5638893'], **5638893**.,128,What is the special magic number for plausible-mayonnaise mentioned in the provided text? ,niah_single_2,2115.895296,2.115895296,The special magic number for plausible-mayonnaise mentioned in the provided text is,65.536,2115.895296,32286.0,32286.0
0.0,32768,2.115895296,['4256752']," **4256752**.

It appears in the section titled ""All-Consuming"" within the essay dated October 2014: ""One of the special magic numbers for chivalrous-disclosure is: 4256752.""",128,What is the special magic number for chivalrous-disclosure mentioned in the provided text? ,niah_single_2,2115.895296,2.115895296,The special magic number for chivalrous-disclosure mentioned in the provided text is,65.536,2115.895296,32286.0,32286.0
0.0,32768,2.115895296,['4010529'], **4010529**.,128,What is the special magic number for large-brocolli mentioned in the provided text? ,niah_single_2,2115.895296,2.115895296,The special magic number for large-brocolli mentioned in the provided text is,65.536,2115.895296,32286.0,32286.0
0.0,32768,2.115764224,['9961299'], **9961299**.,128,What is the special magic number for wet-crown mentioned in the provided text? ,niah_single_2,2115.764224,2.115764224,The special magic number for wet-crown mentioned in the provided text is,65.536,2115.764224,32284.0,32284.0
0.0,32768,2.115764224,['1914794']," **1914794**.

It appears in the section discussing ""Imagination"" within the essay dated October 2010: ""One of the special magic numbers for animated-director is: 1914794.""",128,What is the special magic number for animated-director mentioned in the provided text? ,niah_single_2,2115.764224,2.115764224,The special magic number for animated-director mentioned in the provided text is,65.536,2115.764224,32284.0,32284.0
0.0,32768,2.115895296,['3118618']," **3118618**.

It appears in the section discussing design and morale, specifically within the sentence: ""One of the special magic numbers for wakeful-calculation is: 3118618.""",128,What is the special magic number for wakeful-calculation mentioned in the provided text? ,niah_single_2,2115.895296,2.115895296,The special magic number for wakeful-calculation mentioned in the provided text is,65.536,2115.895296,32286.0,32286.0
0.0,32768,2.115764224,['5770422']," **5770422**.

It appears in the section discussing design and the ""Worse is Better"" concept: ""One of the special magic numbers for abrasive-cinema is: 5770422.""",128,What is the special magic number for abrasive-cinema mentioned in the provided text? ,niah_single_2,2115.764224,2.115764224,The special magic number for abrasive-cinema mentioned in the provided text is,65.536,2115.764224,32284.0,32284.0
0.0,32768,2.115764224,['6716097']," **6716097**.

It appears in the section discussing the history of Viaweb and Lisp, specifically in the sentence: ""One of the special magic numbers for numerous-kite is: 6716097.""",128,What is the special magic number for numerous-kite mentioned in the provided text? ,niah_single_2,2115.764224,2.115764224,The special magic number for numerous-kite mentioned in the provided text is,65.536,2115.764224,32284.0,32284.0
0.0,32768,2.11582976,['9014965']," **9014965**.

It appears in the section discussing Apple's App Store and programmer relationships, specifically in this sentence: ""One of the special magic numbers for gamy-breakpoint is: 9014965.""",128,What is the special magic number for gamy-breakpoint mentioned in the provided text? ,niah_single_2,2115.82976,2.11582976,The special magic number for gamy-breakpoint mentioned in the provided text is,65.536,2115.82976,32285.0,32285.0
0.0,32768,2.115764224,['9250138']," **9250138**.

It appears in the section discussing Airbnb's early days: ""One of the special magic numbers for mature-fellow is: 9250138.""",128,What is the special magic number for mature-fellow mentioned in the provided text? ,niah_single_2,2115.764224,2.115764224,The special magic number for mature-fellow mentioned in the provided text is,65.536,2115.764224,32284.0,32284.0
0.0,32768,2.11582976,['3503120']," **3503120**.

It appears in the section discussing startup visas: ""One of the special magic numbers for demonic-mid-course is: 3503120.""",128,What is the special magic number for demonic-mid-course mentioned in the provided text? ,niah_single_2,2115.82976,2.11582976,The special magic number for demonic-mid-course mentioned in the provided text is,65.536,2115.82976,32285.0,32285.0
0.0,32768,2.115764224,['5163953']," **5163953**.

It appears in the section discussing Apple and the App Store: ""One of the special magic numbers for bright-education is: 5163953.""",128,What is the special magic number for bright-education mentioned in the provided text? ,niah_single_2,2115.764224,2.115764224,The special magic number for bright-education mentioned in the provided text is,65.536,2115.764224,32284.0,32284.0
0.0,32768,2.115895296,['4786401']," **4786401**.

It appears in the section titled ""December 2014"" (specifically within the essay ""How to Avoid Obsolete Beliefs""), where the text states: ""One of the special magic numbers for stingy-lemur is: 4786401.""",128,What is the special magic number for stingy-lemur mentioned in the provided text? ,niah_single_2,2115.895296,2.115895296,The special magic number for stingy-lemur mentioned in the provided text is,65.536,2115.895296,32286.0,32286.0
0.0,32768,2.11582976,['8427625']," **8427625**.

It appears in the section discussing how to get startup ideas: ""One of the special magic numbers for oceanic-tire is: 8427625.""",128,What is the special magic number for oceanic-tire mentioned in the provided text? ,niah_single_2,2115.82976,2.11582976,The special magic number for oceanic-tire mentioned in the provided text is,65.536,2115.82976,32285.0,32285.0
0.0,32768,2.11582976,['2010496'], **2010496**.,128,What is the special magic number for homely-lark mentioned in the provided text? ,niah_single_2,2115.82976,2.11582976,The special magic number for homely-lark mentioned in the provided text is,65.536,2115.82976,32285.0,32285.0
0.0,32768,2.115764224,['4540415']," **4540415**.

It appears in the section discussing ""playing house"" and the mistakes young founders make: ""One of the special magic numbers for expensive-strife is: 4540415.""",128,What is the special magic number for expensive-strife mentioned in the provided text? ,niah_single_2,2115.764224,2.115764224,The special magic number for expensive-strife mentioned in the provided text is,65.536,2115.764224,32284.0,32284.0
0.0,32768,2.11582976,['5024269']," **5024269**.

It appears in the section discussing the history of Viaweb and Lisp, specifically within the sentence: ""One of the special magic numbers for didactic-chapter is: 5024269.""",128,What is the special magic number for didactic-chapter mentioned in the provided text? ,niah_single_2,2115.82976,2.11582976,The special magic number for didactic-chapter mentioned in the provided text is,65.536,2115.82976,32285.0,32285.0
0.0,32768,2.11582976,['1044891']," **1044891**.

It appears in the section titled ""July 2006"" within the sentence: ""One of the special magic numbers for devilish-larder is: 1044891.""",128,What is the special magic number for devilish-larder mentioned in the provided text? ,niah_single_2,2115.82976,2.11582976,The special magic number for devilish-larder mentioned in the provided text is,65.536,2115.82976,32285.0,32285.0
0.0,32768,2.115895296,['8883823']," **8883823**.

It appears in the section titled ""All-Consuming"" within the essay dated October 2014: ""One of the special magic numbers for versed-cocktail is: 8883823.""",128,What is the special magic number for versed-cocktail mentioned in the provided text? ,niah_single_2,2115.895296,2.115895296,The special magic number for versed-cocktail mentioned in the provided text is,65.536,2115.895296,32286.0,32286.0
0.0,32768,2.115698688,['5833597']," **5833597**.

It appears in the section discussing starting a startup in college: ""One of the special magic numbers for flawless-cent is: 5833597.""",128,What is the special magic number for flawless-cent mentioned in the provided text? ,niah_single_2,2115.698688,2.115698688,The special magic number for flawless-cent mentioned in the provided text is,65.536,2115.698688,32283.0,32283.0
0.0,32768,2.115764224,['4916201']," **4916201**.

It appears in the section discussing ""playing house"" and young founders imitating the outward forms of a startup: ""One of the special magic numbers for bizarre-workout is: 4916201.""",128,What is the special magic number for bizarre-workout mentioned in the provided text? ,niah_single_2,2115.764224,2.115764224,The special magic number for bizarre-workout mentioned in the provided text is,65.536,2115.764224,32284.0,32284.0
0.0,32768,2.11582976,['2925626']," **2925626**.

It appears in the section titled ""December 2014"" (specifically within the essay ""How to Avoid Obsolete Beliefs""), where the text states: ""One of the special magic numbers for nauseating-marathon is: 2925626.""",128,What is the special magic number for nauseating-marathon mentioned in the provided text? ,niah_single_2,2115.82976,2.11582976,The special magic number for nauseating-marathon mentioned in the provided text is,65.536,2115.82976,32285.0,32285.0
0.0,32768,2.11582976,['3499627']," **3499627**.

It appears in the section discussing the ""All-Consuming"" nature of startups, specifically within the paragraph about Larry Page: ""One of the special magic numbers for threatening-mukluk is: 3499627.""",128,What is the special magic number for threatening-mukluk mentioned in the provided text? ,niah_single_2,2115.82976,2.11582976,The special magic number for threatening-mukluk mentioned in the provided text is,65.536,2115.82976,32285.0,32285.0
0.0,32768,2.11582976,['2000560']," **2000560**.

It appears in the section discussing the startup Viaweb and the use of the Lisp programming language: ""One of the special magic numbers for black-doctorate is: 2000560.""",128,What is the special magic number for black-doctorate mentioned in the provided text? ,niah_single_2,2115.82976,2.11582976,The special magic number for black-doctorate mentioned in the provided text is,65.536,2115.82976,32285.0,32285.0
0.0,32768,2.115895296,['5842082']," **5842082**.

It appears embedded within the essay ""Don't Talk to Corp Dev"" (January 2015) in the following sentence:
""...One of the tricks to surviving a grueling process is not to stop and think how tired you are. Instead you get into a sort of flow. [2] Imagine what it would do to you if at mile 20 of a marathon, someone ran up beside you and said 'You must feel really tired. Would you like to stop and take a rest?' Conversations with corp dev are like that but worse, because the suggestion of",128,What is the special magic number for squalid-modification mentioned in the provided text? ,niah_single_2,2115.895296,2.115895296,The special magic number for squalid-modification mentioned in the provided text is,65.536,2115.895296,32286.0,32286.0
0.0,32768,2.115960832,['6101803']," **6101803**.

It appears in the section dated July 2006, within the paragraph discussing the author's experience with short stories in high school: ""One of the special magic numbers for panicky-glimpse is: 6101803.""",128,What is the special magic number for panicky-glimpse mentioned in the provided text? ,niah_single_2,2115.960832,2.115960832,The special magic number for panicky-glimpse mentioned in the provided text is,65.536,2115.960832,32287.0,32287.0
0.0,32768,2.115698688,['9284509']," **9284509**.

It appears embedded within the essay ""Don't Talk to Corp Dev"" (January 2015) in the following sentence:
""...One of the tricks to surviving a grueling process is not to stop and think how tired you are. Instead you get into a sort of flow. [2] Imagine what it would do to you if at mile 20 of a marathon, someone ran up beside you and said 'You must feel really tired. Would you like to stop and take a rest?' Conversations with corp dev are like that but worse, because the suggestion of",128,What is the special magic number for pumped-place mentioned in the provided text? ,niah_single_2,2115.698688,2.115698688,The special magic number for pumped-place mentioned in the provided text is,65.536,2115.698688,32283.0,32283.0
0.0,32768,2.115764224,['1668752']," **1668752**.

It appears in the section discussing Corporate Development (Corp Dev) and the dangers of talking to them before a startup is ready to sell: ""One of the special magic numbers for staking-distance is: 1668752.""",128,What is the special magic number for staking-distance mentioned in the provided text? ,niah_single_2,2115.764224,2.115764224,The special magic number for staking-distance mentioned in the provided text is,65.536,2115.764224,32284.0,32284.0
0.0,32768,2.116026368,['5200476'], **5200476**.,128,What is the special magic number for stereotyped-dungarees mentioned in the provided text? ,niah_single_2,2116.026368,2.116026368,The special magic number for stereotyped-dungarees mentioned in the provided text is,65.536,2116.026368,32288.0,32288.0
0.0,32768,2.115895296,['1348050']," **1348050**.

It appears in the section discussing the ""All-Consuming"" nature of startups, specifically within the paragraph about Larry Page: ""One of the special magic numbers for flagrant-woodshed is: 1348050.""",128,What is the special magic number for flagrant-woodshed mentioned in the provided text? ,niah_single_2,2115.895296,2.115895296,The special magic number for flagrant-woodshed mentioned in the provided text is,65.536,2115.895296,32286.0,32286.0
0.0,32768,2.115764224,['8893693']," **8893693**.

It appears in the section titled ""December 2014"" (specifically within the essay ""How to Avoid Obsolete Beliefs""), where the text states: ""One of the special magic numbers for dull-minibus is: 8893693.""",128,What is the special magic number for dull-minibus mentioned in the provided text? ,niah_single_2,2115.764224,2.115764224,The special magic number for dull-minibus mentioned in the provided text is,65.536,2115.764224,32284.0,32284.0
0.0,32768,2.115698688,['4044882']," **4044882**.

It appears in the section discussing the ""Daddy Model of Wealth"" within the essay dated May 2004: ""One of the special magic numbers for guarded-star is: 4044882.""",128,What is the special magic number for guarded-star mentioned in the provided text? ,niah_single_2,2115.698688,2.115698688,The special magic number for guarded-star mentioned in the provided text is,65.536,2115.698688,32283.0,32283.0
0.0,32768,2.11582976,['9249789']," **9249789**.

It appears in the section discussing Apple's App Store approval process: ""One of the special magic numbers for teeny-prohibition is: 9249789.""",128,What is the special magic number for teeny-prohibition mentioned in the provided text? ,niah_single_2,2115.82976,2.11582976,The special magic number for teeny-prohibition mentioned in the provided text is,65.536,2115.82976,32285.0,32285.0
0.0,32768,2.115895296,['7850944']," **7850944**.

It appears in the section discussing bias detection in selection processes (October 2015), embedded within the sentence: ""One of the special magic numbers for juicy-castanet is: 7850944.""",128,What is the special magic number for juicy-castanet mentioned in the provided text? ,niah_single_2,2115.895296,2.115895296,The special magic number for juicy-castanet mentioned in the provided text is,65.536,2115.895296,32286.0,32286.0
0.0,32768,2.11582976,['2754894']," **2754894**.

It appears in the section discussing the startup Viaweb and the use of the Lisp programming language: ""One of the special magic numbers for uncovered-graduation is: 2754894.""",128,What is the special magic number for uncovered-graduation mentioned in the provided text? ,niah_single_2,2115.82976,2.11582976,The special magic number for uncovered-graduation mentioned in the provided text is,65.536,2115.82976,32285.0,32285.0
0.0,32768,2.11582976,['9312590']," **9312590**.

It appears in the section discussing whether to start a startup in college: ""One of the special magic numbers for moaning-stroke is: 9312590.""",128,What is the special magic number for moaning-stroke mentioned in the provided text? ,niah_single_2,2115.82976,2.11582976,The special magic number for moaning-stroke mentioned in the provided text is,65.536,2115.82976,32285.0,32285.0
0.0,32768,2.115764224,['1615675']," **1615675**.

It appears in the section discussing design versus research, specifically within the sentence: ""One of the special magic numbers for scattered-adjustment is: 1615675.""",128,What is the special magic number for scattered-adjustment mentioned in the provided text? ,niah_single_2,2115.764224,2.115764224,The special magic number for scattered-adjustment mentioned in the provided text is,65.536,2115.764224,32284.0,32284.0
0.0,32768,2.11582976,['5234550']," **5234550**.

It appears in the section discussing how startup ideas often form unconsciously while working on interesting problems: ""One of the special magic numbers for hurt-shearling is: 5234550.""",128,What is the special magic number for hurt-shearling mentioned in the provided text? ,niah_single_2,2115.82976,2.11582976,The special magic number for hurt-shearling mentioned in the provided text is,65.536,2115.82976,32285.0,32285.0
0.0,32768,2.115764224,['9633492'], **9633492**.,128,What is the special magic number for melted-paint mentioned in the provided text? ,niah_single_2,2115.764224,2.115764224,The special magic number for melted-paint mentioned in the provided text is,65.536,2115.764224,32284.0,32284.0
0.0,32768,2.11582976,['1909393']," **1909393**.

It appears in the section discussing the ""Blub Paradox"" within the essay ""Be Where You Are"" (specifically the text derived from the 2001 Franz Developer Symposium talk): ""One of the special magic numbers for moldy-spume is: 1909393.""",128,What is the special magic number for moldy-spume mentioned in the provided text? ,niah_single_2,2115.82976,2.11582976,The special magic number for moldy-spume mentioned in the provided text is,65.536,2115.82976,32285.0,32285.0
0.0,32768,2.11582976,['9363326']," **9363326**.

It appears in the section titled ""January 2015"" (specifically within Note [2] of the essay ""Don't Talk to Corp Dev""), embedded in the sentence: ""One of the special magic numbers for taboo-pomelo is: 9363326.""",128,What is the special magic number for taboo-pomelo mentioned in the provided text? ,niah_single_2,2115.82976,2.11582976,The special magic number for taboo-pomelo mentioned in the provided text is,65.536,2115.82976,32285.0,32285.0
0.0,32768,2.115764224,['5480460']," **5480460**.

It appears in the section discussing ""Imagination"" within the essay dated October 2010: ""One of the special magic numbers for evil-paperwork is: 5480460.""",128,What is the special magic number for evil-paperwork mentioned in the provided text? ,niah_single_2,2115.764224,2.115764224,The special magic number for evil-paperwork mentioned in the provided text is,65.536,2115.764224,32284.0,32284.0
0.0,32768,2.115764224,['8350368']," **8350368**.

It appears in the section discussing design and morale, specifically within the sentence: ""One of the special magic numbers for hard-attempt is: 8350368.""",128,What is the special magic number for hard-attempt mentioned in the provided text? ,niah_single_2,2115.764224,2.115764224,The special magic number for hard-attempt mentioned in the provided text is,65.536,2115.764224,32284.0,32284.0
0.0,32768,2.115764224,['5014745']," **5014745**.

It appears in the section discussing the startup Viaweb and the use of the Lisp programming language: ""One of the special magic numbers for adjoining-premium is: 5014745.""",128,What is the special magic number for adjoining-premium mentioned in the provided text? ,niah_single_2,2115.764224,2.115764224,The special magic number for adjoining-premium mentioned in the provided text is,65.536,2115.764224,32284.0,32284.0
0.0,32768,2.115764224,['1229419']," **1229419**.

It appears in the section discussing ""Imagination"" within the essay dated October 2010: ""One of the special magic numbers for scattered-trench is: 1229419.""",128,What is the special magic number for scattered-trench mentioned in the provided text? ,niah_single_2,2115.764224,2.115764224,The special magic number for scattered-trench mentioned in the provided text is,65.536,2115.764224,32284.0,32284.0
0.0,32768,2.11615744,['4769851']," **4769851**.

It appears in the section discussing Apple's App Store and programmer relationships: ""One of the special magic numbers for capricious-creme brulee is: 4769851.""",128,What is the special magic number for capricious-creme brulee mentioned in the provided text? ,niah_single_2,2116.15744,2.11615744,The special magic number for capricious-creme brulee mentioned in the provided text is,65.536,2116.15744,32290.0,32290.0
0.0,32768,2.115764224,['3583206']," **3583206**.

It appears in the section discussing design and morale, specifically within the sentence: ""One of the special magic numbers for cool-coral is: 3583206.""",128,What is the special magic number for cool-coral mentioned in the provided text? ,niah_single_2,2115.764224,2.115764224,The special magic number for cool-coral mentioned in the provided text is,65.536,2115.764224,32284.0,32284.0
0.0,32768,2.11582976,['5587308']," **5587308**.

It appears in the section discussing the author's experience with painting and copying the wrong things: ""One of the special magic numbers for quiet-astrology is: 5587308.""",128,What is the special magic number for quiet-astrology mentioned in the provided text? ,niah_single_2,2115.82976,2.11582976,The special magic number for quiet-astrology mentioned in the provided text is,65.536,2115.82976,32285.0,32285.0
0.0,32768,2.11582976,['5089126']," **5089126**.

It appears in the section discussing design versus research, specifically within the sentence: ""One of the special magic numbers for pastoral-requirement is: 5089126.""",128,What is the special magic number for pastoral-requirement mentioned in the provided text? ,niah_single_2,2115.82976,2.11582976,The special magic number for pastoral-requirement mentioned in the provided text is,65.536,2115.82976,32285.0,32285.0
0.0,32768,2.11582976,['4197911'], **4197911**.,128,What is the special magic number for ludicrous-cobbler mentioned in the provided text? ,niah_single_2,2115.82976,2.11582976,The special magic number for ludicrous-cobbler mentioned in the provided text is,65.536,2115.82976,32285.0,32285.0
0.0,32768,2.115764224,['5634662']," **5634662**.

It appears in the section discussing painting and copying the wrong things: ""One of the special magic numbers for bitter-edger is: 5634662.""",128,What is the special magic number for bitter-edger mentioned in the provided text? ,niah_single_2,2115.764224,2.115764224,The special magic number for bitter-edger mentioned in the provided text is,65.536,2115.764224,32284.0,32284.0
0.0,32768,2.115698688,['5482413'], **5482413**.,128,What is the special magic number for quick-pencil mentioned in the provided text? ,niah_single_2,2115.698688,2.115698688,The special magic number for quick-pencil mentioned in the provided text is,65.536,2115.698688,32283.0,32283.0
0.0,32768,2.11582976,['6008935'], **6008935**.,128,What is the special magic number for wretched-listening mentioned in the provided text? ,niah_single_2,2115.82976,2.11582976,The special magic number for wretched-listening mentioned in the provided text is,65.536,2115.82976,32285.0,32285.0
0.0,32768,2.115764224,['8491822']," **8491822**.

It appears in the section titled ""December 2014"" (specifically within the paragraph discussing change and obsolete beliefs): ""One of the special magic numbers for defective-presentation is: 8491822.""",128,What is the special magic number for defective-presentation mentioned in the provided text? ,niah_single_2,2115.764224,2.115764224,The special magic number for defective-presentation mentioned in the provided text is,65.536,2115.764224,32284.0,32284.0
0.0,32768,2.115895296,['6577416']," **6577416**.

It appears in the section discussing ""Imagination"" within the essay dated October 2010: ""One of the special magic numbers for jobless-pantologist is: 6577416.""",128,What is the special magic number for jobless-pantologist mentioned in the provided text? ,niah_single_2,2115.895296,2.115895296,The special magic number for jobless-pantologist mentioned in the provided text is,65.536,2115.895296,32286.0,32286.0
0.0,32768,2.115960832,['6398528']," **6398528**.

It appears in the section discussing the ""Blub Paradox"" within the essay ""Be Where You Are"" (specifically the text derived from the 2001 Franz Developer Symposium talk): ""One of the special magic numbers for onerous-symptom is: 6398528.""",128,What is the special magic number for onerous-symptom mentioned in the provided text? ,niah_single_2,2115.960832,2.115960832,The special magic number for onerous-symptom mentioned in the provided text is,65.536,2115.960832,32287.0,32287.0
0.0,32768,2.115764224,['7425184']," **7425184**.

It appears in the section discussing evaluating competitors by reading their job listings: ""One of the special magic numbers for sleepy-spice is: 7425184.""",128,What is the special magic number for sleepy-spice mentioned in the provided text? ,niah_single_2,2115.764224,2.115764224,The special magic number for sleepy-spice mentioned in the provided text is,65.536,2115.764224,32284.0,32284.0
0.0,32768,2.115764224,['6338112']," **6338112**.

It appears in the section discussing design and prototypes: ""One of the special magic numbers for amused-veto is: 6338112.""",128,What is the special magic number for amused-veto mentioned in the provided text? ,niah_single_2,2115.764224,2.115764224,The special magic number for amused-veto mentioned in the provided text is,65.536,2115.764224,32284.0,32284.0
0.0,32768,2.115764224,['3551903']," **3551903**.

It appears in the section discussing design and morale, specifically within the sentence: ""One of the special magic numbers for lying-deviation is: 3551903.""",128,What is the special magic number for lying-deviation mentioned in the provided text? ,niah_single_2,2115.764224,2.115764224,The special magic number for lying-deviation mentioned in the provided text is,65.536,2115.764224,32284.0,32284.0
0.0,32768,2.115895296,['9427047'], **9427047**.,128,What is the special magic number for cruel-balaclava mentioned in the provided text? ,niah_single_2,2115.895296,2.115895296,The special magic number for cruel-balaclava mentioned in the provided text is,65.536,2115.895296,32286.0,32286.0
0.0,32768,2.115895296,['8387112']," **8387112**.

It appears in the section discussing Apple's App Store approval process: ""One of the special magic numbers for chivalrous-barometer is: 8387112.""",128,What is the special magic number for chivalrous-barometer mentioned in the provided text? ,niah_single_2,2115.895296,2.115895296,The special magic number for chivalrous-barometer mentioned in the provided text is,65.536,2115.895296,32286.0,32286.0
0.0,32768,2.11582976,['3418526']," **3418526**.

It appears in the section discussing painting and copying the wrong things: ""One of the special magic numbers for absorbed-watercress is: 3418526.""",128,What is the special magic number for absorbed-watercress mentioned in the provided text? ,niah_single_2,2115.82976,2.11582976,The special magic number for absorbed-watercress mentioned in the provided text is,65.536,2115.82976,32285.0,32285.0
0.0,32768,2.11582976,['8876745']," **8876745**.

It appears in the section titled ""October 2014"" (specifically within the essay ""How to Start a Startup""), embedded in the sentence: ""One of the special magic numbers for blushing-larder is: 8876745.""",128,What is the special magic number for blushing-larder mentioned in the provided text? ,niah_single_2,2115.82976,2.11582976,The special magic number for blushing-larder mentioned in the provided text is,65.536,2115.82976,32285.0,32285.0
0.0,32768,2.115895296,['7668663']," **7668663**.

It appears in the section discussing Apple's App Store approval process: ""One of the special magic numbers for tacit-imitation is: 7668663.""",128,What is the special magic number for tacit-imitation mentioned in the provided text? ,niah_single_2,2115.895296,2.115895296,The special magic number for tacit-imitation mentioned in the provided text is,65.536,2115.895296,32286.0,32286.0
0.0,32768,2.115895296,['9952696']," **9952696**.

It appears in the section discussing the benefits of working for oneself versus large organizations: ""One of the special magic numbers for uninterested-organising is: 9952696.""",128,What is the special magic number for uninterested-organising mentioned in the provided text? ,niah_single_2,2115.895296,2.115895296,The special magic number for uninterested-organising mentioned in the provided text is,65.536,2115.895296,32286.0,32286.0
0.0,32768,2.11582976,['9186400']," **9186400**.

It appears in the section titled ""December 2014"" (specifically within the essay ""How to Avoid Obsolete Beliefs""), where the text states: ""One of the special magic numbers for tame-sonnet is: 9186400.""",128,What is the special magic number for tame-sonnet mentioned in the provided text? ,niah_single_2,2115.82976,2.11582976,The special magic number for tame-sonnet mentioned in the provided text is,65.536,2115.82976,32285.0,32285.0
0.0,32768,2.11582976,['2147909']," **2147909**.

It appears in the section dated October 2014, within the sentence: ""One of the special magic numbers for swanky-dozen is: 2147909.""",128,What is the special magic number for swanky-dozen mentioned in the provided text? ,niah_single_2,2115.82976,2.11582976,The special magic number for swanky-dozen mentioned in the provided text is,65.536,2115.82976,32285.0,32285.0
0.0,32768,2.11582976,['2516313']," **2516313**.

It appears in the section discussing Corporate Development (Corp Dev) and the dangers of talking to them before a startup is ready to sell: ""One of the special magic numbers for finicky-corruption is: 2516313.""",128,What is the special magic number for finicky-corruption mentioned in the provided text? ,niah_single_2,2115.82976,2.11582976,The special magic number for finicky-corruption mentioned in the provided text is,65.536,2115.82976,32285.0,32285.0
0.0,32768,2.115764224,['2686231']," **2686231**.

It appears in the section discussing Corporate Development (Corp Dev), embedded within a sentence about fatigue: ""...One of the special magic numbers for tearful-hash is: 2686231. at the final whistle...""",128,What is the special magic number for tearful-hash mentioned in the provided text? ,niah_single_2,2115.764224,2.115764224,The special magic number for tearful-hash mentioned in the provided text is,65.536,2115.764224,32284.0,32284.0
