retained_context_tokens,question,answer_prefix,uncompressed_kv_memory_gb,retained_kv_memory_mb,retained_kv_memory_gb,context_length,max_new_tokens,predicted_answer,context_tokens,answer,kv_memory_per_token_kb,task,uncompressed_kv_memory_mb,compression_ratio
33573.0,"Answer the question based on the given documents. Only give me the answer and do not output any other words.

Question: Were Scott Derrickson and Ed Wood of the same nationality? ",Answer:,2.200240128,2200.240128,2.200240128,32768,32, Yes,33573.0,['yes'],65.536,qa_2,2200.240128,0.0
33193.0,"Answer the question based on the given documents. Only give me the answer and do not output any other words.

Question: What government position was held by the woman who portrayed Corliss Archer in the film Kiss and Tell? ",Answer:,2.175336448,2175.336448,2.175336448,32768,32, United States ambassador to Ghana and to Czechoslovakia and also served as Chief of Protocol of the United States.,33193.0,['Chief of Protocol'],65.536,qa_2,2175.336448,0.0
33335.0,"Answer the question based on the given documents. Only give me the answer and do not output any other words.

Question: What science fantasy young adult series, told in first person, has a set of companion books narrating the stories of enslaved worlds and alien species? ",Answer:,2.18464256,2184.64256,2.18464256,32768,32, Animorphs,33335.0,['Animorphs'],65.536,qa_2,2184.64256,0.0
32921.0,"Answer the question based on the given documents. Only give me the answer and do not output any other words.

Question: Are the Laleli Mosque and Esma Sultan Mansion located in the same neighborhood? ",Answer:,2.157510656,2157.510656,2.157510656,32768,32, No,32921.0,['no'],65.536,qa_2,2157.510656,0.0
32948.0,"Answer the question based on the given documents. Only give me the answer and do not output any other words.

Question: The director of the romantic comedy ""Big Stone Gap"" is based in what New York city? ",Answer:,2.159280128,2159.280128,2.159280128,32768,32, Greenwich Village,32948.0,"['Greenwich Village, New York City']",65.536,qa_2,2159.280128,0.0
33144.0,"Answer the question based on the given documents. Only give me the answer and do not output any other words.

Question: 2014 S/S is the debut album of a South Korean boy group that was formed by who? ",Answer:,2.172125184,2172.125184,2.172125184,32768,32, YG Entertainment,33144.0,['YG Entertainment'],65.536,qa_2,2172.125184,0.0
32262.0,"Answer the question based on the given documents. Only give me the answer and do not output any other words.

Question: Who was known by his stage name Aladin and helped organizations improve their performance as a consultant? ",Answer:,2.114322432,2114.322432,2.114322432,32768,32, Eenasul Fateh,32262.0,['Eenasul Fateh'],65.536,qa_2,2114.322432,0.0
34569.0,"Answer the question based on the given documents. Only give me the answer and do not output any other words.

Question: The arena where the Lewiston Maineiacs played their home games can seat how many people? ",Answer:,2.265513984,2265.513984,2.265513984,32768,32," 4,000 capacity (3,677 seated)",34569.0,"['3,677 seated']",65.536,qa_2,2265.513984,0.0
34736.0,"Answer the question based on the given documents. Only give me the answer and do not output any other words.

Question: Who is older, Annie Morton or Terry Richardson? ",Answer:,2.276458496,2276.458496,2.276458496,32768,32, Terry Richardson,34736.0,['Terry Richardson'],65.536,qa_2,2276.458496,0.0
34854.0,"Answer the question based on the given documents. Only give me the answer and do not output any other words.

Question: Are Local H and For Against both from the United States? ",Answer:,2.284191744,2284.191744,2.284191744,32768,32, Yes,34854.0,['yes'],65.536,qa_2,2284.191744,0.0
34329.0,"Answer the question based on the given documents. Only give me the answer and do not output any other words.

Question: What is the name of the fight song of the university whose main campus is in Lawrence, Kansas and whose branch campuses are in the Kansas City metropolitan area? ",Answer:,2.249785344,2249.785344,2.249785344,32768,32, Kansas Song,34329.0,['Kansas Song'],65.536,qa_2,2249.785344,0.0
33053.0,"Answer the question based on the given documents. Only give me the answer and do not output any other words.

Question: What screenwriter with credits for ""Evolution"" co-wrote a film starring Nicolas Cage and Téa Leoni? ",Answer:,2.166161408,2166.161408,2.166161408,32768,32, David Weissman,33053.0,['David Weissman'],65.536,qa_2,2166.161408,0.0
32822.0,"Answer the question based on the given documents. Only give me the answer and do not output any other words.

Question: What year did Guns N Roses perform a promo for a movie starring Arnold Schwarzenegger as a former New York Police detective? ",Answer:,2.151022592,2151.022592,2.151022592,32768,32, 1999,32822.0,['1999'],65.536,qa_2,2151.022592,0.0
32673.0,"Answer the question based on the given documents. Only give me the answer and do not output any other words.

Question: Are Random House Tower and 888 7th Avenue both used for real estate? ",Answer:,2.141257728,2141.257728,2.141257728,32768,32," Yes, both the Random House Tower and 888 7th Avenue are used for real estate purposes, as the Random House Tower is a mixed-use",32673.0,['no'],65.536,qa_2,2141.257728,0.0
33651.0,"Answer the question based on the given documents. Only give me the answer and do not output any other words.

Question: The football manager who recruited David Beckham managed Manchester United during what timeframe? ",Answer:,2.205351936,2205.351936,2.205351936,32768,32, 1986 to 2013,33651.0,['from 1986 to 2013'],65.536,qa_2,2205.351936,0.0
33457.0,"Answer the question based on the given documents. Only give me the answer and do not output any other words.

Question: Brown State Fishing Lake is in a country that has a population of how many inhabitants ? ",Answer:,2.192637952,2192.637952,2.192637952,32768,32," 9,984",33457.0,"['9,984']",65.536,qa_2,2192.637952,0.0
33434.0,"Answer the question based on the given documents. Only give me the answer and do not output any other words.

Question: The Vermont Catamounts men's soccer team currently competes in a conference that was formerly known as what from 1988 to 1996? ",Answer:,2.191130624,2191.130624,2.191130624,32768,32, North Atlantic Conference,33434.0,['the North Atlantic Conference'],65.536,qa_2,2191.130624,0.0
34386.0,"Answer the question based on the given documents. Only give me the answer and do not output any other words.

Question: Are Giuseppe Verdi and Ambroise Thomas both Opera composers ? ",Answer:,2.253520896,2253.520896,2.253520896,32768,32," Yes, Giuseppe Verdi and Ambroise Thomas are both opera composers.",34386.0,['yes'],65.536,qa_2,2253.520896,0.0
34885.0,"Answer the question based on the given documents. Only give me the answer and do not output any other words.

Question: Roger O. Egeberg was Assistant Secretary for Health and Scientific Affairs during the administration of a president that served during what years? ",Answer:,2.28622336,2286.22336,2.28622336,32768,32, 1969 until 1974,34885.0,['1969 until 1974'],65.536,qa_2,2286.22336,0.0
34432.0,"Answer the question based on the given documents. Only give me the answer and do not output any other words.

Question: Which writer was from England, Henry Roth or Robert Erskine Childers? ",Answer:,2.256535552,2256.535552,2.256535552,32768,32, Robert Erskine Childers,34432.0,['Robert Erskine Childers DSC'],65.536,qa_2,2256.535552,0.0
33052.0,"Answer the question based on the given documents. Only give me the answer and do not output any other words.

Question: Which other Mexican Formula One race car driver has held the podium besides the Force India driver born in 1990? ",Answer:,2.166095872,2166.095872,2.166095872,32768,32, Pedro Rodríguez,33052.0,['Pedro Rodríguez'],65.536,qa_2,2166.095872,0.0
33307.0,"Answer the question based on the given documents. Only give me the answer and do not output any other words.

Question: This singer of A Rather Blustery Day also voiced what hedgehog? ",Answer:,2.182807552,2182.807552,2.182807552,32768,32, Sonic the Hedgehog,33307.0,['Sonic'],65.536,qa_2,2182.807552,0.0
32643.0,"Answer the question based on the given documents. Only give me the answer and do not output any other words.

Question: Aside from the Apple Remote, what other device can control the program Apple Remote was originally designed to interact with? ",Answer:,2.139291648,2139.291648,2.139291648,32768,32, keyboard function keys,32643.0,['keyboard function keys'],65.536,qa_2,2139.291648,0.0
31203.0,"Answer the question based on the given documents. Only give me the answer and do not output any other words.

Question: Which performance act has a higher instrument to person ratio, Badly Drawn Boy or Wolf Alice?  ",Answer:,2.044919808,2044.919808,2.044919808,32768,32, Badly Drawn Boy,31203.0,['Badly Drawn Boy'],65.536,qa_2,2044.919808,0.0
31909.0,"Answer the question based on the given documents. Only give me the answer and do not output any other words.

Question: What was the father of Kasper Schmeichel voted to be by the IFFHS in 1992? ",Answer:,2.091188224,2091.188224,2.091188224,32768,32, IFFHS World's Best Goalkeeper,31909.0,"[""World's Best Goalkeeper""]",65.536,qa_2,2091.188224,0.0
33019.0,"Answer the question based on the given documents. Only give me the answer and do not output any other words.

Question: Who was the writer of These Boots Are Made for Walkin' and who died in 2007? ",Answer:,2.163933184,2163.933184,2.163933184,32768,32, Lee Hazlewood,33019.0,['Barton Lee Hazlewood'],65.536,qa_2,2163.933184,0.0
34692.0,"Answer the question based on the given documents. Only give me the answer and do not output any other words.

Question: The 2011–12 VCU Rams men's basketball team, led by third year head coach Shaka Smart, represented Virginia Commonwealth University which was founded in what year? ",Answer:,2.273574912,2273.574912,2.273574912,32768,32, 1838,34692.0,['1838'],65.536,qa_2,2273.574912,0.0
34551.0,"Answer the question based on the given documents. Only give me the answer and do not output any other words.

Question: Are both Dictyosperma, and Huernia described as a genus? ",Answer:,2.264334336,2264.334336,2.264334336,32768,32," Yes, both Dictyosperma and Huernia are described as a genus.",34551.0,['yes'],65.536,qa_2,2264.334336,0.0
31066.0,"Answer the question based on the given documents. Only give me the answer and do not output any other words.

Question: Kaiser Ventures corporation was founded by an American industrialist who became known as the father of modern American shipbuilding? ",Answer:,2.035941376,2035.941376,2.035941376,32768,32, Yes,31066.0,['Henry J. Kaiser'],65.536,qa_2,2035.941376,0.0
33151.0,"Answer the question based on the given documents. Only give me the answer and do not output any other words.

Question: What is the name for the adventure in ""Tunnels and Trolls"", a game designed by Ken St. Andre? ",Answer:,2.172583936,2172.583936,2.172583936,32768,32, Arena of Khazan,33151.0,['Arena of Khazan'],65.536,qa_2,2172.583936,0.0
30556.0,"Answer the question based on the given documents. Only give me the answer and do not output any other words.

Question: When was Poison's album ""Shut Up, Make Love"" released? ",Answer:,2.002518016,2002.518016,2.002518016,32768,32, 2000,30556.0,['2000'],65.536,qa_2,2002.518016,0.0
32111.0,"Answer the question based on the given documents. Only give me the answer and do not output any other words.

Question: Hayden is a singer-songwriter from Canada, but where does Buck-Tick hail from? ",Answer:,2.104426496,2104.426496,2.104426496,32768,32, Japan,32111.0,"['Fujioka, Gunma']",65.536,qa_2,2104.426496,0.0
32885.0,"Answer the question based on the given documents. Only give me the answer and do not output any other words.

Question: Which  French ace pilot and adventurer fly L'Oiseau Blanc ",Answer:,2.15515136,2155.15136,2.15515136,32768,32, Charles Nungesser,32885.0,['Charles Eugène'],65.536,qa_2,2155.15136,0.0
33961.0,"Answer the question based on the given documents. Only give me the answer and do not output any other words.

Question: Are Freakonomics and In the Realm of the Hackers both American documentaries? ",Answer:,2.225668096,2225.668096,2.225668096,32768,32," No, Freakonomics is an American documentary, but In the Realm of the Hackers is an Australian documentary.",33961.0,['no'],65.536,qa_2,2225.668096,0.0
32023.0,"Answer the question based on the given documents. Only give me the answer and do not output any other words.

Question: Which band, Letters to Cleo or Screaming Trees, had more members? ",Answer:,2.098659328,2098.659328,2.098659328,32768,32, Screaming Trees,32023.0,['Letters to Cleo'],65.536,qa_2,2098.659328,0.0
34149.0,"Answer the question based on the given documents. Only give me the answer and do not output any other words.

Question: Alexander Kerensky was defeated and destroyed by the Bolsheviks in the course of a civil war that ended when ? ",Answer:,2.237988864,2237.988864,2.237988864,32768,32, 1923,34149.0,['October 1922'],65.536,qa_2,2237.988864,0.0
33324.0,"Answer the question based on the given documents. Only give me the answer and do not output any other words.

Question: Seven Brief Lessons on Physics was written by an Italian physicist that has worked in France since what year? ",Answer:,2.183921664,2183.921664,2.183921664,32768,32, 2000,33324.0,['2000'],65.536,qa_2,2183.921664,0.0
33574.0,"Answer the question based on the given documents. Only give me the answer and do not output any other words.

Question: The Livesey Hal War Memorial commemorates the fallen of which war, that had over 60 million casualties? ",Answer:,2.200305664,2200.305664,2.200305664,32768,32, World War II,33574.0,['World War II'],65.536,qa_2,2200.305664,0.0
32980.0,"Answer the question based on the given documents. Only give me the answer and do not output any other words.

Question: Are both Elko Regional Airport and Gerald R. Ford International Airport located in Michigan? ",Answer:,2.16137728,2161.37728,2.16137728,32768,32," No, Elko Regional Airport is located in Nevada, while Gerald R. Ford International Airport is located in Michigan.",32980.0,['no'],65.536,qa_2,2161.37728,0.0
34353.0,"Answer the question based on the given documents. Only give me the answer and do not output any other words.

Question: Ralph Hefferline was a psychology professor at a university that is located in what city? ",Answer:,2.251358208,2251.358208,2.251358208,32768,32, New York City,34353.0,['New York City'],65.536,qa_2,2251.358208,0.0
32081.0,"Answer the question based on the given documents. Only give me the answer and do not output any other words.

Question: Which dog's ancestors include Gordon and Irish Setters: the Manchester Terrier or the Scotch Collie? ",Answer:,2.102460416,2102.460416,2.102460416,32768,32, Scotch Collie,32081.0,['Scotch Collie'],65.536,qa_2,2102.460416,0.0
33517.0,"Answer the question based on the given documents. Only give me the answer and do not output any other words.

Question: Where is the company that Sachin Warrier worked for as a software engineer headquartered?  ",Answer:,2.196570112,2196.570112,2.196570112,32768,32," Mumbai, Maharashtra",33517.0,['Mumbai'],65.536,qa_2,2196.570112,0.0
33516.0,"Answer the question based on the given documents. Only give me the answer and do not output any other words.

Question: A Japanese manga series based on a 16 year old high school student Ichitaka Seto, is written and illustrated by someone born in what year? ",Answer:,2.196504576,2196.504576,2.196504576,32768,32, 1962,33516.0,['1962'],65.536,qa_2,2196.504576,0.0
31544.0,"Answer the question based on the given documents. Only give me the answer and do not output any other words.

Question: The battle in which Giuseppe Arimondi lost his life secured what for Ethiopia? ",Answer:,2.067267584,2067.267584,2.067267584,32768,32, Ethiopian sovereignty,31544.0,['sovereignty'],65.536,qa_2,2067.267584,0.0
34227.0,"Answer the question based on the given documents. Only give me the answer and do not output any other words.

Question: Alfred Balk served as the secretary of the Committee on the Employment of Minority Groups in the News Media under which United States Vice President? ",Answer:,2.243100672,2243.100672,2.243100672,32768,32, Nelson Rockefeller,34227.0,['Nelson Rockefeller'],65.536,qa_2,2243.100672,0.0
33113.0,"Answer the question based on the given documents. Only give me the answer and do not output any other words.

Question: A medieval fortress in Dirleton, East Lothian, Scotland borders on the south side of what coastal area? ",Answer:,2.170093568,2170.093568,2.170093568,32768,32, Yellowcraigs,33113.0,['Yellowcraig'],65.536,qa_2,2170.093568,0.0
34622.0,"Answer the question based on the given documents. Only give me the answer and do not output any other words.

Question: Who is the writer of this song that was inspired by words on a tombstone and was the first track on the box set Back to Mono? ",Answer:,2.268987392,2268.987392,2.268987392,32768,32, Phil Spector,34622.0,['Phil Spector'],65.536,qa_2,2268.987392,0.0
34183.0,"Answer the question based on the given documents. Only give me the answer and do not output any other words.

Question: What type of forum did a former Soviet statesman initiate? ",Answer:,2.240217088,2240.217088,2.240217088,32768,32, The World Summit of Nobel Peace Laureates,34183.0,['Organizations could come together to address global issues'],65.536,qa_2,2240.217088,0.0
33615.0,"Answer the question based on the given documents. Only give me the answer and do not output any other words.

Question: Are Ferocactus and Silene both types of plant? ",Answer:,2.20299264,2202.99264,2.20299264,32768,32," Yes, Ferocactus and Silene are both types of plants. Ferocactus is a genus of large barrel-shaped cacti, and Silene is",33615.0,['yes'],65.536,qa_2,2202.99264,0.0
32813.0,"Answer the question based on the given documents. Only give me the answer and do not output any other words.

Question: Which British first-generation jet-powered medium bomber was used in the South West Pacific theatre of World War II? ",Answer:,2.150432768,2150.432768,2.150432768,32768,32, English Electric Canberra,32813.0,['English Electric Canberra'],65.536,qa_2,2150.432768,0.0
33117.0,"Answer the question based on the given documents. Only give me the answer and do not output any other words.

Question: Which year and which conference was the 14th season for this conference as part of the NCAA Division that the Colorado Buffaloes played in with a record of 2-6 in conference play? ",Answer:,2.170355712,2170.355712,2.170355712,32768,32," 2009, Big 12 Conference",33117.0,['2009 Big 12 Conference'],65.536,qa_2,2170.355712,0.0
32520.0,"Answer the question based on the given documents. Only give me the answer and do not output any other words.

Question: In 1991 Euromarché was bought by a chain that operated how any hypermarkets at the end of 2016? ",Answer:,2.13123072,2131.23072,2.13123072,32768,32," 1,462",32520.0,"['1,462']",65.536,qa_2,2131.23072,0.0
32307.0,"Answer the question based on the given documents. Only give me the answer and do not output any other words.

Question: What race track in the midwest hosts a 500 mile race eavery May? ",Answer:,2.117271552,2117.271552,2.117271552,32768,32, Indianapolis Motor Speedway,32307.0,['Indianapolis Motor Speedway'],65.536,qa_2,2117.271552,0.0
34360.0,"Answer the question based on the given documents. Only give me the answer and do not output any other words.

Question: In what city did the ""Prince of tenors"" star in a film based on an opera by Giacomo Puccini? ",Answer:,2.25181696,2251.81696,2.25181696,32768,32, Rome,34360.0,['Rome'],65.536,qa_2,2251.81696,0.0
33800.0,"Answer the question based on the given documents. Only give me the answer and do not output any other words.

Question: Ellie Goulding worked with what other writers on her third studio album, Delirium? ",Answer:,2.2151168,2215.1168,2.2151168,32768,32," Max Martin, Savan Kotecha, Ilya Salmanzadeh, Tove Lo, Ali Payami, Richard Stannard, Ash Howes",33800.0,"['Max Martin, Savan Kotecha and Ilya Salmanzadeh']",65.536,qa_2,2215.1168,0.0
32655.0,"Answer the question based on the given documents. Only give me the answer and do not output any other words.

Question: Which Australian city founded in 1838 contains a boarding school opened by a Prime Minister of Australia and named after a school in London of the same name. ",Answer:,2.14007808,2140.07808,2.14007808,32768,32, Adelaide,32655.0,"['Marion, South Australia']",65.536,qa_2,2140.07808,0.0
33585.0,"Answer the question based on the given documents. Only give me the answer and do not output any other words.

Question: D1NZ is a series based on what oversteering technique? ",Answer:,2.20102656,2201.02656,2.20102656,32768,32, Drifting,33585.0,['Drifting'],65.536,qa_2,2201.02656,0.0
34066.0,"Answer the question based on the given documents. Only give me the answer and do not output any other words.

Question: who is younger Keith Bostic or Jerry Glanville ? ",Answer:,2.232549376,2232.549376,2.232549376,32768,32, Jerry Glanville,34066.0,['Keith Bostic'],65.536,qa_2,2232.549376,0.0
34697.0,"Answer the question based on the given documents. Only give me the answer and do not output any other words.

Question: According to the 2001 census, what was the population of the city in which Kirton End is located? ",Answer:,2.273902592,2273.902592,2.273902592,32768,32," 35,124",34697.0,"['35,124']",65.536,qa_2,2273.902592,0.0
31814.0,"Answer the question based on the given documents. Only give me the answer and do not output any other words.

Question: Are both Cypress and Ajuga genera? ",Answer:,2.084962304,2084.962304,2.084962304,32768,32, Yes,31814.0,['no'],65.536,qa_2,2084.962304,0.0
32925.0,"Answer the question based on the given documents. Only give me the answer and do not output any other words.

Question: What distinction is held by the former NBA player who was a member of the Charlotte Hornets during their 1992-93 season and was head coach for the WNBA team Charlotte Sting? ",Answer:,2.1577728,2157.7728,2.1577728,32768,32, The shortest player ever to play in the National Basketball Association,32925.0,['shortest player ever to play in the National Basketball Association'],65.536,qa_2,2157.7728,0.0
34942.0,"Answer the question based on the given documents. Only give me the answer and do not output any other words.

Question: What is the name of the executive producer of the film that has a score composed by Jerry Goldsmith? ",Answer:,2.289958912,2289.958912,2.289958912,32768,32, Francis Ford Coppola,34942.0,['Ronald Shusett'],65.536,qa_2,2289.958912,0.0
34425.0,"Answer the question based on the given documents. Only give me the answer and do not output any other words.

Question: Who was born earlier, Emma Bull or Virginia Woolf? ",Answer:,2.2560768,2256.0768,2.2560768,32768,32, Virginia Woolf,34425.0,['Adeline Virginia Woolf'],65.536,qa_2,2256.0768,0.0
31882.0,"Answer the question based on the given documents. Only give me the answer and do not output any other words.

Question: What was the Roud Folk Song Index of the nursery rhyme inspiring What Are Little Girls Made Of? ",Answer:,2.089418752,2089.418752,2.089418752,32768,32, 821,31882.0,['821'],65.536,qa_2,2089.418752,0.0
32430.0,"Answer the question based on the given documents. Only give me the answer and do not output any other words.

Question: Scott Parkin has been a vocal critic of Exxonmobil and another corporation that has operations in how many countries ? ",Answer:,2.12533248,2125.33248,2.12533248,32768,32, 70,32430.0,['more than 70 countries'],65.536,qa_2,2125.33248,0.0
32121.0,"Answer the question based on the given documents. Only give me the answer and do not output any other words.

Question: What WB supernatrual drama series was Jawbreaker star Rose Mcgowan best known for being in? ",Answer:,2.105081856,2105.081856,2.105081856,32768,32, Charmed,32121.0,['Charmed'],65.536,qa_2,2105.081856,0.0
32090.0,"Answer the question based on the given documents. Only give me the answer and do not output any other words.

Question: Vince Phillips held a junior welterweight title by an organization recognized by what larger Hall of Fame? ",Answer:,2.10305024,2103.05024,2.10305024,32768,32, International Boxing Hall of Fame,32090.0,['International Boxing Hall of Fame'],65.536,qa_2,2103.05024,0.0
34191.0,"Answer the question based on the given documents. Only give me the answer and do not output any other words.

Question: What is the name of the singer who's song was released as the lead single from the album ""Confessions"", and that had popular song stuck behind for eight consecutive weeks? ",Answer:,2.240741376,2240.741376,2.240741376,32768,32, Usher,34191.0,['Usher'],65.536,qa_2,2240.741376,0.0
32579.0,"Answer the question based on the given documents. Only give me the answer and do not output any other words.

Question: who is the younger brother of The episode guest stars of The Hard Easy  ",Answer:,2.135097344,2135.097344,2.135097344,32768,32, Bill Murray,32579.0,['Bill Murray'],65.536,qa_2,2135.097344,0.0
34370.0,"Answer the question based on the given documents. Only give me the answer and do not output any other words.

Question: The 2017–18 Wigan Athletic F.C. season will be a year in which the team competes in the league cup known as what for sponsorship reasons? ",Answer:,2.25247232,2252.47232,2.25247232,32768,32, Carabao Cup,34370.0,['Carabao Cup'],65.536,qa_2,2252.47232,0.0
34212.0,"Answer the question based on the given documents. Only give me the answer and do not output any other words.

Question: Which of Tara Strong major voice role in animated series is an American animated television series based on the DC Comics fictional superhero team, the ""Teen Titans""? ",Answer:,2.242117632,2242.117632,2.242117632,32768,32, Teen Titans and the spin-off series Teen Titans Go!,34212.0,['Teen Titans Go!'],65.536,qa_2,2242.117632,0.0
33661.0,"Answer the question based on the given documents. Only give me the answer and do not output any other words.

Question: What is the inhabitant of the city where  122nd SS-Standarte was formed in2014 ",Answer:,2.206007296,2206.007296,2.206007296,32768,32," 276,170",33661.0,"['276,170 inhabitants']",65.536,qa_2,2206.007296,0.0
34734.0,"Answer the question based on the given documents. Only give me the answer and do not output any other words.

Question: What color clothing do people of the Netherlands wear during Oranjegekte or to celebrate the national holiday Koningsdag?  ",Answer:,2.276327424,2276.327424,2.276327424,32768,32, Orange,34734.0,['orange'],65.536,qa_2,2276.327424,0.0
34040.0,"Answer the question based on the given documents. Only give me the answer and do not output any other words.

Question: What was the name of the 1996 loose adaptation of William Shakespeare's ""Romeo & Juliet"" written by James Gunn? ",Answer:,2.23084544,2230.84544,2.23084544,32768,32, Tromeo and Juliet,34040.0,['Tromeo and Juliet'],65.536,qa_2,2230.84544,0.0
34246.0,"Answer the question based on the given documents. Only give me the answer and do not output any other words.

Question: Robert Suettinger was the national intelligence officer under which former Governor of Arkansas? ",Answer:,2.244345856,2244.345856,2.244345856,32768,32, Bill Clinton,34246.0,['William Jefferson Clinton'],65.536,qa_2,2244.345856,0.0
31917.0,"Answer the question based on the given documents. Only give me the answer and do not output any other words.

Question: What American professional Hawaiian surfer born 18 October 1992 won the Rip Curl Pro Portugal? ",Answer:,2.091712512,2091.712512,2.091712512,32768,32, John John Florence,31917.0,['John John Florence'],65.536,qa_2,2091.712512,0.0
34361.0,"Answer the question based on the given documents. Only give me the answer and do not output any other words.

Question: What is the middle name of the actress who plays Bobbi Bacha in Suburban Madness? ",Answer:,2.251882496,2251.882496,2.251882496,32768,32, Ann,34361.0,['Ann'],65.536,qa_2,2251.882496,0.0
33850.0,"Answer the question based on the given documents. Only give me the answer and do not output any other words.

Question: Alvaro Mexia had a diplomatic mission with which tribe of indigenous people? ",Answer:,2.2183936,2218.3936,2.2183936,32768,32, Ais,33850.0,['Apalachees'],65.536,qa_2,2218.3936,0.0
32681.0,"Answer the question based on the given documents. Only give me the answer and do not output any other words.

Question: What nationality were social anthropologists Alfred Gell and Edmund Leach? ",Answer:,2.141782016,2141.782016,2.141782016,32768,32, British,32681.0,['British'],65.536,qa_2,2141.782016,0.0
34137.0,"Answer the question based on the given documents. Only give me the answer and do not output any other words.

Question: In which year was the King who made the 1925 Birthday Honours born? ",Answer:,2.237202432,2237.202432,2.237202432,32768,32, 1865,34137.0,['1865'],65.536,qa_2,2237.202432,0.0
34264.0,"Answer the question based on the given documents. Only give me the answer and do not output any other words.

Question: What is the county seat of the county where East Lempster, New Hampshire is located? ",Answer:,2.245525504,2245.525504,2.245525504,32768,32, Newport,34264.0,['Newport'],65.536,qa_2,2245.525504,0.0
32734.0,"Answer the question based on the given documents. Only give me the answer and do not output any other words.

Question: The Album Against the Wind was the 11th Album of a Rock singer Robert C Seger born may 6 1945. What was the Rock singers stage name ? ",Answer:,2.145255424,2145.255424,2.145255424,32768,32, Bob Seger,32734.0,['Bob Seger'],65.536,qa_2,2145.255424,0.0
33407.0,"Answer the question based on the given documents. Only give me the answer and do not output any other words.

Question: Rostker v. Goldberg held that the practice of what way of filling armed forces vacancies was consitutional? ",Answer:,2.189361152,2189.361152,2.189361152,32768,32, requiring only men to register for the draft,33407.0,['Conscription'],65.536,qa_2,2189.361152,0.0
31638.0,"Answer the question based on the given documents. Only give me the answer and do not output any other words.

Question: Handi-Snacks are a snack food product line sold by what American multinational confectionery, food, and beverage company that is based in Illinois? ",Answer:,2.073427968,2073.427968,2.073427968,32768,32, Mondelez International,31638.0,"['Mondelez International, Inc.']",65.536,qa_2,2073.427968,0.0
34131.0,"Answer the question based on the given documents. Only give me the answer and do not output any other words.

Question: What was the name of a woman from the book titled ""Their Lives: The Women Targeted by the Clinton Machine "" and was also a former white house intern? ",Answer:,2.236809216,2236.809216,2.236809216,32768,32, Monica Lewinsky,34131.0,['Monica Lewinsky'],65.536,qa_2,2236.809216,0.0
32418.0,"Answer the question based on the given documents. Only give me the answer and do not output any other words.

Question: When was the American lawyer, lobbyist and political consultant who was a senior member of the presidential campaign of Donald Trump born? ",Answer:,2.124546048,2124.546048,2.124546048,32768,32," April 1, 1949",32418.0,"['April 1, 1949']",65.536,qa_2,2124.546048,0.0
34681.0,"Answer the question based on the given documents. Only give me the answer and do not output any other words.

Question: In what year was the novel that Lourenço Mutarelli based ""Nina"" on based first published? ",Answer:,2.272854016,2272.854016,2.272854016,32768,32, 1866,34681.0,['1866'],65.536,qa_2,2272.854016,0.0
34119.0,"Answer the question based on the given documents. Only give me the answer and do not output any other words.

Question: Where are Teide National Park and Garajonay National Park located? ",Answer:,2.236022784,2236.022784,2.236022784,32768,32," Teide National Park is located in Tenerife (Canary Islands, Spain) and Garajonay National Park is located in the center and north of the island",34119.0,"['Canary Islands, Spain']",65.536,qa_2,2236.022784,0.0
34257.0,"Answer the question based on the given documents. Only give me the answer and do not output any other words.

Question: How many copies of Roald Dahl's variation on a popular anecdote sold? ",Answer:,2.245066752,2245.066752,2.245066752,32768,32, 250 million,34257.0,['250 million'],65.536,qa_2,2245.066752,0.0
33439.0,"Answer the question based on the given documents. Only give me the answer and do not output any other words.

Question: What occupation do Chris Menges and Aram Avakian share? ",Answer:,2.191458304,2191.458304,2.191458304,32768,32, Film director,33439.0,['director'],65.536,qa_2,2191.458304,0.0
34055.0,"Answer the question based on the given documents. Only give me the answer and do not output any other words.

Question: Andrew Jaspan was the co-founder of what not-for-profit media outlet? ",Answer:,2.23182848,2231.82848,2.23182848,32768,32, The Conversation,34055.0,['The Conversation'],65.536,qa_2,2231.82848,0.0
34658.0,"Answer the question based on the given documents. Only give me the answer and do not output any other words.

Question: Which American film director hosted the 18th Independent Spirit Awards in 2002? ",Answer:,2.271346688,2271.346688,2.271346688,32768,32, John Waters,34658.0,['John Waters'],65.536,qa_2,2271.346688,0.0
32349.0,"Answer the question based on the given documents. Only give me the answer and do not output any other words.

Question: Where does the hotel and casino located in which Bill Cosby's third album was recorded? ",Answer:,2.120024064,2120.024064,2.120024064,32768,32," Las Vegas, Nevada",32349.0,['Las Vegas Strip in Paradise'],65.536,qa_2,2120.024064,0.0
33190.0,"Answer the question based on the given documents. Only give me the answer and do not output any other words.

Question: Do the drinks Gibson and Zurracapote both contain gin? ",Answer:,2.17513984,2175.13984,2.17513984,32768,32, No,33190.0,['no'],65.536,qa_2,2175.13984,0.0
31756.0,"Answer the question based on the given documents. Only give me the answer and do not output any other words.

Question: In what month is the annual documentary film festival, that is presented by the fortnightly published British journal of literary essays, held?  ",Answer:,2.081161216,2081.161216,2.081161216,32768,32, March and April,31756.0,['March and April'],65.536,qa_2,2081.161216,0.0
32538.0,"Answer the question based on the given documents. Only give me the answer and do not output any other words.

Question: Tysons Galleria is located in what county? ",Answer:,2.132410368,2132.410368,2.132410368,32768,32, Fairfax County,32538.0,['Fairfax County'],65.536,qa_2,2132.410368,0.0
33510.0,"Answer the question based on the given documents. Only give me the answer and do not output any other words.

Question: Bordan Tkachuk was the CEO of a company that provides what sort of products? ",Answer:,2.19611136,2196.11136,2.19611136,32768,32," IT products and services, including storage systems, servers, workstations and data/voice communications equipment and services.",33510.0,['IT products and services'],65.536,qa_2,2196.11136,0.0
32927.0,"Answer the question based on the given documents. Only give me the answer and do not output any other words.

Question: Which filmmaker was known for animation, Lev Yilmaz or Pamela B. Green? ",Answer:,2.157903872,2157.903872,2.157903872,32768,32, Lev Yilmaz,32927.0,['Levni Yilmaz'],65.536,qa_2,2157.903872,0.0
33522.0,"Answer the question based on the given documents. Only give me the answer and do not output any other words.

Question: In which city is the ambassador of the Rabat-Salé-Kénitra administrative region to China based? ",Answer:,2.196897792,2196.897792,2.196897792,32768,32, Beijing,33522.0,['Beijing'],65.536,qa_2,2196.897792,0.0
33132.0,"Answer the question based on the given documents. Only give me the answer and do not output any other words.

Question: Are Yingkou and Fuding the same level of city? ",Answer:,2.171338752,2171.338752,2.171338752,32768,32," No, Yingkou is a prefecture-level city, while Fuding is a county-level city.",33132.0,['no'],65.536,qa_2,2171.338752,0.0
33259.0,"Answer the question based on the given documents. Only give me the answer and do not output any other words.

Question: Where did the descendants of the group of black Indians associated with the Seminole people settle? ",Answer:,2.179661824,2179.661824,2.179661824,32768,32, Florida and Oklahoma,33259.0,"['Coahuila, Mexico']",65.536,qa_2,2179.661824,0.0
33720.0,"Answer the question based on the given documents. Only give me the answer and do not output any other words.

Question: David Huntsinger has worked with this gospel singer born in the month of July? ",Answer:,2.20987392,2209.87392,2.20987392,32768,32, Larnelle Harris,33720.0,['Larnelle Harris'],65.536,qa_2,2209.87392,0.0
34172.0,"Answer the question based on the given documents. Only give me the answer and do not output any other words.

Question: What year was the brother of this first round draft pick by the Washington Redskins drafted? ",Answer:,2.239496192,2239.496192,2.239496192,32768,32, 2003,34172.0,['2003'],65.536,qa_2,2239.496192,0.0
34779.0,"Answer the question based on the given documents. Only give me the answer and do not output any other words.

Question: Where is the stadium at which 1964 Georgia Tech Yellow Jackets football team played their home game located?  ",Answer:,2.279276544,2279.276544,2.279276544,32768,32," Atlanta, Georgia",34779.0,['North Avenue at Techwood Drive'],65.536,qa_2,2279.276544,0.0
31656.0,"Answer the question based on the given documents. Only give me the answer and do not output any other words.

Question: Since 2 June 2017, The Leader of Fine Gael had been held by which Irish Fine Gael politician who has served as Taoiseach and Minister for Defence? ",Answer:,2.074607616,2074.607616,2.074607616,32768,32, Leo Varadkar,31656.0,['Leo Varadkar'],65.536,qa_2,2074.607616,0.0
31749.0,"Answer the question based on the given documents. Only give me the answer and do not output any other words.

Question: Which American film actor and dancer starred in the 1945 film Johnny Angel? ",Answer:,2.080702464,2080.702464,2.080702464,32768,32, George Raft,31749.0,['George Raft'],65.536,qa_2,2080.702464,0.0
32624.0,"Answer the question based on the given documents. Only give me the answer and do not output any other words.

Question: hree Men on a Horse is a play by a playwright born in which year ? ",Answer:,2.138046464,2138.046464,2.138046464,32768,32, 1887,32624.0,['1887'],65.536,qa_2,2138.046464,0.0
32120.0,"Answer the question based on the given documents. Only give me the answer and do not output any other words.

Question: What type of activity does Owner earnings and Warren Buffett have in common? ",Answer:,2.10501632,2105.01632,2.10501632,32768,32, Valuation method,32120.0,['business'],65.536,qa_2,2105.01632,0.0
34797.0,"Answer the question based on the given documents. Only give me the answer and do not output any other words.

Question: When was the  former Indian cricketer who made his ODI debuts during the 2000 ICC KnockOut Trophy born?  ",Answer:,2.280456192,2280.456192,2.280456192,32768,32, 7 October 1978,34797.0,['7 October 1978'],65.536,qa_2,2280.456192,0.0
32442.0,"Answer the question based on the given documents. Only give me the answer and do not output any other words.

Question: Which airplane was this Major test-flying after whom the base, that 514th Flight Test Squadron is stated at, is named? ",Answer:,2.126118912,2126.118912,2.126118912,32768,32, B-17 Flying Fortress,32442.0,['B-17 Flying Fortress bomber'],65.536,qa_2,2126.118912,0.0
34360.0,"Answer the question based on the given documents. Only give me the answer and do not output any other words.

Question: Based on a True Story... is an album by which country music star, with the single My Eyes? ",Answer:,2.25181696,2251.81696,2.25181696,32768,32, Blake Shelton,34360.0,['Blake Shelton'],65.536,qa_2,2251.81696,0.0
34746.0,"Answer the question based on the given documents. Only give me the answer and do not output any other words.

Question: Over how many centuries were the ""dwelling place of the dead"" built? ",Answer:,2.277113856,2277.113856,2.277113856,32768,32, three centuries,34746.0,['three centuries'],65.536,qa_2,2277.113856,0.0
31739.0,"Answer the question based on the given documents. Only give me the answer and do not output any other words.

Question: When was the British author who wrote the novel on which ""Here We Go Round the Mulberry Bush"" was based born?  ",Answer:,2.080047104,2080.047104,2.080047104,32768,32, 7 January 1936,31739.0,['7 January 1936'],65.536,qa_2,2080.047104,0.0
34201.0,"Answer the question based on the given documents. Only give me the answer and do not output any other words.

Question: Who died first, George Archainbaud or Ralph Murphy? ",Answer:,2.241396736,2241.396736,2.241396736,32768,32, Ralph Murphy,34201.0,['George Archainbaud'],65.536,qa_2,2241.396736,0.0
32817.0,"Answer the question based on the given documents. Only give me the answer and do not output any other words.

Question: Which component of shellite has the formula (ON)CHOH? ",Answer:,2.150694912,2150.694912,2.150694912,32768,32, Picric acid,32817.0,['picric acid'],65.536,qa_2,2150.694912,0.0
34527.0,"Answer the question based on the given documents. Only give me the answer and do not output any other words.

Question: The Argentine PGA Championship record holder has won how many tournaments worldwide? ",Answer:,2.262761472,2262.761472,2.262761472,32768,32, more than 230,34527.0,['230'],65.536,qa_2,2262.761472,0.0
34405.0,"Answer the question based on the given documents. Only give me the answer and do not output any other words.

Question: Suicide's 1977 released album features a song based on what brand's comic character? ",Answer:,2.25476608,2254.76608,2.25476608,32768,32, Marvel Comics,34405.0,['Marvel'],65.536,qa_2,2254.76608,0.0
30849.0,"Answer the question based on the given documents. Only give me the answer and do not output any other words.

Question: What other political position did the person who introduced the DISCLOSE Act hold? ",Answer:,2.021720064,2021.720064,2.021720064,32768,32, U.S. Senator from Maryland,30849.0,['United States Senator'],65.536,qa_2,2021.720064,0.0
33449.0,"Answer the question based on the given documents. Only give me the answer and do not output any other words.

Question: Were the bands Skin Yard and Ostava from the U.S.? ",Answer:,2.192113664,2192.113664,2.192113664,32768,32," Skin Yard was from the U.S., but Ostava was from Bulgaria.",33449.0,['no'],65.536,qa_2,2192.113664,0.0
31272.0,"Answer the question based on the given documents. Only give me the answer and do not output any other words.

Question: Are Daryl Hall and Gerry Marsden both musicians? ",Answer:,2.049441792,2049.441792,2.049441792,32768,32," Yes, Daryl Hall and Gerry Marsden are both musicians.",31272.0,['yes'],65.536,qa_2,2049.441792,0.0
34701.0,"Answer the question based on the given documents. Only give me the answer and do not output any other words.

Question: What major truck road is located in Backford Cross? ",Answer:,2.274164736,2274.164736,2.274164736,32768,32, A41,34701.0,['The A41'],65.536,qa_2,2274.164736,0.0
34452.0,"Answer the question based on the given documents. Only give me the answer and do not output any other words.

Question: In which role did Caroline Carver played in a 1999 Hallmark Entertainment made-for-TV fantasy movie? ",Answer:,2.257846272,2257.846272,2.257846272,32768,32, Princess Jessica,34452.0,['Princess Jessica'],65.536,qa_2,2257.846272,0.0
33477.0,"Answer the question based on the given documents. Only give me the answer and do not output any other words.

Question: What's the name of the fantasy film starring Sarah Bolger, featuring a New England family who discover magical creatures around their estate? ",Answer:,2.193948672,2193.948672,2.193948672,32768,32, The Spiderwick Chronicles,33477.0,['The Spiderwick Chronicles'],65.536,qa_2,2193.948672,0.0
34406.0,"Answer the question based on the given documents. Only give me the answer and do not output any other words.

Question: Maxeda has been owned since 2004 by which American multinational equity firm? ",Answer:,2.254831616,2254.831616,2.254831616,32768,32, Kohlberg Kravis Roberts,34406.0,['KKR & Co'],65.536,qa_2,2254.831616,0.0
33311.0,"Answer the question based on the given documents. Only give me the answer and do not output any other words.

Question: The youngest daughter of Lady Mary-Gaye Curzon stars with Douglas Smith and Lucien Laviscount  in what 2017 film? ",Answer:,2.183069696,2183.069696,2.183069696,32768,32, The Bye Bye Man,33311.0,['The Bye Bye Man'],65.536,qa_2,2183.069696,0.0
34648.0,"Answer the question based on the given documents. Only give me the answer and do not output any other words.

Question: Mummulgum is a stop on the Bruxner Highway before reaching the town on the banks of which river? ",Answer:,2.270691328,2270.691328,2.270691328,32768,32, Richmond River,34648.0,['Richmond'],65.536,qa_2,2270.691328,0.0
31819.0,"Answer the question based on the given documents. Only give me the answer and do not output any other words.

Question: Which American audio engineer and clandestine chemist, who was a key figure in the San Francisco Bay Area hippie movement during the 1960s recorded the album ""Old and in the Way?"" ",Answer:,2.085289984,2085.289984,2.085289984,32768,32, Owsley Stanley,31819.0,['Owsley Stanley'],65.536,qa_2,2085.289984,0.0
31606.0,"Answer the question based on the given documents. Only give me the answer and do not output any other words.

Question: When was the palace founded at which Columba de Dunbar died in 1435? ",Answer:,2.071330816,2071.330816,2.071330816,32768,32, late 12th Century,31606.0,['the late 12th Century'],65.536,qa_2,2071.330816,0.0
34429.0,"Answer the question based on the given documents. Only give me the answer and do not output any other words.

Question: Where is the Bubblegum Alley, that is similar to Gum Wall, located in California? ",Answer:,2.256338944,2256.338944,2.256338944,32768,32, San Luis Obispo,34429.0,"['San Luis Obispo, California']",65.536,qa_2,2256.338944,0.0
34125.0,"Answer the question based on the given documents. Only give me the answer and do not output any other words.

Question: At what venue was the January 2, 2012 game featured the University of Louisville team? ",Answer:,2.236416,2236.416,2.236416,32768,32, Mercedes-Benz Superdome,34125.0,['Mercedes-Benz Superdome'],65.536,qa_2,2236.416,0.0
34159.0,"Answer the question based on the given documents. Only give me the answer and do not output any other words.

Question: Which film was Oscar nominated, LaLee's Kin: The Legacy of Cotton or Gimme Shelter, the 1970 Rolling Stones documentary? ",Answer:,2.238644224,2238.644224,2.238644224,32768,32, LaLee's Kin: The Legacy of Cotton,34159.0,"[""LaLee's Kin: The Legacy of Cotton""]",65.536,qa_2,2238.644224,0.0
32248.0,"Answer the question based on the given documents. Only give me the answer and do not output any other words.

Question: Which board game was published most recently, Pirate's Cove or Catan? ",Answer:,2.113404928,2113.404928,2.113404928,32768,32, Pirate's Cove,32248.0,"[""Pirate's Cove""]",65.536,qa_2,2113.404928,0.0
32496.0,"Answer the question based on the given documents. Only give me the answer and do not output any other words.

Question: Alice David is the voice of Lara Croft in a video game developed by which company ? ",Answer:,2.129657856,2129.657856,2.129657856,32768,32, Crystal Dynamics,32496.0,['Crystal Dynamics'],65.536,qa_2,2129.657856,0.0
32874.0,"Answer the question based on the given documents. Only give me the answer and do not output any other words.

Question: Which Eminem album included vocals from a singer who had an album titled ""Unapologetic""? ",Answer:,2.154430464,2154.430464,2.154430464,32768,32, The Marshall Mathers LP 2,32874.0,"['""The Marshall Mathers LP 2""']",65.536,qa_2,2154.430464,0.0
34616.0,"Answer the question based on the given documents. Only give me the answer and do not output any other words.

Question: This American crime film set in South Los Angeles was written and directed by the same director and writer of screenwriter of ""Street Kings"", ""End of Watch"", ""Sabotage"", ""Fury"" and what other film?  ",Answer:,2.268594176,2268.594176,2.268594176,32768,32, Training Day,34616.0,['Suicide Squad'],65.536,qa_2,2268.594176,0.0
33549.0,"Answer the question based on the given documents. Only give me the answer and do not output any other words.

Question: SuperMansion starred the actress who had a recurring role as whom on Workaholics? ",Answer:,2.198667264,2198.667264,2.198667264,32768,32, Jillian Belk,33549.0,['Jillian Belk'],65.536,qa_2,2198.667264,0.0
33421.0,"Answer the question based on the given documents. Only give me the answer and do not output any other words.

Question: The 1974 Texas Tech Raiders football team represented what public research university in Lubbock, Texas? ",Answer:,2.190278656,2190.278656,2.190278656,32768,32, Texas Tech University,33421.0,['Texas Tech University'],65.536,qa_2,2190.278656,0.0
33100.0,"Answer the question based on the given documents. Only give me the answer and do not output any other words.

Question: During Siege of Bharatpur, which Commander-in-Chief of Ireland and Commander-in-Chief of India contributed to the storming of the castle? ",Answer:,2.1692416,2169.2416,2.1692416,32768,32," Stapleton Cotton, 1st Viscount Combermere",33100.0,['Lord Combermere'],65.536,qa_2,2169.2416,0.0
32843.0,"Answer the question based on the given documents. Only give me the answer and do not output any other words.

Question: For what type of work is the production company for The Year Without a Santa Claus best known? ",Answer:,2.152398848,2152.398848,2.152398848,32768,32," seasonal television specials, particularly its work in stop motion animation",32843.0,"['seasonal television specials, particularly its work in stop motion animation']",65.536,qa_2,2152.398848,0.0
33691.0,"Answer the question based on the given documents. Only give me the answer and do not output any other words.

Question: What year was the film that starred the composer for ""The Naked Brothers Band""? ",Answer:,2.207973376,2207.973376,2.207973376,32768,32, 2014,33691.0,['2014'],65.536,qa_2,2207.973376,0.0
34210.0,"Answer the question based on the given documents. Only give me the answer and do not output any other words.

Question: The author of Sexual Politics attended which British University? ",Answer:,2.24198656,2241.98656,2.24198656,32768,32, Oxford University,34210.0,['Oxford'],65.536,qa_2,2241.98656,0.0
32394.0,"Answer the question based on the given documents. Only give me the answer and do not output any other words.

Question: Who had the best singles ranking, Roberta Vinci or Jorge Lozano? ",Answer:,2.122973184,2122.973184,2.122973184,32768,32, Jorge Lozano,32394.0,['Roberta Vinci'],65.536,qa_2,2122.973184,0.0
33626.0,"Answer the question based on the given documents. Only give me the answer and do not output any other words.

Question: Both Truth in Science and Discovery embrace what campaign? ",Answer:,2.203713536,2203.713536,2.203713536,32768,32," ""Teach the Controversy"" campaign",33626.0,"['""Teach the Controversy"" campaign']",65.536,qa_2,2203.713536,0.0
32549.0,"Answer the question based on the given documents. Only give me the answer and do not output any other words.

Question: Josey Scott and Ian Watkins were both promising musicians. Which of these talented men was incarcerated, impacting his career with a rock band? ",Answer:,2.133131264,2133.131264,2.133131264,32768,32, Ian Watkins,32549.0,['Lostprophets disbanded in 2013 after Watkins was charged with sexual offences in late 2012.'],65.536,qa_2,2133.131264,0.0
34254.0,"Answer the question based on the given documents. Only give me the answer and do not output any other words.

Question: The movies Queen of Blood and Battle Beyond the Sun both contained scenes from what 1959 Soviet feature? ",Answer:,2.244870144,2244.870144,2.244870144,32768,32, Nebo Zovyot,34254.0,['Nebo Zovyot'],65.536,qa_2,2244.870144,0.0
34248.0,"Answer the question based on the given documents. Only give me the answer and do not output any other words.

Question: Who was born first, Erika Jayne or Marco Da Silva ",Answer:,2.244476928,2244.476928,2.244476928,32768,32, Erika Jayne,34248.0,['Erika Jayne'],65.536,qa_2,2244.476928,0.0
32523.0,"Answer the question based on the given documents. Only give me the answer and do not output any other words.

Question: When did the English local newspaper, featuring the sculpture and war memorial in the Forbury gardens, change names? ",Answer:,2.131427328,2131.427328,2.131427328,32768,32, 2009,32523.0,['2009'],65.536,qa_2,2131.427328,0.0
33700.0,"Answer the question based on the given documents. Only give me the answer and do not output any other words.

Question: What is the name of the Isles who were led by Aonghus Mór and covered a total land area of over 8300 km2? ",Answer:,2.2085632,2208.5632,2.2085632,32768,32, Kingdom of the Isles,33700.0,['Kingdom of the Isles'],65.536,qa_2,2208.5632,0.0
34149.0,"Answer the question based on the given documents. Only give me the answer and do not output any other words.

Question: Who is Bruce Spizer an expert on, known as the most influential act of the rock era? ",Answer:,2.237988864,2237.988864,2.237988864,32768,32, The Beatles,34149.0,['The Beatles'],65.536,qa_2,2237.988864,0.0
34766.0,"Answer the question based on the given documents. Only give me the answer and do not output any other words.

Question: Which song was behind the third single on the album  ""A Lot About Livin' (And a Little 'bout Love)"" for two weeks on the country charts? ",Answer:,2.278424576,2278.424576,2.278424576,32768,32," ""We'll Burn That Bridge""",34766.0,"['""We\'ll Burn That Bridge""']",65.536,qa_2,2278.424576,0.0
33183.0,"Answer the question based on the given documents. Only give me the answer and do not output any other words.

Question: What occupation was shared by David Yates and Pietro Germi? ",Answer:,2.174681088,2174.681088,2.174681088,32768,32, Director,33183.0,['director'],65.536,qa_2,2174.681088,0.0
33391.0,"Answer the question based on the given documents. Only give me the answer and do not output any other words.

Question: Marcus Wayne Garland spent nine seasons with an American professional baseball team that is based in Baltimore, Maryland, and was one of the AMerican League's original eight charter franchises when the league was established in what year? ",Answer:,2.188312576,2188.312576,2.188312576,32768,32, 1901,33391.0,['1901'],65.536,qa_2,2188.312576,0.0
34402.0,"Answer the question based on the given documents. Only give me the answer and do not output any other words.

Question: The lamp used in many lighthouses is similiar to this type of lamp patented in 1780 by Aimé Argand? ",Answer:,2.254569472,2254.569472,2.254569472,32768,32, Argand lamp,34402.0,['Argand lamp'],65.536,qa_2,2254.569472,0.0
34007.0,"Answer the question based on the given documents. Only give me the answer and do not output any other words.

Question: The songs from the sountrack to ""When Harry Met Sally"" are performed by a singer that has had how many top 20 US albums? ",Answer:,2.228682752,2228.682752,2.228682752,32768,32, seven,34007.0,['seven'],65.536,qa_2,2228.682752,0.0
31068.0,"Answer the question based on the given documents. Only give me the answer and do not output any other words.

Question: Are Broughtonia and Laeliocattleya both orchids? ",Answer:,2.036072448,2036.072448,2.036072448,32768,32," Yes, Broughtonia and Laeliocattleya are both orchids.",31068.0,['yes'],65.536,qa_2,2036.072448,0.0
32976.0,"Answer the question based on the given documents. Only give me the answer and do not output any other words.

Question: Where was the world cup hosted that Algeria qualified for the first time into the round of 16? ",Answer:,2.161115136,2161.115136,2.161115136,32768,32, Brazil,32976.0,['Brazil'],65.536,qa_2,2161.115136,0.0
32635.0,"Answer the question based on the given documents. Only give me the answer and do not output any other words.

Question: Which was fought earlier in our nation's history, the Seven Days Battles or the Battle of Manila? ",Answer:,2.13876736,2138.76736,2.13876736,32768,32, The Seven Days Battles,32635.0,['The Seven Days Battles'],65.536,qa_2,2138.76736,0.0
33311.0,"Answer the question based on the given documents. Only give me the answer and do not output any other words.

Question: What retailer in ABQ Uptown is headquarted in Poole, Dorset, United Kingdom? ",Answer:,2.183069696,2183.069696,2.183069696,32768,32, Lush,33311.0,['Lush Ltd.'],65.536,qa_2,2183.069696,0.0
34555.0,"Answer the question based on the given documents. Only give me the answer and do not output any other words.

Question: What football club plays in the area between the old tool gates: Brook Bar and Trafford bar? ",Answer:,2.26459648,2264.59648,2.26459648,32768,32, Manchester United F.C.,34555.0,['Manchester United'],65.536,qa_2,2264.59648,0.0
34535.0,"Answer the question based on the given documents. Only give me the answer and do not output any other words.

Question: The song ""Chim Chim Cher-ee"" can be heard  in the ""Mary Poppins"" scene of a Disney ride that debuted in what year? ",Answer:,2.26328576,2263.28576,2.26328576,32768,32, 1989,34535.0,['1989'],65.536,qa_2,2263.28576,0.0
34036.0,"Answer the question based on the given documents. Only give me the answer and do not output any other words.

Question: Who held the record for the longest service in the Australian Parliament for a woman, and was surpassed by  a former Australian politician who was the 29th Speaker of the House of Representatives? ",Answer:,2.230583296,2230.583296,2.230583296,32768,32, Kathy Sullivan,34036.0,['Kathryn Jean Martin'],65.536,qa_2,2230.583296,0.0
33941.0,"Answer the question based on the given documents. Only give me the answer and do not output any other words.

Question: Which man who presented the Australia 2022 FIFA World Cup bid was born on October 22, 1930? ",Answer:,2.224357376,2224.357376,2.224357376,32768,32, Frank Lowy,33941.0,['Frank Lowy'],65.536,qa_2,2224.357376,0.0
33072.0,"Answer the question based on the given documents. Only give me the answer and do not output any other words.

Question: What major city is the Faith Lutheran Middle School and High School located by? ",Answer:,2.167406592,2167.406592,2.167406592,32768,32, Las Vegas,33072.0,['Las Vegas'],65.536,qa_2,2167.406592,0.0
32466.0,"Answer the question based on the given documents. Only give me the answer and do not output any other words.

Question: What British singer-songwriter hosted the 16th Annual Young Hollywood Awards? ",Answer:,2.127691776,2127.691776,2.127691776,32768,32, Kelly Osbourne,32466.0,['Kelly Lee Osbourne'],65.536,qa_2,2127.691776,0.0
34033.0,"Answer the question based on the given documents. Only give me the answer and do not output any other words.

Question: Who did the Star and Dagger bass player marry? ",Answer:,2.230386688,2230.386688,2.230386688,32768,32, Chris Lee,34033.0,['Sean Yseult.'],65.536,qa_2,2230.386688,0.0
32919.0,"Answer the question based on the given documents. Only give me the answer and do not output any other words.

Question: In 2017, what was 3/4th of the organization that also has a Center for Veterinary Medicine as well as part of the U.S. Department of Health and Human Services, spent on? ",Answer:,2.157379584,2157.379584,2.157379584,32768,32, pharmaceutical companies due to the Prescription Drug User Fee Act,32919.0,['Prescription Drug User Fee Act'],65.536,qa_2,2157.379584,0.0
34453.0,"Answer the question based on the given documents. Only give me the answer and do not output any other words.

Question: Which came out first, Dinosaur or McFarland, USA ",Answer:,2.257911808,2257.911808,2.257911808,32768,32, Dinosaur,34453.0,['Dinosaur'],65.536,qa_2,2257.911808,0.0
33516.0,"Answer the question based on the given documents. Only give me the answer and do not output any other words.

Question: Both Bishop Carroll Catholic High School and Kapaun Mt. Carmel Catholic High School are located in which city in Kansas? ",Answer:,2.196504576,2196.504576,2.196504576,32768,32, Wichita,33516.0,['Wichita'],65.536,qa_2,2196.504576,0.0
34273.0,"Answer the question based on the given documents. Only give me the answer and do not output any other words.

Question: What was the 58th quadrennial American presidential election held after the 2016 Michigan Democratic primary? ",Answer:,2.246115328,2246.115328,2.246115328,32768,32, The United States presidential election of 2016,34273.0,['United States presidential election of 2016'],65.536,qa_2,2246.115328,0.0
32332.0,"Answer the question based on the given documents. Only give me the answer and do not output any other words.

Question: This Celtic ruler who was born in AD 43 ruled southeastern Britain prior to conquest by which empire? ",Answer:,2.118909952,2118.909952,2.118909952,32768,32, Roman Empire,32332.0,['Roman'],65.536,qa_2,2118.909952,0.0
32560.0,"Answer the question based on the given documents. Only give me the answer and do not output any other words.

Question: What is the name of the detective novelist parent of the author of '""Q"" Is for Quarry'? ",Answer:,2.13385216,2133.85216,2.13385216,32768,32, C. W. Grafton,32560.0,['C. W. Grafton'],65.536,qa_2,2133.85216,0.0
33854.0,"Answer the question based on the given documents. Only give me the answer and do not output any other words.

Question: What is the birthplace of the Senator who represents the first of 62 districts in the State Senate? ",Answer:,2.218655744,2218.655744,2.218655744,32768,32," Brooklyn, New York",33854.0,"['Brooklyn, New York']",65.536,qa_2,2218.655744,0.0
34718.0,"Answer the question based on the given documents. Only give me the answer and do not output any other words.

Question: The Memphis Hustle are based in a suburb of a city with a population of what in 2010? ",Answer:,2.275278848,2275.278848,2.275278848,32768,32," 1,324,108",34718.0,"['48,982']",65.536,qa_2,2275.278848,0.0
34049.0,"Answer the question based on the given documents. Only give me the answer and do not output any other words.

Question: Which songwriting duo composed music for ""La La Land"", and created lyrics for ""A Christmas Story: The Musical""?  ",Answer:,2.231435264,2231.435264,2.231435264,32768,32, Pasek and Paul,34049.0,['Pasek & Paul'],65.536,qa_2,2231.435264,0.0
33405.0,"Answer the question based on the given documents. Only give me the answer and do not output any other words.

Question: Which of the city at the south of Shelly Beach, New South Wales is a local government area in the Hunter region of New South Wales, Australia? ",Answer:,2.18923008,2189.23008,2.18923008,32768,32, Newcastle,33405.0,['City of Newcastle'],65.536,qa_2,2189.23008,0.0
32822.0,"Answer the question based on the given documents. Only give me the answer and do not output any other words.

Question: Are Bamboo Mañalac and Danny Jones both musicians? ",Answer:,2.151022592,2151.022592,2.151022592,32768,32, Yes,32822.0,['yes'],65.536,qa_2,2151.022592,0.0
33535.0,"Answer the question based on the given documents. Only give me the answer and do not output any other words.

Question: Works by Hanna Leena Kristiina Varis are part of a collection in a museum that houses approximately 65,000 what? ",Answer:,2.19774976,2197.74976,2.19774976,32768,32, drawings,33535.0,['drawings'],65.536,qa_2,2197.74976,0.0
33260.0,"Answer the question based on the given documents. Only give me the answer and do not output any other words.

Question: When was the Western Germanic language spoken from which the small settlement situated on the river Leda opposite Leer derives its name? ",Answer:,2.17972736,2179.72736,2.17972736,32768,32, 8th and 16th centuries,33260.0,['between the 8th and 16th centuries'],65.536,qa_2,2179.72736,0.0
33078.0,"Answer the question based on the given documents. Only give me the answer and do not output any other words.

Question: Born on 6 March 1937, this man was also a citizen of the United Kingdom. ",Answer:,2.167799808,2167.799808,2.167799808,32768,32, Robin Bailie,33078.0,['Alistair Grant'],65.536,qa_2,2167.799808,0.0
33244.0,"Answer the question based on the given documents. Only give me the answer and do not output any other words.

Question: What country does Hatton Hill and Hatton Castle, Angus have in common? ",Answer:,2.178678784,2178.678784,2.178678784,32768,32, Scotland,33244.0,['Scotland'],65.536,qa_2,2178.678784,0.0
33276.0,"Answer the question based on the given documents. Only give me the answer and do not output any other words.

Question: What podcast was the cheif executive officer of Nerdist Industries a guest on? ",Answer:,2.180775936,2180.775936,2.180775936,32768,32, The Drop-In,33276.0,['Comedy Film Nerds'],65.536,qa_2,2180.775936,0.0
32145.0,"Answer the question based on the given documents. Only give me the answer and do not output any other words.

Question: Randall Cunningham II was a multi-sport athlete at the high school located in what Nevada city? ",Answer:,2.10665472,2106.65472,2.10665472,32768,32, Las Vegas,32145.0,['Summerlin'],65.536,qa_2,2106.65472,0.0
32819.0,"Answer the question based on the given documents. Only give me the answer and do not output any other words.

Question: Which English musician is known for both the songs ""See Yourself"" and ""Withing You Without You""? ",Answer:,2.150825984,2150.825984,2.150825984,32768,32, George Harrison,32819.0,['George Harrison'],65.536,qa_2,2150.825984,0.0
32658.0,"Answer the question based on the given documents. Only give me the answer and do not output any other words.

Question: Which professional ice hockey position does the Captain of the National Hockey League All-Star Game ""Away Team"" play? ",Answer:,2.140274688,2140.274688,2.140274688,32768,32, Centre,32658.0,['Canadian professional ice hockey centre'],65.536,qa_2,2140.274688,0.0
34570.0,"Answer the question based on the given documents. Only give me the answer and do not output any other words.

Question: What year did the series on CBS, starring the actor who known for his role in ""Rebel Without a Cause,"" air? ",Answer:,2.26557952,2265.57952,2.26557952,32768,32, 1952,34570.0,['1952'],65.536,qa_2,2265.57952,0.0
33058.0,"Answer the question based on the given documents. Only give me the answer and do not output any other words.

Question: What season was the character introduced that becomes the main antagonist in the  following season, from the animated television series created by Bryan Konietzko and Michael Dante DiMartino as a sequel to """", which aired from 2005 to 2008?  ",Answer:,2.166489088,2166.489088,2.166489088,32768,32, The character was introduced in the third season.,33058.0,['third'],65.536,qa_2,2166.489088,0.0
33283.0,"Answer the question based on the given documents. Only give me the answer and do not output any other words.

Question: Who were the directors of the 2009 American science fiction film starring the actor who played Dexter Morgan in the Showtime TV Network series ""Dexter""? ",Answer:,2.181234688,2181.234688,2.181234688,32768,32, Mark Neveldine and Brian Taylor,33283.0,['Mark Neveldine and Brian Taylor'],65.536,qa_2,2181.234688,0.0
33323.0,"Answer the question based on the given documents. Only give me the answer and do not output any other words.

Question: Which travel parody series featured American actor, comedian, and radio host best known as the host of ""The Joe Schmo Show""? ",Answer:,2.183856128,2183.856128,2.183856128,32768,32, Hidden America with Jonah Ray,33323.0,['Hidden America with Jonah Ray'],65.536,qa_2,2183.856128,0.0
34240.0,"Answer the question based on the given documents. Only give me the answer and do not output any other words.

Question: Do The Importance of Being Icelandic and The Five Obstructions belong to different film genres ? ",Answer:,2.24395264,2243.95264,2.24395264,32768,32, No,34240.0,['no'],65.536,qa_2,2243.95264,0.0
32460.0,"Answer the question based on the given documents. Only give me the answer and do not output any other words.

Question: Tefik Selim Mborja was a part of a party that held power in Albania until what year?  ",Answer:,2.12729856,2127.29856,2.12729856,32768,32, 1943,32460.0,['1943'],65.536,qa_2,2127.29856,0.0
32689.0,"Answer the question based on the given documents. Only give me the answer and do not output any other words.

Question: Joe Walker played for which team that ends their regular season with the Civil War rivalry game? ",Answer:,2.142306304,2142.306304,2.142306304,32768,32, Oregon Ducks,32689.0,['Oregon Ducks football'],65.536,qa_2,2142.306304,0.0
32424.0,"Answer the question based on the given documents. Only give me the answer and do not output any other words.

Question: What station broadcast the episode ""Marry Me a Little, Marry Me a Little More"" , of the series created by Max Mutchnick and David Kohan? ",Answer:,2.124939264,2124.939264,2.124939264,32768,32, National Broadcasting Company (NBC),32424.0,['National Broadcasting Company'],65.536,qa_2,2124.939264,0.0
34790.0,"Answer the question based on the given documents. Only give me the answer and do not output any other words.

Question: Georges-Henri Bousquet translated the work of a historian who is of what heritage? ",Answer:,2.27999744,2279.99744,2.27999744,32768,32, North African Arab,34790.0,['North African Arab'],65.536,qa_2,2279.99744,0.0
34018.0,"Answer the question based on the given documents. Only give me the answer and do not output any other words.

Question: In which city are the headquarters of the American research and scientific development company where Ravi Sethi worked as computer scientist located? ",Answer:,2.229403648,2229.403648,2.229403648,32768,32," Murray Hill, New Jersey",34018.0,['Murray Hill'],65.536,qa_2,2229.403648,0.0
32874.0,"Answer the question based on the given documents. Only give me the answer and do not output any other words.

Question: What is the full name of the viral respiratory disease in which Yi Guan's research helped to prevent the outbreak of? ",Answer:,2.154430464,2154.430464,2.154430464,32768,32, Severe acute respiratory syndrome,32874.0,['severe acute respiratory syndrome'],65.536,qa_2,2154.430464,0.0
32805.0,"Answer the question based on the given documents. Only give me the answer and do not output any other words.

Question: Which Kentucky Writers Hall of Fame author has had works published by Dim Gray Bar Press? ",Answer:,2.14990848,2149.90848,2.14990848,32768,32, Wendell Berry,32805.0,['Wendell Berry'],65.536,qa_2,2149.90848,0.0
32612.0,"Answer the question based on the given documents. Only give me the answer and do not output any other words.

Question: What director worked with Vikram Bhatt on a film starring actors Rajneesh Duggal and Adah Sharma? ",Answer:,2.137260032,2137.260032,2.137260032,32768,32, Bhushan Patel,32612.0,['Tinu Suresh Desai'],65.536,qa_2,2137.260032,0.0
32948.0,"Answer the question based on the given documents. Only give me the answer and do not output any other words.

Question:  Robert Smith founded the multinational company headquartered in what city? ",Answer:,2.159280128,2159.280128,2.159280128,32768,32," Golden Valley, Minnesota",32948.0,"['Golden Valley, Minnesota,']",65.536,qa_2,2159.280128,0.0
33601.0,"Answer the question based on the given documents. Only give me the answer and do not output any other words.

Question: What amount was the settlement that the character from the Son of al Quada got in 2017? ",Answer:,2.202075136,2202.075136,2.202075136,32768,32, $10.5 million (USD 8 million),33601.0,['$10.5 million'],65.536,qa_2,2202.075136,0.0
33056.0,"Answer the question based on the given documents. Only give me the answer and do not output any other words.

Question: Considered the strongest recorded tropical cyclone, which cyclone had a film made about it in 2007? ",Answer:,2.166358016,2166.358016,2.166358016,32768,32, 1999 Odisha cyclone,33056.0,['1999 Odisha cyclone'],65.536,qa_2,2166.358016,0.0
