uncompressed_kv_memory_gb,answer_prefix,answer,memory_budget,compression_ratio,max_new_tokens,kv_memory_per_token_kb,retained_context_tokens,context_tokens,token_budget,context_length,retained_kv_memory_mb,memory_budget_unit,retained_kv_memory_gb,question,predicted_answer,task,uncompressed_kv_memory_mb
2.728722432,The special magic number for fanatical-genocide mentioned in the provided text is,['8906355'],0.6,0.7801234478949012,128,65.536,9155.0,41637.0,9155.0,32768,599.98208,GB,0.59998208,What is the special magic number for fanatical-genocide mentioned in the provided text? , **8906355**.,niah_multikey_2,2728.722432
2.731671552,The special magic number for alcoholic-alloy mentioned in the provided text is,['7926237'],0.6,0.7803608272155846,128,65.536,9155.0,41682.0,9155.0,32768,599.98208,GB,0.59998208,What is the special magic number for alcoholic-alloy mentioned in the provided text? , **7926237**.,niah_multikey_2,2731.671552
2.729377792,The special magic number for trashy-spine mentioned in the provided text is,['3865550'],0.6,0.7801762431867841,128,65.536,9155.0,41647.0,9155.0,32768,599.98208,GB,0.59998208,What is the special magic number for trashy-spine mentioned in the provided text? , **3865550**.,niah_multikey_2,2729.377792
2.731081728,The special magic number for agreeable-memory mentioned in the provided text is,['8956675'],0.6,0.7803133923643606,128,65.536,9155.0,41673.0,9155.0,32768,599.98208,GB,0.59998208,What is the special magic number for agreeable-memory mentioned in the provided text? , **8956675**.,niah_multikey_2,2731.081728
2.730033152,The special magic number for detailed-fork mentioned in the provided text is,['5194772'],0.6,0.7802290131310464,128,65.536,9155.0,41657.0,9155.0,32768,599.98208,GB,0.59998208,What is the special magic number for detailed-fork mentioned in the provided text? , **5194772**.,niah_multikey_2,2730.033152
2.727673856,The special magic number for futuristic-registry mentioned in the provided text is,['9875666'],0.6,0.7800389226592346,128,65.536,9155.0,41621.0,9155.0,32768,599.98208,GB,0.59998208,What is the special magic number for futuristic-registry mentioned in the provided text? , **9875666**.,niah_multikey_2,2727.673856
2.725707776,The special magic number for slippery-laparoscope mentioned in the provided text is,['3215142'],0.6,0.7798802625568031,128,65.536,9155.0,41591.0,9155.0,32768,599.98208,GB,0.59998208,What is the special magic number for slippery-laparoscope mentioned in the provided text? , **3215142**.,niah_multikey_2,2725.707776
2.72891904,The special magic number for ethereal-spasm mentioned in the provided text is,['9664574'],0.6,0.7801392891450528,128,65.536,9155.0,41640.0,9155.0,32768,599.98208,GB,0.59998208,What is the special magic number for ethereal-spasm mentioned in the provided text? , **9664574**.,niah_multikey_2,2728.91904
2.729181184,The special magic number for flippant-editing mentioned in the provided text is,['5533485'],0.6,0.7801604072615502,128,65.536,9155.0,41644.0,9155.0,32768,599.98208,GB,0.59998208,What is the special magic number for flippant-editing mentioned in the provided text? , **5533485**.,niah_multikey_2,2729.181184
2.730098688,The special magic number for small-runway mentioned in the provided text is,['3754389'],0.6,0.7802342887320562,128,65.536,9155.0,41658.0,9155.0,32768,599.98208,GB,0.59998208,What is the special magic number for small-runway mentioned in the provided text? , **3754389**.,niah_multikey_2,2730.098688
2.7295744,The special magic number for fretful-deposition mentioned in the provided text is,['3536076'],0.6,0.7801920768307323,128,65.536,9155.0,41650.0,9155.0,32768,599.98208,GB,0.59998208,What is the special magic number for fretful-deposition mentioned in the provided text? , **3536076**.,niah_multikey_2,2729.5744
2.726363136,The special magic number for lazy-terrorism mentioned in the provided text is,['8276492'],0.6,0.7799331746833009,128,65.536,9155.0,41601.0,9155.0,32768,599.98208,GB,0.59998208,What is the special magic number for lazy-terrorism mentioned in the provided text? , **8276492**.,niah_multikey_2,2726.363136
2.728460288,The special magic number for agonizing-budget mentioned in the provided text is,['4548730'],0.6,0.7801023226767227,128,65.536,9155.0,41633.0,9155.0,32768,599.98208,GB,0.59998208,What is the special magic number for agonizing-budget mentioned in the provided text? , **4548730**.,niah_multikey_2,2728.460288
2.725052416,The special magic number for adamant-notice mentioned in the provided text is,['6745701'],0.6,0.7798273249801593,128,65.536,9155.0,41581.0,9155.0,32768,599.98208,GB,0.59998208,What is the special magic number for adamant-notice mentioned in the provided text? ," **6745701**.

(Note: The text lists ""adamant-notice"" twice. The first instance is associated with the number 7692536, but the second and final instance explicitly states: ""One of the special magic numbers for adamant-notice is: 6745701."")",niah_multikey_2,2725.052416
2.728525824,The special magic number for wide-eyed-citizen mentioned in the provided text is,['2794159'],0.6,0.7801076043618197,128,65.536,9155.0,41634.0,9155.0,32768,599.98208,GB,0.59998208,What is the special magic number for wide-eyed-citizen mentioned in the provided text? , **2794159**.,niah_multikey_2,2728.525824
2.722168832,The special magic number for unable-ginseng mentioned in the provided text is,['9225134'],0.6,0.7795940968293329,128,65.536,9155.0,41537.0,9155.0,32768,599.98208,GB,0.59998208,What is the special magic number for unable-ginseng mentioned in the provided text? , **9225134**.,niah_multikey_2,2722.168832
2.732785664,The special magic number for malicious-tributary mentioned in the provided text is,['4492802'],0.6,0.7804503705124823,128,65.536,9155.0,41699.0,9155.0,32768,599.98208,GB,0.59998208,What is the special magic number for malicious-tributary mentioned in the provided text? , **4492802**.,niah_multikey_2,2732.785664
2.72859136,The special magic number for debonair-mini-skirt mentioned in the provided text is,['2744281'],0.6,0.7801128857932028,128,65.536,9155.0,41635.0,9155.0,32768,599.98208,GB,0.59998208,What is the special magic number for debonair-mini-skirt mentioned in the provided text? , **2744281**.,niah_multikey_2,2728.59136
2.729377792,The special magic number for permissible-constellation mentioned in the provided text is,['7038971'],0.6,0.7801762431867841,128,65.536,9155.0,41647.0,9155.0,32768,599.98208,GB,0.59998208,What is the special magic number for permissible-constellation mentioned in the provided text? , **7038971**.,niah_multikey_2,2729.377792
2.727673856,The special magic number for workable-gradient mentioned in the provided text is,['3559552'],0.6,0.7800389226592346,128,65.536,9155.0,41621.0,9155.0,32768,599.98208,GB,0.59998208,What is the special magic number for workable-gradient mentioned in the provided text? , **3559552**.,niah_multikey_2,2727.673856
2.728853504,The special magic number for observant-zombie mentioned in the provided text is,['2778671'],0.6,0.7801340089819641,128,65.536,9155.0,41639.0,9155.0,32768,599.98208,GB,0.59998208,What is the special magic number for observant-zombie mentioned in the provided text? , **2778671**.,niah_multikey_2,2728.853504
2.731409408,The special magic number for foregoing-barrel mentioned in the provided text is,['5758921'],0.6,0.7803397475886559,128,65.536,9155.0,41678.0,9155.0,32768,599.98208,GB,0.59998208,What is the special magic number for foregoing-barrel mentioned in the provided text? , **5758921**.,niah_multikey_2,2731.409408
2.732457984,The special magic number for domineering-hardship mentioned in the provided text is,['6402174'],0.6,0.7804240418285604,128,65.536,9155.0,41694.0,9155.0,32768,599.98208,GB,0.59998208,What is the special magic number for domineering-hardship mentioned in the provided text? , **6402174**.,niah_multikey_2,2732.457984
2.733441024,The special magic number for ignorant-hummus mentioned in the provided text is,['3078636'],0.6,0.780503008942914,128,65.536,9155.0,41709.0,9155.0,32768,599.98208,GB,0.59998208,What is the special magic number for ignorant-hummus mentioned in the provided text? , **3078636**.,niah_multikey_2,2733.441024
2.725707776,The special magic number for arrogant-driver mentioned in the provided text is,['3596330'],0.6,0.7798802625568031,128,65.536,9155.0,41591.0,9155.0,32768,599.98208,GB,0.59998208,What is the special magic number for arrogant-driver mentioned in the provided text? , **3596330**.,niah_multikey_2,2725.707776
2.724921344,The special magic number for absurd-character mentioned in the provided text is,['5750392'],0.6,0.779816734409197,128,65.536,9155.0,41579.0,9155.0,32768,599.98208,GB,0.59998208,What is the special magic number for absurd-character mentioned in the provided text? , **5750392**.,niah_multikey_2,2724.921344
2.728787968,The special magic number for uninterested-variant mentioned in the provided text is,['1305265'],0.6,0.780128728565253,128,65.536,9155.0,41638.0,9155.0,32768,599.98208,GB,0.59998208,What is the special magic number for uninterested-variant mentioned in the provided text? , **1305265**.,niah_multikey_2,2728.787968
2.693922816,The special magic number for spicy-viability mentioned in the provided text is,['5298028'],0.6,0.7772831216853987,128,65.536,9155.0,41106.0,9155.0,32768,599.98208,GB,0.59998208,What is the special magic number for spicy-viability mentioned in the provided text? , **5298028**.,niah_multikey_2,2693.922816
2.73055744,The special magic number for jaded-bough mentioned in the provided text is,['6352845'],0.6,0.780271210848434,128,65.536,9155.0,41665.0,9155.0,32768,599.98208,GB,0.59998208,What is the special magic number for jaded-bough mentioned in the provided text? , **6352845**.,niah_multikey_2,2730.55744
2.727346176,The special magic number for adjoining-saviour mentioned in the provided text is,['2612430'],0.6,0.780012495194156,128,65.536,9155.0,41616.0,9155.0,32768,599.98208,GB,0.59998208,What is the special magic number for adjoining-saviour mentioned in the provided text? , **2612430**.,niah_multikey_2,2727.346176
2.72891904,The special magic number for enchanting-snow mentioned in the provided text is,['9659039'],0.6,0.7801392891450528,128,65.536,9155.0,41640.0,9155.0,32768,599.98208,GB,0.59998208,What is the special magic number for enchanting-snow mentioned in the provided text? , **9659039**.,niah_multikey_2,2728.91904
2.723479552,The special magic number for whimsical-animal mentioned in the provided text is,['4379970'],0.6,0.7797001708496764,128,65.536,9155.0,41557.0,9155.0,32768,599.98208,GB,0.59998208,What is the special magic number for whimsical-animal mentioned in the provided text? , **4379970**.,niah_multikey_2,2723.479552
2.691825664,The special magic number for broad-student mentioned in the provided text is,['3869969'],0.6,0.777109607050689,128,65.536,9155.0,41074.0,9155.0,32768,599.98208,GB,0.59998208,What is the special magic number for broad-student mentioned in the provided text? , **3869969**.,niah_multikey_2,2691.825664
2.7295744,The special magic number for muddled-hunter mentioned in the provided text is,['6322830'],0.6,0.7801920768307323,128,65.536,9155.0,41650.0,9155.0,32768,599.98208,GB,0.59998208,What is the special magic number for muddled-hunter mentioned in the provided text? , **6322830**.,niah_multikey_2,2729.5744
2.730950656,The special magic number for known-mambo mentioned in the provided text is,['7819470'],0.6,0.7803028485037556,128,65.536,9155.0,41671.0,9155.0,32768,599.98208,GB,0.59998208,What is the special magic number for known-mambo mentioned in the provided text? , **7819470**.,niah_multikey_2,2730.950656
2.731606016,The special magic number for easy-misogyny mentioned in the provided text is,['2040978'],0.6,0.7803555576881553,128,65.536,9155.0,41681.0,9155.0,32768,599.98208,GB,0.59998208,What is the special magic number for easy-misogyny mentioned in the provided text? , **2040978**.,niah_multikey_2,2731.606016
2.729705472,The special magic number for tender-minor mentioned in the provided text is,['6386303'],0.6,0.7802026313262268,128,65.536,9155.0,41652.0,9155.0,32768,599.98208,GB,0.59998208,What is the special magic number for tender-minor mentioned in the provided text? , **6386303**.,niah_multikey_2,2729.705472
2.730164224,The special magic number for exultant-sister mentioned in the provided text is,['9022065'],0.6,0.7802395640797907,128,65.536,9155.0,41659.0,9155.0,32768,599.98208,GB,0.59998208,What is the special magic number for exultant-sister mentioned in the provided text? , **9022065**.,niah_multikey_2,2730.164224
2.730950656,The special magic number for penitent-optimization mentioned in the provided text is,['5817296'],0.6,0.7803028485037556,128,65.536,9155.0,41671.0,9155.0,32768,599.98208,GB,0.59998208,What is the special magic number for penitent-optimization mentioned in the provided text? , **5817296**.,niah_multikey_2,2730.950656
2.727804928,The special magic number for distinct-council mentioned in the provided text is,['8371435'],0.6,0.7800494918674772,128,65.536,9155.0,41623.0,9155.0,32768,599.98208,GB,0.59998208,What is the special magic number for distinct-council mentioned in the provided text? , **8371435**.,niah_multikey_2,2727.804928
2.729443328,The special magic number for outrageous-picket mentioned in the provided text is,['5131558'],0.6,0.780181521321552,128,65.536,9155.0,41648.0,9155.0,32768,599.98208,GB,0.59998208,What is the special magic number for outrageous-picket mentioned in the provided text? , **5131558**.,niah_multikey_2,2729.443328
2.731343872,The special magic number for chunky-aardvark mentioned in the provided text is,['9815171'],0.6,0.7803344770496916,128,65.536,9155.0,41677.0,9155.0,32768,599.98208,GB,0.59998208,What is the special magic number for chunky-aardvark mentioned in the provided text? , **9815171**.,niah_multikey_2,2731.343872
2.692808704,The special magic number for hushed-micronutrient mentioned in the provided text is,['2894770'],0.6,0.7771909756869235,128,65.536,9155.0,41089.0,9155.0,32768,599.98208,GB,0.59998208,What is the special magic number for hushed-micronutrient mentioned in the provided text? , **2894770**.,niah_multikey_2,2692.808704
2.730426368,The special magic number for whimsical-comradeship mentioned in the provided text is,['3692478'],0.6,0.7802606629383386,128,65.536,9155.0,41663.0,9155.0,32768,599.98208,GB,0.59998208,What is the special magic number for whimsical-comradeship mentioned in the provided text? , **3692478**.,niah_multikey_2,2730.426368
2.72564224,The special magic number for stingy-right mentioned in the provided text is,['3859387'],0.6,0.7798749699446983,128,65.536,9155.0,41590.0,9155.0,32768,599.98208,GB,0.59998208,What is the special magic number for stingy-right mentioned in the provided text? , **3859387**.,niah_multikey_2,2725.64224
2.728394752,The special magic number for obscene-recovery mentioned in the provided text is,['8342333'],0.6,0.780097040737894,128,65.536,9155.0,41632.0,9155.0,32768,599.98208,GB,0.59998208,What is the special magic number for obscene-recovery mentioned in the provided text? , **8342333**.,niah_multikey_2,2728.394752
2.729050112,The special magic number for incompetent-produce mentioned in the provided text is,['3494544'],0.6,0.7801498487104366,128,65.536,9155.0,41642.0,9155.0,32768,599.98208,GB,0.59998208,What is the special magic number for incompetent-produce mentioned in the provided text? , **3494544**.,niah_multikey_2,2729.050112
2.729639936,The special magic number for elated-cop-out mentioned in the provided text is,['9700380'],0.6,0.7801973542051812,128,65.536,9155.0,41651.0,9155.0,32768,599.98208,GB,0.59998208,What is the special magic number for elated-cop-out mentioned in the provided text? , **9700380**.,niah_multikey_2,2729.639936
2.726494208,The special magic number for lopsided-farm mentioned in the provided text is,['8355035'],0.6,0.7799437540561979,128,65.536,9155.0,41603.0,9155.0,32768,599.98208,GB,0.59998208,What is the special magic number for lopsided-farm mentioned in the provided text? , **8355035**.,niah_multikey_2,2726.494208
2.729705472,The special magic number for drab-introduction mentioned in the provided text is,['1769304'],0.6,0.7802026313262268,128,65.536,9155.0,41652.0,9155.0,32768,599.98208,GB,0.59998208,What is the special magic number for drab-introduction mentioned in the provided text? , **1769304**.,niah_multikey_2,2729.705472
2.726232064,The special magic number for debonair-adviser mentioned in the provided text is,['2333664'],0.6,0.779922594293132,128,65.536,9155.0,41599.0,9155.0,32768,599.98208,GB,0.59998208,What is the special magic number for debonair-adviser mentioned in the provided text? , **2333664**.,niah_multikey_2,2726.232064
2.729115648,The special magic number for uptight-frustration mentioned in the provided text is,['6896272'],0.6,0.7801551281127681,128,65.536,9155.0,41643.0,9155.0,32768,599.98208,GB,0.59998208,What is the special magic number for uptight-frustration mentioned in the provided text? , **6896272**.,niah_multikey_2,2729.115648
2.728656896,The special magic number for imminent-mud mentioned in the provided text is,['8013163'],0.6,0.7801181669708905,128,65.536,9155.0,41636.0,9155.0,32768,599.98208,GB,0.59998208,What is the special magic number for imminent-mud mentioned in the provided text? , **8013163**.,niah_multikey_2,2728.656896
2.730033152,The special magic number for spooky-certification mentioned in the provided text is,['2630053'],0.6,0.7802290131310464,128,65.536,9155.0,41657.0,9155.0,32768,599.98208,GB,0.59998208,What is the special magic number for spooky-certification mentioned in the provided text? , **2630053**.,niah_multikey_2,2730.033152
2.725380096,The special magic number for flashy-edition mentioned in the provided text is,['1147772'],0.6,0.779853796950897,128,65.536,9155.0,41586.0,9155.0,32768,599.98208,GB,0.59998208,What is the special magic number for flashy-edition mentioned in the provided text? , **1147772**.,niah_multikey_2,2725.380096
2.72367616,The special magic number for abject-hour mentioned in the provided text is,['6464794'],0.6,0.779716073147257,128,65.536,9155.0,41560.0,9155.0,32768,599.98208,GB,0.59998208,What is the special magic number for abject-hour mentioned in the provided text? , **6464794**.,niah_multikey_2,2723.67616
2.725183488,The special magic number for available-charity mentioned in the provided text is,['8735463'],0.6,0.779837914532381,128,65.536,9155.0,41583.0,9155.0,32768,599.98208,GB,0.59998208,What is the special magic number for available-charity mentioned in the provided text? , **8735463**.,niah_multikey_2,2725.183488
2.7295744,The special magic number for endurable-rivulet mentioned in the provided text is,['8208661'],0.6,0.7801920768307323,128,65.536,9155.0,41650.0,9155.0,32768,599.98208,GB,0.59998208,What is the special magic number for endurable-rivulet mentioned in the provided text? , **8208661**.,niah_multikey_2,2729.5744
2.725838848,The special magic number for internal-kilt mentioned in the provided text is,['8759496'],0.6,0.779890847017527,128,65.536,9155.0,41593.0,9155.0,32768,599.98208,GB,0.59998208,What is the special magic number for internal-kilt mentioned in the provided text? , **8759496**.,niah_multikey_2,2725.838848
2.72924672,The special magic number for squealing-turmeric mentioned in the provided text is,['8010228'],0.6,0.7801656861568016,128,65.536,9155.0,41645.0,9155.0,32768,599.98208,GB,0.59998208,What is the special magic number for squealing-turmeric mentioned in the provided text? , **8010228**.,niah_multikey_2,2729.24672
2.730688512,The special magic number for lush-highland mentioned in the provided text is,['3729243'],0.6,0.780281757745938,128,65.536,9155.0,41667.0,9155.0,32768,599.98208,GB,0.59998208,What is the special magic number for lush-highland mentioned in the provided text? , **3729243**.,niah_multikey_2,2730.688512
2.729705472,The special magic number for periodic-hardware mentioned in the provided text is,['2775647'],0.6,0.7802026313262268,128,65.536,9155.0,41652.0,9155.0,32768,599.98208,GB,0.59998208,What is the special magic number for periodic-hardware mentioned in the provided text? , **2775647**.,niah_multikey_2,2729.705472
2.732064768,The special magic number for itchy-vertigo mentioned in the provided text is,['4412277'],0.6,0.7803924390711956,128,65.536,9155.0,41688.0,9155.0,32768,599.98208,GB,0.59998208,What is the special magic number for itchy-vertigo mentioned in the provided text? , **4412277**.,niah_multikey_2,2732.064768
2.725183488,The special magic number for righteous-terrapin mentioned in the provided text is,['2013987'],0.6,0.779837914532381,128,65.536,9155.0,41583.0,9155.0,32768,599.98208,GB,0.59998208,What is the special magic number for righteous-terrapin mentioned in the provided text? , **2013987**.,niah_multikey_2,2725.183488
2.728853504,The special magic number for boorish-invite mentioned in the provided text is,['9839873'],0.6,0.7801340089819641,128,65.536,9155.0,41639.0,9155.0,32768,599.98208,GB,0.59998208,What is the special magic number for boorish-invite mentioned in the provided text? , **9839873**.,niah_multikey_2,2728.853504
2.689007616,The special magic number for subdued-pond mentioned in the provided text is,['9557008'],0.6,0.7768760205698131,128,65.536,9155.0,41031.0,9155.0,32768,599.98208,GB,0.59998208,What is the special magic number for subdued-pond mentioned in the provided text? , **9557008**.,niah_multikey_2,2689.007616
2.732130304,The special magic number for greedy-burst mentioned in the provided text is,['2535634'],0.6,0.7803977068291396,128,65.536,9155.0,41689.0,9155.0,32768,599.98208,GB,0.59998208,What is the special magic number for greedy-burst mentioned in the provided text? , **2535634**.,niah_multikey_2,2732.130304
2.723807232,The special magic number for whimsical-vendor mentioned in the provided text is,['4165789'],0.6,0.7797266734035898,128,65.536,9155.0,41562.0,9155.0,32768,599.98208,GB,0.59998208,What is the special magic number for whimsical-vendor mentioned in the provided text? , **4165789**.,niah_multikey_2,2723.807232
2.727149568,The special magic number for scattered-environment mentioned in the provided text is,['6208770'],0.6,0.7799966356667387,128,65.536,9155.0,41613.0,9155.0,32768,599.98208,GB,0.59998208,What is the special magic number for scattered-environment mentioned in the provided text? , **6208770**.,niah_multikey_2,2727.149568
2.72760832,The special magic number for poised-cranberry mentioned in the provided text is,['6857286'],0.6,0.7800336376741951,128,65.536,9155.0,41620.0,9155.0,32768,599.98208,GB,0.59998208,What is the special magic number for poised-cranberry mentioned in the provided text? , **6857286**.,niah_multikey_2,2727.60832
2.727542784,The special magic number for bewildered-calcification mentioned in the provided text is,['8444227'],0.6,0.7800283524351859,128,65.536,9155.0,41619.0,9155.0,32768,599.98208,GB,0.59998208,What is the special magic number for bewildered-calcification mentioned in the provided text? , **8444227**.,niah_multikey_2,2727.542784
2.72760832,The special magic number for lewd-doctorate mentioned in the provided text is,['8459595'],0.6,0.7800336376741951,128,65.536,9155.0,41620.0,9155.0,32768,599.98208,GB,0.59998208,What is the special magic number for lewd-doctorate mentioned in the provided text? , **8459595**.,niah_multikey_2,2727.60832
2.733244416,The special magic number for energetic-hummus mentioned in the provided text is,['9513173'],0.6,0.7804872200642593,128,65.536,9155.0,41706.0,9155.0,32768,599.98208,GB,0.59998208,What is the special magic number for energetic-hummus mentioned in the provided text? , **9513173**.,niah_multikey_2,2733.244416
2.726232064,The special magic number for wretched-tide mentioned in the provided text is,['4447738'],0.6,0.779922594293132,128,65.536,9155.0,41599.0,9155.0,32768,599.98208,GB,0.59998208,What is the special magic number for wretched-tide mentioned in the provided text? , **4447738**.,niah_multikey_2,2726.232064
2.72433152,The special magic number for efficient-bowling mentioned in the provided text is,['4520005'],0.6,0.7797690642290113,128,65.536,9155.0,41570.0,9155.0,32768,599.98208,GB,0.59998208,What is the special magic number for efficient-bowling mentioned in the provided text? , **4520005**.,niah_multikey_2,2724.33152
2.731671552,The special magic number for bored-violence mentioned in the provided text is,['4632669'],0.6,0.7803608272155846,128,65.536,9155.0,41682.0,9155.0,32768,599.98208,GB,0.59998208,What is the special magic number for bored-violence mentioned in the provided text? , **4632669**.,niah_multikey_2,2731.671552
2.730033152,The special magic number for mundane-design mentioned in the provided text is,['3842952'],0.6,0.7802290131310464,128,65.536,9155.0,41657.0,9155.0,32768,599.98208,GB,0.59998208,What is the special magic number for mundane-design mentioned in the provided text? , **3842952**.,niah_multikey_2,2730.033152
2.73088512,The special magic number for bumpy-helium mentioned in the provided text is,['1554375'],0.6,0.7802975761939045,128,65.536,9155.0,41670.0,9155.0,32768,599.98208,GB,0.59998208,What is the special magic number for bumpy-helium mentioned in the provided text? , **1554375**.,niah_multikey_2,2730.88512
2.73154048,The special magic number for animated-major-league mentioned in the provided text is,['7234273'],0.6,0.7803502879078694,128,65.536,9155.0,41680.0,9155.0,32768,599.98208,GB,0.59998208,What is the special magic number for animated-major-league mentioned in the provided text? , **7234273**.,niah_multikey_2,2731.54048
2.729443328,The special magic number for parched-dame mentioned in the provided text is,['3754534'],0.6,0.780181521321552,128,65.536,9155.0,41648.0,9155.0,32768,599.98208,GB,0.59998208,What is the special magic number for parched-dame mentioned in the provided text? , **3754534**.,niah_multikey_2,2729.443328
2.727215104,The special magic number for bewildered-abundance mentioned in the provided text is,['8717642'],0.6,0.7800019224299515,128,65.536,9155.0,41614.0,9155.0,32768,599.98208,GB,0.59998208,What is the special magic number for bewildered-abundance mentioned in the provided text? , **8717642**.,niah_multikey_2,2727.215104
2.732064768,The special magic number for relieved-synonym mentioned in the provided text is,['4032160'],0.6,0.7803924390711956,128,65.536,9155.0,41688.0,9155.0,32768,599.98208,GB,0.59998208,What is the special magic number for relieved-synonym mentioned in the provided text? , **4032160**.,niah_multikey_2,2732.064768
2.728394752,The special magic number for psychedelic-personnel mentioned in the provided text is,['6458062'],0.6,0.780097040737894,128,65.536,9155.0,41632.0,9155.0,32768,599.98208,GB,0.59998208,What is the special magic number for psychedelic-personnel mentioned in the provided text? , **6458062**.,niah_multikey_2,2728.394752
2.724265984,The special magic number for ahead-calibre mentioned in the provided text is,['4161671'],0.6,0.7797637662681325,128,65.536,9155.0,41569.0,9155.0,32768,599.98208,GB,0.59998208,What is the special magic number for ahead-calibre mentioned in the provided text? , **4161671**.,niah_multikey_2,2724.265984
2.731147264,The special magic number for ubiquitous-blush mentioned in the provided text is,['5270168'],0.6,0.7803186639151509,128,65.536,9155.0,41674.0,9155.0,32768,599.98208,GB,0.59998208,What is the special magic number for ubiquitous-blush mentioned in the provided text? , **5270168**.,niah_multikey_2,2731.147264
2.731737088,The special magic number for ambiguous-disparity mentioned in the provided text is,['6991270'],0.6,0.7803660964901759,128,65.536,9155.0,41683.0,9155.0,32768,599.98208,GB,0.59998208,What is the special magic number for ambiguous-disparity mentioned in the provided text? , **6991270**.,niah_multikey_2,2731.737088
2.728001536,The special magic number for vulgar-politician mentioned in the provided text is,['7447968'],0.6,0.7800653437755249,128,65.536,9155.0,41626.0,9155.0,32768,599.98208,GB,0.59998208,What is the special magic number for vulgar-politician mentioned in the provided text? , **7447968**.,niah_multikey_2,2728.001536
2.73055744,The special magic number for elfin-step-brother mentioned in the provided text is,['2904532'],0.6,0.780271210848434,128,65.536,9155.0,41665.0,9155.0,32768,599.98208,GB,0.59998208,What is the special magic number for elfin-step-brother mentioned in the provided text? , **2904532**.,niah_multikey_2,2730.55744
2.729443328,The special magic number for alert-scorn mentioned in the provided text is,['8051182'],0.6,0.780181521321552,128,65.536,9155.0,41648.0,9155.0,32768,599.98208,GB,0.59998208,What is the special magic number for alert-scorn mentioned in the provided text? , 8051182.,niah_multikey_2,2729.443328
2.731999232,The special magic number for frightened-tray mentioned in the provided text is,['3931546'],0.6,0.7803871710605225,128,65.536,9155.0,41687.0,9155.0,32768,599.98208,GB,0.59998208,What is the special magic number for frightened-tray mentioned in the provided text? , **3931546**.,niah_multikey_2,2731.999232
2.729705472,The special magic number for eager-television mentioned in the provided text is,['9282529'],0.6,0.7802026313262268,128,65.536,9155.0,41652.0,9155.0,32768,599.98208,GB,0.59998208,What is the special magic number for eager-television mentioned in the provided text? , **9282529**.,niah_multikey_2,2729.705472
2.733113344,The special magic number for rebellious-corporatism mentioned in the provided text is,['3857769'],0.6,0.7804766928831767,128,65.536,9155.0,41704.0,9155.0,32768,599.98208,GB,0.59998208,What is the special magic number for rebellious-corporatism mentioned in the provided text? , **3857769**.,niah_multikey_2,2733.113344
2.693398528,The special magic number for stingy-cotton mentioned in the provided text is,['7986828'],0.6,0.7772397683585576,128,65.536,9155.0,41098.0,9155.0,32768,599.98208,GB,0.59998208,What is the special magic number for stingy-cotton mentioned in the provided text? , **7986828**.,niah_multikey_2,2693.398528
2.720989184,The special magic number for elite-basin mentioned in the provided text is,['9741746'],0.6,0.7794985428358101,128,65.536,9155.0,41519.0,9155.0,32768,599.98208,GB,0.59998208,What is the special magic number for elite-basin mentioned in the provided text? , **9741746**.,niah_multikey_2,2720.989184
2.730754048,The special magic number for friendly-significance mentioned in the provided text is,['3837785'],0.6,0.7802870308150139,128,65.536,9155.0,41668.0,9155.0,32768,599.98208,GB,0.59998208,What is the special magic number for friendly-significance mentioned in the provided text? , **3837785**.,niah_multikey_2,2730.754048
2.727149568,The special magic number for inquisitive-normalisation mentioned in the provided text is,['4902158'],0.6,0.7799966356667387,128,65.536,9155.0,41613.0,9155.0,32768,599.98208,GB,0.59998208,What is the special magic number for inquisitive-normalisation mentioned in the provided text? , **4902158**.,niah_multikey_2,2727.149568
2.72007168,The special magic number for outstanding-gazelle mentioned in the provided text is,['8988938'],0.6,0.7794241657631611,128,65.536,9155.0,41505.0,9155.0,32768,599.98208,GB,0.59998208,What is the special magic number for outstanding-gazelle mentioned in the provided text? , **8988938**.,niah_multikey_2,2720.07168
2.730754048,The special magic number for venomous-zoologist mentioned in the provided text is,['4917051'],0.6,0.7802870308150139,128,65.536,9155.0,41668.0,9155.0,32768,599.98208,GB,0.59998208,What is the special magic number for venomous-zoologist mentioned in the provided text? , **4917051**.,niah_multikey_2,2730.754048
2.731802624,The special magic number for omniscient-serval mentioned in the provided text is,['2321903'],0.6,0.7803713655119471,128,65.536,9155.0,41684.0,9155.0,32768,599.98208,GB,0.59998208,What is the special magic number for omniscient-serval mentioned in the provided text? , **2321903**.,niah_multikey_2,2731.802624
2.730491904,The special magic number for icky-object mentioned in the provided text is,['6321002'],0.6,0.7802659370199693,128,65.536,9155.0,41664.0,9155.0,32768,599.98208,GB,0.59998208,What is the special magic number for icky-object mentioned in the provided text? , **6321002**.,niah_multikey_2,2730.491904
2.731409408,The special magic number for political-stick mentioned in the provided text is,['6336294'],0.6,0.7803397475886559,128,65.536,9155.0,41678.0,9155.0,32768,599.98208,GB,0.59998208,What is the special magic number for political-stick mentioned in the provided text? , **6336294**.,niah_multikey_2,2731.409408
2.730033152,The special magic number for rambunctious-bartender mentioned in the provided text is,['3111881'],0.6,0.7802290131310464,128,65.536,9155.0,41657.0,9155.0,32768,599.98208,GB,0.59998208,What is the special magic number for rambunctious-bartender mentioned in the provided text? , **3111881**.,niah_multikey_2,2730.033152
2.730360832,The special magic number for juicy-fragrance mentioned in the provided text is,['8715950'],0.6,0.7802553886035236,128,65.536,9155.0,41662.0,9155.0,32768,599.98208,GB,0.59998208,What is the special magic number for juicy-fragrance mentioned in the provided text? , **8715950**.,niah_multikey_2,2730.360832
2.730754048,The special magic number for brief-chorus mentioned in the provided text is,['4197101'],0.6,0.7802870308150139,128,65.536,9155.0,41668.0,9155.0,32768,599.98208,GB,0.59998208,What is the special magic number for brief-chorus mentioned in the provided text? , **4197101**.,niah_multikey_2,2730.754048
2.692415488,The special magic number for recondite-glasses mentioned in the provided text is,['1360370'],0.6,0.7771584353625587,128,65.536,9155.0,41083.0,9155.0,32768,599.98208,GB,0.59998208,What is the special magic number for recondite-glasses mentioned in the provided text? , **1360370**.,niah_multikey_2,2692.415488
2.729508864,The special magic number for graceful-jewellery mentioned in the provided text is,['4164303'],0.6,0.780186799202862,128,65.536,9155.0,41649.0,9155.0,32768,599.98208,GB,0.59998208,What is the special magic number for graceful-jewellery mentioned in the provided text? , **4164303**.,niah_multikey_2,2729.508864
2.728198144,The special magic number for incompetent-fatigue mentioned in the provided text is,['9405359'],0.6,0.7800811933988325,128,65.536,9155.0,41629.0,9155.0,32768,599.98208,GB,0.59998208,What is the special magic number for incompetent-fatigue mentioned in the provided text? , **9405359**.,niah_multikey_2,2728.198144
2.72924672,The special magic number for adhesive-squatter mentioned in the provided text is,['2213693'],0.6,0.7801656861568016,128,65.536,9155.0,41645.0,9155.0,32768,599.98208,GB,0.59998208,What is the special magic number for adhesive-squatter mentioned in the provided text? , **2213693**.,niah_multikey_2,2729.24672
2.730360832,The special magic number for spicy-shoestring mentioned in the provided text is,['8943770'],0.6,0.7802553886035236,128,65.536,9155.0,41662.0,9155.0,32768,599.98208,GB,0.59998208,What is the special magic number for spicy-shoestring mentioned in the provided text? , **8943770**.,niah_multikey_2,2730.360832
2.732785664,The special magic number for tan-falling-out mentioned in the provided text is,['8886624'],0.6,0.7804503705124823,128,65.536,9155.0,41699.0,9155.0,32768,599.98208,GB,0.59998208,What is the special magic number for tan-falling-out mentioned in the provided text? , **8886624**.,niah_multikey_2,2732.785664
2.727215104,The special magic number for mindless-quiche mentioned in the provided text is,['4068148'],0.6,0.7800019224299515,128,65.536,9155.0,41614.0,9155.0,32768,599.98208,GB,0.59998208,What is the special magic number for mindless-quiche mentioned in the provided text? , **4068148**.,niah_multikey_2,2727.215104
2.726559744,The special magic number for sordid-bedrock mentioned in the provided text is,['5243417'],0.6,0.7799490433612153,128,65.536,9155.0,41604.0,9155.0,32768,599.98208,GB,0.59998208,What is the special magic number for sordid-bedrock mentioned in the provided text? , **5243417**.,niah_multikey_2,2726.559744
2.731933696,The special magic number for poor-dose mentioned in the provided text is,['9946063'],0.6,0.7803819027971022,128,65.536,9155.0,41686.0,9155.0,32768,599.98208,GB,0.59998208,What is the special magic number for poor-dose mentioned in the provided text? , **9946063**.,niah_multikey_2,2731.933696
2.693136384,The special magic number for unbecoming-continuity mentioned in the provided text is,['3556843'],0.6,0.7772180853652602,128,65.536,9155.0,41094.0,9155.0,32768,599.98208,GB,0.59998208,What is the special magic number for unbecoming-continuity mentioned in the provided text? , **3556843**.,niah_multikey_2,2693.136384
2.730688512,The special magic number for rotten-graffiti mentioned in the provided text is,['5468264'],0.6,0.780281757745938,128,65.536,9155.0,41667.0,9155.0,32768,599.98208,GB,0.59998208,What is the special magic number for rotten-graffiti mentioned in the provided text? , **5468264**.,niah_multikey_2,2730.688512
2.730295296,The special magic number for super-corporatism mentioned in the provided text is,['9304746'],0.6,0.7802501140155061,128,65.536,9155.0,41661.0,9155.0,32768,599.98208,GB,0.59998208,What is the special magic number for super-corporatism mentioned in the provided text? , **9304746**.,niah_multikey_2,2730.295296
2.729050112,The special magic number for huge-chasm mentioned in the provided text is,['8004858'],0.6,0.7801498487104366,128,65.536,9155.0,41642.0,9155.0,32768,599.98208,GB,0.59998208,What is the special magic number for huge-chasm mentioned in the provided text? , **8004858**.,niah_multikey_2,2729.050112
2.72564224,The special magic number for wandering-hop mentioned in the provided text is,['3756167'],0.6,0.7798749699446983,128,65.536,9155.0,41590.0,9155.0,32768,599.98208,GB,0.59998208,What is the special magic number for wandering-hop mentioned in the provided text? , **3756167**.,niah_multikey_2,2725.64224
2.68828672,The special magic number for gaudy-marketplace mentioned in the provided text is,['8559646'],0.6,0.7768161872257435,128,65.536,9155.0,41020.0,9155.0,32768,599.98208,GB,0.59998208,What is the special magic number for gaudy-marketplace mentioned in the provided text? , **8559646**.,niah_multikey_2,2688.28672
2.729312256,The special magic number for selective-bombing mentioned in the provided text is,['1403105'],0.6,0.7801709647985401,128,65.536,9155.0,41646.0,9155.0,32768,599.98208,GB,0.59998208,What is the special magic number for selective-bombing mentioned in the provided text? , **1403105**.,niah_multikey_2,2729.312256
2.726428672,The special magic number for staking-onset mentioned in the provided text is,['7459530'],0.6,0.7799384644968992,128,65.536,9155.0,41602.0,9155.0,32768,599.98208,GB,0.59998208,What is the special magic number for staking-onset mentioned in the provided text? , **7459530**.,niah_multikey_2,2726.428672
2.72924672,The special magic number for cultured-formation mentioned in the provided text is,['5738031'],0.6,0.7801656861568016,128,65.536,9155.0,41645.0,9155.0,32768,599.98208,GB,0.59998208,What is the special magic number for cultured-formation mentioned in the provided text? , **5738031**.,niah_multikey_2,2729.24672
2.726232064,The special magic number for innate-solitaire mentioned in the provided text is,['3883377'],0.6,0.779922594293132,128,65.536,9155.0,41599.0,9155.0,32768,599.98208,GB,0.59998208,What is the special magic number for innate-solitaire mentioned in the provided text? , **3883377**.,niah_multikey_2,2726.232064
2.729639936,The special magic number for meek-monitoring mentioned in the provided text is,['9527345'],0.6,0.7801973542051812,128,65.536,9155.0,41651.0,9155.0,32768,599.98208,GB,0.59998208,What is the special magic number for meek-monitoring mentioned in the provided text? , **9527345**.,niah_multikey_2,2729.639936
2.72695296,The special magic number for abaft-honoree mentioned in the provided text is,['1753312'],0.6,0.7799807738524394,128,65.536,9155.0,41610.0,9155.0,32768,599.98208,GB,0.59998208,What is the special magic number for abaft-honoree mentioned in the provided text? , **1753312**.,niah_multikey_2,2726.95296
2.695233536,The special magic number for trashy-asymmetry mentioned in the provided text is,['7863205'],0.6,0.7773914312113991,128,65.536,9155.0,41126.0,9155.0,32768,599.98208,GB,0.59998208,What is the special magic number for trashy-asymmetry mentioned in the provided text? , **7863205**.,niah_multikey_2,2695.233536
2.729771008,The special magic number for hysterical-visual mentioned in the provided text is,['2119190'],0.6,0.7802079081938876,128,65.536,9155.0,41653.0,9155.0,32768,599.98208,GB,0.59998208,What is the special magic number for hysterical-visual mentioned in the provided text? , **2119190**.,niah_multikey_2,2729.771008
2.728329216,The special magic number for noxious-yolk mentioned in the provided text is,['9832445'],0.6,0.7800917585453148,128,65.536,9155.0,41631.0,9155.0,32768,599.98208,GB,0.59998208,What is the special magic number for noxious-yolk mentioned in the provided text? , **9832445**.,niah_multikey_2,2728.329216
2.722824192,The special magic number for internal-vault mentioned in the provided text is,['7564428'],0.6,0.7796471466050496,128,65.536,9155.0,41547.0,9155.0,32768,599.98208,GB,0.59998208,What is the special magic number for internal-vault mentioned in the provided text? , **7564428**.,niah_multikey_2,2722.824192
2.729771008,The special magic number for grandiose-jerk mentioned in the provided text is,['2055084'],0.6,0.7802079081938876,128,65.536,9155.0,41653.0,9155.0,32768,599.98208,GB,0.59998208,What is the special magic number for grandiose-jerk mentioned in the provided text? , **2055084**.,niah_multikey_2,2729.771008
2.727215104,The special magic number for thoughtful-grandmother mentioned in the provided text is,['8985325'],0.6,0.7800019224299515,128,65.536,9155.0,41614.0,9155.0,32768,599.98208,GB,0.59998208,What is the special magic number for thoughtful-grandmother mentioned in the provided text? , **8985325**.,niah_multikey_2,2727.215104
2.727477248,The special magic number for damp-evaluator mentioned in the provided text is,['7012304'],0.6,0.7800230669421885,128,65.536,9155.0,41618.0,9155.0,32768,599.98208,GB,0.59998208,What is the special magic number for damp-evaluator mentioned in the provided text? , **7012304**.,niah_multikey_2,2727.477248
2.727411712,The special magic number for amuck-invader mentioned in the provided text is,['8060877'],0.6,0.7800177811951847,128,65.536,9155.0,41617.0,9155.0,32768,599.98208,GB,0.59998208,What is the special magic number for amuck-invader mentioned in the provided text? , **8060877**.,niah_multikey_2,2727.411712
2.73022976,The special magic number for outstanding-shred mentioned in the provided text is,['7404344'],0.6,0.7802448391742679,128,65.536,9155.0,41660.0,9155.0,32768,599.98208,GB,0.59998208,What is the special magic number for outstanding-shred mentioned in the provided text? , **7404344**.,niah_multikey_2,2730.22976
2.727542784,The special magic number for bashful-drum mentioned in the provided text is,['9737221'],0.6,0.7800283524351859,128,65.536,9155.0,41619.0,9155.0,32768,599.98208,GB,0.59998208,What is the special magic number for bashful-drum mentioned in the provided text? , **9737221**.,niah_multikey_2,2727.542784
2.726821888,The special magic number for open-activity mentioned in the provided text is,['4041715'],0.6,0.7799701980388387,128,65.536,9155.0,41608.0,9155.0,32768,599.98208,GB,0.59998208,What is the special magic number for open-activity mentioned in the provided text? , **4041715**.,niah_multikey_2,2726.821888
2.723086336,The special magic number for ceaseless-detour mentioned in the provided text is,['1150497'],0.6,0.7796683593655989,128,65.536,9155.0,41551.0,9155.0,32768,599.98208,GB,0.59998208,What is the special magic number for ceaseless-detour mentioned in the provided text? , **1150497**.,niah_multikey_2,2723.086336
2.726232064,The special magic number for chunky-triumph mentioned in the provided text is,['6611264'],0.6,0.779922594293132,128,65.536,9155.0,41599.0,9155.0,32768,599.98208,GB,0.59998208,What is the special magic number for chunky-triumph mentioned in the provided text? , **6611264**.,niah_multikey_2,2726.232064
2.73055744,The special magic number for half-remote mentioned in the provided text is,['3705482'],0.6,0.780271210848434,128,65.536,9155.0,41665.0,9155.0,32768,599.98208,GB,0.59998208,What is the special magic number for half-remote mentioned in the provided text? , **3705482**.,niah_multikey_2,2730.55744
2.694119424,The special magic number for sincere-artist mentioned in the provided text is,['4054125'],0.6,0.7772993748327617,128,65.536,9155.0,41109.0,9155.0,32768,599.98208,GB,0.59998208,What is the special magic number for sincere-artist mentioned in the provided text? , **4054125**.,niah_multikey_2,2694.119424
2.729639936,The special magic number for heady-turnip mentioned in the provided text is,['7660650'],0.6,0.7801973542051812,128,65.536,9155.0,41651.0,9155.0,32768,599.98208,GB,0.59998208,What is the special magic number for heady-turnip mentioned in the provided text? , **7660650**.,niah_multikey_2,2729.639936
2.731016192,The special magic number for alleged-movement mentioned in the provided text is,['4405201'],0.6,0.7803081205605682,128,65.536,9155.0,41672.0,9155.0,32768,599.98208,GB,0.59998208,What is the special magic number for alleged-movement mentioned in the provided text? , **4405201**.,niah_multikey_2,2731.016192
2.724069376,The special magic number for nifty-instructor mentioned in the provided text is,['9658353'],0.6,0.7797478708559881,128,65.536,9155.0,41566.0,9155.0,32768,599.98208,GB,0.59998208,What is the special magic number for nifty-instructor mentioned in the provided text? , **9658353**.,niah_multikey_2,2724.069376
2.72662528,The special magic number for wretched-macaroni mentioned in the provided text is,['1074877'],0.6,0.7799543324119698,128,65.536,9155.0,41605.0,9155.0,32768,599.98208,GB,0.59998208,What is the special magic number for wretched-macaroni mentioned in the provided text? , **1074877**.,niah_multikey_2,2726.62528
2.729181184,The special magic number for unadvised-bait mentioned in the provided text is,['6791571'],0.6,0.7801604072615502,128,65.536,9155.0,41644.0,9155.0,32768,599.98208,GB,0.59998208,What is the special magic number for unadvised-bait mentioned in the provided text? , **6791571**.,niah_multikey_2,2729.181184
2.726690816,The special magic number for bashful-pine mentioned in the provided text is,['1647897'],0.6,0.7799596212084796,128,65.536,9155.0,41606.0,9155.0,32768,599.98208,GB,0.59998208,What is the special magic number for bashful-pine mentioned in the provided text? , **1647897**.,niah_multikey_2,2726.690816
2.728329216,The special magic number for naughty-literate mentioned in the provided text is,['1510397'],0.6,0.7800917585453148,128,65.536,9155.0,41631.0,9155.0,32768,599.98208,GB,0.59998208,What is the special magic number for naughty-literate mentioned in the provided text? , **1510397**.,niah_multikey_2,2728.329216
2.729377792,The special magic number for handsomely-corridor mentioned in the provided text is,['2816607'],0.6,0.7801762431867841,128,65.536,9155.0,41647.0,9155.0,32768,599.98208,GB,0.59998208,What is the special magic number for handsomely-corridor mentioned in the provided text? , **2816607**.,niah_multikey_2,2729.377792
2.725904384,The special magic number for blue-compassion mentioned in the provided text is,['1255331'],0.6,0.7798961388661826,128,65.536,9155.0,41594.0,9155.0,32768,599.98208,GB,0.59998208,What is the special magic number for blue-compassion mentioned in the provided text? , **1255331**.,niah_multikey_2,2725.904384
2.731147264,The special magic number for unsightly-login mentioned in the provided text is,['5830727'],0.6,0.7803186639151509,128,65.536,9155.0,41674.0,9155.0,32768,599.98208,GB,0.59998208,What is the special magic number for unsightly-login mentioned in the provided text? , **5830727**.,niah_multikey_2,2731.147264
2.732457984,The special magic number for flagrant-swanling mentioned in the provided text is,['6128815'],0.6,0.7804240418285604,128,65.536,9155.0,41694.0,9155.0,32768,599.98208,GB,0.59998208,What is the special magic number for flagrant-swanling mentioned in the provided text? , **6128815**.,niah_multikey_2,2732.457984
2.72433152,The special magic number for fragile-lumberman mentioned in the provided text is,['8372714'],0.6,0.7797690642290113,128,65.536,9155.0,41570.0,9155.0,32768,599.98208,GB,0.59998208,What is the special magic number for fragile-lumberman mentioned in the provided text? , **8372714**.,niah_multikey_2,2724.33152
2.728394752,The special magic number for selective-mound mentioned in the provided text is,['2151770'],0.6,0.780097040737894,128,65.536,9155.0,41632.0,9155.0,32768,599.98208,GB,0.59998208,What is the special magic number for selective-mound mentioned in the provided text? , **2151770**.,niah_multikey_2,2728.394752
2.730360832,The special magic number for little-electronics mentioned in the provided text is,['8354532'],0.6,0.7802553886035236,128,65.536,9155.0,41662.0,9155.0,32768,599.98208,GB,0.59998208,What is the special magic number for little-electronics mentioned in the provided text? , **8354532**.,niah_multikey_2,2730.360832
2.729443328,The special magic number for trite-engineering mentioned in the provided text is,['4772258'],0.6,0.780181521321552,128,65.536,9155.0,41648.0,9155.0,32768,599.98208,GB,0.59998208,What is the special magic number for trite-engineering mentioned in the provided text? , **4772258**.,niah_multikey_2,2729.443328
2.726887424,The special magic number for scandalous-paste mentioned in the provided text is,['2381090'],0.6,0.7799754860727246,128,65.536,9155.0,41609.0,9155.0,32768,599.98208,GB,0.59998208,What is the special magic number for scandalous-paste mentioned in the provided text? , **2381090**.,niah_multikey_2,2726.887424
2.732916736,The special magic number for good-approval mentioned in the provided text is,['9461838'],0.6,0.7804609002182201,128,65.536,9155.0,41701.0,9155.0,32768,599.98208,GB,0.59998208,What is the special magic number for good-approval mentioned in the provided text? , **9461838**.,niah_multikey_2,2732.916736
2.73350656,The special magic number for witty-ray mentioned in the provided text is,['5666491'],0.6,0.7805082713977464,128,65.536,9155.0,41710.0,9155.0,32768,599.98208,GB,0.59998208,What is the special magic number for witty-ray mentioned in the provided text? , **5666491**.,niah_multikey_2,2733.50656
2.727018496,The special magic number for absorbed-billion mentioned in the provided text is,['5906538'],0.6,0.779986061378001,128,65.536,9155.0,41611.0,9155.0,32768,599.98208,GB,0.59998208,What is the special magic number for absorbed-billion mentioned in the provided text? , **5906538**.,niah_multikey_2,2727.018496
2.728329216,The special magic number for thoughtful-philosophy mentioned in the provided text is,['6394203'],0.6,0.7800917585453148,128,65.536,9155.0,41631.0,9155.0,32768,599.98208,GB,0.59998208,What is the special magic number for thoughtful-philosophy mentioned in the provided text? , **6394203**.,niah_multikey_2,2728.329216
2.726887424,The special magic number for amused-elite mentioned in the provided text is,['4278204'],0.6,0.7799754860727246,128,65.536,9155.0,41609.0,9155.0,32768,599.98208,GB,0.59998208,What is the special magic number for amused-elite mentioned in the provided text? , **4278204**.,niah_multikey_2,2726.887424
2.730295296,The special magic number for berserk-ascot mentioned in the provided text is,['1794654'],0.6,0.7802501140155061,128,65.536,9155.0,41661.0,9155.0,32768,599.98208,GB,0.59998208,What is the special magic number for berserk-ascot mentioned in the provided text? , **1794654**.,niah_multikey_2,2730.295296
2.730950656,The special magic number for amused-loop mentioned in the provided text is,['3859098'],0.6,0.7803028485037556,128,65.536,9155.0,41671.0,9155.0,32768,599.98208,GB,0.59998208,What is the special magic number for amused-loop mentioned in the provided text? , **3859098**.,niah_multikey_2,2730.950656
2.733703168,The special magic number for flagrant-entry mentioned in the provided text is,['8234870'],0.6,0.7805240572483398,128,65.536,9155.0,41713.0,9155.0,32768,599.98208,GB,0.59998208,What is the special magic number for flagrant-entry mentioned in the provided text? , **8234870**.,niah_multikey_2,2733.703168
2.728984576,The special magic number for incompetent-calibre mentioned in the provided text is,['3498082'],0.6,0.7801445690545377,128,65.536,9155.0,41641.0,9155.0,32768,599.98208,GB,0.59998208,What is the special magic number for incompetent-calibre mentioned in the provided text? , **3498082**.,niah_multikey_2,2728.984576
2.731737088,The special magic number for jittery-cinnamon mentioned in the provided text is,['8249913'],0.6,0.7803660964901759,128,65.536,9155.0,41683.0,9155.0,32768,599.98208,GB,0.59998208,What is the special magic number for jittery-cinnamon mentioned in the provided text? , **8249913**.,niah_multikey_2,2731.737088
2.730950656,The special magic number for accidental-deduce mentioned in the provided text is,['3415832'],0.6,0.7803028485037556,128,65.536,9155.0,41671.0,9155.0,32768,599.98208,GB,0.59998208,What is the special magic number for accidental-deduce mentioned in the provided text? , **3415832**.,niah_multikey_2,2730.950656
2.729705472,The special magic number for numberless-cylinder mentioned in the provided text is,['8588033'],0.6,0.7802026313262268,128,65.536,9155.0,41652.0,9155.0,32768,599.98208,GB,0.59998208,What is the special magic number for numberless-cylinder mentioned in the provided text? , **8588033**.,niah_multikey_2,2729.705472
2.728198144,The special magic number for misty-soda mentioned in the provided text is,['6451883'],0.6,0.7800811933988325,128,65.536,9155.0,41629.0,9155.0,32768,599.98208,GB,0.59998208,What is the special magic number for misty-soda mentioned in the provided text? , **6451883**.,niah_multikey_2,2728.198144
2.724069376,The special magic number for stingy-brochure mentioned in the provided text is,['9656867'],0.6,0.7797478708559881,128,65.536,9155.0,41566.0,9155.0,32768,599.98208,GB,0.59998208,What is the special magic number for stingy-brochure mentioned in the provided text? , **9656867**.,niah_multikey_2,2724.069376
2.726756352,The special magic number for jaded-throne mentioned in the provided text is,['2390120'],0.6,0.779964909750763,128,65.536,9155.0,41607.0,9155.0,32768,599.98208,GB,0.59998208,What is the special magic number for jaded-throne mentioned in the provided text? , **2390120**.,niah_multikey_2,2726.756352
2.729115648,The special magic number for receptive-peer mentioned in the provided text is,['3916218'],0.6,0.7801551281127681,128,65.536,9155.0,41643.0,9155.0,32768,599.98208,GB,0.59998208,What is the special magic number for receptive-peer mentioned in the provided text? , **3916218**.,niah_multikey_2,2729.115648
2.72564224,The special magic number for precious-spelt mentioned in the provided text is,['8420550'],0.6,0.7798749699446983,128,65.536,9155.0,41590.0,9155.0,32768,599.98208,GB,0.59998208,What is the special magic number for precious-spelt mentioned in the provided text? , **8420550**.,niah_multikey_2,2725.64224
2.72859136,The special magic number for lewd-briefly mentioned in the provided text is,['9046783'],0.6,0.7801128857932028,128,65.536,9155.0,41635.0,9155.0,32768,599.98208,GB,0.59998208,What is the special magic number for lewd-briefly mentioned in the provided text? , **9046783**.,niah_multikey_2,2728.59136
2.728460288,The special magic number for longing-prompt mentioned in the provided text is,['6881472'],0.6,0.7801023226767227,128,65.536,9155.0,41633.0,9155.0,32768,599.98208,GB,0.59998208,What is the special magic number for longing-prompt mentioned in the provided text? , **6881472**.,niah_multikey_2,2728.460288
2.7295744,The special magic number for eatable-veil mentioned in the provided text is,['9432286'],0.6,0.7801920768307323,128,65.536,9155.0,41650.0,9155.0,32768,599.98208,GB,0.59998208,What is the special magic number for eatable-veil mentioned in the provided text? , **9432286**.,niah_multikey_2,2729.5744
2.722168832,The special magic number for hot-donut mentioned in the provided text is,['1736920'],0.6,0.7795940968293329,128,65.536,9155.0,41537.0,9155.0,32768,599.98208,GB,0.59998208,What is the special magic number for hot-donut mentioned in the provided text? , **1736920**.,niah_multikey_2,2722.168832
2.724724736,The special magic number for narrow-owner mentioned in the provided text is,['2854914'],0.6,0.7798008466422937,128,65.536,9155.0,41576.0,9155.0,32768,599.98208,GB,0.59998208,What is the special magic number for narrow-owner mentioned in the provided text? , **2854914**.,niah_multikey_2,2724.724736
2.72924672,The special magic number for furtive-sack mentioned in the provided text is,['2201792'],0.6,0.7801656861568016,128,65.536,9155.0,41645.0,9155.0,32768,599.98208,GB,0.59998208,What is the special magic number for furtive-sack mentioned in the provided text? , **8533562**.,niah_multikey_2,2729.24672
2.695364608,The special magic number for itchy-witch-hunt mentioned in the provided text is,['3808021'],0.6,0.777402256370356,128,65.536,9155.0,41128.0,9155.0,32768,599.98208,GB,0.59998208,What is the special magic number for itchy-witch-hunt mentioned in the provided text? , **3808021**.,niah_multikey_2,2695.364608
2.729639936,The special magic number for upbeat-pseudocode mentioned in the provided text is,['6614611'],0.6,0.7801973542051812,128,65.536,9155.0,41651.0,9155.0,32768,599.98208,GB,0.59998208,What is the special magic number for upbeat-pseudocode mentioned in the provided text? , **6614611**.,niah_multikey_2,2729.639936
2.691366912,The special magic number for pastoral-dinner mentioned in the provided text is,['7860744'],0.6,0.7770716146784523,128,65.536,9155.0,41067.0,9155.0,32768,599.98208,GB,0.59998208,What is the special magic number for pastoral-dinner mentioned in the provided text? , **7860744**.,niah_multikey_2,2691.366912
2.723938304,The special magic number for purring-sickness mentioned in the provided text is,['6718927'],0.6,0.7797372726397844,128,65.536,9155.0,41564.0,9155.0,32768,599.98208,GB,0.59998208,What is the special magic number for purring-sickness mentioned in the provided text? , **6718927**.,niah_multikey_2,2723.938304
2.730426368,The special magic number for resolute-bottom-line mentioned in the provided text is,['5652627'],0.6,0.7802606629383386,128,65.536,9155.0,41663.0,9155.0,32768,599.98208,GB,0.59998208,What is the special magic number for resolute-bottom-line mentioned in the provided text? , **5652627**.,niah_multikey_2,2730.426368
2.729508864,The special magic number for wise-cosset mentioned in the provided text is,['7453400'],0.6,0.780186799202862,128,65.536,9155.0,41649.0,9155.0,32768,599.98208,GB,0.59998208,What is the special magic number for wise-cosset mentioned in the provided text? , **7453400**.,niah_multikey_2,2729.508864
2.731737088,The special magic number for terrible-chief mentioned in the provided text is,['7362466'],0.6,0.7803660964901759,128,65.536,9155.0,41683.0,9155.0,32768,599.98208,GB,0.59998208,What is the special magic number for terrible-chief mentioned in the provided text? , **7362466**.,niah_multikey_2,2731.737088
2.727215104,The special magic number for hospitable-avocado mentioned in the provided text is,['3938765'],0.6,0.7800019224299515,128,65.536,9155.0,41614.0,9155.0,32768,599.98208,GB,0.59998208,What is the special magic number for hospitable-avocado mentioned in the provided text? , **3938765**.,niah_multikey_2,2727.215104
2.72596992,The special magic number for wanting-accident mentioned in the provided text is,['7479852'],0.6,0.7799014304603918,128,65.536,9155.0,41595.0,9155.0,32768,599.98208,GB,0.59998208,What is the special magic number for wanting-accident mentioned in the provided text? , **7479852**.,niah_multikey_2,2725.96992
2.728460288,The special magic number for calm-lookout mentioned in the provided text is,['2223232'],0.6,0.7801023226767227,128,65.536,9155.0,41633.0,9155.0,32768,599.98208,GB,0.59998208,What is the special magic number for calm-lookout mentioned in the provided text? , **2223232**.,niah_multikey_2,2728.460288
2.687107072,The special magic number for cowardly-syndrome mentioned in the provided text is,['5435289'],0.6,0.7767182088678601,128,65.536,9155.0,41002.0,9155.0,32768,599.98208,GB,0.59998208,What is the special magic number for cowardly-syndrome mentioned in the provided text? , **5435289**.,niah_multikey_2,2687.107072
2.727936,The special magic number for big-crisis mentioned in the provided text is,['8437457'],0.6,0.78006006006006,128,65.536,9155.0,41625.0,9155.0,32768,599.98208,GB,0.59998208,What is the special magic number for big-crisis mentioned in the provided text? , **8437457**.,niah_multikey_2,2727.936
2.727936,The special magic number for addicted-minimalism mentioned in the provided text is,['4891955'],0.6,0.78006006006006,128,65.536,9155.0,41625.0,9155.0,32768,599.98208,GB,0.59998208,What is the special magic number for addicted-minimalism mentioned in the provided text? , **4891955**.,niah_multikey_2,2727.936
2.726887424,The special magic number for mundane-sweater mentioned in the provided text is,['3329397'],0.6,0.7799754860727246,128,65.536,9155.0,41609.0,9155.0,32768,599.98208,GB,0.59998208,What is the special magic number for mundane-sweater mentioned in the provided text? , **3329397**.,niah_multikey_2,2726.887424
2.7295744,The special magic number for homely-exit mentioned in the provided text is,['7427393'],0.6,0.7801920768307323,128,65.536,9155.0,41650.0,9155.0,32768,599.98208,GB,0.59998208,What is the special magic number for homely-exit mentioned in the provided text? , **7427393**.,niah_multikey_2,2729.5744
2.726494208,The special magic number for quickest-regard mentioned in the provided text is,['6376425'],0.6,0.7799437540561979,128,65.536,9155.0,41603.0,9155.0,32768,599.98208,GB,0.59998208,What is the special magic number for quickest-regard mentioned in the provided text? , **6376425**.,niah_multikey_2,2726.494208
2.722562048,The special magic number for racial-vivo mentioned in the provided text is,['7762965'],0.6,0.7796259297595263,128,65.536,9155.0,41543.0,9155.0,32768,599.98208,GB,0.59998208,What is the special magic number for racial-vivo mentioned in the provided text? , **7762965**.,niah_multikey_2,2722.562048
2.69451264,The special magic number for guttural-turf mentioned in the provided text is,['7600084'],0.6,0.7773318740119177,128,65.536,9155.0,41115.0,9155.0,32768,599.98208,GB,0.59998208,What is the special magic number for guttural-turf mentioned in the provided text? , **7600084**.,niah_multikey_2,2694.51264
2.727477248,The special magic number for cooperative-effect mentioned in the provided text is,['9246901'],0.6,0.7800230669421885,128,65.536,9155.0,41618.0,9155.0,32768,599.98208,GB,0.59998208,What is the special magic number for cooperative-effect mentioned in the provided text? , **9246901**.,niah_multikey_2,2727.477248
2.727346176,The special magic number for ludicrous-evaluation mentioned in the provided text is,['9689914'],0.6,0.780012495194156,128,65.536,9155.0,41616.0,9155.0,32768,599.98208,GB,0.59998208,What is the special magic number for ludicrous-evaluation mentioned in the provided text? , **9689914**.,niah_multikey_2,2727.346176
2.722103296,The special magic number for cheerful-raincoat mentioned in the provided text is,['1932921'],0.6,0.7795887904468413,128,65.536,9155.0,41536.0,9155.0,32768,599.98208,GB,0.59998208,What is the special magic number for cheerful-raincoat mentioned in the provided text? , **1932921**.,niah_multikey_2,2722.103296
