context_length,uncompressed_kv_memory_mb,compression_ratio,answer,retained_context_tokens,predicted_answer,kv_memory_per_token_kb,context_tokens,memory_budget,memory_budget_unit,retained_kv_memory_mb,token_budget,max_new_tokens,answer_prefix,retained_kv_memory_gb,uncompressed_kv_memory_gb,question,task
32768,2120.155136,0.622670087477976,['7381734' '9002392' '1098919' '6901533'],12207.0,":

1.  **1098919**
2.  **9002392**
3.  **6901533**
4.  **7381734**",65.536,32351.0,0.8,GB,799.997952,12207.0,128,The special magic numbers for small-penicillin mentioned in the provided text are,0.799997952,2.120155136,What are all the special magic numbers for small-penicillin mentioned in the provided text? ,niah_multivalue
32768,2120.155136,0.622670087477976,['4681284' '5579094' '8312114' '9147720'],12207.0,":

1.  **8312114**
2.  **5579094**
3.  **9147720**
4.  **4681284**",65.536,32351.0,0.8,GB,799.997952,12207.0,128,The special magic numbers for political-maestro mentioned in the provided text are,0.799997952,2.120155136,What are all the special magic numbers for political-maestro mentioned in the provided text? ,niah_multivalue
32768,2120.155136,0.622670087477976,['3141239' '9961107' '1452421' '7610562'],12207.0,":

1.  **1452421**
2.  **9961107**
3.  **7610562**
4.  **3141239**",65.536,32351.0,0.8,GB,799.997952,12207.0,128,The special magic numbers for painful-sausage mentioned in the provided text are,0.799997952,2.120155136,What are all the special magic numbers for painful-sausage mentioned in the provided text? ,niah_multivalue
32768,2120.155136,0.622670087477976,['8746014' '4048907' '1843636' '5364698'],12207.0,":

1.  **1843636**
2.  **4048907**
3.  **5364698**
4.  **8746014**",65.536,32351.0,0.8,GB,799.997952,12207.0,128,The special magic numbers for damaging-retrospective mentioned in the provided text are,0.799997952,2.120155136,What are all the special magic numbers for damaging-retrospective mentioned in the provided text? ,niah_multivalue
32768,2119.892992,0.6226234272111788,['7360682' '5668371' '8072684' '5232413'],12207.0,":

1.  **8072684**
2.  **5668371**
3.  **5232413**
4.  **7360682**",65.536,32347.0,0.8,GB,799.997952,12207.0,128,The special magic numbers for internal-coordination mentioned in the provided text are,0.799997952,2.119892992,What are all the special magic numbers for internal-coordination mentioned in the provided text? ,niah_multivalue
32768,2120.41728,0.6227167362076959,['4761823' '2151225' '1675419' '1520596'],12207.0,":

1.  **1675419**
2.  **2151225**
3.  **1520596**
4.  **4761823**",65.536,32355.0,0.8,GB,799.997952,12207.0,128,The special magic numbers for jumpy-off-ramp mentioned in the provided text are,0.799997952,2.12041728,What are all the special magic numbers for jumpy-off-ramp mentioned in the provided text? ,niah_multivalue
32768,2120.155136,0.622670087477976,['3117636' '8945036' '2919136' '4656838'],12207.0,":

1.  **2919136**
2.  **8945036**
3.  **4656838**
4.  **3117636**",65.536,32351.0,0.8,GB,799.997952,12207.0,128,The special magic numbers for foregoing-syndicate mentioned in the provided text are,0.799997952,2.120155136,What are all the special magic numbers for foregoing-syndicate mentioned in the provided text? ,niah_multivalue
32768,2120.155136,0.622670087477976,['6218367' '2813596' '1430812' '6233774'],12207.0,":

1.  **1430812**
2.  **2813596**
3.  **6233774**
4.  **6218367**",65.536,32351.0,0.8,GB,799.997952,12207.0,128,The special magic numbers for disgusted-hunchback mentioned in the provided text are,0.799997952,2.120155136,What are all the special magic numbers for disgusted-hunchback mentioned in the provided text? ,niah_multivalue
32768,2120.155136,0.622670087477976,['5074336' '2709620' '6059717' '3030966'],12207.0,":

1.  **6059717** (Found in the section discussing Internet addiction and procrastination)
2.  **2709620** (Found in the section discussing working for oneself vs. big companies)
3.  **3030966** (Found in the section discussing the acceleration of change and ideas)
4.  **5074336** (Found in the section discussing visas for startup founders)",65.536,32351.0,0.8,GB,799.997952,12207.0,128,The special magic numbers for splendid-trombone mentioned in the provided text are,0.799997952,2.120155136,What are all the special magic numbers for splendid-trombone mentioned in the provided text? ,niah_multivalue
32768,2120.41728,0.6227167362076959,['7217147' '2156902' '9488613' '6724909'],12207.0,":

1.  **9488613**
2.  **2156902**
3.  **6724909**
4.  **7217147**",65.536,32355.0,0.8,GB,799.997952,12207.0,128,The special magic numbers for typical-revitalisation mentioned in the provided text are,0.799997952,2.12041728,What are all the special magic numbers for typical-revitalisation mentioned in the provided text? ,niah_multivalue
32768,2119.892992,0.6226234272111788,['8713146' '3566765' '8306261' '3955087'],12207.0,":

1.  **8306261**
2.  **3566765**
3.  **3955087**
4.  **8713146**",65.536,32347.0,0.8,GB,799.997952,12207.0,128,The special magic numbers for late-rayon mentioned in the provided text are,0.799997952,2.119892992,What are all the special magic numbers for late-rayon mentioned in the provided text? ,niah_multivalue
32768,2120.155136,0.622670087477976,['8307727' '5502929' '6407373' '5118725'],12207.0,":

1.  **6407373**
2.  **5502929**
3.  **5118725**
4.  **8307727**",65.536,32351.0,0.8,GB,799.997952,12207.0,128,The special magic numbers for overrated-pile mentioned in the provided text are,0.799997952,2.120155136,What are all the special magic numbers for overrated-pile mentioned in the provided text? ,niah_multivalue
32768,2120.155136,0.622670087477976,['7358385' '6643798' '1481506' '9293086'],12207.0,":

1.  **1481506**
2.  **6643798**
3.  **9293086**
4.  **7358385**",65.536,32351.0,0.8,GB,799.997952,12207.0,128,The special magic numbers for skillful-high-rise mentioned in the provided text are,0.799997952,2.120155136,What are all the special magic numbers for skillful-high-rise mentioned in the provided text? ,niah_multivalue
32768,2120.155136,0.622670087477976,['6709938' '5691890' '5635017' '1170307'],12207.0,":

1.  **5635017**
2.  **5691890**
3.  **1170307**
4.  **6709938**",65.536,32351.0,0.8,GB,799.997952,12207.0,128,The special magic numbers for gifted-fratricide mentioned in the provided text are,0.799997952,2.120155136,What are all the special magic numbers for gifted-fratricide mentioned in the provided text? ,niah_multivalue
32768,2119.892992,0.6226234272111788,['5031966' '8987516' '9234615' '8519121'],12207.0,":

1.  **9234615**
2.  **8987516**
3.  **8519121**
4.  **5031966**",65.536,32347.0,0.8,GB,799.997952,12207.0,128,The special magic numbers for political-vol mentioned in the provided text are,0.799997952,2.119892992,What are all the special magic numbers for political-vol mentioned in the provided text? ,niah_multivalue
32768,2120.41728,0.6227167362076959,['5081983' '6137284' '7191135' '8939993'],12207.0,":

1.  **7191135**
2.  **6137284**
3.  **8939993**
4.  **5081983**",65.536,32355.0,0.8,GB,799.997952,12207.0,128,The special magic numbers for vivacious-circadian mentioned in the provided text are,0.799997952,2.12041728,What are all the special magic numbers for vivacious-circadian mentioned in the provided text? ,niah_multivalue
32768,2120.155136,0.622670087477976,['8612582' '5545223' '6144280' '5217853'],12207.0,":

1.  **6144280**
2.  **5545223**
3.  **5217853**
4.  **8612582**",65.536,32351.0,0.8,GB,799.997952,12207.0,128,The special magic numbers for kaput-tension mentioned in the provided text are,0.799997952,2.120155136,What are all the special magic numbers for kaput-tension mentioned in the provided text? ,niah_multivalue
32768,2120.41728,0.6227167362076959,['4106298' '4213524' '4630331' '9123504'],12207.0,":

1.  **4630331**
2.  **4213524**
3.  **9123504**
4.  **4106298**",65.536,32355.0,0.8,GB,799.997952,12207.0,128,The special magic numbers for romantic-harpooner mentioned in the provided text are,0.799997952,2.12041728,What are all the special magic numbers for romantic-harpooner mentioned in the provided text? ,niah_multivalue
32768,2120.41728,0.6227167362076959,['4256752' '5970190' '4816534' '7054579'],12207.0,":

1.  **4816534**
2.  **5970190**
3.  **7054579**
4.  **4256752**",65.536,32355.0,0.8,GB,799.997952,12207.0,128,The special magic numbers for chivalrous-disclosure mentioned in the provided text are,0.799997952,2.12041728,What are all the special magic numbers for chivalrous-disclosure mentioned in the provided text? ,niah_multivalue
32768,2120.155136,0.622670087477976,['1763626' '1914794' '5901239' '3118618'],12207.0,":

1.  **5901239**
2.  **1914794**
3.  **3118618**
4.  **1763626**",65.536,32351.0,0.8,GB,799.997952,12207.0,128,The special magic numbers for grouchy-bongo mentioned in the provided text are,0.799997952,2.120155136,What are all the special magic numbers for grouchy-bongo mentioned in the provided text? ,niah_multivalue
32768,2119.892992,0.6226234272111788,['9031491' '8389840' '6716097' '4093109'],12207.0,":

1.  **6716097**
2.  **8389840**
3.  **4093109**
4.  **9031491**",65.536,32347.0,0.8,GB,799.997952,12207.0,128,The special magic numbers for panoramic-deputy mentioned in the provided text are,0.799997952,2.119892992,What are all the special magic numbers for panoramic-deputy mentioned in the provided text? ,niah_multivalue
32768,2119.892992,0.6226234272111788,['9250138' '2242892' '1899411' '3545556'],12207.0,":

1.  **1899411**
2.  **2242892**
3.  **3545556**
4.  **9250138**",65.536,32347.0,0.8,GB,799.997952,12207.0,128,The special magic numbers for mature-fellow mentioned in the provided text are,0.799997952,2.119892992,What are all the special magic numbers for mature-fellow mentioned in the provided text? ,niah_multivalue
32768,2120.155136,0.622670087477976,['7982241' '4786401' '9767312' '7381684'],12207.0,":

1.  **9767312**
2.  **4786401**
3.  **7381684**
4.  **7982241**",65.536,32351.0,0.8,GB,799.997952,12207.0,128,The special magic numbers for cooperative-heritage mentioned in the provided text are,0.799997952,2.120155136,What are all the special magic numbers for cooperative-heritage mentioned in the provided text? ,niah_multivalue
32768,2119.892992,0.6226234272111788,['2010496' '2664863' '4486102' '4540415'],12207.0,":

1.  **4486102**
2.  **2664863**
3.  **4540415**
4.  **2010496**",65.536,32347.0,0.8,GB,799.997952,12207.0,128,The special magic numbers for silly-trace mentioned in the provided text are,0.799997952,2.119892992,What are all the special magic numbers for silly-trace mentioned in the provided text? ,niah_multivalue
32768,2120.679424,0.622763373404617,['2259379' '3626181' '1044891' '7853787'],12207.0,":

1.  **1044891**
2.  **3626181**
3.  **7853787**
4.  **2259379**",65.536,32359.0,0.8,GB,799.997952,12207.0,128,The special magic numbers for scintillating-flick mentioned in the provided text are,0.799997952,2.120679424,What are all the special magic numbers for scintillating-flick mentioned in the provided text? ,niah_multivalue
32768,2119.630848,0.6225767554030238,['5833597' '5743227' '8617381' '2194198'],12207.0,":

1.  **8617381**
2.  **5743227**
3.  **2194198**
4.  **5833597**",65.536,32343.0,0.8,GB,799.997952,12207.0,128,The special magic numbers for flawless-cent mentioned in the provided text are,0.799997952,2.119630848,What are all the special magic numbers for flawless-cent mentioned in the provided text? ,niah_multivalue
32768,2120.155136,0.622670087477976,['4771676' '3499627' '5456573' '3386328'],12207.0,":

1.  **5456573**
2.  **3499627**
3.  **3386328**
4.  **4771676**",65.536,32351.0,0.8,GB,799.997952,12207.0,128,The special magic numbers for concerned-tabernacle mentioned in the provided text are,0.799997952,2.120155136,What are all the special magic numbers for concerned-tabernacle mentioned in the provided text? ,niah_multivalue
32768,2120.41728,0.6227167362076959,['3086308' '8863447' '6101803' '7752972'],12207.0,":

1.  **6101803**
2.  **8863447**
3.  **7752972**
4.  **3086308**",65.536,32355.0,0.8,GB,799.997952,12207.0,128,The special magic numbers for null-subsidiary mentioned in the provided text are,0.799997952,2.12041728,What are all the special magic numbers for null-subsidiary mentioned in the provided text? ,niah_multivalue
32768,2120.155136,0.622670087477976,['1668752' '8248238' '6407658' '5200476'],12207.0,":

1.  **6407658**
2.  **8248238**
3.  **5200476**
4.  **1668752**",65.536,32351.0,0.8,GB,799.997952,12207.0,128,The special magic numbers for brash-howard mentioned in the provided text are,0.799997952,2.120155136,What are all the special magic numbers for brash-howard mentioned in the provided text? ,niah_multivalue
32768,2120.679424,0.622763373404617,['5521644' '1674975' '3939212' '8893693'],12207.0,":

1.  **3939212**
2.  **1674975**
3.  **8893693**
4.  **5521644**",65.536,32359.0,0.8,GB,799.997952,12207.0,128,The special magic numbers for unequaled-atmosphere mentioned in the provided text are,0.799997952,2.120679424,What are all the special magic numbers for unequaled-atmosphere mentioned in the provided text? ,niah_multivalue
32768,2120.155136,0.622670087477976,['9249789' '2530793' '8885465' '6837817'],12207.0,":

1.  **8885465**
2.  **2530793**
3.  **6837817**
4.  **9249789**",65.536,32351.0,0.8,GB,799.997952,12207.0,128,The special magic numbers for teeny-prohibition mentioned in the provided text are,0.799997952,2.120155136,What are all the special magic numbers for teeny-prohibition mentioned in the provided text? ,niah_multivalue
32768,2119.630848,0.6225767554030238,['7906258' '9312590' '5835492' '7718473'],12207.0,":

1.  **5835492** (Found in the section discussing Internet addiction and procrastination)
2.  **9312590** (Found in the section discussing Apple's App Store approval process)
3.  **7718473** (Found in the section discussing programming language design and the user)
4.  **7906258** (Found in the section discussing the qualities of startup founders, specifically imagination)",65.536,32343.0,0.8,GB,799.997952,12207.0,128,The special magic numbers for impossible-primary mentioned in the provided text are,0.799997952,2.119630848,What are all the special magic numbers for impossible-primary mentioned in the provided text? ,niah_multivalue
32768,2120.155136,0.622670087477976,['6423634' '2944841' '7780932' '9633492'],12207.0,":

1.  **7780932**
2.  **2944841**
3.  **9633492**
4.  **6423634**",65.536,32351.0,0.8,GB,799.997952,12207.0,128,The special magic numbers for gamy-acorn mentioned in the provided text are,0.799997952,2.120155136,What are all the special magic numbers for gamy-acorn mentioned in the provided text? ,niah_multivalue
32768,2119.892992,0.6226234272111788,['9697969' '7069650' '9363326' '8416216'],12207.0,":

1.  **9363326**
2.  **7069650**
3.  **8416216**
4.  **9697969**",65.536,32347.0,0.8,GB,799.997952,12207.0,128,The special magic numbers for elderly-tablet mentioned in the provided text are,0.799997952,2.119892992,What are all the special magic numbers for elderly-tablet mentioned in the provided text? ,niah_multivalue
32768,2119.892992,0.6226234272111788,['8350368' '9132114' '3037191' '1484348'],12207.0,":

1.  **3037191**
2.  **9132114**
3.  **1484348**
4.  **8350368**",65.536,32347.0,0.8,GB,799.997952,12207.0,128,The special magic numbers for hard-attempt mentioned in the provided text are,0.799997952,2.119892992,What are all the special magic numbers for hard-attempt mentioned in the provided text? ,niah_multivalue
32768,2120.679424,0.622763373404617,['7844947' '2563790' '4769851' '2903561'],12207.0,":

1.  **4769851**
2.  **2563790**
3.  **2903561**
4.  **7844947**",65.536,32359.0,0.8,GB,799.997952,12207.0,128,The special magic numbers for scintillating-pocketbook mentioned in the provided text are,0.799997952,2.120679424,What are all the special magic numbers for scintillating-pocketbook mentioned in the provided text? ,niah_multivalue
32768,2120.155136,0.622670087477976,['5587308' '7970771' '9094999' '8922533'],12207.0,":

1.  **9094999**
2.  **7970771**
3.  **8922533**
4.  **5587308**",65.536,32351.0,0.8,GB,799.997952,12207.0,128,The special magic numbers for quiet-astrology mentioned in the provided text are,0.799997952,2.120155136,What are all the special magic numbers for quiet-astrology mentioned in the provided text? ,niah_multivalue
32768,2119.892992,0.6226234272111788,['9526867' '3290229' '2171218' '5634662'],12207.0,":

1.  **2171218**
2.  **3290229**
3.  **5634662**
4.  **9526867**",65.536,32347.0,0.8,GB,799.997952,12207.0,128,The special magic numbers for embarrassed-paddle mentioned in the provided text are,0.799997952,2.119892992,What are all the special magic numbers for embarrassed-paddle mentioned in the provided text? ,niah_multivalue
32768,2119.630848,0.6225767554030238,['6008935' '9214801' '3493017' '8491822'],12207.0,":

1.  **3493017**
2.  **9214801**
3.  **8491822**
4.  **6008935**",65.536,32343.0,0.8,GB,799.997952,12207.0,128,The special magic numbers for half-part mentioned in the provided text are,0.799997952,2.119630848,What are all the special magic numbers for half-part mentioned in the provided text? ,niah_multivalue
32768,2120.679424,0.622763373404617,['6398528' '4165061' '5006492' '7425184'],12207.0,":

1.  **5006492**
2.  **4165061**
3.  **7425184**
4.  **6398528**",65.536,32359.0,0.8,GB,799.997952,12207.0,128,The special magic numbers for onerous-symptom mentioned in the provided text are,0.799997952,2.120679424,What are all the special magic numbers for onerous-symptom mentioned in the provided text? ,niah_multivalue
32768,2119.892992,0.6226234272111788,['7395997' '7477326' '3551903' '9310235'],12207.0,":

1.  **3551903**
2.  **7477326**
3.  **9310235**
4.  **7395997**",65.536,32347.0,0.8,GB,799.997952,12207.0,128,The special magic numbers for weak-scotch mentioned in the provided text are,0.799997952,2.119892992,What are all the special magic numbers for weak-scotch mentioned in the provided text? ,niah_multivalue
32768,2120.41728,0.6227167362076959,['8387112' '2672884' '9823994' '8665981'],12207.0,":

1.  **9823994**
2.  **2672884**
3.  **8665981**
4.  **8387112**",65.536,32355.0,0.8,GB,799.997952,12207.0,128,The special magic numbers for chivalrous-barometer mentioned in the provided text are,0.799997952,2.12041728,What are all the special magic numbers for chivalrous-barometer mentioned in the provided text? ,niah_multivalue
32768,2119.630848,0.6225767554030238,['6680114' '7668663' '2347467' '6512415'],12207.0,":

1.  **2347467** (Found in the section discussing voice over IP software and Robert/Trevor's grad student friend)
2.  **7668663** (Found in the section discussing ambitious programmers and starting their own thing)
3.  **6512415** (Found in the section discussing oil painting and prototypes)
4.  **6680114** (Found in the section discussing the acceleration of change and ideas)",65.536,32343.0,0.8,GB,799.997952,12207.0,128,The special magic numbers for good-opening mentioned in the provided text are,0.799997952,2.119630848,What are all the special magic numbers for good-opening mentioned in the provided text? ,niah_multivalue
32768,2120.155136,0.622670087477976,['2147909' '4938791' '5821419' '4816586'],12207.0,":

1.  **5821419**
2.  **4938791**
3.  **4816586**
4.  **2147909**",65.536,32351.0,0.8,GB,799.997952,12207.0,128,The special magic numbers for swanky-dozen mentioned in the provided text are,0.799997952,2.120155136,What are all the special magic numbers for swanky-dozen mentioned in the provided text? ,niah_multivalue
32768,2119.630848,0.6225767554030238,['6024207' '1485654' '1771600' '6442103'],12207.0,":

1.  **1771600**
2.  **1485654**
3.  **6442103**
4.  **6024207**",65.536,32343.0,0.8,GB,799.997952,12207.0,128,The special magic numbers for volatile-text mentioned in the provided text are,0.799997952,2.119630848,What are all the special magic numbers for volatile-text mentioned in the provided text? ,niah_multivalue
32768,2120.41728,0.6227167362076959,['5096953' '9911492' '7913081' '4020853'],12207.0,":

1.  **7913081**
2.  **9911492**
3.  **4020853**
4.  **5096953**",65.536,32355.0,0.8,GB,799.997952,12207.0,128,The special magic numbers for decorous-vanilla mentioned in the provided text are,0.799997952,2.12041728,What are all the special magic numbers for decorous-vanilla mentioned in the provided text? ,niah_multivalue
32768,2119.892992,0.6226234272111788,['5040453' '9349470' '3401116' '4895475'],12207.0,":

1.  **3401116**
2.  **9349470**
3.  **4895475**
4.  **5040453**",65.536,32347.0,0.8,GB,799.997952,12207.0,128,The special magic numbers for swift-bandwidth mentioned in the provided text are,0.799997952,2.119892992,What are all the special magic numbers for swift-bandwidth mentioned in the provided text? ,niah_multivalue
32768,2120.41728,0.6227167362076959,['8410995' '6797629' '6018975' '8118722'],12207.0,":

1.  **6018975**
2.  **6797629**
3.  **8118722**
4.  **8410995**",65.536,32355.0,0.8,GB,799.997952,12207.0,128,The special magic numbers for blue-eyed-weedkiller mentioned in the provided text are,0.799997952,2.12041728,What are all the special magic numbers for blue-eyed-weedkiller mentioned in the provided text? ,niah_multivalue
32768,2119.892992,0.6226234272111788,['2789344' '4979651' '7398231' '7022335'],12207.0,":

1.  **7398231**
2.  **4979651**
3.  **7022335**
4.  **2789344**",65.536,32347.0,0.8,GB,799.997952,12207.0,128,The special magic numbers for plastic-exile mentioned in the provided text are,0.799997952,2.119892992,What are all the special magic numbers for plastic-exile mentioned in the provided text? ,niah_multivalue
32768,2119.892992,0.6226234272111788,['1822825' '9333700' '5801541' '4860745'],12207.0,":

1.  **5801541**
2.  **9333700**
3.  **4860745**
4.  **1822825**",65.536,32347.0,0.8,GB,799.997952,12207.0,128,The special magic numbers for abnormal-adobe mentioned in the provided text are,0.799997952,2.119892992,What are all the special magic numbers for abnormal-adobe mentioned in the provided text? ,niah_multivalue
32768,2120.155136,0.622670087477976,['3294774' '2630140' '1661401' '6183033'],12207.0,":

1.  **1661401**
2.  **2630140**
3.  **6183033**
4.  **3294774**",65.536,32351.0,0.8,GB,799.997952,12207.0,128,The special magic numbers for upbeat-soulmate mentioned in the provided text are,0.799997952,2.120155136,What are all the special magic numbers for upbeat-soulmate mentioned in the provided text? ,niah_multivalue
32768,2120.155136,0.622670087477976,['5951131' '6481437' '7970985' '3946751'],12207.0,":

1.  **7970985**
2.  **6481437**
3.  **3946751**
4.  **5951131**",65.536,32351.0,0.8,GB,799.997952,12207.0,128,The special magic numbers for cagey-headphones mentioned in the provided text are,0.799997952,2.120155136,What are all the special magic numbers for cagey-headphones mentioned in the provided text? ,niah_multivalue
32768,2119.892992,0.6226234272111788,['5311242' '9084065' '5951651' '6682698'],12207.0,":

1.  **5951651**
2.  **9084065**
3.  **6682698**
4.  **5311242**",65.536,32347.0,0.8,GB,799.997952,12207.0,128,The special magic numbers for disillusioned-guard mentioned in the provided text are,0.799997952,2.119892992,What are all the special magic numbers for disillusioned-guard mentioned in the provided text? ,niah_multivalue
32768,2120.155136,0.622670087477976,['7667458' '7136687' '2515030' '7619862'],12207.0,":

1.  **2515030**
2.  **7136687**
3.  **7619862**
4.  **7667458**",65.536,32351.0,0.8,GB,799.997952,12207.0,128,The special magic numbers for unusual-assertion mentioned in the provided text are,0.799997952,2.120155136,What are all the special magic numbers for unusual-assertion mentioned in the provided text? ,niah_multivalue
32768,2120.41728,0.6227167362076959,['5398338' '7392547' '7232293' '2817745'],12207.0,":

1.  **7232293**
2.  **7392547**
3.  **2817745**
4.  **5398338**",65.536,32355.0,0.8,GB,799.997952,12207.0,128,The special magic numbers for level-parallelogram mentioned in the provided text are,0.799997952,2.12041728,What are all the special magic numbers for level-parallelogram mentioned in the provided text? ,niah_multivalue
32768,2119.892992,0.6226234272111788,['4713925' '2060605' '8789116' '6069909'],12207.0,":

1.  **8789116**
2.  **2060605**
3.  **6069909**
4.  **4713925**",65.536,32347.0,0.8,GB,799.997952,12207.0,128,The special magic numbers for stupid-cigarette mentioned in the provided text are,0.799997952,2.119892992,What are all the special magic numbers for stupid-cigarette mentioned in the provided text? ,niah_multivalue
32768,2119.892992,0.6226234272111788,['9264869' '2948178' '2630611' '4939290'],12207.0,":

1.  **2630611**
2.  **2948178**
3.  **4939290**
4.  **9264869**",65.536,32347.0,0.8,GB,799.997952,12207.0,128,The special magic numbers for homeless-decoder mentioned in the provided text are,0.799997952,2.119892992,What are all the special magic numbers for homeless-decoder mentioned in the provided text? ,niah_multivalue
32768,2119.892992,0.6226234272111788,['8031780' '3592464' '7960607' '2661307'],12207.0,":

1.  **7960607**
2.  **3592464**
3.  **2661307**
4.  **8031780**",65.536,32347.0,0.8,GB,799.997952,12207.0,128,The special magic numbers for uncovered-spank mentioned in the provided text are,0.799997952,2.119892992,What are all the special magic numbers for uncovered-spank mentioned in the provided text? ,niah_multivalue
32768,2120.155136,0.622670087477976,['7216461' '4645180' '8438733' '8460758'],12207.0,":

1.  **8438733** (Found in the section discussing Apple and the App Store, July 2010)
2.  **4645180** (Found in the section discussing startups and college students, October 2014)
3.  **8460758** (Found in the section discussing ""Corn Syrup"" and big companies, March 2008)
4.  **7216461** (Found in the section discussing change and expertise, December 2014",65.536,32351.0,0.8,GB,799.997952,12207.0,128,The special magic numbers for victorious-ejector mentioned in the provided text are,0.799997952,2.120155136,What are all the special magic numbers for victorious-ejector mentioned in the provided text? ,niah_multivalue
32768,2120.679424,0.622763373404617,['7679674' '5628522' '4184459' '3049499'],12207.0,":

1.  **4184459**
2.  **5628522**
3.  **3049499**
4.  **7679674**",65.536,32359.0,0.8,GB,799.997952,12207.0,128,The special magic numbers for axiomatic-steamroller mentioned in the provided text are,0.799997952,2.120679424,What are all the special magic numbers for axiomatic-steamroller mentioned in the provided text? ,niah_multivalue
32768,2119.630848,0.6225767554030238,['6595355' '5086407' '3112652' '4442778'],12207.0,":

1.  **3112652**
2.  **5086407**
3.  **4442778**
4.  **6595355**",65.536,32343.0,0.8,GB,799.997952,12207.0,128,The special magic numbers for aromatic-logo mentioned in the provided text are,0.799997952,2.119630848,What are all the special magic numbers for aromatic-logo mentioned in the provided text? ,niah_multivalue
32768,2120.155136,0.622670087477976,['6512314' '3475548' '1047572' '5651899'],12207.0,":

1.  **1047572**
2.  **3475548**
3.  **5651899**
4.  **6512314**",65.536,32351.0,0.8,GB,799.997952,12207.0,128,The special magic numbers for flipped-out-amazon mentioned in the provided text are,0.799997952,2.120155136,What are all the special magic numbers for flipped-out-amazon mentioned in the provided text? ,niah_multivalue
32768,2119.892992,0.6226234272111788,['1432519' '3211291' '1249314' '7010308'],12207.0,":

1.  **1249314**
2.  **3211291**
3.  **7010308**
4.  **1432519**",65.536,32347.0,0.8,GB,799.997952,12207.0,128,The special magic numbers for coherent-tankful mentioned in the provided text are,0.799997952,2.119892992,What are all the special magic numbers for coherent-tankful mentioned in the provided text? ,niah_multivalue
32768,2120.155136,0.622670087477976,['1879109' '3126655' '8062546' '9826250'],12207.0,":

1.  **8062546**
2.  **3126655**
3.  **9826250**
4.  **1879109**",65.536,32351.0,0.8,GB,799.997952,12207.0,128,The special magic numbers for goofy-approach mentioned in the provided text are,0.799997952,2.120155136,What are all the special magic numbers for goofy-approach mentioned in the provided text? ,niah_multivalue
32768,2120.41728,0.6227167362076959,['2829622' '8583392' '9453010' '4716988'],12207.0,":

1.  **9453010**
2.  **8583392**
3.  **4716988**
4.  **2829622**",65.536,32355.0,0.8,GB,799.997952,12207.0,128,The special magic numbers for ragged-hypothesis mentioned in the provided text are,0.799997952,2.12041728,What are all the special magic numbers for ragged-hypothesis mentioned in the provided text? ,niah_multivalue
32768,2119.892992,0.6226234272111788,['1522621' '2020480' '9035982' '7738019'],12207.0,":

1.  **9035982**
2.  **2020480**
3.  **7738019**
4.  **1522621**",65.536,32347.0,0.8,GB,799.997952,12207.0,128,The special magic numbers for therapeutic-doctrine mentioned in the provided text are,0.799997952,2.119892992,What are all the special magic numbers for therapeutic-doctrine mentioned in the provided text? ,niah_multivalue
32768,2120.155136,0.622670087477976,['6404139' '3488628' '2101965' '3117143'],12207.0,":

1.  **2101965**
2.  **3488628**
3.  **3117143**
4.  **6404139**",65.536,32351.0,0.8,GB,799.997952,12207.0,128,The special magic numbers for brash-sundial mentioned in the provided text are,0.799997952,2.120155136,What are all the special magic numbers for brash-sundial mentioned in the provided text? ,niah_multivalue
32768,2119.630848,0.6225767554030238,['9901266' '5947563' '8612081' '9481739'],12207.0,":

1.  **8612081**
2.  **5947563**
3.  **9481739**
4.  **9901266**",65.536,32343.0,0.8,GB,799.997952,12207.0,128,The special magic numbers for loving-string mentioned in the provided text are,0.799997952,2.119630848,What are all the special magic numbers for loving-string mentioned in the provided text? ,niah_multivalue
32768,2119.892992,0.6226234272111788,['8575834' '4833486' '7942639' '6686328'],12207.0,":

1.  **7942639**
2.  **4833486**
3.  **6686328**
4.  **8575834**",65.536,32347.0,0.8,GB,799.997952,12207.0,128,The special magic numbers for new-passbook mentioned in the provided text are,0.799997952,2.119892992,What are all the special magic numbers for new-passbook mentioned in the provided text? ,niah_multivalue
32768,2120.155136,0.622670087477976,['6243275' '5276341' '7279729' '3560856'],12207.0,":

1.  **7279729**
2.  **5276341**
3.  **3560856**
4.  **6243275**",65.536,32351.0,0.8,GB,799.997952,12207.0,128,The special magic numbers for needless-measles mentioned in the provided text are,0.799997952,2.120155136,What are all the special magic numbers for needless-measles mentioned in the provided text? ,niah_multivalue
32768,2119.892992,0.6226234272111788,['3182975' '2006313' '6530541' '3050700'],12207.0,":

1.  **6530541**
2.  **2006313**
3.  **3050700**
4.  **3182975**",65.536,32347.0,0.8,GB,799.997952,12207.0,128,The special magic numbers for little-petal mentioned in the provided text are,0.799997952,2.119892992,What are all the special magic numbers for little-petal mentioned in the provided text? ,niah_multivalue
32768,2120.41728,0.6227167362076959,['6242022' '6899644' '2738129' '9512969'],12207.0,":

1.  **2738129**
2.  **6899644**
3.  **9512969**
4.  **6242022**",65.536,32355.0,0.8,GB,799.997952,12207.0,128,The special magic numbers for statuesque-cookbook mentioned in the provided text are,0.799997952,2.12041728,What are all the special magic numbers for statuesque-cookbook mentioned in the provided text? ,niah_multivalue
32768,2120.679424,0.622763373404617,['7166651' '2927455' '5673599' '4794319'],12207.0,":

1.  **5673599**
2.  **2927455**
3.  **4794319**
4.  **7166651**",65.536,32359.0,0.8,GB,799.997952,12207.0,128,The special magic numbers for jumpy-shoe-horn mentioned in the provided text are,0.799997952,2.120679424,What are all the special magic numbers for jumpy-shoe-horn mentioned in the provided text? ,niah_multivalue
32768,2119.630848,0.6225767554030238,['4026879' '5584716' '6183902' '6701311'],12207.0,":

1.  **6183902**
2.  **5584716**
3.  **6701311**
4.  **4026879**",65.536,32343.0,0.8,GB,799.997952,12207.0,128,The special magic numbers for adjoining-set mentioned in the provided text are,0.799997952,2.119630848,What are all the special magic numbers for adjoining-set mentioned in the provided text? ,niah_multivalue
32768,2120.155136,0.622670087477976,['3380261' '1514340' '2539438' '9900022'],12207.0,":

1.  **2539438**
2.  **1514340**
3.  **9900022**
4.  **3380261**",65.536,32351.0,0.8,GB,799.997952,12207.0,128,The special magic numbers for bitter-albatross mentioned in the provided text are,0.799997952,2.120155136,What are all the special magic numbers for bitter-albatross mentioned in the provided text? ,niah_multivalue
32768,2120.679424,0.622763373404617,['7208460' '6228407' '6442241' '2425342'],12207.0,":

1.  **6442241**
2.  **6228407**
3.  **2425342**
4.  **7208460**",65.536,32359.0,0.8,GB,799.997952,12207.0,128,The special magic numbers for didactic-musculature mentioned in the provided text are,0.799997952,2.120679424,What are all the special magic numbers for didactic-musculature mentioned in the provided text? ,niah_multivalue
32768,2120.41728,0.6227167362076959,['2368710' '5565128' '8434202' '8113787'],12207.0,":

1.  **8434202**
2.  **5565128**
3.  **8113787**
4.  **2368710**",65.536,32355.0,0.8,GB,799.997952,12207.0,128,The special magic numbers for uninterested-cashier mentioned in the provided text are,0.799997952,2.12041728,What are all the special magic numbers for uninterested-cashier mentioned in the provided text? ,niah_multivalue
32768,2120.155136,0.622670087477976,['9595744' '2909540' '6791039' '8212753'],12207.0,":

1.  **6791039**
2.  **2909540**
3.  **8212753**
4.  **9595744**",65.536,32351.0,0.8,GB,799.997952,12207.0,128,The special magic numbers for fanatical-jazz mentioned in the provided text are,0.799997952,2.120155136,What are all the special magic numbers for fanatical-jazz mentioned in the provided text? ,niah_multivalue
32768,2119.630848,0.6225767554030238,['4699685' '7631419' '1919088' '1128967'],12207.0,":

1.  **1919088**
2.  **7631419**
3.  **1128967**
4.  **4699685**",65.536,32343.0,0.8,GB,799.997952,12207.0,128,The special magic numbers for animated-century mentioned in the provided text are,0.799997952,2.119630848,What are all the special magic numbers for animated-century mentioned in the provided text? ,niah_multivalue
32768,2119.892992,0.6226234272111788,['3013003' '1129686' '9344741' '8225192'],12207.0,":

1.  **9344741**
2.  **1129686**
3.  **8225192**
4.  **3013003**",65.536,32347.0,0.8,GB,799.997952,12207.0,128,The special magic numbers for important-opponent mentioned in the provided text are,0.799997952,2.119892992,What are all the special magic numbers for important-opponent mentioned in the provided text? ,niah_multivalue
32768,2120.41728,0.6227167362076959,['6941939' '2209226' '7661748' '1709714'],12207.0,":

1.  **7661748**
2.  **2209226**
3.  **1709714**
4.  **6941939**",65.536,32355.0,0.8,GB,799.997952,12207.0,128,The special magic numbers for pumped-gumshoe mentioned in the provided text are,0.799997952,2.12041728,What are all the special magic numbers for pumped-gumshoe mentioned in the provided text? ,niah_multivalue
32768,2119.892992,0.6226234272111788,['8202195' '7785090' '8007741' '5857259'],12207.0,":

1.  **8007741**
2.  **7785090**
3.  **5857259**
4.  **8202195**",65.536,32347.0,0.8,GB,799.997952,12207.0,128,The special magic numbers for small-refusal mentioned in the provided text are,0.799997952,2.119892992,What are all the special magic numbers for small-refusal mentioned in the provided text? ,niah_multivalue
32768,2120.155136,0.622670087477976,['8719145' '7070880' '2478574' '8326807'],12207.0,":

1.  **2478574**
2.  **7070880**
3.  **8326807**
4.  **8719145**",65.536,32351.0,0.8,GB,799.997952,12207.0,128,The special magic numbers for sweet-breadfruit mentioned in the provided text are,0.799997952,2.120155136,What are all the special magic numbers for sweet-breadfruit mentioned in the provided text? ,niah_multivalue
32768,2119.892992,0.6226234272111788,['2319479' '7639863' '6205543' '6696087'],12207.0,":

1.  **6205543**
2.  **7639863**
3.  **6696087**
4.  **2319479**",65.536,32347.0,0.8,GB,799.997952,12207.0,128,The special magic numbers for redundant-proximity mentioned in the provided text are,0.799997952,2.119892992,What are all the special magic numbers for redundant-proximity mentioned in the provided text? ,niah_multivalue
32768,2119.892992,0.6226234272111788,['9555575' '4253164' '6861544' '6890476'],12207.0,":

1.  **6861544**
2.  **4253164**
3.  **6890476**
4.  **9555575**",65.536,32347.0,0.8,GB,799.997952,12207.0,128,The special magic numbers for rich-toot mentioned in the provided text are,0.799997952,2.119892992,What are all the special magic numbers for rich-toot mentioned in the provided text? ,niah_multivalue
32768,2119.892992,0.6226234272111788,['3564729' '2264218' '3972018' '9289908'],12207.0,":

1.  **3972018**
2.  **2264218**
3.  **9289908**
4.  **3564729**",65.536,32347.0,0.8,GB,799.997952,12207.0,128,The special magic numbers for drunk-inversion mentioned in the provided text are,0.799997952,2.119892992,What are all the special magic numbers for drunk-inversion mentioned in the provided text? ,niah_multivalue
32768,2119.892992,0.6226234272111788,['6303930' '3532644' '8377995' '2145653'],12207.0,":

1.  **8377995**
2.  **3532644**
3.  **2145653**
4.  **6303930**",65.536,32347.0,0.8,GB,799.997952,12207.0,128,The special magic numbers for tan-fiddle mentioned in the provided text are,0.799997952,2.119892992,What are all the special magic numbers for tan-fiddle mentioned in the provided text? ,niah_multivalue
32768,2119.892992,0.6226234272111788,['9511700' '2244712' '6207779' '8746753'],12207.0,":

1.  **6207779**
2.  **2244712**
3.  **8746753**
4.  **9511700**",65.536,32347.0,0.8,GB,799.997952,12207.0,128,The special magic numbers for kind-backup mentioned in the provided text are,0.799997952,2.119892992,What are all the special magic numbers for kind-backup mentioned in the provided text? ,niah_multivalue
32768,2120.941568,0.6228099990730155,['2514923' '9507186' '7450545' '8763013'],12207.0,":

1.  **7450545** (Found in the section discussing procrastination and the Internet)
2.  **9507186** (Found in the section discussing corporate development and M&A)
3.  **8763013** (Found in the section discussing the qualities of startup founders, specifically under ""Imagination"")
4.  **2514923** (Found in the section discussing the ""Daddy Model of Wealth"")",65.536,32363.0,0.8,GB,799.997952,12207.0,128,The special magic numbers for boorish-step-uncle mentioned in the provided text are,0.799997952,2.120941568,What are all the special magic numbers for boorish-step-uncle mentioned in the provided text? ,niah_multivalue
32768,2119.892992,0.6226234272111788,['8979730' '9411547' '3531028' '2038068'],12207.0,":

1.  **3531028**
2.  **9411547**
3.  **2038068**
4.  **8979730**",65.536,32347.0,0.8,GB,799.997952,12207.0,128,The special magic numbers for ill-influence mentioned in the provided text are,0.799997952,2.119892992,What are all the special magic numbers for ill-influence mentioned in the provided text? ,niah_multivalue
32768,2120.155136,0.622670087477976,['5156449' '8344365' '8372274' '9792411'],12207.0,":

1.  **8372274**
2.  **8344365**
3.  **9792411**
4.  **5156449**",65.536,32351.0,0.8,GB,799.997952,12207.0,128,The special magic numbers for alluring-glacier mentioned in the provided text are,0.799997952,2.120155136,What are all the special magic numbers for alluring-glacier mentioned in the provided text? ,niah_multivalue
32768,2119.630848,0.6225767554030238,['7499771' '7858012' '6676858' '1878547'],12207.0,":

1.  **6676858**
2.  **7858012**
3.  **1878547**
4.  **7499771**",65.536,32343.0,0.8,GB,799.997952,12207.0,128,The special magic numbers for half-provider mentioned in the provided text are,0.799997952,2.119630848,What are all the special magic numbers for half-provider mentioned in the provided text? ,niah_multivalue
32768,2120.155136,0.622670087477976,['5227787' '3522845' '6592886' '2367376'],12207.0,":

1.  **6592886**
2.  **3522845**
3.  **2367376**
4.  **5227787**",65.536,32351.0,0.8,GB,799.997952,12207.0,128,The special magic numbers for halting-descendant mentioned in the provided text are,0.799997952,2.120155136,What are all the special magic numbers for halting-descendant mentioned in the provided text? ,niah_multivalue
32768,2119.892992,0.6226234272111788,['2421349' '6193922' '7319630' '6510922'],12207.0,":

1.  **7319630**
2.  **6193922**
3.  **6510922**
4.  **2421349**",65.536,32347.0,0.8,GB,799.997952,12207.0,128,The special magic numbers for curious-guilt mentioned in the provided text are,0.799997952,2.119892992,What are all the special magic numbers for curious-guilt mentioned in the provided text? ,niah_multivalue
32768,2120.155136,0.622670087477976,['7083379' '6181912' '4024309' '4593556'],12207.0,":

1.  **4024309**
2.  **6181912**
3.  **4593556**
4.  **7083379**",65.536,32351.0,0.8,GB,799.997952,12207.0,128,The special magic numbers for abundant-mallard mentioned in the provided text are,0.799997952,2.120155136,What are all the special magic numbers for abundant-mallard mentioned in the provided text? ,niah_multivalue
32768,2120.155136,0.622670087477976,['2294615' '5962567' '2696860' '9517619'],12207.0,":

1.  **2696860** (Found in Note [4] of the July 2010 essay)
2.  **5962567** (Found in the main body of the October 2015 essay regarding selection processes)
3.  **9517619** (Found in the main body of the December 2014 essay regarding change)
4.  **2294615** (Found in the main body of the December 2014 essay regarding accelerating change)",65.536,32351.0,0.8,GB,799.997952,12207.0,128,The special magic numbers for detailed-mandate mentioned in the provided text are,0.799997952,2.120155136,What are all the special magic numbers for detailed-mandate mentioned in the provided text? ,niah_multivalue
32768,2120.41728,0.6227167362076959,['7320310' '3587931' '3722056' '4034091'],12207.0,":

1.  **3722056** (Found in the section discussing Internet addiction and procrastination)
2.  **3587931** (Found in the section discussing the results of the Viaweb experiment)
3.  **4034091** (Found in the section discussing distractions and morale in startups)
4.  **7320310** (Found in the section discussing the Industrial Revolution and wealth creation)",65.536,32355.0,0.8,GB,799.997952,12207.0,128,The special magic numbers for squeamish-eaves mentioned in the provided text are,0.799997952,2.12041728,What are all the special magic numbers for squeamish-eaves mentioned in the provided text? ,niah_multivalue
32768,2119.892992,0.6226234272111788,['4985095' '8452417' '5780297' '8531761'],12207.0,":

1.  **5780297**
2.  **8452417**
3.  **8531761**
4.  **4985095**",65.536,32347.0,0.8,GB,799.997952,12207.0,128,The special magic numbers for lazy-fame mentioned in the provided text are,0.799997952,2.119892992,What are all the special magic numbers for lazy-fame mentioned in the provided text? ,niah_multivalue
32768,2119.892992,0.6226234272111788,['7171347' '8391997' '8745704' '5727345'],12207.0,":

1.  **8745704**
2.  **8391997**
3.  **5727345**
4.  **7171347**",65.536,32347.0,0.8,GB,799.997952,12207.0,128,The special magic numbers for encouraging-spider mentioned in the provided text are,0.799997952,2.119892992,What are all the special magic numbers for encouraging-spider mentioned in the provided text? ,niah_multivalue
32768,2119.630848,0.6225767554030238,['3321942' '5194357' '1875431' '9062973'],12207.0,":

1.  **1875431**
2.  **5194357**
3.  **9062973**
4.  **3321942**",65.536,32343.0,0.8,GB,799.997952,12207.0,128,The special magic numbers for erect-stream mentioned in the provided text are,0.799997952,2.119630848,What are all the special magic numbers for erect-stream mentioned in the provided text? ,niah_multivalue
32768,2120.41728,0.6227167362076959,['2407191' '3689594' '5576678' '8538325'],12207.0,":

1.  **5576678**
2.  **3689594**
3.  **8538325**
4.  **2407191**",65.536,32355.0,0.8,GB,799.997952,12207.0,128,The special magic numbers for handsome-gigantism mentioned in the provided text are,0.799997952,2.12041728,What are all the special magic numbers for handsome-gigantism mentioned in the provided text? ,niah_multivalue
32768,2119.892992,0.6226234272111788,['6865064' '1447451' '7960815' '1893502'],12207.0,":

1.  **7960815**
2.  **1447451**
3.  **1893502**
4.  **6865064**",65.536,32347.0,0.8,GB,799.997952,12207.0,128,The special magic numbers for odd-plastic mentioned in the provided text are,0.799997952,2.119892992,What are all the special magic numbers for odd-plastic mentioned in the provided text? ,niah_multivalue
32768,2120.41728,0.6227167362076959,['7289990' '4767135' '1472908' '6346644'],12207.0,":

1.  **1472908**
2.  **4767135**
3.  **6346644**
4.  **7289990**",65.536,32355.0,0.8,GB,799.997952,12207.0,128,The special magic numbers for brave-sweatsuit mentioned in the provided text are,0.799997952,2.12041728,What are all the special magic numbers for brave-sweatsuit mentioned in the provided text? ,niah_multivalue
32768,2120.41728,0.6227167362076959,['8926478' '3328554' '8870361' '8526283'],12207.0,":

1.  **8870361**
2.  **3328554**
3.  **8526283**
4.  **8926478**",65.536,32355.0,0.8,GB,799.997952,12207.0,128,The special magic numbers for hapless-pantology mentioned in the provided text are,0.799997952,2.12041728,What are all the special magic numbers for hapless-pantology mentioned in the provided text? ,niah_multivalue
32768,2120.41728,0.6227167362076959,['3508522' '9854536' '8101036' '2865405'],12207.0,":

1.  **8101036**
2.  **9854536**
3.  **2865405**
4.  **3508522**",65.536,32355.0,0.8,GB,799.997952,12207.0,128,The special magic numbers for fanatical-muskrat mentioned in the provided text are,0.799997952,2.12041728,What are all the special magic numbers for fanatical-muskrat mentioned in the provided text? ,niah_multivalue
32768,2120.155136,0.622670087477976,['8043503' '8669093' '2053729' '2859886'],12207.0,":

1.  **2053729**
2.  **8669093**
3.  **2859886**
4.  **8043503**",65.536,32351.0,0.8,GB,799.997952,12207.0,128,The special magic numbers for foregoing-rhyme mentioned in the provided text are,0.799997952,2.120155136,What are all the special magic numbers for foregoing-rhyme mentioned in the provided text? ,niah_multivalue
32768,2120.679424,0.622763373404617,['3408819' '5886733' '8201433' '1026245'],12207.0,":

1.  **8201433** (Found in the section dated October 2014)
2.  **5886733** (Found in the section dated March 2008)
3.  **1026245** (Found in the section dated April 2009)
4.  **3408819** (Found in the section dated May 2004)",65.536,32359.0,0.8,GB,799.997952,12207.0,128,The special magic numbers for woebegone-dancer mentioned in the provided text are,0.799997952,2.120679424,What are all the special magic numbers for woebegone-dancer mentioned in the provided text? ,niah_multivalue
32768,2119.892992,0.6226234272111788,['2436363' '9782613' '7049927' '2135470'],12207.0,":

1.  **7049927**
2.  **9782613**
3.  **2135470**
4.  **2436363**",65.536,32347.0,0.8,GB,799.997952,12207.0,128,The special magic numbers for elderly-meat mentioned in the provided text are,0.799997952,2.119892992,What are all the special magic numbers for elderly-meat mentioned in the provided text? ,niah_multivalue
32768,2120.155136,0.622670087477976,['8887557' '1730386' '7490791' '7262974'],12207.0,":

1.  **7490791**
2.  **1730386**
3.  **7262974**
4.  **8887557**",65.536,32351.0,0.8,GB,799.997952,12207.0,128,The special magic numbers for madly-pitch mentioned in the provided text are,0.799997952,2.120155136,What are all the special magic numbers for madly-pitch mentioned in the provided text? ,niah_multivalue
32768,2120.155136,0.622670087477976,['2739191' '6578736' '3238241' '1743829'],12207.0,":

1.  **3238241**
2.  **6578736**
3.  **1743829**
4.  **2739191**",65.536,32351.0,0.8,GB,799.997952,12207.0,128,The special magic numbers for frail-bathtub mentioned in the provided text are,0.799997952,2.120155136,What are all the special magic numbers for frail-bathtub mentioned in the provided text? ,niah_multivalue
32768,2120.155136,0.622670087477976,['9028420' '4058117' '3262450' '2058651'],12207.0,":

1.  **3262450**
2.  **4058117**
3.  **2058651**
4.  **9028420**",65.536,32351.0,0.8,GB,799.997952,12207.0,128,The special magic numbers for vulgar-orchestra mentioned in the provided text are,0.799997952,2.120155136,What are all the special magic numbers for vulgar-orchestra mentioned in the provided text? ,niah_multivalue
32768,2120.155136,0.622670087477976,['1703065' '6294819' '6202210' '9646701'],12207.0,":

1.  **6202210**
2.  **6294819**
3.  **9646701**
4.  **1703065**",65.536,32351.0,0.8,GB,799.997952,12207.0,128,The special magic numbers for erect-morsel mentioned in the provided text are,0.799997952,2.120155136,What are all the special magic numbers for erect-morsel mentioned in the provided text? ,niah_multivalue
32768,2120.41728,0.6227167362076959,['4206183' '5800144' '6989032' '1802018'],12207.0,":

1.  **6989032**
2.  **5800144**
3.  **1802018**
4.  **4206183**",65.536,32355.0,0.8,GB,799.997952,12207.0,128,The special magic numbers for thoughtless-polarization mentioned in the provided text are,0.799997952,2.12041728,What are all the special magic numbers for thoughtless-polarization mentioned in the provided text? ,niah_multivalue
32768,2120.155136,0.622670087477976,['8377556' '7486822' '6688090' '4134272'],12207.0,":

1.  **6688090**
2.  **7486822**
3.  **4134272**
4.  **8377556**",65.536,32351.0,0.8,GB,799.997952,12207.0,128,The special magic numbers for materialistic-knee mentioned in the provided text are,0.799997952,2.120155136,What are all the special magic numbers for materialistic-knee mentioned in the provided text? ,niah_multivalue
32768,2119.892992,0.6226234272111788,['8121922' '2324175' '8224389' '4027557'],12207.0,":

1.  **8224389**
2.  **2324175**
3.  **4027557**
4.  **8121922**",65.536,32347.0,0.8,GB,799.997952,12207.0,128,The special magic numbers for wrong-sewer mentioned in the provided text are,0.799997952,2.119892992,What are all the special magic numbers for wrong-sewer mentioned in the provided text? ,niah_multivalue
32768,2119.892992,0.6226234272111788,['5960015' '6142147' '8481225' '8149041'],12207.0,":

1.  **8481225** (Found in the section discussing Internet addiction and procrastination)
2.  **6142147** (Found in the section discussing the Viaweb startup and Lisp)
3.  **8149041** (Found in the section discussing working for oneself vs. large organizations)
4.  **5960015** (Found in the section discussing corporate development and M&A distractions)",65.536,32347.0,0.8,GB,799.997952,12207.0,128,The special magic numbers for important-formation mentioned in the provided text are,0.799997952,2.119892992,What are all the special magic numbers for important-formation mentioned in the provided text? ,niah_multivalue
32768,2119.892992,0.6226234272111788,['8297090' '5606274' '1962308' '2258981'],12207.0,":

1.  **1962308**
2.  **5606274**
3.  **2258981**
4.  **8297090**",65.536,32347.0,0.8,GB,799.997952,12207.0,128,The special magic numbers for sulky-back mentioned in the provided text are,0.799997952,2.119892992,What are all the special magic numbers for sulky-back mentioned in the provided text? ,niah_multivalue
32768,2119.892992,0.6226234272111788,['8351320' '1583829' '3117788' '2127988'],12207.0,":

1.  **3117788** (Found in the section dated October 2014)
2.  **1583829** (Found in the section dated March 2008, rev. June 2008)
3.  **2127988** (Found in the section dated March 2008, rev. June 2008)
4.  **8351320** (Found in the section dated April 2009)",65.536,32347.0,0.8,GB,799.997952,12207.0,128,The special magic numbers for deafening-language mentioned in the provided text are,0.799997952,2.119892992,What are all the special magic numbers for deafening-language mentioned in the provided text? ,niah_multivalue
32768,2119.892992,0.6226234272111788,['3574265' '8548448' '7223751' '7241348'],12207.0,":

1.  **7223751**
2.  **8548448**
3.  **7241348**
4.  **3574265**",65.536,32347.0,0.8,GB,799.997952,12207.0,128,The special magic numbers for sticky-yoke mentioned in the provided text are,0.799997952,2.119892992,What are all the special magic numbers for sticky-yoke mentioned in the provided text? ,niah_multivalue
32768,2120.155136,0.622670087477976,['6274512' '5675638' '5187788' '2903351'],12207.0,":

1.  **5187788**
2.  **5675638**
3.  **2903351**
4.  **6274512**",65.536,32351.0,0.8,GB,799.997952,12207.0,128,The special magic numbers for marked-apparatus mentioned in the provided text are,0.799997952,2.120155136,What are all the special magic numbers for marked-apparatus mentioned in the provided text? ,niah_multivalue
32768,2120.155136,0.622670087477976,['2975701' '5391883' '5366937' '8487220'],12207.0,":

1.  **5366937**
2.  **5391883**
3.  **8487220**
4.  **2975701**",65.536,32351.0,0.8,GB,799.997952,12207.0,128,The special magic numbers for shiny-everybody mentioned in the provided text are,0.799997952,2.120155136,What are all the special magic numbers for shiny-everybody mentioned in the provided text? ,niah_multivalue
32768,2119.892992,0.6226234272111788,['3277144' '2242387' '8584017' '3896693'],12207.0,":

1.  **8584017**
2.  **2242387**
3.  **3896693**
4.  **3277144**",65.536,32347.0,0.8,GB,799.997952,12207.0,128,The special magic numbers for crazy-notion mentioned in the provided text are,0.799997952,2.119892992,What are all the special magic numbers for crazy-notion mentioned in the provided text? ,niah_multivalue
32768,2119.630848,0.6225767554030238,['5871470' '6032437' '3642499' '3920762'],12207.0,":

1.  **3642499**
2.  **6032437**
3.  **3920762**
4.  **5871470**",65.536,32343.0,0.8,GB,799.997952,12207.0,128,The special magic numbers for scary-tank mentioned in the provided text are,0.799997952,2.119630848,What are all the special magic numbers for scary-tank mentioned in the provided text? ,niah_multivalue
32768,2120.155136,0.622670087477976,['4971774' '9288312' '1440972' '7054838'],12207.0,":

1.  **1440972**
2.  **9288312**
3.  **7054838**
4.  **4971774**",65.536,32351.0,0.8,GB,799.997952,12207.0,128,The special magic numbers for dark-poisoning mentioned in the provided text are,0.799997952,2.120155136,What are all the special magic numbers for dark-poisoning mentioned in the provided text? ,niah_multivalue
32768,2120.155136,0.622670087477976,['2446455' '2103070' '6189037' '7680015'],12207.0,":

1.  **6189037**
2.  **2103070**
3.  **7680015**
4.  **2446455**",65.536,32351.0,0.8,GB,799.997952,12207.0,128,The special magic numbers for subsequent-intellect mentioned in the provided text are,0.799997952,2.120155136,What are all the special magic numbers for subsequent-intellect mentioned in the provided text? ,niah_multivalue
32768,2120.155136,0.622670087477976,['6318841' '2244282' '8549319' '8815384'],12207.0,":

1.  **8549319**
2.  **2244282**
3.  **8815384**
4.  **6318841**",65.536,32351.0,0.8,GB,799.997952,12207.0,128,The special magic numbers for crooked-transport mentioned in the provided text are,0.799997952,2.120155136,What are all the special magic numbers for crooked-transport mentioned in the provided text? ,niah_multivalue
32768,2119.892992,0.6226234272111788,['8258130' '9436654' '1929673' '3083077'],12207.0,":

1.  **1929673**
2.  **9436654**
3.  **3083077**
4.  **8258130**",65.536,32347.0,0.8,GB,799.997952,12207.0,128,The special magic numbers for curious-leeway mentioned in the provided text are,0.799997952,2.119892992,What are all the special magic numbers for curious-leeway mentioned in the provided text? ,niah_multivalue
32768,2119.892992,0.6226234272111788,['4782763' '6805303' '9705660' '5765539'],12207.0,":

1.  **9705660**
2.  **6805303**
3.  **5765539**
4.  **4782763**",65.536,32347.0,0.8,GB,799.997952,12207.0,128,The special magic numbers for illegal-stud mentioned in the provided text are,0.799997952,2.119892992,What are all the special magic numbers for illegal-stud mentioned in the provided text? ,niah_multivalue
32768,2120.155136,0.622670087477976,['6080553' '9950276' '2567468' '9431778'],12207.0,":

1.  **2567468**
2.  **9950276**
3.  **9431778**
4.  **6080553**",65.536,32351.0,0.8,GB,799.997952,12207.0,128,The special magic numbers for crooked-reduction mentioned in the provided text are,0.799997952,2.120155136,What are all the special magic numbers for crooked-reduction mentioned in the provided text? ,niah_multivalue
32768,2119.892992,0.6226234272111788,['1691125' '1476028' '2362693' '1762722'],12207.0,":

1.  **2362693**
2.  **1476028**
3.  **1762722**
4.  **1691125**",65.536,32347.0,0.8,GB,799.997952,12207.0,128,The special magic numbers for shocking-reactant mentioned in the provided text are,0.799997952,2.119892992,What are all the special magic numbers for shocking-reactant mentioned in the provided text? ,niah_multivalue
32768,2120.155136,0.622670087477976,['5859883' '6068298' '9102469' '5108369'],12207.0,":

1.  **9102469**
2.  **6068298**
3.  **5108369**
4.  **5859883**",65.536,32351.0,0.8,GB,799.997952,12207.0,128,The special magic numbers for psychedelic-pianist mentioned in the provided text are,0.799997952,2.120155136,What are all the special magic numbers for psychedelic-pianist mentioned in the provided text? ,niah_multivalue
32768,2120.155136,0.622670087477976,['8375356' '7972975' '9124385' '8792046'],12207.0,":

1.  **9124385**
2.  **7972975**
3.  **8792046**
4.  **8375356**",65.536,32351.0,0.8,GB,799.997952,12207.0,128,The special magic numbers for different-harbor mentioned in the provided text are,0.799997952,2.120155136,What are all the special magic numbers for different-harbor mentioned in the provided text? ,niah_multivalue
32768,2121.203712,0.6228566132171656,['6357240' '6794356' '7689354' '3193891'],12207.0,":

1.  **7689354** (Found in the section discussing Apple and the App Store)
2.  **6794356** (Found in the section discussing ""Corn Syrup"" and junk food)
3.  **3193891** (Found in the section discussing Lisp and its nine new ideas)
4.  **6357240** (Found in the section discussing ""Imagination"" in startup founders)",65.536,32367.0,0.8,GB,799.997952,12207.0,128,The special magic numbers for woebegone-aftershave mentioned in the provided text are,0.799997952,2.121203712,What are all the special magic numbers for woebegone-aftershave mentioned in the provided text? ,niah_multivalue
32768,2119.630848,0.6225767554030238,['8826111' '3055576' '5487430' '8542969'],12207.0,":

1.  **5487430**
2.  **3055576**
3.  **8542969**
4.  **8826111**",65.536,32343.0,0.8,GB,799.997952,12207.0,128,The special magic numbers for frail-sort mentioned in the provided text are,0.799997952,2.119630848,What are all the special magic numbers for frail-sort mentioned in the provided text? ,niah_multivalue
32768,2119.892992,0.6226234272111788,['8015136' '5165284' '3679315' '6493461'],12207.0,":

1.  **3679315**
2.  **5165284**
3.  **6493461**
4.  **8015136**",65.536,32347.0,0.8,GB,799.997952,12207.0,128,The special magic numbers for ludicrous-supervisor mentioned in the provided text are,0.799997952,2.119892992,What are all the special magic numbers for ludicrous-supervisor mentioned in the provided text? ,niah_multivalue
32768,2120.941568,0.6228099990730155,['8831858' '9367799' '6176450' '9344488'],12207.0,":

1.  **6176450**
2.  **9367799**
3.  **9344488**
4.  **8831858**",65.536,32363.0,0.8,GB,799.997952,12207.0,128,The special magic numbers for rambunctious-dresser mentioned in the provided text are,0.799997952,2.120941568,What are all the special magic numbers for rambunctious-dresser mentioned in the provided text? ,niah_multivalue
32768,2120.155136,0.622670087477976,['4609524' '6920597' '1816348' '1847927'],12207.0,":

1.  **1816348**
2.  **6920597**
3.  **1847927**
4.  **4609524**",65.536,32351.0,0.8,GB,799.997952,12207.0,128,The special magic numbers for fragile-motorcycle mentioned in the provided text are,0.799997952,2.120155136,What are all the special magic numbers for fragile-motorcycle mentioned in the provided text? ,niah_multivalue
32768,2120.155136,0.622670087477976,['1137194' '2803501' '8229768' '3247055'],12207.0,":

1.  **8229768**
2.  **2803501**
3.  **3247055**
4.  **1137194**",65.536,32351.0,0.8,GB,799.997952,12207.0,128,The special magic numbers for roomy-hound mentioned in the provided text are,0.799997952,2.120155136,What are all the special magic numbers for roomy-hound mentioned in the provided text? ,niah_multivalue
32768,2119.630848,0.6225767554030238,['4265774' '7082139' '5841933' '2233658'],12207.0,":

1.  **5841933**
2.  **7082139**
3.  **2233658**
4.  **4265774**",65.536,32343.0,0.8,GB,799.997952,12207.0,128,The special magic numbers for arrogant-dark mentioned in the provided text are,0.799997952,2.119630848,What are all the special magic numbers for arrogant-dark mentioned in the provided text? ,niah_multivalue
32768,2120.155136,0.622670087477976,['2993318' '3158613' '2622046' '7608607'],12207.0,":

1.  **2622046**
2.  **3158613**
3.  **7608607**
4.  **2993318**",65.536,32351.0,0.8,GB,799.997952,12207.0,128,The special magic numbers for tacit-hip mentioned in the provided text are,0.799997952,2.120155136,What are all the special magic numbers for tacit-hip mentioned in the provided text? ,niah_multivalue
32768,2119.892992,0.6226234272111788,['9541658' '7734157' '9389915' '1675365'],12207.0,":

1.  **9389915**
2.  **7734157**
3.  **1675365**
4.  **9541658**",65.536,32347.0,0.8,GB,799.997952,12207.0,128,The special magic numbers for steady-resist mentioned in the provided text are,0.799997952,2.119892992,What are all the special magic numbers for steady-resist mentioned in the provided text? ,niah_multivalue
32768,2119.892992,0.6226234272111788,['9648751' '3345135' '6502353' '6344047'],12207.0,":

1.  **6502353**
2.  **3345135**
3.  **6344047**
4.  **9648751**",65.536,32347.0,0.8,GB,799.997952,12207.0,128,The special magic numbers for defiant-bungalow mentioned in the provided text are,0.799997952,2.119892992,What are all the special magic numbers for defiant-bungalow mentioned in the provided text? ,niah_multivalue
32768,2119.892992,0.6226234272111788,['9551583' '9931180' '9218263' '6029651'],12207.0,":

1.  **9218263**
2.  **9931180**
3.  **6029651**
4.  **9551583**",65.536,32347.0,0.8,GB,799.997952,12207.0,128,The special magic numbers for quick-campaign mentioned in the provided text are,0.799997952,2.119892992,What are all the special magic numbers for quick-campaign mentioned in the provided text? ,niah_multivalue
32768,2119.892992,0.6226234272111788,['6161977' '1447065' '8962302' '5454861'],12207.0,":

1.  **8962302**
2.  **1447065**
3.  **5454861**
4.  **6161977**",65.536,32347.0,0.8,GB,799.997952,12207.0,128,The special magic numbers for muddy-tolerance mentioned in the provided text are,0.799997952,2.119892992,What are all the special magic numbers for muddy-tolerance mentioned in the provided text? ,niah_multivalue
32768,2120.155136,0.622670087477976,['9795159' '7378535' '3479264' '5063384'],12207.0,":

1.  **3479264** (Found in the section discussing procrastination and Internet addiction)
2.  **7378535** (Found in the section discussing Apple's App Store and developer relationships)
3.  **5063384** (Found in the section discussing the ""Blub Paradox"" and programming languages)
4.  **9795159** (Found in the section discussing startup visas and immigration policy)",65.536,32351.0,0.8,GB,799.997952,12207.0,128,The special magic numbers for doubtful-seafood mentioned in the provided text are,0.799997952,2.120155136,What are all the special magic numbers for doubtful-seafood mentioned in the provided text? ,niah_multivalue
32768,2119.892992,0.6226234272111788,['6262886' '8025967' '3540594' '7928320'],12207.0,":

1.  **3540594**
2.  **8025967**
3.  **7928320**
4.  **6262886**",65.536,32347.0,0.8,GB,799.997952,12207.0,128,The special magic numbers for nutritious-congregation mentioned in the provided text are,0.799997952,2.119892992,What are all the special magic numbers for nutritious-congregation mentioned in the provided text? ,niah_multivalue
32768,2120.155136,0.622670087477976,['2044906' '3316639' '9702060' '4478616'],12207.0,":

1.  **9702060**
2.  **3316639**
3.  **4478616**
4.  **2044906**",65.536,32351.0,0.8,GB,799.997952,12207.0,128,The special magic numbers for zonked-ordinary mentioned in the provided text are,0.799997952,2.120155136,What are all the special magic numbers for zonked-ordinary mentioned in the provided text? ,niah_multivalue
32768,2119.892992,0.6226234272111788,['3905518' '8711874' '9944387' '6743294'],12207.0,":

1.  **9944387**
2.  **8711874**
3.  **6743294**
4.  **3905518**",65.536,32347.0,0.8,GB,799.997952,12207.0,128,The special magic numbers for hurried-steam mentioned in the provided text are,0.799997952,2.119892992,What are all the special magic numbers for hurried-steam mentioned in the provided text? ,niah_multivalue
32768,2120.155136,0.622670087477976,['5135904' '5680950' '6007984' '4772642'],12207.0,":

1.  **6007984**
2.  **5680950**
3.  **4772642**
4.  **5135904**",65.536,32351.0,0.8,GB,799.997952,12207.0,128,The special magic numbers for empty-pleasure mentioned in the provided text are,0.799997952,2.120155136,What are all the special magic numbers for empty-pleasure mentioned in the provided text? ,niah_multivalue
32768,2120.41728,0.6227167362076959,['6851946' '5587856' '5828304' '3044708'],12207.0,":

1.  **5828304**
2.  **5587856**
3.  **3044708**
4.  **6851946**",65.536,32355.0,0.8,GB,799.997952,12207.0,128,The special magic numbers for picayune-bureau mentioned in the provided text are,0.799997952,2.12041728,What are all the special magic numbers for picayune-bureau mentioned in the provided text? ,niah_multivalue
32768,2119.892992,0.6226234272111788,['5872986' '1705758' '5825636' '2325893'],12207.0,":

1.  **5825636**
2.  **1705758**
3.  **2325893**
4.  **5872986**",65.536,32347.0,0.8,GB,799.997952,12207.0,128,The special magic numbers for deeply-baseboard mentioned in the provided text are,0.799997952,2.119892992,What are all the special magic numbers for deeply-baseboard mentioned in the provided text? ,niah_multivalue
32768,2120.41728,0.6227167362076959,['5548852' '5557052' '3303058' '2832517'],12207.0,":

1.  **3303058**
2.  **5557052**
3.  **2832517**
4.  **5548852**",65.536,32355.0,0.8,GB,799.997952,12207.0,128,The special magic numbers for evanescent-serial mentioned in the provided text are,0.799997952,2.12041728,What are all the special magic numbers for evanescent-serial mentioned in the provided text? ,niah_multivalue
32768,2119.892992,0.6226234272111788,['4906349' '1880654' '2681042' '7934046'],12207.0,":

1.  **2681042**
2.  **1880654**
3.  **7934046**
4.  **4906349**",65.536,32347.0,0.8,GB,799.997952,12207.0,128,The special magic numbers for tender-oasis mentioned in the provided text are,0.799997952,2.119892992,What are all the special magic numbers for tender-oasis mentioned in the provided text? ,niah_multivalue
32768,2119.892992,0.6226234272111788,['3649811' '7826774' '8980915' '9010256'],12207.0,":

1.  **8980915**
2.  **7826774**
3.  **9010256**
4.  **3649811**",65.536,32347.0,0.8,GB,799.997952,12207.0,128,The special magic numbers for scattered-experience mentioned in the provided text are,0.799997952,2.119892992,What are all the special magic numbers for scattered-experience mentioned in the provided text? ,niah_multivalue
32768,2120.155136,0.622670087477976,['4896008' '9978365' '1625760' '3937099'],12207.0,":

1.  **1625760**
2.  **9978365**
3.  **3937099**
4.  **4896008**",65.536,32351.0,0.8,GB,799.997952,12207.0,128,The special magic numbers for tiresome-fireplace mentioned in the provided text are,0.799997952,2.120155136,What are all the special magic numbers for tiresome-fireplace mentioned in the provided text? ,niah_multivalue
32768,2120.155136,0.622670087477976,['5856449' '1628578' '1155477' '6006190'],12207.0,":

1.  **1155477**
2.  **1628578**
3.  **6006190**
4.  **5856449**",65.536,32351.0,0.8,GB,799.997952,12207.0,128,The special magic numbers for elated-environment mentioned in the provided text are,0.799997952,2.120155136,What are all the special magic numbers for elated-environment mentioned in the provided text? ,niah_multivalue
32768,2120.155136,0.622670087477976,['9796605' '9286475' '3251501' '9459284'],12207.0,":

1.  **3251501**
2.  **9286475**
3.  **9459284**
4.  **9796605**",65.536,32351.0,0.8,GB,799.997952,12207.0,128,The special magic numbers for omniscient-performance mentioned in the provided text are,0.799997952,2.120155136,What are all the special magic numbers for omniscient-performance mentioned in the provided text? ,niah_multivalue
32768,2120.155136,0.622670087477976,['8699307' '5316188' '4123902' '1236293'],12207.0,":

1.  **4123902**
2.  **5316188**
3.  **1236293**
4.  **8699307**",65.536,32351.0,0.8,GB,799.997952,12207.0,128,The special magic numbers for disagreeable-sun mentioned in the provided text are,0.799997952,2.120155136,What are all the special magic numbers for disagreeable-sun mentioned in the provided text? ,niah_multivalue
32768,2119.892992,0.6226234272111788,['7802999' '8175669' '9644974' '6501696'],12207.0,":

1.  **9644974**
2.  **8175669**
3.  **6501696**
4.  **7802999**",65.536,32347.0,0.8,GB,799.997952,12207.0,128,The special magic numbers for subdued-dash mentioned in the provided text are,0.799997952,2.119892992,What are all the special magic numbers for subdued-dash mentioned in the provided text? ,niah_multivalue
32768,2119.892992,0.6226234272111788,['6429135' '5161539' '1114590' '5375250'],12207.0,":

1.  **1114590**
2.  **5161539**
3.  **5375250**
4.  **6429135**",65.536,32347.0,0.8,GB,799.997952,12207.0,128,The special magic numbers for perpetual-couch mentioned in the provided text are,0.799997952,2.119892992,What are all the special magic numbers for perpetual-couch mentioned in the provided text? ,niah_multivalue
32768,2120.155136,0.622670087477976,['1191859' '5388133' '7032283' '4964499'],12207.0,":

1.  **7032283**
2.  **5388133**
3.  **4964499**
4.  **1191859**",65.536,32351.0,0.8,GB,799.997952,12207.0,128,The special magic numbers for historical-detainee mentioned in the provided text are,0.799997952,2.120155136,What are all the special magic numbers for historical-detainee mentioned in the provided text? ,niah_multivalue
32768,2120.155136,0.622670087477976,['9430894' '6217344' '2969909' '5949909'],12207.0,":

1.  **2969909**
2.  **6217344**
3.  **5949909**
4.  **9430894**",65.536,32351.0,0.8,GB,799.997952,12207.0,128,The special magic numbers for mere-cicada mentioned in the provided text are,0.799997952,2.120155136,What are all the special magic numbers for mere-cicada mentioned in the provided text? ,niah_multivalue
32768,2120.155136,0.622670087477976,['8633275' '7268384' '7976731' '8899184'],12207.0,":

1.  **7976731**
2.  **7268384**
3.  **8899184**
4.  **8633275**",65.536,32351.0,0.8,GB,799.997952,12207.0,128,The special magic numbers for deranged-formamide mentioned in the provided text are,0.799997952,2.120155136,What are all the special magic numbers for deranged-formamide mentioned in the provided text? ,niah_multivalue
32768,2120.41728,0.6227167362076959,['8495187' '9861274' '7069742' '2310346'],12207.0,":

1.  **7069742**
2.  **9861274**
3.  **2310346**
4.  **8495187**",65.536,32355.0,0.8,GB,799.997952,12207.0,128,The special magic numbers for relieved-ophthalmologist mentioned in the provided text are,0.799997952,2.12041728,What are all the special magic numbers for relieved-ophthalmologist mentioned in the provided text? ,niah_multivalue
32768,2120.155136,0.622670087477976,['3514105' '3760475' '6504900' '9729882'],12207.0,":

1.  **6504900**
2.  **3760475**
3.  **9729882**
4.  **3514105**",65.536,32351.0,0.8,GB,799.997952,12207.0,128,The special magic numbers for slimy-verb mentioned in the provided text are,0.799997952,2.120155136,What are all the special magic numbers for slimy-verb mentioned in the provided text? ,niah_multivalue
32768,2120.155136,0.622670087477976,['9562677' '8473959' '1933413' '8607331'],12207.0,":

1.  **1933413**
2.  **8473959**
3.  **8607331**
4.  **9562677**",65.536,32351.0,0.8,GB,799.997952,12207.0,128,The special magic numbers for callous-hazel mentioned in the provided text are,0.799997952,2.120155136,What are all the special magic numbers for callous-hazel mentioned in the provided text? ,niah_multivalue
32768,2120.679424,0.622763373404617,['8757420' '6170227' '1365247' '7642917'],12207.0,":

1.  **1365247**
2.  **6170227**
3.  **7642917**
4.  **8757420**",65.536,32359.0,0.8,GB,799.997952,12207.0,128,The special magic numbers for shaggy-sailboat mentioned in the provided text are,0.799997952,2.120679424,What are all the special magic numbers for shaggy-sailboat mentioned in the provided text? ,niah_multivalue
32768,2120.41728,0.6227167362076959,['8108462' '6780235' '2069713' '2010921'],12207.0,":

1.  **2069713** (Found in the section discussing Internet addiction and procrastination)
2.  **6780235** (Found in the section discussing Airbnb's early hiring practices)
3.  **2010921** (Found in the section advising against starting a startup in college)
4.  **8108462** (Found in the section discussing design, users, and prototypes)",65.536,32355.0,0.8,GB,799.997952,12207.0,128,The special magic numbers for angry-wiseguy mentioned in the provided text are,0.799997952,2.12041728,What are all the special magic numbers for angry-wiseguy mentioned in the provided text? ,niah_multivalue
32768,2120.679424,0.622763373404617,['3272119' '8052503' '7282411' '7416943'],12207.0,":

1.  **7282411**
2.  **8052503**
3.  **7416943**
4.  **3272119**",65.536,32359.0,0.8,GB,799.997952,12207.0,128,The special magic numbers for earsplitting-kazoo mentioned in the provided text are,0.799997952,2.120679424,What are all the special magic numbers for earsplitting-kazoo mentioned in the provided text? ,niah_multivalue
32768,2120.41728,0.6227167362076959,['6834610' '2990334' '3994290' '7594429'],12207.0,":

1.  **3994290**
2.  **2990334**
3.  **7594429**
4.  **6834610**",65.536,32355.0,0.8,GB,799.997952,12207.0,128,The special magic numbers for toothsome-survival mentioned in the provided text are,0.799997952,2.12041728,What are all the special magic numbers for toothsome-survival mentioned in the provided text? ,niah_multivalue
32768,2120.41728,0.6227167362076959,['8767916' '8115687' '9924365' '7363203'],12207.0,":

1.  **9924365**
2.  **8115687**
3.  **7363203**
4.  **8767916**",65.536,32355.0,0.8,GB,799.997952,12207.0,128,The special magic numbers for high-pitched-chuck mentioned in the provided text are,0.799997952,2.12041728,What are all the special magic numbers for high-pitched-chuck mentioned in the provided text? ,niah_multivalue
32768,2120.155136,0.622670087477976,['4162177' '2893218' '1540516' '8033690'],12207.0,":

1.  **1540516**
2.  **2893218**
3.  **8033690**
4.  **4162177**",65.536,32351.0,0.8,GB,799.997952,12207.0,128,The special magic numbers for grubby-revenue mentioned in the provided text are,0.799997952,2.120155136,What are all the special magic numbers for grubby-revenue mentioned in the provided text? ,niah_multivalue
32768,2120.41728,0.6227167362076959,['1563316' '8490038' '1816653' '5105957'],12207.0,":

1.  **1816653** (Found in the section discussing Internet addiction and procrastination)
2.  **8490038** (Found in the section discussing evaluating competitors and job listings)
3.  **5105957** (Found in the section discussing the short story and imitating bad writers)
4.  **1563316** (Found in the section discussing distractions and talking to corporate development)",65.536,32355.0,0.8,GB,799.997952,12207.0,128,The special magic numbers for chivalrous-readiness mentioned in the provided text are,0.799997952,2.12041728,What are all the special magic numbers for chivalrous-readiness mentioned in the provided text? ,niah_multivalue
32768,2120.155136,0.622670087477976,['3351084' '9453969' '5853035' '4928578'],12207.0,":

1.  **5853035**
2.  **9453969**
3.  **4928578**
4.  **3351084**",65.536,32351.0,0.8,GB,799.997952,12207.0,128,The special magic numbers for auspicious-scenery mentioned in the provided text are,0.799997952,2.120155136,What are all the special magic numbers for auspicious-scenery mentioned in the provided text? ,niah_multivalue
32768,2120.679424,0.622763373404617,['9745141' '4708481' '7938388' '6041569'],12207.0,":

1.  **7938388**
2.  **4708481**
3.  **6041569**
4.  **9745141**",65.536,32359.0,0.8,GB,799.997952,12207.0,128,The special magic numbers for debonair-bondsman mentioned in the provided text are,0.799997952,2.120679424,What are all the special magic numbers for debonair-bondsman mentioned in the provided text? ,niah_multivalue
32768,2119.630848,0.6225767554030238,['8167236' '9315137' '1786584' '6778321'],12207.0,":

1.  **1786584**
2.  **9315137**
3.  **6778321**
4.  **8167236**",65.536,32343.0,0.8,GB,799.997952,12207.0,128,The special magic numbers for tall-spacing mentioned in the provided text are,0.799997952,2.119630848,What are all the special magic numbers for tall-spacing mentioned in the provided text? ,niah_multivalue
32768,2119.892992,0.6226234272111788,['6031294' '7315953' '4084977' '8944327'],12207.0,":

1.  **4084977**
2.  **7315953**
3.  **8944327**
4.  **6031294**",65.536,32347.0,0.8,GB,799.997952,12207.0,128,The special magic numbers for defiant-individual mentioned in the provided text are,0.799997952,2.119892992,What are all the special magic numbers for defiant-individual mentioned in the provided text? ,niah_multivalue
32768,2119.892992,0.6226234272111788,['7923579' '7987842' '9891787' '3249703'],12207.0,":

1.  **9891787**
2.  **7987842**
3.  **3249703**
4.  **7923579**",65.536,32347.0,0.8,GB,799.997952,12207.0,128,The special magic numbers for average-curry mentioned in the provided text are,0.799997952,2.119892992,What are all the special magic numbers for average-curry mentioned in the provided text? ,niah_multivalue
32768,2120.155136,0.622670087477976,['2326581' '8546170' '7225647' '2551288'],12207.0,":

1.  **7225647**
2.  **8546170**
3.  **2551288**
4.  **2326581**",65.536,32351.0,0.8,GB,799.997952,12207.0,128,The special magic numbers for thoughtless-hope mentioned in the provided text are,0.799997952,2.120155136,What are all the special magic numbers for thoughtless-hope mentioned in the provided text? ,niah_multivalue
32768,2120.155136,0.622670087477976,['1663497' '2221118' '4156856' '4640933'],12207.0,":

1.  **4156856**
2.  **2221118**
3.  **4640933**
4.  **1663497**",65.536,32351.0,0.8,GB,799.997952,12207.0,128,The special magic numbers for uneven-sandwich mentioned in the provided text are,0.799997952,2.120155136,What are all the special magic numbers for uneven-sandwich mentioned in the provided text? ,niah_multivalue
32768,2120.155136,0.622670087477976,['4188068' '2968239' '9034958' '5070038'],12207.0,":

1.  **9034958**
2.  **2968239**
3.  **5070038**
4.  **4188068**",65.536,32351.0,0.8,GB,799.997952,12207.0,128,The special magic numbers for faint-southeast mentioned in the provided text are,0.799997952,2.120155136,What are all the special magic numbers for faint-southeast mentioned in the provided text? ,niah_multivalue
32768,2120.155136,0.622670087477976,['7386444' '8822384' '9953163' '7027375'],12207.0,":

1.  **9953163**
2.  **8822384**
3.  **7027375**
4.  **7386444**",65.536,32351.0,0.8,GB,799.997952,12207.0,128,The special magic numbers for half-tilt mentioned in the provided text are,0.799997952,2.120155136,What are all the special magic numbers for half-tilt mentioned in the provided text? ,niah_multivalue
32768,2120.41728,0.6227167362076959,['2654371' '8876742' '6372622' '4407913'],12207.0,":

1.  **6372622** (Found in the section discussing Internet addiction and procrastination, Note [4] of the July 2010 essay).
2.  **8876742** (Found in the section discussing how startup ideas form, specifically regarding the voice over IP software example in the October 2014 essay).
3.  **4407913** (Found in the section discussing ""Corn Syrup"" and economies of scale in the March 2008 essay).
4.  **265",65.536,32355.0,0.8,GB,799.997952,12207.0,128,The special magic numbers for overwrought-back-up mentioned in the provided text are,0.799997952,2.12041728,What are all the special magic numbers for overwrought-back-up mentioned in the provided text? ,niah_multivalue
32768,2119.892992,0.6226234272111788,['1272124' '5375063' '8005797' '5952504'],12207.0,":

1.  **8005797**
2.  **5375063**
3.  **5952504**
4.  **1272124**",65.536,32347.0,0.8,GB,799.997952,12207.0,128,The special magic numbers for deep-gig mentioned in the provided text are,0.799997952,2.119892992,What are all the special magic numbers for deep-gig mentioned in the provided text? ,niah_multivalue
32768,2119.892992,0.6226234272111788,['5122665' '9376888' '6663388' '5317226'],12207.0,":

1.  **6663388**
2.  **9376888**
3.  **5317226**
4.  **5122665**",65.536,32347.0,0.8,GB,799.997952,12207.0,128,The special magic numbers for skillful-flight mentioned in the provided text are,0.799997952,2.119892992,What are all the special magic numbers for skillful-flight mentioned in the provided text? ,niah_multivalue
32768,2119.892992,0.6226234272111788,['9192588' '4087809' '1985360' '9790328'],12207.0,":

1.  **1985360**
2.  **4087809**
3.  **9790328**
4.  **9192588**",65.536,32347.0,0.8,GB,799.997952,12207.0,128,The special magic numbers for dazzling-advent mentioned in the provided text are,0.799997952,2.119892992,What are all the special magic numbers for dazzling-advent mentioned in the provided text? ,niah_multivalue
32768,2119.892992,0.6226234272111788,['4882808' '2140312' '3533857' '1153368'],12207.0,":

1.  **3533857**
2.  **2140312**
3.  **1153368**
4.  **4882808**",65.536,32347.0,0.8,GB,799.997952,12207.0,128,The special magic numbers for dangerous-voice mentioned in the provided text are,0.799997952,2.119892992,What are all the special magic numbers for dangerous-voice mentioned in the provided text? ,niah_multivalue
32768,2120.155136,0.622670087477976,['9106820' '9184838' '1263935' '1110936'],12207.0,":

1.  **1263935**
2.  **9184838**
3.  **1110936**
4.  **9106820**",65.536,32351.0,0.8,GB,799.997952,12207.0,128,The special magic numbers for swanky-retailer mentioned in the provided text are,0.799997952,2.120155136,What are all the special magic numbers for swanky-retailer mentioned in the provided text? ,niah_multivalue
32768,2120.155136,0.622670087477976,['5609384' '9988193' '5809835' '1287605'],12207.0,":

1.  **5809835**
2.  **9988193**
3.  **1287605**
4.  **5609384**",65.536,32351.0,0.8,GB,799.997952,12207.0,128,The special magic numbers for rhetorical-icecream mentioned in the provided text are,0.799997952,2.120155136,What are all the special magic numbers for rhetorical-icecream mentioned in the provided text? ,niah_multivalue
32768,2119.892992,0.6226234272111788,['3498085' '5042786' '4220085' '9832465'],12207.0,":

1.  **4220085**
2.  **5042786**
3.  **9832465**
4.  **3498085**",65.536,32347.0,0.8,GB,799.997952,12207.0,128,The special magic numbers for reflective-crotch mentioned in the provided text are,0.799997952,2.119892992,What are all the special magic numbers for reflective-crotch mentioned in the provided text? ,niah_multivalue
32768,2120.155136,0.622670087477976,['7812009' '8700704' '5080351' '4789255'],12207.0,":

1.  **5080351** (Found in the section discussing Internet addiction and procrastination)
2.  **8700704** (Found in the section discussing Apple's App Store and software development)
3.  **4789255** (Found in the section discussing startup ideas and college)
4.  **7812009** (Found in the section discussing bad writers and short stories)",65.536,32351.0,0.8,GB,799.997952,12207.0,128,The special magic numbers for lively-cheetah mentioned in the provided text are,0.799997952,2.120155136,What are all the special magic numbers for lively-cheetah mentioned in the provided text? ,niah_multivalue
32768,2120.679424,0.622763373404617,['8986040' '1941452' '1158547' '3875339'],12207.0,":

1.  **1158547**
2.  **1941452**
3.  **3875339**
4.  **8986040**",65.536,32359.0,0.8,GB,799.997952,12207.0,128,The special magic numbers for lopsided-decency mentioned in the provided text are,0.799997952,2.120679424,What are all the special magic numbers for lopsided-decency mentioned in the provided text? ,niah_multivalue
32768,2120.41728,0.6227167362076959,['1713900' '4854842' '4546989' '8977571'],12207.0,":

1.  **4546989** (Found in the section discussing Internet addiction and procrastination)
2.  **4854842** (Found in the section discussing Airbnb's early hiring practices)
3.  **8977571** (Found in the section discussing the life of a successful startup founder like Larry Page)
4.  **1713900** (Found in the section discussing the acceleration of change and ideas)",65.536,32355.0,0.8,GB,799.997952,12207.0,128,The special magic numbers for resolute-technologist mentioned in the provided text are,0.799997952,2.12041728,What are all the special magic numbers for resolute-technologist mentioned in the provided text? ,niah_multivalue
32768,2119.630848,0.6225767554030238,['6276177' '1262699' '4475536' '3419132'],12207.0,":

1.  **4475536** (Found in the section discussing Airbnb's hiring timeline)
2.  **1262699** (Found in the section discussing Viaweb's development cycle)
3.  **3419132** (Found in the section discussing how to get startup ideas)
4.  **6276177** (Found in the section discussing the author's experience with fiction and short stories)",65.536,32343.0,0.8,GB,799.997952,12207.0,128,The special magic numbers for early-quality mentioned in the provided text are,0.799997952,2.119630848,What are all the special magic numbers for early-quality mentioned in the provided text? ,niah_multivalue
32768,2120.41728,0.6227167362076959,['7528964' '6565503' '7439870' '3347981'],12207.0,":

1.  **7439870**
2.  **6565503**
3.  **3347981**
4.  **7528964**",65.536,32355.0,0.8,GB,799.997952,12207.0,128,The special magic numbers for silent-lymphocyte mentioned in the provided text are,0.799997952,2.12041728,What are all the special magic numbers for silent-lymphocyte mentioned in the provided text? ,niah_multivalue
32768,2120.41728,0.6227167362076959,['4894730' '2275374' '6714198' '7655572'],12207.0,":

1.  **6714198**
2.  **2275374**
3.  **7655572**
4.  **4894730**",65.536,32355.0,0.8,GB,799.997952,12207.0,128,The special magic numbers for nosy-ephyra mentioned in the provided text are,0.799997952,2.12041728,What are all the special magic numbers for nosy-ephyra mentioned in the provided text? ,niah_multivalue
32768,2120.155136,0.622670087477976,['6969521' '7298619' '8245206' '4116163'],12207.0,":

1.  **8245206**
2.  **7298619**
3.  **4116163**
4.  **6969521**",65.536,32351.0,0.8,GB,799.997952,12207.0,128,The special magic numbers for flagrant-aim mentioned in the provided text are,0.799997952,2.120155136,What are all the special magic numbers for flagrant-aim mentioned in the provided text? ,niah_multivalue
32768,2119.892992,0.6226234272111788,['2233237' '2376369' '5495824' '3587398'],12207.0,":

1.  **5495824**
2.  **2376369**
3.  **3587398**
4.  **2233237**",65.536,32347.0,0.8,GB,799.997952,12207.0,128,The special magic numbers for frightened-pest mentioned in the provided text are,0.799997952,2.119892992,What are all the special magic numbers for frightened-pest mentioned in the provided text? ,niah_multivalue
32768,2119.892992,0.6226234272111788,['1087161' '6171869' '8461429' '7038413'],12207.0,":

1.  **8461429**
2.  **6171869**
3.  **7038413**
4.  **1087161**",65.536,32347.0,0.8,GB,799.997952,12207.0,128,The special magic numbers for calm-cartilage mentioned in the provided text are,0.799997952,2.119892992,What are all the special magic numbers for calm-cartilage mentioned in the provided text? ,niah_multivalue
32768,2119.892992,0.6226234272111788,['8530347' '9597330' '7845845' '2732967'],12207.0,":

1.  **7845845**
2.  **9597330**
3.  **2732967**
4.  **8530347**",65.536,32347.0,0.8,GB,799.997952,12207.0,128,The special magic numbers for nice-ruling mentioned in the provided text are,0.799997952,2.119892992,What are all the special magic numbers for nice-ruling mentioned in the provided text? ,niah_multivalue
