token_budget,context_length,answer,retained_kv_memory_mb,task,question,retained_kv_memory_gb,answer_prefix,max_new_tokens,kv_memory_per_token_kb,compression_ratio,retained_context_tokens,memory_budget_unit,uncompressed_kv_memory_gb,predicted_answer,memory_budget,uncompressed_kv_memory_mb,context_tokens
15258.0,32768,['France' 'France' 'France' 'France'],999.948288,qa_1,"Answer the question based on the given documents. Only give me the answer and do not output any other words.

Question: In what country is Normandy located? ",0.999948288,Answer:,32,65.536,0.5127107818088912,15258.0,GB,2.052063232, France,1.0,2052.063232,31312.0
15258.0,32768,"['10th and 11th centuries' 'in the 10th and 11th centuries'
 '10th and 11th centuries' '10th and 11th centuries']",999.948288,qa_1,"Answer the question based on the given documents. Only give me the answer and do not output any other words.

Question: When were the Normans in Normandy? ",0.999948288,Answer:,32,65.536,0.549113475177305,15258.0,GB,2.21773824, 10th and 11th centuries,1.0,2217.73824,33840.0
15258.0,32768,"['Denmark, Iceland and Norway' 'Denmark, Iceland and Norway'
 'Denmark, Iceland and Norway' 'Denmark, Iceland and Norway']",999.948288,qa_1,"Answer the question based on the given documents. Only give me the answer and do not output any other words.

Question: From which countries did the Norse originate? ",0.999948288,Answer:,32,65.536,0.5352704678362573,15258.0,GB,2.151677952," Denmark, Iceland and Norway",1.0,2151.677952,32832.0
15258.0,32768,['Rollo' 'Rollo' 'Rollo' 'Rollo'],999.948288,qa_1,"Answer the question based on the given documents. Only give me the answer and do not output any other words.

Question: Who was the Norse leader? ",0.999948288,Answer:,32,65.536,0.5460684854074316,15258.0,GB,2.202861568, Rollo,1.0,2202.861568,33613.0
15258.0,32768,['10th century' 'the first half of the 10th century' '10th' '10th'],999.948288,qa_1,"Answer the question based on the given documents. Only give me the answer and do not output any other words.

Question: What century did the Normans first gain their separate identity? ",0.999948288,Answer:,32,65.536,0.5450940639813959,15258.0,GB,2.198142976, 10th century,1.0,2198.142976,33541.0
15258.0,32768,['William the Conqueror' 'William the Conqueror' 'William the Conqueror'],999.948288,qa_1,"Answer the question based on the given documents. Only give me the answer and do not output any other words.

Question: Who was the duke in the battle of Hastings? ",0.999948288,Answer:,32,65.536,0.5232917799231418,15258.0,GB,2.097610752, William II of Normandy,1.0,2097.610752,32007.0
15258.0,32768,['Richard I' 'Richard I' 'Richard I'],999.948288,qa_1,"Answer the question based on the given documents. Only give me the answer and do not output any other words.

Question: Who ruled the duchy of Normandy ",0.999948288,Answer:,32,65.536,0.5345332519829165,15258.0,GB,2.14827008," Rollo, Richard I of Normandy, and William II of Normandy (William the Conqueror).",1.0,2148.27008,32780.0
15258.0,32768,['Catholic' 'Catholic orthodoxy' 'Catholic'],999.948288,qa_1,"Answer the question based on the given documents. Only give me the answer and do not output any other words.

Question: What religion were the Normans ",0.999948288,Answer:,32,65.536,0.551235294117647,15258.0,GB,2.228224, Catholicism (Christianity),1.0,2228.224,34000.0
15258.0,32768,"['Viking' 'Norseman, Viking' 'Norseman, Viking']",999.948288,qa_1,"Answer the question based on the given documents. Only give me the answer and do not output any other words.

Question: What is the original meaning of the word Norman? ",0.999948288,Answer:,32,65.536,0.5438428652575562,15258.0,GB,2.192113664," Norseman, Viking",1.0,2192.113664,33449.0
15258.0,32768,['9th century' '9th century' '9th century'],999.948288,qa_1,"Answer the question based on the given documents. Only give me the answer and do not output any other words.

Question: When was the Latin version of the word Norman first recorded? ",0.999948288,Answer:,32,65.536,0.5386290103111487,15258.0,GB,2.167341056, 9th century,1.0,2167.341056,33071.0
15258.0,32768,['911' '911' '911'],999.948288,qa_1,"Answer the question based on the given documents. Only give me the answer and do not output any other words.

Question: When was the Duchy of Normandy founded? ",0.999948288,Answer:,32,65.536,0.5390610839224216,15258.0,GB,2.169372672, 911,1.0,2169.372672,33102.0
15258.0,32768,['King Charles III' 'King Charles III' 'King Charles III'],999.948288,qa_1,"Answer the question based on the given documents. Only give me the answer and do not output any other words.

Question: Who did Rollo sign the treaty of Saint-Clair-sur-Epte with? ",0.999948288,Answer:,32,65.536,0.5480717966945086,15258.0,GB,2.212626432, King Charles III of West Francia,1.0,2212.626432,33762.0
15258.0,32768,['Seine' 'Epte' 'Seine'],999.948288,qa_1,"Answer the question based on the given documents. Only give me the answer and do not output any other words.

Question: What river originally bounded the Duchy ",0.999948288,Answer:,32,65.536,0.5343485824152349,15258.0,GB,2.147418112, The river Epte,1.0,2147.418112,32767.0
15258.0,32768,['Rollo' 'Rollo' 'Rollo'],999.948288,qa_1,"Answer the question based on the given documents. Only give me the answer and do not output any other words.

Question: Who upon arriving gave the original viking settlers a common identity? ",0.999948288,Answer:,32,65.536,0.5241095377705696,15258.0,GB,2.101215232, Rollo,1.0,2101.215232,32062.0
15258.0,32768,['Catholicism' 'Catholicism' 'Catholicism'],999.948288,qa_1,"Answer the question based on the given documents. Only give me the answer and do not output any other words.

Question: What was the Norman religion? ",0.999948288,Answer:,32,65.536,0.5347461503277939,15258.0,GB,2.14925312, Catholicism (Christianity),1.0,2149.25312,32795.0
15258.0,32768,['north' 'the north' 'north'],999.948288,qa_1,"Answer the question based on the given documents. Only give me the answer and do not output any other words.

Question: What part of France were the Normans located? ",0.999948288,Answer:,32,65.536,0.5344622425629291,15258.0,GB,2.1479424, The north of France.,1.0,2147.9424,32775.0
15258.0,32768,['fighting horsemen' 'fighting horsemen' 'fighting horsemen'],999.948288,qa_1,"Answer the question based on the given documents. Only give me the answer and do not output any other words.

Question: What was one of the Norman's major exports? ",0.999948288,Answer:,32,65.536,0.5125239616613418,15258.0,GB,2.0512768, fighting horsemen,1.0,2051.2768,31300.0
15258.0,32768,"['Seljuk Turks'
 'the Pechenegs, the Bulgars, and especially the Seljuk Turks'
 'the Seljuk Turks']",999.948288,qa_1,"Answer the question based on the given documents. Only give me the answer and do not output any other words.

Question: Who was the Normans' main enemy in Italy, the Byzantine Empire and Armenia? ",0.999948288,Answer:,32,65.536,0.532608362689539,15258.0,GB,2.13942272, The Seljuk Turks,1.0,2139.42272,32645.0
15258.0,32768,['1050s' 'in the 1050s' 'in the 1050s'],999.948288,qa_1,"Answer the question based on the given documents. Only give me the answer and do not output any other words.

Question: When did Herve serve as a Byzantine general? ",0.999948288,Answer:,32,65.536,0.5382939449874422,15258.0,GB,2.165768192, in the 1050s,1.0,2165.768192,33047.0
15258.0,32768,['1060s' 'In the 1060s' 'In the 1060s'],999.948288,qa_1,"Answer the question based on the given documents. Only give me the answer and do not output any other words.

Question: When did Robert Crispin go up against the Turks? ",0.999948288,Answer:,32,65.536,0.5496458087367178,15258.0,GB,2.22035968, In the 1060s,1.0,2220.35968,33880.0
15258.0,32768,['Alexius Komnenos' 'Alexius Komnenos' 'Alexius Komnenos'],999.948288,qa_1,"Answer the question based on the given documents. Only give me the answer and do not output any other words.

Question: Who ruined Roussel de Bailleul's plans for an independent state? ",0.999948288,Answer:,32,65.536,0.5483660904570211,15258.0,GB,2.214068224, The Byzantine general Alexius Komnenos,1.0,2214.068224,33784.0
15258.0,32768,['Afranji' 'Afranji' 'Afranji'],999.948288,qa_1,"Answer the question based on the given documents. Only give me the answer and do not output any other words.

Question: What was the name of the Norman castle? ",0.999948288,Answer:,32,65.536,0.5509975869578012,15258.0,GB,2.227044352, Trim Castle and Dublin Castle,1.0,2227.044352,33982.0
15258.0,32768,['Oursel' 'Oursel' 'Oursel'],999.948288,qa_1,"Answer the question based on the given documents. Only give me the answer and do not output any other words.

Question: Who was the leader when the Franks entered the Euphrates valley? ",0.999948288,Answer:,32,65.536,0.5130218307162007,15258.0,GB,2.053373952, A Norman named Oursel,1.0,2053.373952,31332.0
15258.0,32768,['Turkish forces' 'Turkish forces' 'Turkish forces'],999.948288,qa_1,"Answer the question based on the given documents. Only give me the answer and do not output any other words.

Question: Who did the Normans team up with in Anatolia? ",0.999948288,Answer:,32,65.536,0.5172435613491109,15258.0,GB,2.071330816, Turkish forces,1.0,2071.330816,31606.0
15258.0,32768,"['Norman mercenary' 'an Italo-Norman named Raoul'
 'descended from an Italo-Norman named Raoul']",999.948288,qa_1,"Answer the question based on the given documents. Only give me the answer and do not output any other words.

Question: What were the origins of the Raouliii family? ",0.999948288,Answer:,32,65.536,0.5254564115323609,15258.0,GB,2.107179008, The Raoulii were descended from an Italo-Norman named Raoul.,1.0,2107.179008,32153.0
15258.0,32768,['Robert Guiscard' 'Robert Guiscard' 'Robert Guiscard'],999.948288,qa_1,"Answer the question based on the given documents. Only give me the answer and do not output any other words.

Question: What was the name of the count of Apulia  ",0.999948288,Answer:,32,65.536,0.5355533909655424,15258.0,GB,2.152988672, Robert Guiscard,1.0,2152.988672,32852.0
15258.0,32768,['1082' 'February 1082' 'February 1082'],999.948288,qa_1,"Answer the question based on the given documents. Only give me the answer and do not output any other words.

Question: When did Dyrrachium  fall to the Normans? ",0.999948288,Answer:,32,65.536,0.5313162340654277,15258.0,GB,2.13352448, February 1082,1.0,2133.52448,32555.0
15258.0,32768,"['30,000' '30,000' '30,000']",999.948288,qa_1,"Answer the question based on the given documents. Only give me the answer and do not output any other words.

Question: How many men were in Robert's army? ",0.999948288,Answer:,32,65.536,0.5430915733365276,15258.0,GB,2.188509184," 30,000",1.0,2188.509184,33394.0
15258.0,32768,['Deabolis' 'Deabolis' 'Deabolis'],999.948288,qa_1,"Answer the question based on the given documents. Only give me the answer and do not output any other words.

Question: Where did the Normans and Byzantines sign the peace treaty? ",0.999948288,Answer:,32,65.536,0.5494862406991851,15258.0,GB,2.219573248, the city of Deabolis,1.0,2219.573248,33868.0
15258.0,32768,['Bohemond' 'Bohemond' 'Bohemond'],999.948288,qa_1,"Answer the question based on the given documents. Only give me the answer and do not output any other words.

Question: Who was Robert's son? ",0.999948288,Answer:,32,65.536,0.5239016475287069,15258.0,GB,2.100297728, Bohemond,1.0,2100.297728,32048.0
15258.0,32768,['Deabolis' 'the river Deabolis' 'Deabolis'],999.948288,qa_1,"Answer the question based on the given documents. Only give me the answer and do not output any other words.

Question: What river was Petrela located by? ",0.999948288,Answer:,32,65.536,0.5300603671307134,15258.0,GB,2.127822848, Deabolis,1.0,2127.822848,32468.0
15258.0,32768,['1185' 'in 1185' '1185'],999.948288,qa_1,"Answer the question based on the given documents. Only give me the answer and do not output any other words.

Question: When did the Normans attack Dyrrachium? ",0.999948288,Answer:,32,65.536,0.5436109117013639,15258.0,GB,2.190999552," 1081, 1107, and 1185",1.0,2190.999552,33432.0
15258.0,32768,['Dyrrachium' 'Dyrrachium' 'Dyrrachium'],999.948288,qa_1,"Answer the question based on the given documents. Only give me the answer and do not output any other words.

Question: What was the naval base called? ",0.999948288,Answer:,32,65.536,0.5498716700592973,15258.0,GB,2.221473792, Dyrrachium,1.0,2221.473792,33897.0
15258.0,32768,['the Adriatic' 'the Adriatic' 'Adriatic'],999.948288,qa_1,"Answer the question based on the given documents. Only give me the answer and do not output any other words.

Question: Where was Dyrrachium located? ",0.999948288,Answer:,32,65.536,0.5505876115578334,15258.0,GB,2.225012736, Dyrrachium was located on the southern shores of Albania.,1.0,2225.012736,33951.0
15258.0,32768,['King Ethelred II' 'Ethelred II' 'King Ethelred II'],999.948288,qa_1,"Answer the question based on the given documents. Only give me the answer and do not output any other words.

Question: Who did Emma Marry? ",0.999948288,Answer:,32,65.536,0.54425162041877,15258.0,GB,2.194079744, King Ethelred II of England,1.0,2194.079744,33479.0
15258.0,32768,['Duke Richard II' 'Duke Richard II' 'Duke Richard II'],999.948288,qa_1,"Answer the question based on the given documents. Only give me the answer and do not output any other words.

Question: Who was Emma's brother? ",0.999948288,Answer:,32,65.536,0.5482457438934123,15258.0,GB,2.2134784, Duke Richard II of Normandy,1.0,2213.4784,33775.0
15258.0,32768,['Normandy' 'Normandy' 'Normandy'],999.948288,qa_1,"Answer the question based on the given documents. Only give me the answer and do not output any other words.

Question: To where did Ethelred flee? ",0.999948288,Answer:,32,65.536,0.5072660337143964,15258.0,GB,2.029387776, Normandy,1.0,2029.387776,30966.0
15258.0,32768,['Sweyn Forkbeard' 'Sweyn Forkbeard' 'Sweyn Forkbeard'],999.948288,qa_1,"Answer the question based on the given documents. Only give me the answer and do not output any other words.

Question: Who kicked Ethelred out? ",0.999948288,Answer:,32,65.536,0.53161836935167,15258.0,GB,2.134900736, Sweyn Forkbeard,1.0,2134.900736,32576.0
15258.0,32768,['Harthacnut' 'Harthacnut' 'Harthacnut'],999.948288,qa_1,"Answer the question based on the given documents. Only give me the answer and do not output any other words.

Question: Who was Edward the Confessor's half-brother? ",0.999948288,Answer:,32,65.536,0.5297272306981045,15258.0,GB,2.12631552, Harthacnut,1.0,2126.31552,32445.0
15258.0,32768,['1041' 'in 1041' '1041'],999.948288,qa_1,"Answer the question based on the given documents. Only give me the answer and do not output any other words.

Question: When did Edward return? ",0.999948288,Answer:,32,65.536,0.5394645498173916,15258.0,GB,2.171273216, 1041,1.0,2171.273216,33131.0
15258.0,32768,['Robert of Jumièges' 'Robert of Jumièges' 'Robert of Jumièges'],999.948288,qa_1,"Answer the question based on the given documents. Only give me the answer and do not output any other words.

Question: Who did Edward make archbishop of Canterbury? ",0.999948288,Answer:,32,65.536,0.5356523326942391,15258.0,GB,2.153447424, Robert of Jumièges,1.0,2153.447424,32859.0
15258.0,32768,['Battle of Hastings' 'the Battle of Hastings' 'at the Battle of Hastings'],999.948288,qa_1,"Answer the question based on the given documents. Only give me the answer and do not output any other words.

Question: Where did Harold II die? ",0.999948288,Answer:,32,65.536,0.540490889926216,15258.0,GB,2.17612288, At the Battle of Hastings.,1.0,2176.12288,33205.0
15258.0,32768,['William II' 'Duke William II' 'Duke William II'],999.948288,qa_1,"Answer the question based on the given documents. Only give me the answer and do not output any other words.

Question: Who killed Harold II?  ",0.999948288,Answer:,32,65.536,0.5448905327208733,15258.0,GB,2.197159936, Duke William II of Normandy,1.0,2197.159936,33526.0
15258.0,32768,['1066' 'In 1066' '1066'],999.948288,qa_1,"Answer the question based on the given documents. Only give me the answer and do not output any other words.

Question: When was the Battle of Hastings? ",0.999948288,Answer:,32,65.536,0.5465945560442174,15258.0,GB,2.205417472, 1066,1.0,2205.417472,33652.0
15258.0,32768,['Anglo-Saxons' 'the Anglo-Saxons' 'Anglo-Saxons'],999.948288,qa_1,"Answer the question based on the given documents. Only give me the answer and do not output any other words.

Question: Who was the ruling class ahead of the Normans? ",0.999948288,Answer:,32,65.536,0.551551845755937,15258.0,GB,2.229796864, The Anglo-Saxons,1.0,2229.796864,34024.0
15258.0,32768,['Modern English' 'Modern English' 'Modern English'],999.948288,qa_1,"Answer the question based on the given documents. Only give me the answer and do not output any other words.

Question: What was the Anglo-Norman language's final form? ",0.999948288,Answer:,32,65.536,0.5216927899686521,15258.0,GB,2.0905984, Modern English,1.0,2090.5984,31900.0
15258.0,32768,['1169' '1169' '1169'],999.948288,qa_1,"Answer the question based on the given documents. Only give me the answer and do not output any other words.

Question: In what year did the Norman's invade at Bannow Bay? ",0.999948288,Answer:,32,65.536,0.5217377676080619,15258.0,GB,2.090795008, 1169,1.0,2090.795008,31903.0
15258.0,32768,['Ireland' 'Ireland' 'Ireland'],999.948288,qa_1,"Answer the question based on the given documents. Only give me the answer and do not output any other words.

Question: What country did the Normans invade in 1169? ",0.999948288,Answer:,32,65.536,0.5383917226356871,15258.0,GB,2.166226944, Ireland,1.0,2166.226944,33054.0
15258.0,32768,['Irish' 'Irish' 'Irish'],999.948288,qa_1,"Answer the question based on the given documents. Only give me the answer and do not output any other words.

Question: What culture did the Normans combine with in Ireland? ",0.999948288,Answer:,32,65.536,0.5419668587896254,15258.0,GB,2.183135232, Irish culture,1.0,2183.135232,33312.0
15258.0,32768,['Edgar' 'Edgar' 'Edgar Atheling'],999.948288,qa_1,"Answer the question based on the given documents. Only give me the answer and do not output any other words.

Question: Who was Margaret's brother? ",0.999948288,Answer:,32,65.536,0.5356382007425893,15258.0,GB,2.153381888, Edgar Atheling,1.0,2153.381888,32858.0
15258.0,32768,['King Malcolm III of Scotland' 'King Malcolm III' 'King Malcolm III'],999.948288,qa_1,"Answer the question based on the given documents. Only give me the answer and do not output any other words.

Question: Who was Margaret's husband? ",0.999948288,Answer:,32,65.536,0.5330803598751453,15258.0,GB,2.141585408, King Malcolm III of Scotland,1.0,2141.585408,32678.0
15258.0,32768,['1072' '1072' '1072'],999.948288,qa_1,"Answer the question based on the given documents. Only give me the answer and do not output any other words.

Question: When was Scotland invaded by William? ",0.999948288,Answer:,32,65.536,0.5449041071375309,15258.0,GB,2.197225472, 1072,1.0,2197.225472,33527.0
15258.0,32768,['Duncan' 'Duncan' 'Duncan'],999.948288,qa_1,"Answer the question based on the given documents. Only give me the answer and do not output any other words.

Question: Who was the hostage? ",0.999948288,Answer:,32,65.536,0.5029481708310258,15258.0,GB,2.011758592, Duncan,1.0,2011.758592,30697.0
15258.0,32768,['Sybilla of Normandy' 'Sybilla of Normandy' 'Sybilla'],999.948288,qa_1,"Answer the question based on the given documents. Only give me the answer and do not output any other words.

Question: Who did Alexander I marry? ",0.999948288,Answer:,32,65.536,0.5409471087309705,15258.0,GB,2.178285568, Sybilla of Normandy,1.0,2178.285568,33238.0
15258.0,32768,['Norman' 'Norman' 'Norman'],999.948288,qa_1,"Answer the question based on the given documents. Only give me the answer and do not output any other words.

Question: What culture's arrival in Scotland is know as the ""Davidian Revolution""? ",0.999948288,Answer:,32,65.536,0.5523675409258934,15258.0,GB,2.233860096, Norman culture,1.0,2233.860096,34086.0
15258.0,32768,['Hereford' 'Hereford' 'Hereford'],999.948288,qa_1,"Answer the question based on the given documents. Only give me the answer and do not output any other words.

Question: Where was Ralph earl of? ",0.999948288,Answer:,32,65.536,0.5376223521924907,15258.0,GB,2.162622464, Hereford,1.0,2162.622464,32999.0
15258.0,32768,['the Welsh' 'the Welsh' 'the Welsh'],999.948288,qa_1,"Answer the question based on the given documents. Only give me the answer and do not output any other words.

Question: Who was Ralph in charge of being at war with? ",0.999948288,Answer:,32,65.536,0.49126433715657514,15258.0,GB,1.965555712, the Welsh,1.0,1965.555712,29992.0
15258.0,32768,['Edward the Confessor' 'Edward the Confessor' 'Edward the Confessor'],999.948288,qa_1,"Answer the question based on the given documents. Only give me the answer and do not output any other words.

Question: Who made Ralph earl? ",0.999948288,Answer:,32,65.536,0.5514463781749765,15258.0,GB,2.229272576, Edward the Confessor,1.0,2229.272576,34016.0
15258.0,32768,['Wales' 'Wales' 'Wales'],999.948288,qa_1,"Answer the question based on the given documents. Only give me the answer and do not output any other words.

Question: What country was under the control of Norman barons? ",0.999948288,Answer:,32,65.536,0.5426944402817324,15258.0,GB,2.18660864, Wales,1.0,2186.60864,33365.0
15258.0,32768,['1018' '1064' '1018'],999.948288,qa_1,"Answer the question based on the given documents. Only give me the answer and do not output any other words.

Question: What year did Roger de Tosny fail to accomplish what he set out to do? ",0.999948288,Answer:,32,65.536,0.5205655930871955,15258.0,GB,2.0856832, 1018,1.0,2085.6832,31825.0
15258.0,32768,['William of Montreuil' 'William of Montreuil' 'William of Montreuil'],999.948288,qa_1,"Answer the question based on the given documents. Only give me the answer and do not output any other words.

Question: Who was in charge of the papal army in the War of Barbastro? ",0.999948288,Answer:,32,65.536,0.526869050203107,15258.0,GB,2.113470464, William of Montreuil,1.0,2113.470464,32249.0
15258.0,32768,['1097' '1097' '1097'],999.948288,qa_1,"Answer the question based on the given documents. Only give me the answer and do not output any other words.

Question: When did the Siege of Antioch take place? ",0.999948288,Answer:,32,65.536,0.5365690681569676,15258.0,GB,2.157707264, 1097,1.0,2157.707264,32924.0
15258.0,32768,['Tancred' 'Tancred' 'Tancred'],999.948288,qa_1,"Answer the question based on the given documents. Only give me the answer and do not output any other words.

Question: What was the name of Bohemond's nephew? ",0.999948288,Answer:,32,65.536,0.5170296277538617,15258.0,GB,2.070413312, Tancred,1.0,2070.413312,31592.0
15258.0,32768,['Jerusalem' 'Jerusalem' 'Jerusalem'],999.948288,qa_1,"Answer the question based on the given documents. Only give me the answer and do not output any other words.

Question: What major conquest did Tancred play a roll in? ",0.999948288,Answer:,32,65.536,0.5209118311981914,15258.0,GB,2.087190528, The conquest of Jerusalem.,1.0,2087.190528,31848.0
15258.0,32768,['380 years' '380 years' '380 years'],999.948288,qa_1,"Answer the question based on the given documents. Only give me the answer and do not output any other words.

Question: How long did Western Europe control Cyprus? ",0.999948288,Answer:,32,65.536,0.5433650565631172,15258.0,GB,2.189819904, 380 years,1.0,2189.819904,33414.0
15258.0,32768,['a storm' 'a storm' 'a storm'],999.948288,qa_1,"Answer the question based on the given documents. Only give me the answer and do not output any other words.

Question: What ruined Richard's plans to reach Acre? ",0.999948288,Answer:,32,65.536,0.5432967164536502,15258.0,GB,2.189492224, A storm dispersed the fleet.,1.0,2189.492224,33409.0
15258.0,32768,['Berengaria' 'Berengaria' 'Berengaria'],999.948288,qa_1,"Answer the question based on the given documents. Only give me the answer and do not output any other words.

Question: Who was Richard's fiancee? ",0.999948288,Answer:,32,65.536,0.5329660238751148,15258.0,GB,2.14106112, Berengaria,1.0,2141.06112,32670.0
15258.0,32768,['1191' '1191' '1191'],999.948288,qa_1,"Answer the question based on the given documents. Only give me the answer and do not output any other words.

Question: What year did the storm hit Richard's fleet? ",0.999948288,Answer:,32,65.536,0.5378744283248024,15258.0,GB,2.163802112, 1191,1.0,2163.802112,33017.0
15258.0,32768,['Isaac Komnenos' 'Isaac' 'Isaac Komnenos'],999.948288,qa_1,"Answer the question based on the given documents. Only give me the answer and do not output any other words.

Question: Who ruled Cyprus in 1191? ",0.999948288,Answer:,32,65.536,0.5353695301318554,15258.0,GB,2.152136704, Isaac Komnenos,1.0,2152.136704,32839.0
15258.0,32768,['Conrad of Montferrat' 'Conrad of Montferrat' 'Conrad of Montferrat'],999.948288,qa_1,"Answer the question based on the given documents. Only give me the answer and do not output any other words.

Question: Who was Guy's Rival? ",0.999948288,Answer:,32,65.536,0.5422554225542255,15258.0,GB,2.184511488, Conrad of Montferrat,1.0,2184.511488,33333.0
15258.0,32768,['silver' 'silver' 'silver'],999.948288,qa_1,"Answer the question based on the given documents. Only give me the answer and do not output any other words.

Question: What were Isaac's chains made out of? ",0.999948288,Answer:,32,65.536,0.550799305207996,15258.0,GB,2.226061312, silver,1.0,2226.061312,33967.0
15258.0,32768,['Guy de Lusignan' 'Guy de Lusignan' 'Guy de Lusignan'],999.948288,qa_1,"Answer the question based on the given documents. Only give me the answer and do not output any other words.

Question: Who led Richard's troops when Cyprus was conquered? ",0.999948288,Answer:,32,65.536,0.5392698614004892,15258.0,GB,2.170355712, Guy de Lusignan,1.0,2170.355712,33117.0
15258.0,32768,['Africa' 'Africa' 'Africa'],999.948288,qa_1,"Answer the question based on the given documents. Only give me the answer and do not output any other words.

Question: What continent are the Canarian Islands off the coast of? ",0.999948288,Answer:,32,65.536,0.5475088967971531,15258.0,GB,2.20987392, Africa,1.0,2209.87392,33720.0
15258.0,32768,['Bethencourt' 'Bethencourt' 'Bethencourt'],999.948288,qa_1,"Answer the question based on the given documents. Only give me the answer and do not output any other words.

Question: Who became the King of the Canary Islands? ",0.999948288,Answer:,32,65.536,0.5471866096866097,15258.0,GB,2.208301056, Bethencourt,1.0,2208.301056,33696.0
15258.0,32768,"['Enrique Pérez de Guzmán' 'Enrique Pérez de Guzmán'
 'Enrique Pérez de Guzmán']",999.948288,qa_1,"Answer the question based on the given documents. Only give me the answer and do not output any other words.

Question: Who bought the rights? ",0.999948288,Answer:,32,65.536,0.5021534847298356,15258.0,GB,2.008547328," Enrique Pérez de Guzmán, 2nd Count de Niebla",1.0,2008.547328,30648.0
15258.0,32768,['Maciot de Bethencourt' 'Maciot de Bethencourt' 'Maciot de Bethencourt'],999.948288,qa_1,"Answer the question based on the given documents. Only give me the answer and do not output any other words.

Question: Who sold the rights? ",0.999948288,Answer:,32,65.536,0.5224562611498857,15258.0,GB,2.093940736, Jean's nephew Maciot de Bethencourt,1.0,2093.940736,31951.0
15258.0,32768,['Channel Islands' 'the Channel Islands' 'the Channel Islands'],999.948288,qa_1,"Answer the question based on the given documents. Only give me the answer and do not output any other words.

Question: Where are Jersey and Guernsey ",0.999948288,Answer:,32,65.536,0.5230235393416487,15258.0,GB,2.096431104, the Channel Islands,1.0,2096.431104,31989.0
15258.0,32768,['two' 'two' 'two'],999.948288,qa_1,"Answer the question based on the given documents. Only give me the answer and do not output any other words.

Question: How many customaries does Norman customary law have? ",0.999948288,Answer:,32,65.536,0.5328802351212344,15258.0,GB,2.140667904, Two,1.0,2140.667904,32664.0
15258.0,32768,['Romanesque' 'Romanesque' 'Romanesque'],999.948288,qa_1,"Answer the question based on the given documents. Only give me the answer and do not output any other words.

Question: What is the Norman architecture idiom? ",0.999948288,Answer:,32,65.536,0.5458928571428572,15258.0,GB,2.2020096," A unique Romanesque idiom characterised by rounded arches, particularly over windows and doorways, and massive proportions.",1.0,2202.0096,33600.0
15258.0,32768,['rounded' 'rounded' 'rounded'],999.948288,qa_1,"Answer the question based on the given documents. Only give me the answer and do not output any other words.

Question: What kind of arches does Norman architecture have? ",0.999948288,Answer:,32,65.536,0.5105536665169692,15258.0,GB,2.043019264, Rounded arches,1.0,2043.019264,31174.0
15258.0,32768,['Early Gothic' 'Early Gothic' 'Early Gothic'],999.948288,qa_1,"Answer the question based on the given documents. Only give me the answer and do not output any other words.

Question: What architecture type came after Norman in England? ",0.999948288,Answer:,32,65.536,0.5358218490462718,15258.0,GB,2.154233856, Early Gothic,1.0,2154.233856,32871.0
15258.0,32768,['Anglo-Saxon' 'Anglo-Saxon' 'Anglo-Saxon'],999.948288,qa_1,"Answer the question based on the given documents. Only give me the answer and do not output any other words.

Question: What architecture type came before Norman in England? ",0.999948288,Answer:,32,65.536,0.5474954773273228,15258.0,GB,2.209808384, Anglo-Saxon,1.0,2209.808384,33719.0
15258.0,32768,['Sicily' 'Sicily' 'Kingdom of Sicily'],999.948288,qa_1,"Answer the question based on the given documents. Only give me the answer and do not output any other words.

Question: What place had the Norman Arab architectural style? ",0.999948288,Answer:,32,65.536,0.5498849489645407,15258.0,GB,2.221539328, The Kingdom of Sicily,1.0,2221.539328,33898.0
15258.0,32768,['early 11th century' '11th century' 'in the early 11th century'],999.948288,qa_1,"Answer the question based on the given documents. Only give me the answer and do not output any other words.

Question: When did the church reform begin? ",0.999948288,Answer:,32,65.536,0.5518152978498414,15258.0,GB,2.231107584, early 11th century,1.0,2231.107584,34044.0
15258.0,32768,['dukes' 'the dukes' 'dukes'],999.948288,qa_1,"Answer the question based on the given documents. Only give me the answer and do not output any other words.

Question: Who used the church to unify themselves? ",0.999948288,Answer:,32,65.536,0.5465137014801165,15258.0,GB,2.205024256, The dukes of Normandy,1.0,2205.024256,33646.0
15258.0,32768,['16th century' 'the 16th century' 'in the 16th century'],999.948288,qa_1,"Answer the question based on the given documents. Only give me the answer and do not output any other words.

Question: When were the French wars of religion? ",0.999948288,Answer:,32,65.536,0.54679656637063,15258.0,GB,2.206400512, 16th century,1.0,2206.400512,33667.0
15258.0,32768,['embroidery' 'embroidery' 'embroidery'],999.948288,qa_1,"Answer the question based on the given documents. Only give me the answer and do not output any other words.

Question: What kind of needlework was used in the creation of the Bayeux Tapestry? ",0.999948288,Answer:,32,65.536,0.53985343345698,15258.0,GB,2.173108224, embroidery,1.0,2173.108224,33159.0
15258.0,32768,['Bayeux Tapestry' 'the Bayeux Tapestry' 'the Bayeux Tapestry'],999.948288,qa_1,"Answer the question based on the given documents. Only give me the answer and do not output any other words.

Question: What is Norman art's most well known piece? ",0.999948288,Answer:,32,65.536,0.5324937953856053,15258.0,GB,2.138898432, The Bayeux Tapestry,1.0,2138.898432,32637.0
15258.0,32768,['Odo' 'Odo' 'Odo'],999.948288,qa_1,"Answer the question based on the given documents. Only give me the answer and do not output any other words.

Question: Who commissioned the Tapestry? ",0.999948288,Answer:,32,65.536,0.5465945560442174,15258.0,GB,2.205417472," Odo, the Bishop of Bayeux and first Earl of Kent",1.0,2205.417472,33652.0
15258.0,32768,['mosaics' 'mosaics' 'mosaics'],999.948288,qa_1,"Answer the question based on the given documents. Only give me the answer and do not output any other words.

Question: What is the most important type of Norman art preserved in churches? ",0.999948288,Answer:,32,65.536,0.5202490252798391,15258.0,GB,2.084306944, mosaics,1.0,2084.306944,31804.0
15258.0,32768,['11th' 'the 11th' '11th'],999.948288,qa_1,"Answer the question based on the given documents. Only give me the answer and do not output any other words.

Question: In what century did important classical music developments occur in Normandy? ",0.999948288,Answer:,32,65.536,0.5398117987694535,15258.0,GB,2.172911616, 11th century,1.0,2172.911616,33156.0
15258.0,32768,"['William of Volpiano and John of Ravenna'
 'William of Volpiano and John of Ravenna'
 'William of Volpiano and John of Ravenna']",999.948288,qa_1,"Answer the question based on the given documents. Only give me the answer and do not output any other words.

Question: Who were the two abbots at Fécamp Abbey? ",0.999948288,Answer:,32,65.536,0.5272355456404536,15258.0,GB,2.115108864, William of Volpiano and John of Ravenna,1.0,2115.108864,32274.0
15258.0,32768,['southern Italy' 'southern Italy' 'southern Italy'],999.948288,qa_1,"Answer the question based on the given documents. Only give me the answer and do not output any other words.

Question: Where did the monks flee to? ",0.999948288,Answer:,32,65.536,0.5505081749889527,15258.0,GB,2.22461952, southern Italy,1.0,2224.61952,33945.0
15258.0,32768,"[""Latin monastery at Sant'Eufemia."" ""a Latin monastery at Sant'Eufemia""
 ""Sant'Eufemia""]",999.948288,qa_1,"Answer the question based on the given documents. Only give me the answer and do not output any other words.

Question: What monastery did the Saint-Evroul monks establish in Italy? ",0.999948288,Answer:,32,65.536,0.5121186928438959,15258.0,GB,2.049572864, Sant'Eufemia,1.0,2049.572864,31274.0
15258.0,32768,['Robert Guiscard' 'Robert Guiscard' 'Robert Guiscard'],999.948288,qa_1,"Answer the question based on the given documents. Only give me the answer and do not output any other words.

Question: Who patronized the monks in Italy?  ",0.999948288,Answer:,32,65.536,0.5270157165442202,15258.0,GB,2.114125824, Robert Guiscard,1.0,2114.125824,32259.0
15258.0,32768,['singing' 'singing' 'singing'],999.948288,qa_1,"Answer the question based on the given documents. Only give me the answer and do not output any other words.

Question: What tradition were the Saint-Evroul monks known for? ",0.999948288,Answer:,32,65.536,0.5098933573172298,15258.0,GB,2.040266752, singing,1.0,2040.266752,31132.0
15258.0,32768,"['Computational complexity theory' 'Computational complexity theory'
 'Computational complexity theory']",999.948288,qa_1,"Answer the question based on the given documents. Only give me the answer and do not output any other words.

Question: What branch of theoretical computer science deals with broadly classifying computational problems by difficulty and class of relationship? ",0.999948288,Answer:,32,65.536,0.5456088626820335,15258.0,GB,2.200633344, Computational complexity theory,1.0,2200.633344,33579.0
15258.0,32768,['inherent difficulty' 'their inherent difficulty' 'inherent difficulty'],999.948288,qa_1,"Answer the question based on the given documents. Only give me the answer and do not output any other words.

Question: By what main attribute are computational problems classified utilizing computational complexity theory?  ",0.999948288,Answer:,32,65.536,0.5329946131243879,15258.0,GB,2.141192192, inherent difficulty,1.0,2141.192192,32672.0
15258.0,32768,"['computational problems' 'A computational problem'
 'computational problem']",999.948288,qa_1,"Answer the question based on the given documents. Only give me the answer and do not output any other words.

Question: What is the term for a task that generally lends itself to being solved by a computer? ",0.999948288,Answer:,32,65.536,0.5453245127838369,15258.0,GB,2.199257088, computational problem,1.0,2199.257088,33558.0
15258.0,32768,"['if its solution requires significant resources'
 'its solution requires significant resources'
 'if its solution requires significant resources']",999.948288,qa_1,"Answer the question based on the given documents. Only give me the answer and do not output any other words.

Question: What measure of a computational problem broadly defines the inherent difficulty of the solution? ",0.999948288,Answer:,32,65.536,0.5403939996385325,15258.0,GB,2.175664128," The amount of resources needed to solve them, such as time and storage.",1.0,2175.664128,33198.0
15258.0,32768,"['mathematical models of computation' 'mathematical models of computation'
 'mathematical models of computation']",999.948288,qa_1,"Answer the question based on the given documents. Only give me the answer and do not output any other words.

Question: What method is used to intuitively assess or quantify the amount of resources required to solve a computational problem? ",0.999948288,Answer:,32,65.536,0.5392420353314208,15258.0,GB,2.17022464," The theory formalizes this intuition by introducing mathematical models of computation to study these problems and quantifying the amount of resources needed to solve them, such as time and",1.0,2170.22464,33115.0
15258.0,32768,['time and storage' 'time and storage' 'time and storage'],999.948288,qa_1,"Answer the question based on the given documents. Only give me the answer and do not output any other words.

Question: What are two basic primary resources used to guage complexity? ",0.999948288,Answer:,32,65.536,0.5122902349368708,15258.0,GB,2.05029376, time and space,1.0,2050.29376,31285.0
15258.0,32768,"['number of gates in a circuit' 'number of gates in a circuit'
 'number of gates']",999.948288,qa_1,"Answer the question based on the given documents. Only give me the answer and do not output any other words.

Question: What unit is measured to determine circuit complexity? ",0.999948288,Answer:,32,65.536,0.5513276678330932,15258.0,GB,2.228682752, the number of gates in a circuit,1.0,2228.682752,34007.0
15258.0,32768,"['determine the practical limits on what computers can and cannot do'
 'what computers can and cannot do'
 'determine the practical limits on what computers can and cannot do']",999.948288,qa_1,"Answer the question based on the given documents. Only give me the answer and do not output any other words.

Question: What practical role does defining the complexity of problems play in everyday computing? ",0.999948288,Answer:,32,65.536,0.5332945890557612,15258.0,GB,2.142568448, One of the roles of computational complexity theory is to determine the practical limits on what computers can and cannot do.,1.0,2142.568448,32693.0
15258.0,32768,"['analysis of algorithms and computability theory'
 'analysis of algorithms and computability theory'
 'analysis of algorithms and computability theory']",999.948288,qa_1,"Answer the question based on the given documents. Only give me the answer and do not output any other words.

Question: What two fields of theoretical computer science closely mirror computational complexity theory? ",0.999948288,Answer:,32,65.536,0.5169225898369479,15258.0,GB,2.06995456, analysis of algorithms and computability theory,1.0,2069.95456,31585.0
15258.0,32768,"['analysis of algorithms' 'analysis of algorithms'
 'analysis of algorithms']",999.948288,qa_1,"Answer the question based on the given documents. Only give me the answer and do not output any other words.

Question: What field of computer science analyzes the resource requirements of a specific algorithm isolated unto itself within a given problem? ",0.999948288,Answer:,32,65.536,0.515495998983869,15258.0,GB,2.063859712, analysis of algorithms,1.0,2063.859712,31492.0
15258.0,32768,"['computational complexity theory' 'computational complexity theory'
 'computational complexity theory']",999.948288,qa_1,"Answer the question based on the given documents. Only give me the answer and do not output any other words.

Question: What field of computer science analyzes all possible algorithms in aggregate to determine the resource requirements needed to solve to a given problem?   ",0.999948288,Answer:,32,65.536,0.5220523743891743,15258.0,GB,2.092171264, computational complexity theory,1.0,2092.171264,31924.0
15258.0,32768,['computability theory' 'computability theory' 'computability theory'],999.948288,qa_1,"Answer the question based on the given documents. Only give me the answer and do not output any other words.

Question: What field of computer science is primarily concerned with determining the likelihood of whether or not a problem can ultimately be solved using algorithms? ",0.999948288,Answer:,32,65.536,0.513270384075539,15258.0,GB,2.054422528, computability theory,1.0,2054.422528,31348.0
15258.0,32768,['problem instance' 'a problem instance' 'problem instance'],999.948288,qa_1,"Answer the question based on the given documents. Only give me the answer and do not output any other words.

Question: What is the name given to the input string of a computational problem? ",0.999948288,Answer:,32,65.536,0.5277330692088646,15258.0,GB,2.117337088, problem instance,1.0,2117.337088,32308.0
15258.0,32768,['the problem' 'a problem' 'problem'],999.948288,qa_1,"Answer the question based on the given documents. Only give me the answer and do not output any other words.

Question: In computational complexity theory, what is the term given to describe the baseline abstract question needing to be solved?  ",0.999948288,Answer:,32,65.536,0.544074583159027,15258.0,GB,2.193227776, computational problem,1.0,2193.227776,33466.0
15258.0,32768,['concrete' 'concrete' 'abstract'],999.948288,qa_1,"Answer the question based on the given documents. Only give me the answer and do not output any other words.

Question: Is a problem instance typically characterized as abstract or concrete? ",0.999948288,Answer:,32,65.536,0.5386987543838433,15258.0,GB,2.167668736, concrete,1.0,2167.668736,33076.0
15258.0,32768,['instances' 'the instance' 'instance'],999.948288,qa_1,"Answer the question based on the given documents. Only give me the answer and do not output any other words.

Question: What is another name for any given measure of input associated with a problem? ",0.999948288,Answer:,32,65.536,0.5347745220599445,15258.0,GB,2.149384192, problem instance,1.0,2149.384192,32797.0
15258.0,32768,['solution' 'the solution' 'solution'],999.948288,qa_1,"Answer the question based on the given documents. Only give me the answer and do not output any other words.

Question: What is the general term used to describe the output to any given input in a problem instance? ",0.999948288,Answer:,32,65.536,0.5386708592852392,15258.0,GB,2.167537664, solution,1.0,2167.537664,33074.0
15258.0,32768,['2000' '2000' '2000'],999.948288,qa_1,"Answer the question based on the given documents. Only give me the answer and do not output any other words.

Question: By how many kilometers does the traveling salesman problem seek to classify a route between the 15 largest cities in Germany? ",0.999948288,Answer:,32,65.536,0.5445373134328358,15258.0,GB,2.195456, 2000,1.0,2195.456,33500.0
15258.0,32768,"['round trip through all sites in Milan'
 'asking for a round trip through all sites in Milan whose total length is at most 10 km'
 'a round trip through all sites in Milan whose total length is at most 10 km']",999.948288,qa_1,"Answer the question based on the given documents. Only give me the answer and do not output any other words.

Question: What is one example of an instance that the quantitative answer to the traveling salesman problem fails to answer? ",0.999948288,Answer:,32,65.536,0.5401169449635301,15258.0,GB,2.174353408, asking for a round trip through all sites in Milan whose total length is at most 10 km,1.0,2174.353408,33178.0
15258.0,32768,"['computational problems' 'computational problems'
 'computational problems']",999.948288,qa_1,"Answer the question based on the given documents. Only give me the answer and do not output any other words.

Question: What does computational complexity theory most specifically seek to answer?  ",0.999948288,Answer:,32,65.536,0.5278792004455721,15258.0,GB,2.117992448," It seeks to answer a more general question about all possible algorithms that could be used to solve the same problem, specifically trying to classify problems that can or cannot be",1.0,2117.992448,32318.0
15258.0,32768,['problem instance' 'a problem instance' 'problem instance'],999.948288,qa_1,"Answer the question based on the given documents. Only give me the answer and do not output any other words.

Question: In a computational problem, what can be described as a string over an alphabet? ",0.999948288,Answer:,32,65.536,0.5207463014731287,15258.0,GB,2.086469632, a problem instance,1.0,2086.469632,31837.0
15258.0,32768,['binary alphabet' 'binary' 'binary'],999.948288,qa_1,"Answer the question based on the given documents. Only give me the answer and do not output any other words.

Question: What is the name of the alphabet is most commonly used in a problem instance? ",0.999948288,Answer:,32,65.536,0.51455569342369,15258.0,GB,2.059862016, binary alphabet,1.0,2059.862016,31431.0
15258.0,32768,['bitstrings' 'bitstrings' 'bitstrings'],999.948288,qa_1,"Answer the question based on the given documents. Only give me the answer and do not output any other words.

Question: What is another term for the string of a problem instance? ",0.999948288,Answer:,32,65.536,0.538712700668138,15258.0,GB,2.167734272, input string,1.0,2167.734272,33077.0
15258.0,32768,['binary notation' 'binary notation' 'binary notation'],999.948288,qa_1,"Answer the question based on the given documents. Only give me the answer and do not output any other words.

Question: In the encoding of mathematical objects, what is the way in which integers are commonly expressed? ",0.999948288,Answer:,32,65.536,0.5287540922848848,15258.0,GB,2.121924608, binary notation,1.0,2121.924608,32378.0
15258.0,32768,['adjacency matrices' 'directly via their adjacency matrices'],999.948288,qa_1,"Answer the question based on the given documents. Only give me the answer and do not output any other words.

Question: What is one way in which graphs can be encoded?  ",0.999948288,Answer:,32,65.536,0.5487801271625019,15258.0,GB,2.21609984," Graphs can be encoded directly via their adjacency matrices, or by encoding their adjacency lists in binary.",1.0,2216.09984,33815.0
15258.0,32768,['Decision problems' 'Decision problems' 'Decision'],999.948288,qa_1,"Answer the question based on the given documents. Only give me the answer and do not output any other words.

Question: What kind of problems are one of the main topics studied in computational complexity theory? ",0.999948288,Answer:,32,65.536,0.5397979188659328,15258.0,GB,2.17284608, Decision problems,1.0,2172.84608,33155.0
15258.0,32768,['yes or no' 'yes or no' 'yes or no'],999.948288,qa_1,"Answer the question based on the given documents. Only give me the answer and do not output any other words.

Question: What are the two simple word responses to a decision problem? ",0.999948288,Answer:,32,65.536,0.5469042316258352,15258.0,GB,2.2069248, yes or no,1.0,2206.9248,33675.0
15258.0,32768,['1 or 0' '1 or 0' '1 or 0'],999.948288,qa_1,"Answer the question based on the given documents. Only give me the answer and do not output any other words.

Question: What are the two integer responses to a decision problem? ",0.999948288,Answer:,32,65.536,0.5349730273383926,15258.0,GB,2.150301696, 1 or 0,1.0,2150.301696,32811.0
15258.0,32768,['yes' 'yes' 'yes'],999.948288,qa_1,"Answer the question based on the given documents. Only give me the answer and do not output any other words.

Question: What will the output be for a member of the language of a decision problem? ",0.999948288,Answer:,32,65.536,0.5428040631648339,15258.0,GB,2.187132928, yes,1.0,2187.132928,33373.0
15258.0,32768,['yes' 'yes' 'yes'],999.948288,qa_1,"Answer the question based on the given documents. Only give me the answer and do not output any other words.

Question: What answer denotes that an algorithm has accepted an input string? ",0.999948288,Answer:,32,65.536,0.5075681781507181,15258.0,GB,2.03063296, yes,1.0,2030.63296,30985.0
15258.0,32768,['arbitrary graph' 'arbitrary' 'arbitrary'],999.948288,qa_1,"Answer the question based on the given documents. Only give me the answer and do not output any other words.

Question: What kind of graph is an example of an input used in a decision problem? ",0.999948288,Answer:,32,65.536,0.5455141189086143,15258.0,GB,2.200174592, An arbitrary graph.,1.0,2200.174592,33572.0
15258.0,32768,"['formal language' 'The formal language'
 'The formal language associated with this decision problem']",999.948288,qa_1,"Answer the question based on the given documents. Only give me the answer and do not output any other words.

Question: What is the term for the set of all connected graphs related to this decision problem? ",0.999948288,Answer:,32,65.536,0.5293065153010859,15258.0,GB,2.124414976, formal language,1.0,2124.414976,32416.0
15258.0,32768,"['how graphs are encoded as binary strings'
 'how graphs are encoded as binary strings'
 'how graphs are encoded as binary strings']",999.948288,qa_1,"Answer the question based on the given documents. Only give me the answer and do not output any other words.

Question: What encoding decision needs to be made in order to determine an exact definition of the formal language? ",0.999948288,Answer:,32,65.536,0.5370892873395832,15258.0,GB,2.160132096, how graphs are encoded as binary strings,1.0,2160.132096,32961.0
15258.0,32768,"['a computational problem' 'a computational problem'
 'a computational problem']",999.948288,qa_1,"Answer the question based on the given documents. Only give me the answer and do not output any other words.

Question: A function problem is an example of what? ",0.999948288,Answer:,32,65.536,0.5140919079010222,15258.0,GB,2.057895936, A computational problem,1.0,2057.895936,31401.0
15258.0,32768,['a single output' 'single' 'single'],999.948288,qa_1,"Answer the question based on the given documents. Only give me the answer and do not output any other words.

Question: How many outputs are expected for each input in a function problem? ",0.999948288,Answer:,32,65.536,0.5194936071046168,15258.0,GB,2.081030144, A single output,1.0,2081.030144,31754.0
15258.0,32768,['A function problem' 'function' 'function problem'],999.948288,qa_1,"Answer the question based on the given documents. Only give me the answer and do not output any other words.

Question: The traveling salesman problem is an example of what type of problem? ",0.999948288,Answer:,32,65.536,0.5485531688265578,15258.0,GB,2.214985728, function problem,1.0,2214.985728,33798.0
15258.0,32768,"['the integer factorization problem' 'integer factorization'
 'integer factorization problem']",999.948288,qa_1,"Answer the question based on the given documents. Only give me the answer and do not output any other words.

Question: In addition to the traveling salesman problem, what is another example of a function problem? ",0.999948288,Answer:,32,65.536,0.544074583159027,15258.0,GB,2.193227776, the integer factorization problem,1.0,2193.227776,33466.0
15258.0,32768,['complex' 'complex' 'complex'],999.948288,qa_1,"Answer the question based on the given documents. Only give me the answer and do not output any other words.

Question: Is the output of a functional problem typically characterized by a simple or complex answer? ",0.999948288,Answer:,32,65.536,0.5304074849193647,15258.0,GB,2.129395712, complex,1.0,2129.395712,32492.0
15258.0,32768,['decision problems' 'as decision problems' 'as decision problems'],999.948288,qa_1,"Answer the question based on the given documents. Only give me the answer and do not output any other words.

Question: How can function problems typically be restated? ",0.999948288,Answer:,32,65.536,0.502607901942887,15258.0,GB,2.010382336, Function problems can be recast as decision problems.,1.0,2010.382336,30676.0
15258.0,32768,"['set of triples' 'triple'
 'the set of triples (a, b, c) such that the relation a × b = c holds']",999.948288,qa_1,"Answer the question based on the given documents. Only give me the answer and do not output any other words.

Question: If two integers are multiplied and output a value, what is this expression set called? ",0.999948288,Answer:,32,65.536,0.5006872177498527,15258.0,GB,2.002649088," The set of triples (a, b, c) such that the relation a × b = c holds.",1.0,2002.649088,30558.0
15258.0,32768,"['how much time the best algorithm requires to solve the problem' 'time'
 'time']",999.948288,qa_1,"Answer the question based on the given documents. Only give me the answer and do not output any other words.

Question: What is a commonly used measurement used to determine the complexity of a computational problem? ",0.999948288,Answer:,32,65.536,0.5251610493884791,15258.0,GB,2.105868288, time and space,1.0,2105.868288,32133.0
15258.0,32768,['the instance' 'the instance' 'the size of the instance'],999.948288,qa_1,"Answer the question based on the given documents. Only give me the answer and do not output any other words.

Question: What is one variable on which the running time may be contingent? ",0.999948288,Answer:,32,65.536,0.5188116938408653,15258.0,GB,2.078081024, the instance,1.0,2078.081024,31709.0
15258.0,32768,"['as a function of the size of the instance'
 'as a function of the size of the instance'
 'a function of the size of the instance']",999.948288,qa_1,"Answer the question based on the given documents. Only give me the answer and do not output any other words.

Question: How is the time needed to obtain the solution to a problem calculated? ",0.999948288,Answer:,32,65.536,0.5448498046117591,15258.0,GB,2.196963328," The time required to solve a problem is calculated as a function of the size of the instance, usually taken to be the size of the input in bits.",1.0,2196.963328,33523.0
15258.0,32768,['bits' 'bits' 'bits'],999.948288,qa_1,"Answer the question based on the given documents. Only give me the answer and do not output any other words.

Question: In what unit is the size of the input measured? ",0.999948288,Answer:,32,65.536,0.5435836075381394,15258.0,GB,2.19086848, bits,1.0,2190.86848,33430.0
15258.0,32768,['an increase in the input size' 'input size' 'input size'],999.948288,qa_1,"Answer the question based on the given documents. Only give me the answer and do not output any other words.

Question: Complexity theory seeks to define the relationship between the scale of algorithms with respect to what other variable? ",0.999948288,Answer:,32,65.536,0.5364282676064897,15258.0,GB,2.157051904, the size of the input,1.0,2157.051904,32914.0
15258.0,32768,"[""Cobham's thesis"" ""Cobham's"" 'Cobham']",999.948288,qa_1,"Answer the question based on the given documents. Only give me the answer and do not output any other words.

Question: Whose thesis states that the solution to a problem is solvable with reasonable resources assuming it allows for a polynomial time algorithm? ",0.999948288,Answer:,32,65.536,0.5222917971195993,15258.0,GB,2.09321984, Cobham's thesis,1.0,2093.21984,31940.0
15258.0,32768,['the time taken' 'the time taken' 'the time taken'],999.948288,qa_1,"Answer the question based on the given documents. Only give me the answer and do not output any other words.

Question: If input size is is equal to n, what can respectively be assumed is the function of n? ",0.999948288,Answer:,32,65.536,0.5096728581528376,15258.0,GB,2.039349248, The time taken can be expressed as a function of n.,1.0,2039.349248,31118.0
15258.0,32768,"['worst-case time complexity' 'worst-case time complexity'
 'the worst-case time complexity']",999.948288,qa_1,"Answer the question based on the given documents. Only give me the answer and do not output any other words.

Question: What term corresponds to the maximum measurement of time across all functions of n?  ",0.999948288,Answer:,32,65.536,0.517411519119461,15258.0,GB,2.072051712, worst-case time complexity,1.0,2072.051712,31617.0
15258.0,32768,['T(n)' 'T(n)' 'T(n)'],999.948288,qa_1,"Answer the question based on the given documents. Only give me the answer and do not output any other words.

Question: How is worst-case time complexity written as an expression? ",0.999948288,Answer:,32,65.536,0.5222618823971446,15258.0,GB,2.093088768, T(n),1.0,2093.088768,31938.0
15258.0,32768,['polynomial time algorithm' 'polynomial time' 'polynomial time algorithm'],999.948288,qa_1,"Answer the question based on the given documents. Only give me the answer and do not output any other words.

Question: Assuming that T represents a polynomial in T(n), what is the term given to the corresponding algorithm? ",0.999948288,Answer:,32,65.536,0.544156309751434,15258.0,GB,2.193620992, polynomial time algorithm,1.0,2193.620992,33472.0
15258.0,32768,['A Turing machine' 'A Turing machine' 'Turing machine'],999.948288,qa_1,"Answer the question based on the given documents. Only give me the answer and do not output any other words.

Question: What is the term for a mathematical model that theoretically represents a general computing machine? ",0.999948288,Answer:,32,65.536,0.5468369468369468,15258.0,GB,2.20659712, Turing machine,1.0,2206.59712,33670.0
15258.0,32768,['an algorithm' 'an algorithm' 'an algorithm'],999.948288,qa_1,"Answer the question based on the given documents. Only give me the answer and do not output any other words.

Question: It is generally assumed that a Turing machine can solve anything capable of also being solved using what? ",0.999948288,Answer:,32,65.536,0.5436245625579517,15258.0,GB,2.191065088, an algorithm,1.0,2191.065088,33433.0
15258.0,32768,['the Turing machine' 'the Turing machine' 'Turing machine'],999.948288,qa_1,"Answer the question based on the given documents. Only give me the answer and do not output any other words.

Question: What is the most commonplace model utilized in complexity theory? ",0.999948288,Answer:,32,65.536,0.544088206292766,15258.0,GB,2.193293312, The Turing machine,1.0,2193.293312,33467.0
15258.0,32768,['symbols' 'symbols' 'symbols'],999.948288,qa_1,"Answer the question based on the given documents. Only give me the answer and do not output any other words.

Question: What does a Turing machine handle on a strip of tape? ",0.999948288,Answer:,32,65.536,0.5376783928733752,15258.0,GB,2.162884608, symbols,1.0,2162.884608,33003.0
15258.0,32768,"['A deterministic Turing machine' 'deterministic'
 'deterministic Turing machine']",999.948288,qa_1,"Answer the question based on the given documents. Only give me the answer and do not output any other words.

Question: What is generally considered to be the most basic iteration of a Turing machine? ",0.999948288,Answer:,32,65.536,0.535934791204112,15258.0,GB,2.154758144, A deterministic Turing machine,1.0,2154.758144,32879.0
15258.0,32768,['rules' 'rules' 'a fixed set of rules to determine its future actions'],999.948288,qa_1,"Answer the question based on the given documents. Only give me the answer and do not output any other words.

Question: What fixed set of factors determine the actions of a deterministic Turing machine ",0.999948288,Answer:,32,65.536,0.5251610493884791,15258.0,GB,2.105868288, A fixed set of rules.,1.0,2105.868288,32133.0
15258.0,32768,"['A probabilistic Turing machine' 'probabilistic'
 'probabilistic Turing machine']",999.948288,qa_1,"Answer the question based on the given documents. Only give me the answer and do not output any other words.

Question: What is the term used to identify a deterministic Turing machine that has additional random bits? ",0.999948288,Answer:,32,65.536,0.5295677375593513,15258.0,GB,2.125594624, probabilistic Turing machine,1.0,2125.594624,32434.0
15258.0,32768,"['A non-deterministic Turing machine' 'non-deterministic'
 'non-deterministic Turing machine']",999.948288,qa_1,"Answer the question based on the given documents. Only give me the answer and do not output any other words.

Question: What type of Turing machine is capable of multiple actions and extends into a variety of computational paths? ",0.999948288,Answer:,32,65.536,0.5277623026926648,15258.0,GB,2.11746816, A non-deterministic Turing machine,1.0,2117.46816,32310.0
15258.0,32768,['randomized algorithms' 'randomized algorithms' 'randomized algorithms'],999.948288,qa_1,"Answer the question based on the given documents. Only give me the answer and do not output any other words.

Question: What is the term given to algorithms that utilize random bits? ",0.999948288,Answer:,32,65.536,0.5373138854353035,15258.0,GB,2.161180672, randomized algorithms,1.0,2161.180672,32977.0
15258.0,32768,['complexity classes' 'complexity classes' 'complexity classes'],999.948288,qa_1,"Answer the question based on the given documents. Only give me the answer and do not output any other words.

Question: Turing machines are commonly employed to define what?  ",0.999948288,Answer:,32,65.536,0.5391724554515251,15258.0,GB,2.16989696, complexity classes,1.0,2169.89696,33110.0
15258.0,32768,['time or space' 'time or space' 'time or space'],999.948288,qa_1,"Answer the question based on the given documents. Only give me the answer and do not output any other words.

Question: What are two factors that directly effect how powerful a Turing machine may or may not be? ",0.999948288,Answer:,32,65.536,0.5219026132731717,15258.0,GB,2.091515904, time and space,1.0,2091.515904,31914.0
15258.0,32768,"['probabilistic Turing machines, non-deterministic Turing machines'
 'probabilistic Turing machines, non-deterministic Turing machines']",999.948288,qa_1,"Answer the question based on the given documents. Only give me the answer and do not output any other words.

Question: In the determination of complexity classes, what are two examples of types of Turing machines? ",0.999948288,Answer:,32,65.536,0.5444965220766038,15258.0,GB,2.195259392," deterministic Turing machines, probabilistic Turing machines",1.0,2195.259392,33497.0
15258.0,32768,"['random access machines' 'random access machines'
 'random access machines']",999.948288,qa_1,"Answer the question based on the given documents. Only give me the answer and do not output any other words.

Question: What is an example of a machine model that deviates from a generally accepted multi-tape Turing machine? ",0.999948288,Answer:,32,65.536,0.5502962067847563,15258.0,GB,2.223570944, random access machines,1.0,2223.570944,33929.0
15258.0,32768,['computational power' 'computational power' 'computational power'],999.948288,qa_1,"Answer the question based on the given documents. Only give me the answer and do not output any other words.

Question: In considering Turing machines and alternate variables, what measurement left unaffected by conversion between machine models?  ",0.999948288,Answer:,32,65.536,0.5280690359098079,15258.0,GB,2.118844416, computational power,1.0,2118.844416,32331.0
15258.0,32768,"['time and memory' 'time and memory consumption'
 'time and memory consumption']",999.948288,qa_1,"Answer the question based on the given documents. Only give me the answer and do not output any other words.

Question: What two resources commonly consumed by alternate models are typically known to vary? ",0.999948288,Answer:,32,65.536,0.5465945560442174,15258.0,GB,2.205417472, time and memory,1.0,2205.417472,33652.0
15258.0,32768,"['the machines operate deterministically' 'deterministically'
 'the machines operate deterministically']",999.948288,qa_1,"Answer the question based on the given documents. Only give me the answer and do not output any other words.

Question: What commonality do alternate machine models, such as random access machines, share with Turing machines? ",0.999948288,Answer:,32,65.536,0.5311722230757413,15258.0,GB,2.13286912, They operate deterministically.,1.0,2132.86912,32545.0
15258.0,32768,"['non-deterministic' 'non-deterministic'
 'non-deterministic Turing machine']",999.948288,qa_1,"Answer the question based on the given documents. Only give me the answer and do not output any other words.

Question: What type of Turing machine can be characterized by checking multiple possibilities at the same time? ",0.999948288,Answer:,32,65.536,0.5257366654233495,15258.0,GB,2.108424192, non-deterministic Turing machine,1.0,2108.424192,32172.0
15258.0,32768,['unusual resources' 'more unusual resources' 'more unusual resources'],999.948288,qa_1,"Answer the question based on the given documents. Only give me the answer and do not output any other words.

Question: What often affects or facilitates ease of analysis in computational problems? ",0.999948288,Answer:,32,65.536,0.5418293195603867,15258.0,GB,2.182479872, The choice of input encoding and the ability to transform different representations into each other efficiently often affect or facilitate ease of analysis in computational problems.,1.0,2182.479872,33302.0
15258.0,32768,['mathematical models' 'mathematical models' 'branching'],999.948288,qa_1,"Answer the question based on the given documents. Only give me the answer and do not output any other words.

Question: A non-deterministic Turing machine has the ability to capture what facet of useful analysis? ",0.999948288,Answer:,32,65.536,0.5121654890174889,15258.0,GB,2.049769472, its branching exactly captures many of the mathematical models we want to analyze,1.0,2049.769472,31277.0
15258.0,32768,['time' 'non-deterministic time' 'non-deterministic time'],999.948288,qa_1,"Answer the question based on the given documents. Only give me the answer and do not output any other words.

Question: What is the most critical resource in the analysis of computational problems associated with non-deterministic Turing machines? ",0.999948288,Answer:,32,65.536,0.5153267049966647,15258.0,GB,2.063138816, non-deterministic time,1.0,2063.138816,31481.0
15258.0,32768,"['state transitions' 'the total number of state transitions, or steps'
 'total number of state transitions, or steps, the machine makes before it halts and outputs the answer']",999.948288,qa_1,"Answer the question based on the given documents. Only give me the answer and do not output any other words.

Question: The time required to output an answer on a deterministic Turing machine is expressed as what? ",0.999948288,Answer:,32,65.536,0.5060377480656544,15258.0,GB,2.024341504," The total number of state transitions, or steps, the machine makes before it halts and outputs the answer.",1.0,2024.341504,30889.0
15258.0,32768,['difficulty' 'difficulty' 'difficulty'],999.948288,qa_1,"Answer the question based on the given documents. Only give me the answer and do not output any other words.

Question: Complexity theory classifies problems based on what primary attribute? ",0.999948288,Answer:,32,65.536,0.5240501590866554,15258.0,GB,2.100953088, inherent difficulty,1.0,2100.953088,32058.0
15258.0,32768,['DTIME(f(n))' 'DTIME(f(n)).' 'DTIME(f(n))'],999.948288,qa_1,"Answer the question based on the given documents. Only give me the answer and do not output any other words.

Question: What is the expression used to identify any given series of problems capable of being solved within time on a deterministic Turing machine? ",0.999948288,Answer:,32,65.536,0.5373700009096146,15258.0,GB,2.161442816, DTIME(f(n)),1.0,2161.442816,32981.0
15258.0,32768,['time' 'time' 'time'],999.948288,qa_1,"Answer the question based on the given documents. Only give me the answer and do not output any other words.

Question: What is the most critical resource measured to in assessing the determination of a Turing machine's ability to solve any given set of problems? ",0.999948288,Answer:,32,65.536,0.5310569505486062,15258.0,GB,2.132344832, time and space,1.0,2132.344832,32537.0
15258.0,32768,['complexity resources' 'complexity resources' 'complexity'],999.948288,qa_1,"Answer the question based on the given documents. Only give me the answer and do not output any other words.

Question: Time and space are both examples of what type of resource? ",0.999948288,Answer:,32,65.536,0.5474552141416538,15258.0,GB,2.209611776, computational resource,1.0,2209.611776,33716.0
15258.0,32768,['computational resource' 'computational' 'computational'],999.948288,qa_1,"Answer the question based on the given documents. Only give me the answer and do not output any other words.

Question: A complexity resource can also be described as what other type of resource? ",0.999948288,Answer:,32,65.536,0.5045782193648938,15258.0,GB,2.018377728, computational resource,1.0,2018.377728,30798.0
15258.0,32768,"['Blum complexity axioms' 'the Blum complexity axioms'
 'the Blum complexity axioms']",999.948288,qa_1,"Answer the question based on the given documents. Only give me the answer and do not output any other words.

Question: What is typically used to broadly define complexity measures? ",0.999948288,Answer:,32,65.536,0.5137047424783274,15258.0,GB,2.056257536, The Blum complexity axioms.,1.0,2056.257536,31376.0
15258.0,32768,['Complexity measures' 'complexity measures' 'complexity'],999.948288,qa_1,"Answer the question based on the given documents. Only give me the answer and do not output any other words.

Question: Communication complexity is an example of what type of measure? ",0.999948288,Answer:,32,65.536,0.5306386120339608,15258.0,GB,2.130444288, complexity measure,1.0,2130.444288,32508.0
15258.0,32768,['Complexity measures' 'complexity measures' 'complexity'],999.948288,qa_1,"Answer the question based on the given documents. Only give me the answer and do not output any other words.

Question: Decision tree is an example of what type of measure? ",0.999948288,Answer:,32,65.536,0.5273527042934143,15258.0,GB,2.115633152, complexity measure,1.0,2115.633152,32282.0
15258.0,32768,"['best, worst and average' 'best, worst and average case'
 'best, worst and average case complexity']",999.948288,qa_1,"Answer the question based on the given documents. Only give me the answer and do not output any other words.

Question: What are the three primary expressions used to represent case complexity? ",0.999948288,Answer:,32,65.536,0.521047179583765,15258.0,GB,2.087780352," The best, worst and average case complexity.",1.0,2087.780352,31857.0
15258.0,32768,['complexity measure' 'complexity' 'complexity'],999.948288,qa_1,"Answer the question based on the given documents. Only give me the answer and do not output any other words.

Question: Case complexity likelihoods provide variable probabilities of what general measure?  ",0.999948288,Answer:,32,65.536,0.535680594017224,15258.0,GB,2.153578496, time complexity,1.0,2153.578496,32861.0
15258.0,32768,['time' 'time complexity' 'time complexity'],999.948288,qa_1,"Answer the question based on the given documents. Only give me the answer and do not output any other words.

Question: What is one common example of a critical complexity measure? ",0.999948288,Answer:,32,65.536,0.5403247672702076,15258.0,GB,2.175336448, time,1.0,2175.336448,33193.0
15258.0,32768,['inputs' 'inputs' 'inputs'],999.948288,qa_1,"Answer the question based on the given documents. Only give me the answer and do not output any other words.

Question: Case complexities provide three likelihoods of what differing variable that remains the same size?  ",0.999948288,Answer:,32,65.536,0.5342917315264171,15258.0,GB,2.147155968, inputs,1.0,2147.155968,32763.0
15258.0,32768,"['deterministic sorting algorithm quicksort' 'quicksort'
 'the deterministic sorting algorithm quicksort']",999.948288,qa_1,"Answer the question based on the given documents. Only give me the answer and do not output any other words.

Question: What provides a solution to a list of integers provided as input that ned to be sorted? ",0.999948288,Answer:,32,65.536,0.5305952930318413,15258.0,GB,2.13024768, The deterministic sorting algorithm quicksort.,1.0,2130.24768,32505.0
15258.0,32768,['worst-case' 'worst' 'worst-case'],999.948288,qa_1,"Answer the question based on the given documents. Only give me the answer and do not output any other words.

Question: When extensive time is required to sort integers, this represents what case complexity? ",0.999948288,Answer:,32,65.536,0.5348879743941473,15258.0,GB,2.14990848, worst-case,1.0,2149.90848,32805.0
15258.0,32768,['O(n2)' 'O(n2)' 'O(n2)'],999.948288,qa_1,"Answer the question based on the given documents. Only give me the answer and do not output any other words.

Question: What is the expression used to denote a worst case complexity as expressed by time taken? ",0.999948288,Answer:,32,65.536,0.5221721157459602,15258.0,GB,2.092695552, T(n),1.0,2092.695552,31932.0
15258.0,32768,"['the most efficient algorithm' 'the most efficient algorithm'
 'the most efficient algorithm solving a given problem']",999.948288,qa_1,"Answer the question based on the given documents. Only give me the answer and do not output any other words.

Question: Classification of resources is contingent on determining the upper and lower bounds of minimum time required by what?   ",0.999948288,Answer:,32,65.536,0.5433103861119426,15258.0,GB,2.18955776, the most efficient algorithm solving a given problem,1.0,2189.55776,33410.0
15258.0,32768,"['analysis of algorithms' 'analysis of algorithms'
 'analysis of algorithms']",999.948288,qa_1,"Answer the question based on the given documents. Only give me the answer and do not output any other words.

Question: The analysis of a specific algorithm is typically assigned to what field of computational science? ",0.999948288,Answer:,32,65.536,0.5455141189086143,15258.0,GB,2.200174592, analysis of algorithms,1.0,2200.174592,33572.0
15258.0,32768,['lower bounds' 'lower' 'lower bounds'],999.948288,qa_1,"Answer the question based on the given documents. Only give me the answer and do not output any other words.

Question: Which bound of time is more difficult to establish? ",0.999948288,Answer:,32,65.536,0.5200679416205335,15258.0,GB,2.083520512, lower bounds,1.0,2083.520512,31792.0
15258.0,32768,['upper bound' 'upper and lower bounds' 'upper bound'],999.948288,qa_1,"Answer the question based on the given documents. Only give me the answer and do not output any other words.

Question: A specific algorithm demonstrating T(n) represents what measure of time complexity? ",0.999948288,Answer:,32,65.536,0.5216328066215199,15258.0,GB,2.090336256, worst-case complexity,1.0,2090.336256,31896.0
15258.0,32768,"['all possible algorithms' 'all possible algorithms'
 'all possible algorithms']",999.948288,qa_1,"Answer the question based on the given documents. Only give me the answer and do not output any other words.

Question: What is the colloquial phrase used to convey the continuum of algorithms with unlimited availability irrespective of time?  ",0.999948288,Answer:,32,65.536,0.5150956588063307,15258.0,GB,2.062155776, intractable problems,1.0,2062.155776,31466.0
15258.0,32768,['big O notation' 'big O notation' 'big O notation'],999.948288,qa_1,"Answer the question based on the given documents. Only give me the answer and do not output any other words.

Question: What expression is generally used to convey upper or lower bounds? ",0.999948288,Answer:,32,65.536,0.5275137026600192,15258.0,GB,2.116354048, big O notation,1.0,2116.354048,32293.0
15258.0,32768,"['constant factors and smaller terms' 'constant factors and smaller terms'
 'constant factors and smaller terms']",999.948288,qa_1,"Answer the question based on the given documents. Only give me the answer and do not output any other words.

Question: What does a big O notation hide? ",0.999948288,Answer:,32,65.536,0.5346893964807417,15258.0,GB,2.148990976, constant factors and smaller terms,1.0,2148.990976,32791.0
15258.0,32768,['T(n) = O(n2)' 'T(n) = O(n2)' 'T(n) = O(n2)'],999.948288,qa_1,"Answer the question based on the given documents. Only give me the answer and do not output any other words.

Question: How would one write T(n) = 7n2 + 15n + 40 in big O notation?  ",0.999948288,Answer:,32,65.536,0.5403801548332681,15258.0,GB,2.175598592, T(n) = O(n2),1.0,2175.598592,33197.0
15258.0,32768,"['the computational model'
 'specific details of the computational model used'
 'the specific details of the computational model used']",999.948288,qa_1,"Answer the question based on the given documents. Only give me the answer and do not output any other words.

Question: Big O notation provides autonomy to upper and lower bounds with relationship to what?  ",0.999948288,Answer:,32,65.536,0.5313162340654277,15258.0,GB,2.13352448, the specific details of the computational model used,1.0,2133.52448,32555.0
15258.0,32768,['complexity classes' 'complexity classes' 'some complexity classes'],999.948288,qa_1,"Answer the question based on the given documents. Only give me the answer and do not output any other words.

Question: What has complicated definitions that prevent classification into a framework? ",0.999948288,Answer:,32,65.536,0.4987845739438933,15258.0,GB,1.995046912, Some complexity classes,1.0,1995.046912,30442.0
15258.0,32768,['framework' 'framework' 'framework'],999.948288,qa_1,"Answer the question based on the given documents. Only give me the answer and do not output any other words.

Question: Complexity classes are generally classified into what? ",0.999948288,Answer:,32,65.536,0.5194784744748528,15258.0,GB,2.080964608, decision problems and function problems,1.0,2080.964608,31753.0
15258.0,32768,['complicated definitions' 'complicated definitions' 'definitions'],999.948288,qa_1,"Answer the question based on the given documents. Only give me the answer and do not output any other words.

Question: Difficulty in establishing a framework for complexity classes can be caused by what variable? ",0.999948288,Answer:,32,65.536,0.5397979188659328,15258.0,GB,2.17284608, the chosen machine model,1.0,2172.84608,33155.0
15258.0,32768,"['chosen machine model' 'the chosen machine model'
 'the chosen machine model']",999.948288,qa_1,"Answer the question based on the given documents. Only give me the answer and do not output any other words.

Question: Concrete bounding of computation time frequently produces complexity classes contingent upon what? ",0.999948288,Answer:,32,65.536,0.5277915325575637,15258.0,GB,2.117599232, the chosen machine model,1.0,2117.599232,32312.0
15258.0,32768,['linear time' 'linear' 'linear'],999.948288,qa_1,"Answer the question based on the given documents. Only give me the answer and do not output any other words.

Question: A multi-tape Turing machine requires what type of time for a solution? ",0.999948288,Answer:,32,65.536,0.5213476801455594,15258.0,GB,2.089091072, linear time,1.0,2089.091072,31877.0
15258.0,32768,['single-tape Turing machines' 'single-tape' 'single-tape'],999.948288,qa_1,"Answer the question based on the given documents. Only give me the answer and do not output any other words.

Question: A language solved in quadratic time implies the use of what type of Turing machine? ",0.999948288,Answer:,32,65.536,0.5382520275995641,15258.0,GB,2.165571584, single-tape Turing machine,1.0,2165.571584,33044.0
15258.0,32768,['Cobham-Edmonds thesis' 'Cobham-Edmonds' 'Cobham-Edmonds thesis'],999.948288,qa_1,"Answer the question based on the given documents. Only give me the answer and do not output any other words.

Question: What thesis specifies that a polynomial relationship exists within time complexities in a computational model?  ",0.999948288,Answer:,32,65.536,0.5327228738553884,15258.0,GB,2.139947008, Cobham-Edmonds thesis,1.0,2139.947008,32653.0
15258.0,32768,['complexity class P' 'P' 'complexity class P'],999.948288,qa_1,"Answer the question based on the given documents. Only give me the answer and do not output any other words.

Question: Decision problems capable of being solved by a deterministic Turing machine while maintaining adherence to polynomial time belong to what class? ",0.999948288,Answer:,32,65.536,0.5343343709943233,15258.0,GB,2.147352576, P,1.0,2147.352576,32766.0
15258.0,32768,['time or space' 'time or space' 'time or space'],999.948288,qa_1,"Answer the question based on the given documents. Only give me the answer and do not output any other words.

Question: What are two examples of measurements are bound within algorithms to establish complexity classes? ",0.999948288,Answer:,32,65.536,0.5366535074400243,15258.0,GB,2.15810048, time and space,1.0,2158.10048,32930.0
