memory_budget_unit,uncompressed_kv_memory_gb,answer,retained_kv_memory_gb,token_budget,uncompressed_kv_memory_mb,task,retained_kv_memory_mb,retained_context_tokens,question,kv_memory_per_token_kb,predicted_answer,answer_prefix,memory_budget,compression_ratio,context_length,context_tokens,max_new_tokens
GB,2.2249472,['ZWEVP' 'UVERG' 'SILPF' 'KCFWN' 'KDCMP'],0.999948288,15258.0,2224.9472,vt,999.948288,15258.0,Question: Find all variables that are assigned the value 90356 in the text above. ,65.536, ZWEVP UVERG SILPF KCFWN KDCMP,"Answer: According to the chain(s) of variable assignment in the text above, 5 variables are assgined the value 90356, they are: ",1.0,0.5505743740795287,32768,33950.0,30
GB,2.224750592,['PTTSC' 'DMGWH' 'WKESU' 'PDARR' 'IJEQG'],0.999948288,15258.0,2224.750592,vt,999.948288,15258.0,Question: Find all variables that are assigned the value 81910 in the text above. ,65.536, PTTSC DMGWH WKESU PDARR IJEQG,"Answer: According to the chain(s) of variable assignment in the text above, 5 variables are assgined the value 81910, they are: ",1.0,0.5505346569652694,32768,33947.0,30
GB,2.224881664,['TLSEF' 'KIOSS' 'EZACD' 'YLBFC' 'AJZPN'],0.999948288,15258.0,2224.881664,vt,999.948288,15258.0,Question: Find all variables that are assigned the value 66044 in the text above. ,65.536, TLSEF KIOSS EZACD YLBFC AJZPN,"Answer: According to the chain(s) of variable assignment in the text above, 5 variables are assgined the value 66044, they are: ",1.0,0.5505611358213791,32768,33949.0,30
GB,2.225209344,['UJKPN' 'TBCHV' 'XJZHP' 'FYOGK' 'CBHYU'],0.999948288,15258.0,2225.209344,vt,999.948288,15258.0,Question: Find all variables that are assigned the value 77214 in the text above. ,65.536, UJKPN TBCHV XJZHP FYOGK CBHYU,"Answer: According to the chain(s) of variable assignment in the text above, 5 variables are assgined the value 77214, they are: ",1.0,0.5506273193143665,32768,33954.0,30
GB,2.225209344,['IYNAV' 'GCRVB' 'YMJXG' 'YRXMF' 'TWFFG'],0.999948288,15258.0,2225.209344,vt,999.948288,15258.0,Question: Find all variables that are assigned the value 43827 in the text above. ,65.536, IYNAV GCRVB YMJXG YRXMF TWFFG,"Answer: According to the chain(s) of variable assignment in the text above, 5 variables are assgined the value 43827, they are: ",1.0,0.5506273193143665,32768,33954.0,30
GB,2.2249472,['XHFOB' 'UMONK' 'REZSL' 'RAFPI' 'PGOGM'],0.999948288,15258.0,2224.9472,vt,999.948288,15258.0,Question: Find all variables that are assigned the value 65820 in the text above. ,65.536, XHFOB UMONK REZSL RAFPI PGOGM,"Answer: According to the chain(s) of variable assignment in the text above, 5 variables are assgined the value 65820, they are: ",1.0,0.5505743740795287,32768,33950.0,30
GB,2.225078272,['UTMAK' 'DXQNI' 'MGWBC' 'EFGVC' 'TGJOV'],0.999948288,15258.0,2225.078272,vt,999.948288,15258.0,Question: Find all variables that are assigned the value 72623 in the text above. ,65.536, UTMAK DXQNI MGWBC EFGVC TGJOV,"Answer: According to the chain(s) of variable assignment in the text above, 5 variables are assgined the value 72623, they are: ",1.0,0.5506008482563619,32768,33952.0,30
GB,2.22527488,['DEVIQ' 'OWBEF' 'IHGQH' 'LWJPZ' 'KEASR'],0.999948288,15258.0,2225.27488,vt,999.948288,15258.0,Question: Find all variables that are assigned the value 91734 in the text above. ,65.536, DEVIQ OWBEF IHGQH LWJPZ KEASR,"Answer: According to the chain(s) of variable assignment in the text above, 5 variables are assgined the value 91734, they are: ",1.0,0.5506405536739802,32768,33955.0,30
GB,2.225012736,['DNEAJ' 'XWMWY' 'ODYOP' 'LTWLQ' 'NXMFC'],0.999948288,15258.0,2225.012736,vt,999.948288,15258.0,Question: Find all variables that are assigned the value 85450 in the text above. ,65.536, DNEAJ XWMWY ODYOP LTWLQ NXMFC,"Answer: According to the chain(s) of variable assignment in the text above, 5 variables are assgined the value 85450, they are: ",1.0,0.5505876115578334,32768,33951.0,30
GB,2.225078272,['JKOKE' 'TKJGK' 'GTXUR' 'HTVKW' 'EHQQH'],0.999948288,15258.0,2225.078272,vt,999.948288,15258.0,Question: Find all variables that are assigned the value 32299 in the text above. ,65.536, JKOKE TKJGK GTXUR HTVKW EHQQH,"Answer: According to the chain(s) of variable assignment in the text above, 5 variables are assgined the value 32299, they are: ",1.0,0.5506008482563619,32768,33952.0,30
GB,2.225143808,['SACTD' 'GKOEX' 'GJAZS' 'KZGZF' 'TCRFK'],0.999948288,15258.0,2225.143808,vt,999.948288,15258.0,Question: Find all variables that are assigned the value 53585 in the text above. ,65.536, SACTD GKOEX GJAZS KZGZF TCRFK,"Answer: According to the chain(s) of variable assignment in the text above, 5 variables are assgined the value 53585, they are: ",1.0,0.5506140841751833,32768,33953.0,30
GB,2.225078272,['GZPRR' 'EUGMR' 'IZTBJ' 'ENCMI' 'OQJXT'],0.999948288,15258.0,2225.078272,vt,999.948288,15258.0,Question: Find all variables that are assigned the value 74044 in the text above. ,65.536, GZPRR EUGMR IZTBJ ENCMI OQJXT,"Answer: According to the chain(s) of variable assignment in the text above, 5 variables are assgined the value 74044, they are: ",1.0,0.5506008482563619,32768,33952.0,30
GB,2.225078272,['HGJAQ' 'JEAWU' 'GSROK' 'NMOPI' 'QCNBV'],0.999948288,15258.0,2225.078272,vt,999.948288,15258.0,Question: Find all variables that are assigned the value 52557 in the text above. ,65.536, HGJAQ JEAWU GSROK NMOPI QCNBV,"Answer: According to the chain(s) of variable assignment in the text above, 5 variables are assgined the value 52557, they are: ",1.0,0.5506008482563619,32768,33952.0,30
GB,2.225471488,['CUBOY' 'KJSVG' 'BBHYY' 'CSNEN' 'GQETK'],0.999948288,15258.0,2225.471488,vt,999.948288,15258.0,Question: Find all variables that are assigned the value 59080 in the text above. ,65.536, CUBOY KJSVG BBHYY CSNEN GQETK,"Answer: According to the chain(s) of variable assignment in the text above, 5 variables are assgined the value 59080, they are: ",1.0,0.5506802520760941,32768,33958.0,30
GB,2.225143808,['QVIGO' 'JOTJL' 'YAAHA' 'DXAZF' 'IUYVX'],0.999948288,15258.0,2225.143808,vt,999.948288,15258.0,Question: Find all variables that are assigned the value 12693 in the text above. ,65.536, QVIGO JOTJL YAAHA DXAZF IUYVX,"Answer: According to the chain(s) of variable assignment in the text above, 5 variables are assgined the value 12693, they are: ",1.0,0.5506140841751833,32768,33953.0,30
GB,2.225209344,['XSVCQ' 'AVJUX' 'IWLYD' 'UTWYQ' 'QBNIO'],0.999948288,15258.0,2225.209344,vt,999.948288,15258.0,Question: Find all variables that are assigned the value 79163 in the text above. ,65.536, XSVCQ AVJUX IWLYD UTWYQ QBNIO,"Answer: According to the chain(s) of variable assignment in the text above, 5 variables are assgined the value 79163, they are: ",1.0,0.5506273193143665,32768,33954.0,30
GB,2.224816128,['LSTMF' 'KOOZN' 'GGLRO' 'CKJEI' 'RUEJV'],0.999948288,15258.0,2224.816128,vt,999.948288,15258.0,Question: Find all variables that are assigned the value 35939 in the text above. ,65.536, LSTMF KOOZN GGLRO CKJEI RUEJV,"Answer: According to the chain(s) of variable assignment in the text above, 5 variables are assgined the value 35939, they are: ",1.0,0.5505478967833157,32768,33948.0,30
GB,2.225012736,['MITFO' 'TOQZS' 'RJXNG' 'BFSHM' 'YBRRX'],0.999948288,15258.0,2225.012736,vt,999.948288,15258.0,Question: Find all variables that are assigned the value 58925 in the text above. ,65.536, MITFO TOQZS RJXNG BFSHM YBRRX,"Answer: According to the chain(s) of variable assignment in the text above, 5 variables are assgined the value 58925, they are: ",1.0,0.5505876115578334,32768,33951.0,30
GB,2.225078272,['MTARJ' 'HZZHB' 'GKZZY' 'YFIKD' 'SNRWR'],0.999948288,15258.0,2225.078272,vt,999.948288,15258.0,Question: Find all variables that are assigned the value 52941 in the text above. ,65.536, MTARJ HZZHB GKZZY YFIKD SNRWR,"Answer: According to the chain(s) of variable assignment in the text above, 5 variables are assgined the value 52941, they are: ",1.0,0.5506008482563619,32768,33952.0,30
GB,2.225012736,['DYXIO' 'YDIWS' 'TWKKL' 'YXYHU' 'CETPG'],0.999948288,15258.0,2225.012736,vt,999.948288,15258.0,Question: Find all variables that are assigned the value 31834 in the text above. ,65.536, DYXIO YDIWS TWKKL YXYHU CETPG,"Answer: According to the chain(s) of variable assignment in the text above, 5 variables are assgined the value 31834, they are: ",1.0,0.5505876115578334,32768,33951.0,30
GB,2.225078272,['YYFRF' 'FEYLQ' 'RWXLU' 'PVSKY' 'ONQSB'],0.999948288,15258.0,2225.078272,vt,999.948288,15258.0,Question: Find all variables that are assigned the value 28047 in the text above. ,65.536, YYFRF FEYLQ RWXLU PVSKY ONQSB,"Answer: According to the chain(s) of variable assignment in the text above, 5 variables are assgined the value 28047, they are: ",1.0,0.5506008482563619,32768,33952.0,30
GB,2.224816128,['NDVLS' 'CUYSD' 'KLEPS' 'FLGRX' 'USDCL'],0.999948288,15258.0,2224.816128,vt,999.948288,15258.0,Question: Find all variables that are assigned the value 36105 in the text above. ,65.536, NDVLS CUYSD KLEPS FLGRX USDCL,"Answer: According to the chain(s) of variable assignment in the text above, 5 variables are assgined the value 36105, they are: ",1.0,0.5505478967833157,32768,33948.0,30
GB,2.224816128,['HEXYA' 'TAMMU' 'PMFRL' 'LPAWH' 'QVFEB'],0.999948288,15258.0,2224.816128,vt,999.948288,15258.0,Question: Find all variables that are assigned the value 85766 in the text above. ,65.536, HEXYA TAMMU PMFRL LPAWH QVFEB,"Answer: According to the chain(s) of variable assignment in the text above, 5 variables are assgined the value 85766, they are: ",1.0,0.5505478967833157,32768,33948.0,30
GB,2.225012736,['CHJJB' 'LOHDS' 'HNNSP' 'CSQZM' 'RYZHP'],0.999948288,15258.0,2225.012736,vt,999.948288,15258.0,Question: Find all variables that are assigned the value 25707 in the text above. ,65.536, CHJJB LOHDS HNNSP CSQZM RYZHP,"Answer: According to the chain(s) of variable assignment in the text above, 5 variables are assgined the value 25707, they are: ",1.0,0.5505876115578334,32768,33951.0,30
GB,2.225143808,['UZKIO' 'QAFHU' 'INIAR' 'ISQAE' 'IIRXU'],0.999948288,15258.0,2225.143808,vt,999.948288,15258.0,Question: Find all variables that are assigned the value 31976 in the text above. ,65.536, UZKIO QAFHU INIAR ISQAE IIRXU,"Answer: According to the chain(s) of variable assignment in the text above, 5 variables are assgined the value 31976, they are: ",1.0,0.5506140841751833,32768,33953.0,30
GB,2.2249472,['UBDVI' 'JNEPE' 'DUIWS' 'HCWJV' 'HNEJA'],0.999948288,15258.0,2224.9472,vt,999.948288,15258.0,Question: Find all variables that are assigned the value 54262 in the text above. ,65.536, UBDVI JNEPE DUIWS HCWJV HNEJA,"Answer: According to the chain(s) of variable assignment in the text above, 5 variables are assgined the value 54262, they are: ",1.0,0.5505743740795287,32768,33950.0,30
GB,2.225078272,['KWDIB' 'WWIXC' 'TTATQ' 'FFHNU' 'RHECY'],0.999948288,15258.0,2225.078272,vt,999.948288,15258.0,Question: Find all variables that are assigned the value 33776 in the text above. ,65.536, KWDIB WWIXC TTATQ FFHNU RHECY,"Answer: According to the chain(s) of variable assignment in the text above, 5 variables are assgined the value 33776, they are: ",1.0,0.5506008482563619,32768,33952.0,30
GB,2.2249472,['LEPPV' 'SQIVS' 'RNZTM' 'DVXML' 'RSMGF'],0.999948288,15258.0,2224.9472,vt,999.948288,15258.0,Question: Find all variables that are assigned the value 40080 in the text above. ,65.536, LEPPV SQIVS RNZTM DVXML RSMGF,"Answer: According to the chain(s) of variable assignment in the text above, 5 variables are assgined the value 40080, they are: ",1.0,0.5505743740795287,32768,33950.0,30
GB,2.225340416,['UIQUN' 'KKQOZ' 'JIVPU' 'LUOGR' 'CYOMP'],0.999948288,15258.0,2225.340416,vt,999.948288,15258.0,Question: Find all variables that are assigned the value 76842 in the text above. ,65.536, UIQUN KKQOZ JIVPU LUOGR CYOMP,"Answer: According to the chain(s) of variable assignment in the text above, 5 variables are assgined the value 76842, they are: ",1.0,0.5506537872540935,32768,33956.0,30
GB,2.224881664,['DDNKP' 'FRIOX' 'HYLZI' 'CAZKD' 'HJOBS'],0.999948288,15258.0,2224.881664,vt,999.948288,15258.0,Question: Find all variables that are assigned the value 71373 in the text above. ,65.536, DDNKP FRIOX HYLZI CAZKD HJOBS,"Answer: According to the chain(s) of variable assignment in the text above, 5 variables are assgined the value 71373, they are: ",1.0,0.5505611358213791,32768,33949.0,30
GB,2.225209344,['DAQDX' 'RZDDU' 'WXSYQ' 'LLVKF' 'LAMTS'],0.999948288,15258.0,2225.209344,vt,999.948288,15258.0,Question: Find all variables that are assigned the value 16776 in the text above. ,65.536, DAQDX RZDDU WXSYQ LLVKF LAMTS,"Answer: According to the chain(s) of variable assignment in the text above, 5 variables are assgined the value 16776, they are: ",1.0,0.5506273193143665,32768,33954.0,30
GB,2.225209344,['GQRRR' 'OPPXN' 'ALXOI' 'JZHES' 'PHUGQ'],0.999948288,15258.0,2225.209344,vt,999.948288,15258.0,Question: Find all variables that are assigned the value 65016 in the text above. ,65.536, GQRRR OPPXN ALXOI JZHES PHUGQ,"Answer: According to the chain(s) of variable assignment in the text above, 5 variables are assgined the value 65016, they are: ",1.0,0.5506273193143665,32768,33954.0,30
GB,2.225340416,['LVGSM' 'UWICD' 'YEMZU' 'GLQFT' 'IQTDE'],0.999948288,15258.0,2225.340416,vt,999.948288,15258.0,Question: Find all variables that are assigned the value 19474 in the text above. ,65.536, LVGSM UWICD YEMZU GLQFT IQTDE,"Answer: According to the chain(s) of variable assignment in the text above, 5 variables are assgined the value 19474, they are: ",1.0,0.5506537872540935,32768,33956.0,30
GB,2.225078272,['LXWIG' 'CRKUT' 'TPFIR' 'EORVA' 'CCLFH'],0.999948288,15258.0,2225.078272,vt,999.948288,15258.0,Question: Find all variables that are assigned the value 68053 in the text above. ,65.536, LXWIG CRKUT TPFIR EORVA CCLFH,"Answer: According to the chain(s) of variable assignment in the text above, 5 variables are assgined the value 68053, they are: ",1.0,0.5506008482563619,32768,33952.0,30
GB,2.225012736,['EHRBL' 'ZURRU' 'GUHBK' 'ZGVEB' 'ZFKQC'],0.999948288,15258.0,2225.012736,vt,999.948288,15258.0,Question: Find all variables that are assigned the value 31959 in the text above. ,65.536, EHRBL ZURRU GUHBK ZGVEB ZFKQC,"Answer: According to the chain(s) of variable assignment in the text above, 5 variables are assgined the value 31959, they are: ",1.0,0.5505876115578334,32768,33951.0,30
GB,2.22527488,['KASUM' 'KSVBF' 'JRUDN' 'ZIHBZ' 'QJWIV'],0.999948288,15258.0,2225.27488,vt,999.948288,15258.0,Question: Find all variables that are assigned the value 15530 in the text above. ,65.536, KASUM KSVBF JRUDN ZIHBZ QJWIV,"Answer: According to the chain(s) of variable assignment in the text above, 5 variables are assgined the value 15530, they are: ",1.0,0.5506405536739802,32768,33955.0,30
GB,2.22461952,['BOINV' 'LZABU' 'BDURL' 'RWDPY' 'ADQMX'],0.999948288,15258.0,2224.61952,vt,999.948288,15258.0,Question: Find all variables that are assigned the value 13748 in the text above. ,65.536, BOINV LZABU BDURL RWDPY ADQMX,"Answer: According to the chain(s) of variable assignment in the text above, 5 variables are assgined the value 13748, they are: ",1.0,0.5505081749889527,32768,33945.0,30
GB,2.224685056,['ZRIZO' 'DVUTP' 'IDDKS' 'OLYBC' 'WPUAM'],0.999948288,15258.0,2224.685056,vt,999.948288,15258.0,Question: Find all variables that are assigned the value 23545 in the text above. ,65.536, ZRIZO DVUTP IDDKS OLYBC WPUAM,"Answer: According to the chain(s) of variable assignment in the text above, 5 variables are assgined the value 23545, they are: ",1.0,0.5505214163671714,32768,33946.0,30
GB,2.225471488,['CVHKO' 'EZZQW' 'ZNMQF' 'BCDVX' 'MEXBJ'],0.999948288,15258.0,2225.471488,vt,999.948288,15258.0,Question: Find all variables that are assigned the value 76199 in the text above. ,65.536, CVHKO EZZQW ZNMQF BCDVX MEXBJ,"Answer: According to the chain(s) of variable assignment in the text above, 5 variables are assgined the value 76199, they are: ",1.0,0.5506802520760941,32768,33958.0,30
GB,2.225209344,['IUICT' 'WJFMM' 'XDYLK' 'DSQZF' 'DRBDW'],0.999948288,15258.0,2225.209344,vt,999.948288,15258.0,Question: Find all variables that are assigned the value 44766 in the text above. ,65.536, IUICT WJFMM XDYLK DSQZF DRBDW,"Answer: According to the chain(s) of variable assignment in the text above, 5 variables are assgined the value 44766, they are: ",1.0,0.5506273193143665,32768,33954.0,30
GB,2.225405952,['STGIP' 'XPDOA' 'ZBMTA' 'NMUVL' 'GOATY'],0.999948288,15258.0,2225.405952,vt,999.948288,15258.0,Question: Find all variables that are assigned the value 83530 in the text above. ,65.536, STGIP XPDOA ZBMTA NMUVL GOATY,"Answer: According to the chain(s) of variable assignment in the text above, 5 variables are assgined the value 83530, they are: ",1.0,0.5506670200547752,32768,33957.0,30
GB,2.225209344,['AQKRN' 'HTSPO' 'FRQIY' 'NXJBJ' 'MBJQS'],0.999948288,15258.0,2225.209344,vt,999.948288,15258.0,Question: Find all variables that are assigned the value 71087 in the text above. ,65.536, AQKRN HTSPO FRQIY NXJBJ MBJQS,"Answer: According to the chain(s) of variable assignment in the text above, 5 variables are assgined the value 71087, they are: ",1.0,0.5506273193143665,32768,33954.0,30
GB,2.2249472,['NVMNV' 'XLJRS' 'ZWEWC' 'KEYCE' 'CDDFY'],0.999948288,15258.0,2224.9472,vt,999.948288,15258.0,Question: Find all variables that are assigned the value 78840 in the text above. ,65.536, NVMNV XLJRS ZWEWC KEYCE CDDFY,"Answer: According to the chain(s) of variable assignment in the text above, 5 variables are assgined the value 78840, they are: ",1.0,0.5505743740795287,32768,33950.0,30
GB,2.225209344,['NOLOX' 'HUFJH' 'VDHYQ' 'ENEES' 'XUEDZ'],0.999948288,15258.0,2225.209344,vt,999.948288,15258.0,Question: Find all variables that are assigned the value 64384 in the text above. ,65.536, NOLOX HUFJH VDHYQ ENEES XUEDZ,"Answer: According to the chain(s) of variable assignment in the text above, 5 variables are assgined the value 64384, they are: ",1.0,0.5506273193143665,32768,33954.0,30
GB,2.2249472,['ATZIS' 'MHYZO' 'DOXLR' 'TXDOI' 'KVLCB'],0.999948288,15258.0,2224.9472,vt,999.948288,15258.0,Question: Find all variables that are assigned the value 61005 in the text above. ,65.536, ATZIS MHYZO DOXLR TXDOI KVLCB,"Answer: According to the chain(s) of variable assignment in the text above, 5 variables are assgined the value 61005, they are: ",1.0,0.5505743740795287,32768,33950.0,30
GB,2.225143808,['SLKAI' 'ILOFX' 'TKLES' 'XSKVP' 'DHZNI'],0.999948288,15258.0,2225.143808,vt,999.948288,15258.0,Question: Find all variables that are assigned the value 56576 in the text above. ,65.536, SLKAI ILOFX TKLES XSKVP DHZNI,"Answer: According to the chain(s) of variable assignment in the text above, 5 variables are assgined the value 56576, they are: ",1.0,0.5506140841751833,32768,33953.0,30
GB,2.225471488,['FUEHQ' 'QDRHE' 'XQATM' 'ZPJML' 'GRZVJ'],0.999948288,15258.0,2225.471488,vt,999.948288,15258.0,Question: Find all variables that are assigned the value 49353 in the text above. ,65.536, FUEHQ QDRHE XQATM ZPJML GRZVJ,"Answer: According to the chain(s) of variable assignment in the text above, 5 variables are assgined the value 49353, they are: ",1.0,0.5506802520760941,32768,33958.0,30
GB,2.224816128,['CTOWV' 'RHRRC' 'PVANJ' 'MIXCE' 'FEXPV'],0.999948288,15258.0,2224.816128,vt,999.948288,15258.0,Question: Find all variables that are assigned the value 72003 in the text above. ,65.536, CTOWV RHRRC PVANJ MIXCE FEXPV,"Answer: According to the chain(s) of variable assignment in the text above, 5 variables are assgined the value 72003, they are: ",1.0,0.5505478967833157,32768,33948.0,30
GB,2.225078272,['FWDFD' 'DCRUC' 'UTBCU' 'NBDGB' 'RTUXF'],0.999948288,15258.0,2225.078272,vt,999.948288,15258.0,Question: Find all variables that are assigned the value 93211 in the text above. ,65.536, FWDFD DCRUC UTBCU NBDGB RTUXF,"Answer: According to the chain(s) of variable assignment in the text above, 5 variables are assgined the value 93211, they are: ",1.0,0.5506008482563619,32768,33952.0,30
GB,2.225078272,['ETASY' 'XWMSE' 'RCVZL' 'NKTIM' 'NMJHS'],0.999948288,15258.0,2225.078272,vt,999.948288,15258.0,Question: Find all variables that are assigned the value 62733 in the text above. ,65.536, ETASY XWMSE RCVZL NKTIM NMJHS,"Answer: According to the chain(s) of variable assignment in the text above, 5 variables are assgined the value 62733, they are: ",1.0,0.5506008482563619,32768,33952.0,30
GB,2.225078272,['MCLRC' 'DKPCY' 'ZBZIP' 'ZDVSH' 'SPHUQ'],0.999948288,15258.0,2225.078272,vt,999.948288,15258.0,Question: Find all variables that are assigned the value 75318 in the text above. ,65.536, MCLRC DKPCY ZBZIP ZDVSH SPHUQ,"Answer: According to the chain(s) of variable assignment in the text above, 5 variables are assgined the value 75318, they are: ",1.0,0.5506008482563619,32768,33952.0,30
GB,2.225078272,['IHQTR' 'NMMHM' 'NOVOA' 'TZWDL' 'WLAER'],0.999948288,15258.0,2225.078272,vt,999.948288,15258.0,Question: Find all variables that are assigned the value 99474 in the text above. ,65.536, IHQTR NMMHM NOVOA TZWDL WLAER,"Answer: According to the chain(s) of variable assignment in the text above, 5 variables are assgined the value 99474, they are: ",1.0,0.5506008482563619,32768,33952.0,30
GB,2.224816128,['THBPD' 'JVPTQ' 'JLZKB' 'GGICR' 'WCENA'],0.999948288,15258.0,2224.816128,vt,999.948288,15258.0,Question: Find all variables that are assigned the value 33664 in the text above. ,65.536, THBPD JVPTQ JLZKB GGICR WCENA,"Answer: According to the chain(s) of variable assignment in the text above, 5 variables are assgined the value 33664, they are: ",1.0,0.5505478967833157,32768,33948.0,30
GB,2.22560256,['ZFQZB' 'WFGHO' 'UQYSP' 'PHONL' 'JBVNH'],0.999948288,15258.0,2225.60256,vt,999.948288,15258.0,Question: Find all variables that are assigned the value 77172 in the text above. ,65.536, ZFQZB WFGHO UQYSP PHONL JBVNH,"Answer: According to the chain(s) of variable assignment in the text above, 5 variables are assgined the value 77172, they are: ",1.0,0.5507067137809187,32768,33960.0,30
GB,2.2249472,['WXYSB' 'FMGTT' 'VKWXQ' 'VGHER' 'GGDAU'],0.999948288,15258.0,2224.9472,vt,999.948288,15258.0,Question: Find all variables that are assigned the value 95616 in the text above. ,65.536, WXYSB FMGTT VKWXQ VGHER GGDAU,"Answer: According to the chain(s) of variable assignment in the text above, 5 variables are assgined the value 95616, they are: ",1.0,0.5505743740795287,32768,33950.0,30
GB,2.225405952,['HBYXR' 'XKVVG' 'ONDRP' 'UNMCP' 'UIVTU'],0.999948288,15258.0,2225.405952,vt,999.948288,15258.0,Question: Find all variables that are assigned the value 36736 in the text above. ,65.536, HBYXR XKVVG ONDRP UNMCP UIVTU,"Answer: According to the chain(s) of variable assignment in the text above, 5 variables are assgined the value 36736, they are: ",1.0,0.5506670200547752,32768,33957.0,30
GB,2.225340416,['SVAZP' 'VRYRU' 'GOIYJ' 'VDWWK' 'XKZGC'],0.999948288,15258.0,2225.340416,vt,999.948288,15258.0,Question: Find all variables that are assigned the value 10854 in the text above. ,65.536, SVAZP VRYRU GOIYJ VDWWK XKZGC,"Answer: According to the chain(s) of variable assignment in the text above, 5 variables are assgined the value 10854, they are: ",1.0,0.5506537872540935,32768,33956.0,30
GB,2.225078272,['SNJPV' 'TLABQ' 'QUDKQ' 'ICENZ' 'VTWRU'],0.999948288,15258.0,2225.078272,vt,999.948288,15258.0,Question: Find all variables that are assigned the value 48623 in the text above. ,65.536, SNJPV TLABQ QUDKQ ICENZ VTWRU,"Answer: According to the chain(s) of variable assignment in the text above, 5 variables are assgined the value 48623, they are: ",1.0,0.5506008482563619,32768,33952.0,30
GB,2.225012736,['CMGWB' 'QPDYE' 'OANUY' 'VMFFY' 'VGTJL'],0.999948288,15258.0,2225.012736,vt,999.948288,15258.0,Question: Find all variables that are assigned the value 17392 in the text above. ,65.536, CMGWB QPDYE OANUY VMFFY VGTJL,"Answer: According to the chain(s) of variable assignment in the text above, 5 variables are assgined the value 17392, they are: ",1.0,0.5505876115578334,32768,33951.0,30
GB,2.22560256,['SSTGC' 'BIGXZ' 'YZPTB' 'GQHKJ' 'ZOPGN'],0.999948288,15258.0,2225.60256,vt,999.948288,15258.0,Question: Find all variables that are assigned the value 65680 in the text above. ,65.536, SSTGC BIGXZ YZPTB GQHKJ ZOPGN,"Answer: According to the chain(s) of variable assignment in the text above, 5 variables are assgined the value 65680, they are: ",1.0,0.5507067137809187,32768,33960.0,30
GB,2.224881664,['LETMY' 'OXQLE' 'BEMEM' 'DXMLZ' 'OLCSD'],0.999948288,15258.0,2224.881664,vt,999.948288,15258.0,Question: Find all variables that are assigned the value 56717 in the text above. ,65.536, LETMY OXQLE BEMEM DXMLZ OLCSD,"Answer: According to the chain(s) of variable assignment in the text above, 5 variables are assgined the value 56717, they are: ",1.0,0.5505611358213791,32768,33949.0,30
GB,2.225078272,['HZDJY' 'CIALS' 'MQHRI' 'BQLYZ' 'XUDWU'],0.999948288,15258.0,2225.078272,vt,999.948288,15258.0,Question: Find all variables that are assigned the value 97092 in the text above. ,65.536, HZDJY CIALS MQHRI BQLYZ XUDWU,"Answer: According to the chain(s) of variable assignment in the text above, 5 variables are assgined the value 97092, they are: ",1.0,0.5506008482563619,32768,33952.0,30
GB,2.224685056,['LUIRD' 'RVNMX' 'MOKTV' 'PLLBI' 'MFREM'],0.999948288,15258.0,2224.685056,vt,999.948288,15258.0,Question: Find all variables that are assigned the value 60859 in the text above. ,65.536, LUIRD RVNMX MOKTV PLLBI MFREM,"Answer: According to the chain(s) of variable assignment in the text above, 5 variables are assgined the value 60859, they are: ",1.0,0.5505214163671714,32768,33946.0,30
GB,2.225143808,['MSVJP' 'TATMU' 'VBKSI' 'STLVI' 'XVFCZ'],0.999948288,15258.0,2225.143808,vt,999.948288,15258.0,Question: Find all variables that are assigned the value 36309 in the text above. ,65.536, MSVJP TATMU VBKSI STLVI XVFCZ,"Answer: According to the chain(s) of variable assignment in the text above, 5 variables are assgined the value 36309, they are: ",1.0,0.5506140841751833,32768,33953.0,30
GB,2.224816128,['HDACA' 'ZWFQQ' 'LQUEH' 'MMAED' 'SZMWP'],0.999948288,15258.0,2224.816128,vt,999.948288,15258.0,Question: Find all variables that are assigned the value 97455 in the text above. ,65.536, HDACA ZWFQQ LQUEH MMAED SZMWP,"Answer: According to the chain(s) of variable assignment in the text above, 5 variables are assgined the value 97455, they are: ",1.0,0.5505478967833157,32768,33948.0,30
GB,2.224881664,['WGBAO' 'OGQXD' 'QQLLE' 'SMLNP' 'RXWSM'],0.999948288,15258.0,2224.881664,vt,999.948288,15258.0,Question: Find all variables that are assigned the value 73734 in the text above. ,65.536, WGBAO OGQXD QQLLE SMLNP RXWSM,"Answer: According to the chain(s) of variable assignment in the text above, 5 variables are assgined the value 73734, they are: ",1.0,0.5505611358213791,32768,33949.0,30
GB,2.224553984,['BAWJE' 'VXABL' 'QDFGI' 'JBWGD' 'RNRSY'],0.999948288,15258.0,2224.553984,vt,999.948288,15258.0,Question: Find all variables that are assigned the value 80467 in the text above. ,65.536, BAWJE VXABL QDFGI JBWGD RNRSY,"Answer: According to the chain(s) of variable assignment in the text above, 5 variables are assgined the value 80467, they are: ",1.0,0.5504949328305444,32768,33944.0,30
GB,2.225078272,['JVDFZ' 'TAVMH' 'EGSKQ' 'GTNUD' 'LXXYN'],0.999948288,15258.0,2225.078272,vt,999.948288,15258.0,Question: Find all variables that are assigned the value 62662 in the text above. ,65.536, JVDFZ TAVMH EGSKQ GTNUD LXXYN,"Answer: According to the chain(s) of variable assignment in the text above, 5 variables are assgined the value 62662, they are: ",1.0,0.5506008482563619,32768,33952.0,30
GB,2.225340416,['WZKXS' 'WSIIV' 'XPDKQ' 'XQQLI' 'VQUWC'],0.999948288,15258.0,2225.340416,vt,999.948288,15258.0,Question: Find all variables that are assigned the value 22688 in the text above. ,65.536, WZKXS WSIIV XPDKQ XQQLI VQUWC,"Answer: According to the chain(s) of variable assignment in the text above, 5 variables are assgined the value 22688, they are: ",1.0,0.5506537872540935,32768,33956.0,30
GB,2.225340416,['BJQJB' 'QDHTL' 'ZUZOX' 'QNPJH' 'USRSN'],0.999948288,15258.0,2225.340416,vt,999.948288,15258.0,Question: Find all variables that are assigned the value 35342 in the text above. ,65.536, BJQJB QDHTL ZUZOX QNPJH USRSN,"Answer: According to the chain(s) of variable assignment in the text above, 5 variables are assgined the value 35342, they are: ",1.0,0.5506537872540935,32768,33956.0,30
GB,2.225078272,['WPQZR' 'YTKEN' 'MLZNN' 'SLAEO' 'XDWCJ'],0.999948288,15258.0,2225.078272,vt,999.948288,15258.0,Question: Find all variables that are assigned the value 47157 in the text above. ,65.536, WPQZR YTKEN MLZNN SLAEO XDWCJ,"Answer: According to the chain(s) of variable assignment in the text above, 5 variables are assgined the value 47157, they are: ",1.0,0.5506008482563619,32768,33952.0,30
GB,2.224881664,['WKOOX' 'UMSPT' 'NLLLW' 'IURKG' 'KOYXT'],0.999948288,15258.0,2224.881664,vt,999.948288,15258.0,Question: Find all variables that are assigned the value 77863 in the text above. ,65.536, WKOOX UMSPT NLLLW IURKG KOYXT,"Answer: According to the chain(s) of variable assignment in the text above, 5 variables are assgined the value 77863, they are: ",1.0,0.5505611358213791,32768,33949.0,30
GB,2.225209344,['NZHFV' 'VPCNI' 'PMYIE' 'ANJCZ' 'OHETE'],0.999948288,15258.0,2225.209344,vt,999.948288,15258.0,Question: Find all variables that are assigned the value 62083 in the text above. ,65.536, NZHFV VPCNI PMYIE ANJCZ OHETE,"Answer: According to the chain(s) of variable assignment in the text above, 5 variables are assgined the value 62083, they are: ",1.0,0.5506273193143665,32768,33954.0,30
GB,2.225340416,['YHIOB' 'AQXAO' 'PCTQD' 'OLWNU' 'DOEGY'],0.999948288,15258.0,2225.340416,vt,999.948288,15258.0,Question: Find all variables that are assigned the value 75733 in the text above. ,65.536, YHIOB AQXAO PCTQD OLWNU DOEGY,"Answer: According to the chain(s) of variable assignment in the text above, 5 variables are assgined the value 75733, they are: ",1.0,0.5506537872540935,32768,33956.0,30
GB,2.2249472,['NBCSV' 'SZWFN' 'UWYQZ' 'SHRIF' 'YIXDX'],0.999948288,15258.0,2224.9472,vt,999.948288,15258.0,Question: Find all variables that are assigned the value 99045 in the text above. ,65.536, NBCSV SZWFN UWYQZ SHRIF YIXDX,"Answer: According to the chain(s) of variable assignment in the text above, 5 variables are assgined the value 99045, they are: ",1.0,0.5505743740795287,32768,33950.0,30
GB,2.225209344,['JETSA' 'MYLFA' 'HXJCP' 'HSGMJ' 'HXSFF'],0.999948288,15258.0,2225.209344,vt,999.948288,15258.0,Question: Find all variables that are assigned the value 44698 in the text above. ,65.536, JETSA MYLFA HXJCP HSGMJ HXSFF,"Answer: According to the chain(s) of variable assignment in the text above, 5 variables are assgined the value 44698, they are: ",1.0,0.5506273193143665,32768,33954.0,30
GB,2.225405952,['WAZRP' 'RWALR' 'QWIVK' 'DNMNB' 'SBXNI'],0.999948288,15258.0,2225.405952,vt,999.948288,15258.0,Question: Find all variables that are assigned the value 90623 in the text above. ,65.536, WAZRP RWALR QWIVK DNMNB SBXNI,"Answer: According to the chain(s) of variable assignment in the text above, 5 variables are assgined the value 90623, they are: ",1.0,0.5506670200547752,32768,33957.0,30
GB,2.225209344,['VGMYV' 'VNGBP' 'LCLDZ' 'XJXSU' 'BUBPL'],0.999948288,15258.0,2225.209344,vt,999.948288,15258.0,Question: Find all variables that are assigned the value 32671 in the text above. ,65.536, VGMYV VNGBP LCLDZ XJXSU BUBPL,"Answer: According to the chain(s) of variable assignment in the text above, 5 variables are assgined the value 32671, they are: ",1.0,0.5506273193143665,32768,33954.0,30
GB,2.2249472,['NPCAS' 'PVXDN' 'JMQED' 'BDPNQ' 'JPODM'],0.999948288,15258.0,2224.9472,vt,999.948288,15258.0,Question: Find all variables that are assigned the value 35184 in the text above. ,65.536, NPCAS PVXDN JMQED BDPNQ JPODM,"Answer: According to the chain(s) of variable assignment in the text above, 5 variables are assgined the value 35184, they are: ",1.0,0.5505743740795287,32768,33950.0,30
GB,2.225209344,['MSWOI' 'HICWX' 'MXQSM' 'FMTVU' 'JKVAA'],0.999948288,15258.0,2225.209344,vt,999.948288,15258.0,Question: Find all variables that are assigned the value 52107 in the text above. ,65.536, MSWOI HICWX MXQSM FMTVU JKVAA,"Answer: According to the chain(s) of variable assignment in the text above, 5 variables are assgined the value 52107, they are: ",1.0,0.5506273193143665,32768,33954.0,30
GB,2.225340416,['XARJU' 'CYHGV' 'RYZZW' 'WBDYU' 'EJJPZ'],0.999948288,15258.0,2225.340416,vt,999.948288,15258.0,Question: Find all variables that are assigned the value 96202 in the text above. ,65.536, XARJU CYHGV RYZZW WBDYU EJJPZ,"Answer: According to the chain(s) of variable assignment in the text above, 5 variables are assgined the value 96202, they are: ",1.0,0.5506537872540935,32768,33956.0,30
GB,2.224816128,['KWTJN' 'ESNMY' 'MPQUQ' 'FXLGF' 'LJEVG'],0.999948288,15258.0,2224.816128,vt,999.948288,15258.0,Question: Find all variables that are assigned the value 61663 in the text above. ,65.536, KWTJN ESNMY MPQUQ FXLGF LJEVG,"Answer: According to the chain(s) of variable assignment in the text above, 5 variables are assgined the value 61663, they are: ",1.0,0.5505478967833157,32768,33948.0,30
GB,2.225143808,['HNOCH' 'FDJOI' 'RGTTV' 'EPDWS' 'OGUHJ'],0.999948288,15258.0,2225.143808,vt,999.948288,15258.0,Question: Find all variables that are assigned the value 25708 in the text above. ,65.536, HNOCH FDJOI RGTTV EPDWS OGUHJ,"Answer: According to the chain(s) of variable assignment in the text above, 5 variables are assgined the value 25708, they are: ",1.0,0.5506140841751833,32768,33953.0,30
GB,2.224881664,['LYKLW' 'ADWHT' 'MRJFL' 'TTRHP' 'OADZZ'],0.999948288,15258.0,2224.881664,vt,999.948288,15258.0,Question: Find all variables that are assigned the value 59811 in the text above. ,65.536, LYKLW ADWHT MRJFL TTRHP OADZZ,"Answer: According to the chain(s) of variable assignment in the text above, 5 variables are assgined the value 59811, they are: ",1.0,0.5505611358213791,32768,33949.0,30
GB,2.225078272,['MEBZH' 'GRBBN' 'EWKEC' 'NMBYW' 'DFLSM'],0.999948288,15258.0,2225.078272,vt,999.948288,15258.0,Question: Find all variables that are assigned the value 12811 in the text above. ,65.536, MEBZH GRBBN EWKEC NMBYW DFLSM,"Answer: According to the chain(s) of variable assignment in the text above, 5 variables are assgined the value 12811, they are: ",1.0,0.5506008482563619,32768,33952.0,30
GB,2.224750592,['WLSSH' 'PVEGX' 'TLXEO' 'KYGWH' 'QHXSS'],0.999948288,15258.0,2224.750592,vt,999.948288,15258.0,Question: Find all variables that are assigned the value 66250 in the text above. ,65.536, WLSSH PVEGX TLXEO KYGWH QHXSS,"Answer: According to the chain(s) of variable assignment in the text above, 5 variables are assgined the value 66250, they are: ",1.0,0.5505346569652694,32768,33947.0,30
GB,2.225012736,['KACXI' 'TMBOG' 'YDVVE' 'ACHNK' 'CTRDJ'],0.999948288,15258.0,2225.012736,vt,999.948288,15258.0,Question: Find all variables that are assigned the value 82082 in the text above. ,65.536, KACXI TMBOG YDVVE ACHNK CTRDJ,"Answer: According to the chain(s) of variable assignment in the text above, 5 variables are assgined the value 82082, they are: ",1.0,0.5505876115578334,32768,33951.0,30
GB,2.225078272,['CKZIE' 'RFWUV' 'EEKCI' 'OEFOY' 'DFJEK'],0.999948288,15258.0,2225.078272,vt,999.948288,15258.0,Question: Find all variables that are assigned the value 44754 in the text above. ,65.536, CKZIE RFWUV EEKCI OEFOY DFJEK,"Answer: According to the chain(s) of variable assignment in the text above, 5 variables are assgined the value 44754, they are: ",1.0,0.5506008482563619,32768,33952.0,30
GB,2.225078272,['CIQKY' 'UDETR' 'ZRBAX' 'LNTNS' 'AATDG'],0.999948288,15258.0,2225.078272,vt,999.948288,15258.0,Question: Find all variables that are assigned the value 21411 in the text above. ,65.536, CIQKY UDETR ZRBAX LNTNS AATDG,"Answer: According to the chain(s) of variable assignment in the text above, 5 variables are assgined the value 21411, they are: ",1.0,0.5506008482563619,32768,33952.0,30
GB,2.225078272,['KVTFT' 'IFBXZ' 'USFWN' 'EQBMY' 'BZYDE'],0.999948288,15258.0,2225.078272,vt,999.948288,15258.0,Question: Find all variables that are assigned the value 12911 in the text above. ,65.536, KVTFT IFBXZ USFWN EQBMY BZYDE,"Answer: According to the chain(s) of variable assignment in the text above, 5 variables are assgined the value 12911, they are: ",1.0,0.5506008482563619,32768,33952.0,30
GB,2.22527488,['MKPLE' 'YMTLC' 'XHNOE' 'JHHOM' 'ISFXA'],0.999948288,15258.0,2225.27488,vt,999.948288,15258.0,Question: Find all variables that are assigned the value 77270 in the text above. ,65.536, MKPLE YMTLC XHNOE JHHOM ISFXA,"Answer: According to the chain(s) of variable assignment in the text above, 5 variables are assgined the value 77270, they are: ",1.0,0.5506405536739802,32768,33955.0,30
GB,2.225143808,['SNMRS' 'QYTGA' 'VQRSQ' 'GLRGP' 'YVAUQ'],0.999948288,15258.0,2225.143808,vt,999.948288,15258.0,Question: Find all variables that are assigned the value 93763 in the text above. ,65.536, SNMRS QYTGA VQRSQ GLRGP YVAUQ,"Answer: According to the chain(s) of variable assignment in the text above, 5 variables are assgined the value 93763, they are: ",1.0,0.5506140841751833,32768,33953.0,30
GB,2.224750592,['UVGFT' 'SAEMC' 'UKKHL' 'EEDMN' 'COFFT'],0.999948288,15258.0,2224.750592,vt,999.948288,15258.0,Question: Find all variables that are assigned the value 18680 in the text above. ,65.536, UVGFT SAEMC UKKHL EEDMN COFFT,"Answer: According to the chain(s) of variable assignment in the text above, 5 variables are assgined the value 18680, they are: ",1.0,0.5505346569652694,32768,33947.0,30
GB,2.22527488,['UBFUJ' 'NZGMT' 'PIRII' 'GJKPZ' 'WUAWK'],0.999948288,15258.0,2225.27488,vt,999.948288,15258.0,Question: Find all variables that are assigned the value 94896 in the text above. ,65.536, UBFUJ NZGMT PIRII GJKPZ WUAWK,"Answer: According to the chain(s) of variable assignment in the text above, 5 variables are assgined the value 94896, they are: ",1.0,0.5506405536739802,32768,33955.0,30
GB,2.2249472,['UILPK' 'PCLYY' 'ZWXTH' 'FDNOW' 'NDUHR'],0.999948288,15258.0,2224.9472,vt,999.948288,15258.0,Question: Find all variables that are assigned the value 93879 in the text above. ,65.536, UILPK PCLYY ZWXTH FDNOW NDUHR,"Answer: According to the chain(s) of variable assignment in the text above, 5 variables are assgined the value 93879, they are: ",1.0,0.5505743740795287,32768,33950.0,30
GB,2.225143808,['YRRXQ' 'MUIFO' 'YBIXT' 'SRUZL' 'GGHCI'],0.999948288,15258.0,2225.143808,vt,999.948288,15258.0,Question: Find all variables that are assigned the value 81295 in the text above. ,65.536, YRRXQ MUIFO YBIXT SRUZL GGHCI,"Answer: According to the chain(s) of variable assignment in the text above, 5 variables are assgined the value 81295, they are: ",1.0,0.5506140841751833,32768,33953.0,30
GB,2.225340416,['CAWIV' 'HFRDH' 'TWVAI' 'NRHWO' 'QFHZB'],0.999948288,15258.0,2225.340416,vt,999.948288,15258.0,Question: Find all variables that are assigned the value 98614 in the text above. ,65.536, CAWIV HFRDH TWVAI NRHWO QFHZB,"Answer: According to the chain(s) of variable assignment in the text above, 5 variables are assgined the value 98614, they are: ",1.0,0.5506537872540935,32768,33956.0,30
GB,2.225537024,['SHXSO' 'CIUWB' 'YHRPL' 'MXFUF' 'QJWCU'],0.999948288,15258.0,2225.537024,vt,999.948288,15258.0,Question: Find all variables that are assigned the value 21111 in the text above. ,65.536, SHXSO CIUWB YHRPL MXFUF QJWCU,"Answer: According to the chain(s) of variable assignment in the text above, 5 variables are assgined the value 21111, they are: ",1.0,0.550693483318119,32768,33959.0,30
GB,2.225078272,['QJRUR' 'UWQHQ' 'JDCMR' 'NAOOH' 'TUEMQ'],0.999948288,15258.0,2225.078272,vt,999.948288,15258.0,Question: Find all variables that are assigned the value 47504 in the text above. ,65.536, QJRUR UWQHQ JDCMR NAOOH TUEMQ,"Answer: According to the chain(s) of variable assignment in the text above, 5 variables are assgined the value 47504, they are: ",1.0,0.5506008482563619,32768,33952.0,30
GB,2.224881664,['TFRDW' 'SALIB' 'OQCGT' 'CDHZE' 'ZRGBY'],0.999948288,15258.0,2224.881664,vt,999.948288,15258.0,Question: Find all variables that are assigned the value 11802 in the text above. ,65.536, TFRDW SALIB OQCGT CDHZE ZRGBY,"Answer: According to the chain(s) of variable assignment in the text above, 5 variables are assgined the value 11802, they are: ",1.0,0.5505611358213791,32768,33949.0,30
GB,2.225143808,['PHSKO' 'GQELY' 'RYDFQ' 'HQQSO' 'QNEVI'],0.999948288,15258.0,2225.143808,vt,999.948288,15258.0,Question: Find all variables that are assigned the value 18155 in the text above. ,65.536, PHSKO GQELY RYDFQ HQQSO QNEVI,"Answer: According to the chain(s) of variable assignment in the text above, 5 variables are assgined the value 18155, they are: ",1.0,0.5506140841751833,32768,33953.0,30
GB,2.2249472,['CYESH' 'VMNSW' 'OPXEY' 'KITZN' 'PWMDA'],0.999948288,15258.0,2224.9472,vt,999.948288,15258.0,Question: Find all variables that are assigned the value 83656 in the text above. ,65.536, CYESH VMNSW OPXEY KITZN PWMDA,"Answer: According to the chain(s) of variable assignment in the text above, 5 variables are assgined the value 83656, they are: ",1.0,0.5505743740795287,32768,33950.0,30
GB,2.225078272,['SYFQC' 'HUVQB' 'GCOCH' 'YVAYR' 'YDMRR'],0.999948288,15258.0,2225.078272,vt,999.948288,15258.0,Question: Find all variables that are assigned the value 49384 in the text above. ,65.536, SYFQC HUVQB GCOCH YVAYR YDMRR,"Answer: According to the chain(s) of variable assignment in the text above, 5 variables are assgined the value 49384, they are: ",1.0,0.5506008482563619,32768,33952.0,30
GB,2.225209344,['YTXEJ' 'DJBME' 'ZIRVW' 'WHMGA' 'QKXYY'],0.999948288,15258.0,2225.209344,vt,999.948288,15258.0,Question: Find all variables that are assigned the value 57254 in the text above. ,65.536, YTXEJ DJBME ZIRVW WHMGA QKXYY,"Answer: According to the chain(s) of variable assignment in the text above, 5 variables are assgined the value 57254, they are: ",1.0,0.5506273193143665,32768,33954.0,30
GB,2.224881664,['AUGMJ' 'JXNHZ' 'RLDTA' 'WSCHD' 'KIARY'],0.999948288,15258.0,2224.881664,vt,999.948288,15258.0,Question: Find all variables that are assigned the value 31918 in the text above. ,65.536, AUGMJ JXNHZ RLDTA WSCHD KIARY,"Answer: According to the chain(s) of variable assignment in the text above, 5 variables are assgined the value 31918, they are: ",1.0,0.5505611358213791,32768,33949.0,30
GB,2.225012736,['RBVLP' 'AMHCL' 'QSEHC' 'GSRLM' 'UCSPE'],0.999948288,15258.0,2225.012736,vt,999.948288,15258.0,Question: Find all variables that are assigned the value 95981 in the text above. ,65.536, RBVLP AMHCL QSEHC GSRLM UCSPE,"Answer: According to the chain(s) of variable assignment in the text above, 5 variables are assgined the value 95981, they are: ",1.0,0.5505876115578334,32768,33951.0,30
GB,2.225209344,['LBCJY' 'SGXEA' 'RIHHP' 'LGMIC' 'RRUDJ'],0.999948288,15258.0,2225.209344,vt,999.948288,15258.0,Question: Find all variables that are assigned the value 70713 in the text above. ,65.536, LBCJY SGXEA RIHHP LGMIC RRUDJ,"Answer: According to the chain(s) of variable assignment in the text above, 5 variables are assgined the value 70713, they are: ",1.0,0.5506273193143665,32768,33954.0,30
GB,2.225340416,['QHMTN' 'DDKSX' 'TVOJJ' 'QDLMN' 'YUEHZ'],0.999948288,15258.0,2225.340416,vt,999.948288,15258.0,Question: Find all variables that are assigned the value 40306 in the text above. ,65.536, QHMTN DDKSX TVOJJ QDLMN YUEHZ,"Answer: According to the chain(s) of variable assignment in the text above, 5 variables are assgined the value 40306, they are: ",1.0,0.5506537872540935,32768,33956.0,30
GB,2.2249472,['WULSN' 'HFSOE' 'BGBDW' 'YHUQG' 'VNAJP'],0.999948288,15258.0,2224.9472,vt,999.948288,15258.0,Question: Find all variables that are assigned the value 26646 in the text above. ,65.536, WULSN HFSOE BGBDW YHUQG VNAJP,"Answer: According to the chain(s) of variable assignment in the text above, 5 variables are assgined the value 26646, they are: ",1.0,0.5505743740795287,32768,33950.0,30
GB,2.225340416,['CTJQW' 'QOVFG' 'PVTEG' 'SJXCE' 'EWEMS'],0.999948288,15258.0,2225.340416,vt,999.948288,15258.0,Question: Find all variables that are assigned the value 56843 in the text above. ,65.536, CTJQW QOVFG PVTEG SJXCE EWEMS,"Answer: According to the chain(s) of variable assignment in the text above, 5 variables are assgined the value 56843, they are: ",1.0,0.5506537872540935,32768,33956.0,30
GB,2.225340416,['CAVYD' 'UGYPU' 'AUOVW' 'CDTXV' 'HMGOG'],0.999948288,15258.0,2225.340416,vt,999.948288,15258.0,Question: Find all variables that are assigned the value 26371 in the text above. ,65.536, CAVYD UGYPU AUOVW CDTXV HMGOG,"Answer: According to the chain(s) of variable assignment in the text above, 5 variables are assgined the value 26371, they are: ",1.0,0.5506537872540935,32768,33956.0,30
GB,2.225012736,['MZFYH' 'BIJYC' 'BDLIE' 'LXRQH' 'WHMJG'],0.999948288,15258.0,2225.012736,vt,999.948288,15258.0,Question: Find all variables that are assigned the value 87371 in the text above. ,65.536, MZFYH BIJYC BDLIE LXRQH WHMJG,"Answer: According to the chain(s) of variable assignment in the text above, 5 variables are assgined the value 87371, they are: ",1.0,0.5505876115578334,32768,33951.0,30
GB,2.225209344,['ZPQDY' 'XJOOM' 'NFCSN' 'UVFCJ' 'FWJMD'],0.999948288,15258.0,2225.209344,vt,999.948288,15258.0,Question: Find all variables that are assigned the value 12049 in the text above. ,65.536, ZPQDY XJOOM NFCSN UVFCJ FWJMD,"Answer: According to the chain(s) of variable assignment in the text above, 5 variables are assgined the value 12049, they are: ",1.0,0.5506273193143665,32768,33954.0,30
GB,2.225012736,['SRBVW' 'AJCCO' 'VDETT' 'SHKIU' 'SHEWA'],0.999948288,15258.0,2225.012736,vt,999.948288,15258.0,Question: Find all variables that are assigned the value 41616 in the text above. ,65.536, SRBVW AJCCO VDETT SHKIU SHEWA,"Answer: According to the chain(s) of variable assignment in the text above, 5 variables are assgined the value 41616, they are: ",1.0,0.5505876115578334,32768,33951.0,30
GB,2.225209344,['QFETO' 'VVMIQ' 'VEUQF' 'CCPWA' 'HOBPT'],0.999948288,15258.0,2225.209344,vt,999.948288,15258.0,Question: Find all variables that are assigned the value 30932 in the text above. ,65.536, QFETO VVMIQ VEUQF CCPWA HOBPT,"Answer: According to the chain(s) of variable assignment in the text above, 5 variables are assgined the value 30932, they are: ",1.0,0.5506273193143665,32768,33954.0,30
GB,2.225405952,['KJDRI' 'XNNUA' 'UMWAE' 'RCQYG' 'FRDSZ'],0.999948288,15258.0,2225.405952,vt,999.948288,15258.0,Question: Find all variables that are assigned the value 39855 in the text above. ,65.536, KJDRI XNNUA UMWAE RCQYG FRDSZ,"Answer: According to the chain(s) of variable assignment in the text above, 5 variables are assgined the value 39855, they are: ",1.0,0.5506670200547752,32768,33957.0,30
GB,2.225143808,['MUDWO' 'ZUCCI' 'YEHJC' 'EUGMG' 'WQDDO'],0.999948288,15258.0,2225.143808,vt,999.948288,15258.0,Question: Find all variables that are assigned the value 71434 in the text above. ,65.536, MUDWO ZUCCI YEHJC EUGMG WQDDO,"Answer: According to the chain(s) of variable assignment in the text above, 5 variables are assgined the value 71434, they are: ",1.0,0.5506140841751833,32768,33953.0,30
GB,2.225143808,['GVAWH' 'EKBKM' 'CMQXM' 'CTXXT' 'FIIZM'],0.999948288,15258.0,2225.143808,vt,999.948288,15258.0,Question: Find all variables that are assigned the value 82694 in the text above. ,65.536, GVAWH EKBKM CMQXM CTXXT FIIZM,"Answer: According to the chain(s) of variable assignment in the text above, 5 variables are assgined the value 82694, they are: ",1.0,0.5506140841751833,32768,33953.0,30
GB,2.2249472,['KGEDH' 'CWLKF' 'XEBXL' 'ZHFYM' 'NUZLX'],0.999948288,15258.0,2224.9472,vt,999.948288,15258.0,Question: Find all variables that are assigned the value 53016 in the text above. ,65.536, KGEDH CWLKF XEBXL ZHFYM NUZLX,"Answer: According to the chain(s) of variable assignment in the text above, 5 variables are assgined the value 53016, they are: ",1.0,0.5505743740795287,32768,33950.0,30
GB,2.22461952,['RGSZY' 'WQQPA' 'TESUP' 'FFERY' 'JJHHV'],0.999948288,15258.0,2224.61952,vt,999.948288,15258.0,Question: Find all variables that are assigned the value 17400 in the text above. ,65.536, RGSZY WQQPA TESUP FFERY JJHHV,"Answer: According to the chain(s) of variable assignment in the text above, 5 variables are assgined the value 17400, they are: ",1.0,0.5505081749889527,32768,33945.0,30
GB,2.225078272,['HQYWZ' 'UCQQK' 'MTYCL' 'PAHKF' 'LJFMD'],0.999948288,15258.0,2225.078272,vt,999.948288,15258.0,Question: Find all variables that are assigned the value 52642 in the text above. ,65.536, HQYWZ UCQQK MTYCL PAHKF LJFMD,"Answer: According to the chain(s) of variable assignment in the text above, 5 variables are assgined the value 52642, they are: ",1.0,0.5506008482563619,32768,33952.0,30
GB,2.225340416,['NTIEO' 'LOKQK' 'BYLYK' 'SKIEG' 'SDDPK'],0.999948288,15258.0,2225.340416,vt,999.948288,15258.0,Question: Find all variables that are assigned the value 25151 in the text above. ,65.536, NTIEO LOKQK BYLYK SKIEG SDDPK,"Answer: According to the chain(s) of variable assignment in the text above, 5 variables are assgined the value 25151, they are: ",1.0,0.5506537872540935,32768,33956.0,30
GB,2.225078272,['GXHNG' 'UUURH' 'YQQPC' 'LPCHX' 'CMJVK'],0.999948288,15258.0,2225.078272,vt,999.948288,15258.0,Question: Find all variables that are assigned the value 61407 in the text above. ,65.536, GXHNG UUURH YQQPC LPCHX CMJVK,"Answer: According to the chain(s) of variable assignment in the text above, 5 variables are assgined the value 61407, they are: ",1.0,0.5506008482563619,32768,33952.0,30
GB,2.225078272,['MPOET' 'YFAAN' 'DWCFI' 'FSYGM' 'YJOHT'],0.999948288,15258.0,2225.078272,vt,999.948288,15258.0,Question: Find all variables that are assigned the value 76690 in the text above. ,65.536, MPOET YFAAN DWCFI FSYGM YJOHT,"Answer: According to the chain(s) of variable assignment in the text above, 5 variables are assgined the value 76690, they are: ",1.0,0.5506008482563619,32768,33952.0,30
GB,2.225340416,['ICJFJ' 'XVLXY' 'GKPWY' 'NKCVL' 'EGFJD'],0.999948288,15258.0,2225.340416,vt,999.948288,15258.0,Question: Find all variables that are assigned the value 14499 in the text above. ,65.536, ICJFJ XVLXY GKPWY NKCVL EGFJD,"Answer: According to the chain(s) of variable assignment in the text above, 5 variables are assgined the value 14499, they are: ",1.0,0.5506537872540935,32768,33956.0,30
GB,2.225209344,['QRLVF' 'BMBHD' 'LPPGA' 'AUOAM' 'DZANN'],0.999948288,15258.0,2225.209344,vt,999.948288,15258.0,Question: Find all variables that are assigned the value 16295 in the text above. ,65.536, QRLVF BMBHD LPPGA AUOAM DZANN,"Answer: According to the chain(s) of variable assignment in the text above, 5 variables are assgined the value 16295, they are: ",1.0,0.5506273193143665,32768,33954.0,30
GB,2.224816128,['JQABA' 'CIRLE' 'EXJXZ' 'YWGUC' 'YBIPV'],0.999948288,15258.0,2224.816128,vt,999.948288,15258.0,Question: Find all variables that are assigned the value 69040 in the text above. ,65.536, JQABA CIRLE EXJXZ YWGUC YBIPV,"Answer: According to the chain(s) of variable assignment in the text above, 5 variables are assgined the value 69040, they are: ",1.0,0.5505478967833157,32768,33948.0,30
GB,2.225209344,['CTSJV' 'GQWSB' 'MFRMK' 'MIVTN' 'IYSRW'],0.999948288,15258.0,2225.209344,vt,999.948288,15258.0,Question: Find all variables that are assigned the value 22183 in the text above. ,65.536, CTSJV GQWSB MFRMK MIVTN IYSRW,"Answer: According to the chain(s) of variable assignment in the text above, 5 variables are assgined the value 22183, they are: ",1.0,0.5506273193143665,32768,33954.0,30
GB,2.225012736,['EARLG' 'YCLDN' 'NBHCQ' 'TKHKP' 'NMLRQ'],0.999948288,15258.0,2225.012736,vt,999.948288,15258.0,Question: Find all variables that are assigned the value 39299 in the text above. ,65.536, EARLG YCLDN NBHCQ TKHKP NMLRQ,"Answer: According to the chain(s) of variable assignment in the text above, 5 variables are assgined the value 39299, they are: ",1.0,0.5505876115578334,32768,33951.0,30
GB,2.224685056,['SHAEX' 'QTWRE' 'REILZ' 'RLAZW' 'ETAJM'],0.999948288,15258.0,2224.685056,vt,999.948288,15258.0,Question: Find all variables that are assigned the value 22874 in the text above. ,65.536, SHAEX QTWRE REILZ RLAZW ETAJM,"Answer: According to the chain(s) of variable assignment in the text above, 5 variables are assgined the value 22874, they are: ",1.0,0.5505214163671714,32768,33946.0,30
GB,2.2249472,['GLVHI' 'NRWVM' 'HNQDK' 'FZJAP' 'SLFCX'],0.999948288,15258.0,2224.9472,vt,999.948288,15258.0,Question: Find all variables that are assigned the value 42711 in the text above. ,65.536, GLVHI NRWVM HNQDK FZJAP SLFCX,"Answer: According to the chain(s) of variable assignment in the text above, 5 variables are assgined the value 42711, they are: ",1.0,0.5505743740795287,32768,33950.0,30
GB,2.225340416,['PLLZU' 'HZMRM' 'DZQRH' 'HUABH' 'PBHLR'],0.999948288,15258.0,2225.340416,vt,999.948288,15258.0,Question: Find all variables that are assigned the value 15539 in the text above. ,65.536, PLLZU HZMRM DZQRH HUABH PBHLR,"Answer: According to the chain(s) of variable assignment in the text above, 5 variables are assgined the value 15539, they are: ",1.0,0.5506537872540935,32768,33956.0,30
GB,2.225143808,['RKKXX' 'XPELW' 'UDTGK' 'FHHYL' 'EUVCN'],0.999948288,15258.0,2225.143808,vt,999.948288,15258.0,Question: Find all variables that are assigned the value 63351 in the text above. ,65.536, RKKXX XPELW UDTGK FHHYL EUVCN,"Answer: According to the chain(s) of variable assignment in the text above, 5 variables are assgined the value 63351, they are: ",1.0,0.5506140841751833,32768,33953.0,30
GB,2.224881664,['HTKKA' 'UWLBB' 'VQICH' 'MIBTR' 'TBFDT'],0.999948288,15258.0,2224.881664,vt,999.948288,15258.0,Question: Find all variables that are assigned the value 71267 in the text above. ,65.536, HTKKA UWLBB VQICH MIBTR TBFDT,"Answer: According to the chain(s) of variable assignment in the text above, 5 variables are assgined the value 71267, they are: ",1.0,0.5505611358213791,32768,33949.0,30
GB,2.225078272,['BDKZV' 'VOVRW' 'QLQEV' 'RETOM' 'HRYMR'],0.999948288,15258.0,2225.078272,vt,999.948288,15258.0,Question: Find all variables that are assigned the value 58354 in the text above. ,65.536, BDKZV VOVRW QLQEV RETOM HRYMR,"Answer: According to the chain(s) of variable assignment in the text above, 5 variables are assgined the value 58354, they are: ",1.0,0.5506008482563619,32768,33952.0,30
GB,2.224750592,['AENWF' 'XNNED' 'ROLWD' 'URYBV' 'MZPES'],0.999948288,15258.0,2224.750592,vt,999.948288,15258.0,Question: Find all variables that are assigned the value 12557 in the text above. ,65.536, AENWF XNNED ROLWD URYBV MZPES,"Answer: According to the chain(s) of variable assignment in the text above, 5 variables are assgined the value 12557, they are: ",1.0,0.5505346569652694,32768,33947.0,30
GB,2.225209344,['UCWSJ' 'ZXBGA' 'TLJQA' 'ECLDQ' 'OFMRF'],0.999948288,15258.0,2225.209344,vt,999.948288,15258.0,Question: Find all variables that are assigned the value 48360 in the text above. ,65.536, UCWSJ ZXBGA TLJQA ECLDQ OFMRF,"Answer: According to the chain(s) of variable assignment in the text above, 5 variables are assgined the value 48360, they are: ",1.0,0.5506273193143665,32768,33954.0,30
GB,2.225012736,['VOMJQ' 'ODBLJ' 'BCUHD' 'FPIFY' 'XGSBW'],0.999948288,15258.0,2225.012736,vt,999.948288,15258.0,Question: Find all variables that are assigned the value 92018 in the text above. ,65.536, VOMJQ ODBLJ BCUHD FPIFY XGSBW,"Answer: According to the chain(s) of variable assignment in the text above, 5 variables are assgined the value 92018, they are: ",1.0,0.5505876115578334,32768,33951.0,30
GB,2.224881664,['DOTYR' 'WGBYX' 'STAZY' 'PPCOY' 'HBANQ'],0.999948288,15258.0,2224.881664,vt,999.948288,15258.0,Question: Find all variables that are assigned the value 12200 in the text above. ,65.536, DOTYR WGBYX STAZY PPCOY HBANQ,"Answer: According to the chain(s) of variable assignment in the text above, 5 variables are assgined the value 12200, they are: ",1.0,0.5505611358213791,32768,33949.0,30
GB,2.225340416,['DQXJI' 'XGCAK' 'TVNBU' 'WGBBL' 'HIPXZ'],0.999948288,15258.0,2225.340416,vt,999.948288,15258.0,Question: Find all variables that are assigned the value 78497 in the text above. ,65.536, DQXJI XGCAK TVNBU WGBBL HIPXZ,"Answer: According to the chain(s) of variable assignment in the text above, 5 variables are assgined the value 78497, they are: ",1.0,0.5506537872540935,32768,33956.0,30
GB,2.225078272,['IOCJK' 'YMCXV' 'NHODS' 'UAGLT' 'YAVHP'],0.999948288,15258.0,2225.078272,vt,999.948288,15258.0,Question: Find all variables that are assigned the value 56975 in the text above. ,65.536, IOCJK YMCXV NHODS UAGLT YAVHP,"Answer: According to the chain(s) of variable assignment in the text above, 5 variables are assgined the value 56975, they are: ",1.0,0.5506008482563619,32768,33952.0,30
GB,2.225078272,['VGTFA' 'SQWUY' 'TUOYY' 'HZNLS' 'TGYMZ'],0.999948288,15258.0,2225.078272,vt,999.948288,15258.0,Question: Find all variables that are assigned the value 31357 in the text above. ,65.536, VGTFA SQWUY TUOYY HZNLS TGYMZ,"Answer: According to the chain(s) of variable assignment in the text above, 5 variables are assgined the value 31357, they are: ",1.0,0.5506008482563619,32768,33952.0,30
GB,2.225143808,['EMLMZ' 'MVFBY' 'HPIBE' 'THWDQ' 'DQBCB'],0.999948288,15258.0,2225.143808,vt,999.948288,15258.0,Question: Find all variables that are assigned the value 87505 in the text above. ,65.536, EMLMZ MVFBY HPIBE THWDQ DQBCB,"Answer: According to the chain(s) of variable assignment in the text above, 5 variables are assgined the value 87505, they are: ",1.0,0.5506140841751833,32768,33953.0,30
GB,2.225143808,['FOVRB' 'LHAPJ' 'ZXJYH' 'AJHDP' 'CFIST'],0.999948288,15258.0,2225.143808,vt,999.948288,15258.0,Question: Find all variables that are assigned the value 12869 in the text above. ,65.536, FOVRB LHAPJ ZXJYH AJHDP CFIST,"Answer: According to the chain(s) of variable assignment in the text above, 5 variables are assgined the value 12869, they are: ",1.0,0.5506140841751833,32768,33953.0,30
GB,2.224816128,['BMNLG' 'VHGGT' 'JLTDG' 'TWJJN' 'XQPLK'],0.999948288,15258.0,2224.816128,vt,999.948288,15258.0,Question: Find all variables that are assigned the value 71135 in the text above. ,65.536, BMNLG VHGGT JLTDG TWJJN XQPLK,"Answer: According to the chain(s) of variable assignment in the text above, 5 variables are assgined the value 71135, they are: ",1.0,0.5505478967833157,32768,33948.0,30
GB,2.225012736,['KTSMC' 'WVAEB' 'NNKKD' 'SGHIV' 'IPCSB'],0.999948288,15258.0,2225.012736,vt,999.948288,15258.0,Question: Find all variables that are assigned the value 60108 in the text above. ,65.536, KTSMC WVAEB NNKKD SGHIV IPCSB,"Answer: According to the chain(s) of variable assignment in the text above, 5 variables are assgined the value 60108, they are: ",1.0,0.5505876115578334,32768,33951.0,30
GB,2.225012736,['ESHUG' 'MBNNN' 'YHJTY' 'BYWTL' 'HWIJE'],0.999948288,15258.0,2225.012736,vt,999.948288,15258.0,Question: Find all variables that are assigned the value 48467 in the text above. ,65.536, ESHUG MBNNN YHJTY BYWTL HWIJE,"Answer: According to the chain(s) of variable assignment in the text above, 5 variables are assgined the value 48467, they are: ",1.0,0.5505876115578334,32768,33951.0,30
GB,2.224750592,['UAVAF' 'YOTNV' 'HCSVL' 'LGWZT' 'DJCUS'],0.999948288,15258.0,2224.750592,vt,999.948288,15258.0,Question: Find all variables that are assigned the value 33328 in the text above. ,65.536, UAVAF YOTNV HCSVL LGWZT DJCUS,"Answer: According to the chain(s) of variable assignment in the text above, 5 variables are assgined the value 33328, they are: ",1.0,0.5505346569652694,32768,33947.0,30
GB,2.225078272,['QGPWF' 'FMMEM' 'DQCNS' 'FLMPS' 'BRPQG'],0.999948288,15258.0,2225.078272,vt,999.948288,15258.0,Question: Find all variables that are assigned the value 96831 in the text above. ,65.536, QGPWF FMMEM DQCNS FLMPS BRPQG,"Answer: According to the chain(s) of variable assignment in the text above, 5 variables are assgined the value 96831, they are: ",1.0,0.5506008482563619,32768,33952.0,30
GB,2.224881664,['LEYRJ' 'KDWVW' 'PRAGF' 'WKOIR' 'KVLGB'],0.999948288,15258.0,2224.881664,vt,999.948288,15258.0,Question: Find all variables that are assigned the value 13987 in the text above. ,65.536, LEYRJ KDWVW PRAGF WKOIR KVLGB,"Answer: According to the chain(s) of variable assignment in the text above, 5 variables are assgined the value 13987, they are: ",1.0,0.5505611358213791,32768,33949.0,30
GB,2.224881664,['XTORN' 'JFENW' 'FUXIF' 'TYAAY' 'CKMEH'],0.999948288,15258.0,2224.881664,vt,999.948288,15258.0,Question: Find all variables that are assigned the value 68871 in the text above. ,65.536, XTORN JFENW FUXIF TYAAY CKMEH,"Answer: According to the chain(s) of variable assignment in the text above, 5 variables are assgined the value 68871, they are: ",1.0,0.5505611358213791,32768,33949.0,30
GB,2.225209344,['CPKVW' 'ULTHL' 'CZOJL' 'FKHHS' 'NJZSY'],0.999948288,15258.0,2225.209344,vt,999.948288,15258.0,Question: Find all variables that are assigned the value 32399 in the text above. ,65.536, CPKVW ULTHL CZOJL FKHHS NJZSY,"Answer: According to the chain(s) of variable assignment in the text above, 5 variables are assgined the value 32399, they are: ",1.0,0.5506273193143665,32768,33954.0,30
GB,2.224881664,['QMSOG' 'TGIID' 'IOKAR' 'TUOIQ' 'ISNWZ'],0.999948288,15258.0,2224.881664,vt,999.948288,15258.0,Question: Find all variables that are assigned the value 56214 in the text above. ,65.536, QMSOG TGIID IOKAR TUOIQ ISNWZ,"Answer: According to the chain(s) of variable assignment in the text above, 5 variables are assgined the value 56214, they are: ",1.0,0.5505611358213791,32768,33949.0,30
GB,2.225143808,['DZSWH' 'IXOEH' 'RUYJP' 'MFITZ' 'YESMI'],0.999948288,15258.0,2225.143808,vt,999.948288,15258.0,Question: Find all variables that are assigned the value 96416 in the text above. ,65.536, DZSWH IXOEH RUYJP MFITZ YESMI,"Answer: According to the chain(s) of variable assignment in the text above, 5 variables are assgined the value 96416, they are: ",1.0,0.5506140841751833,32768,33953.0,30
GB,2.225012736,['WPHQK' 'GORCD' 'SHGCU' 'PTIUP' 'HUWRM'],0.999948288,15258.0,2225.012736,vt,999.948288,15258.0,Question: Find all variables that are assigned the value 80271 in the text above. ,65.536, WPHQK GORCD SHGCU PTIUP HUWRM,"Answer: According to the chain(s) of variable assignment in the text above, 5 variables are assgined the value 80271, they are: ",1.0,0.5505876115578334,32768,33951.0,30
GB,2.224816128,['USJVI' 'CPFEQ' 'HDLLS' 'GDXQE' 'WWUIL'],0.999948288,15258.0,2224.816128,vt,999.948288,15258.0,Question: Find all variables that are assigned the value 54064 in the text above. ,65.536, USJVI CPFEQ HDLLS GDXQE WWUIL,"Answer: According to the chain(s) of variable assignment in the text above, 5 variables are assgined the value 54064, they are: ",1.0,0.5505478967833157,32768,33948.0,30
GB,2.225209344,['BSGQZ' 'VWYZQ' 'MMWTU' 'AAXDT' 'WDKVB'],0.999948288,15258.0,2225.209344,vt,999.948288,15258.0,Question: Find all variables that are assigned the value 80091 in the text above. ,65.536, BSGQZ VWYZQ MMWTU AAXDT WDKVB,"Answer: According to the chain(s) of variable assignment in the text above, 5 variables are assgined the value 80091, they are: ",1.0,0.5506273193143665,32768,33954.0,30
GB,2.225340416,['RBFTD' 'GEBPR' 'KQVYI' 'ODMVC' 'YCXEC'],0.999948288,15258.0,2225.340416,vt,999.948288,15258.0,Question: Find all variables that are assigned the value 50818 in the text above. ,65.536, RBFTD GEBPR KQVYI ODMVC YCXEC,"Answer: According to the chain(s) of variable assignment in the text above, 5 variables are assgined the value 50818, they are: ",1.0,0.5506537872540935,32768,33956.0,30
GB,2.224553984,['DIFEW' 'EHSGM' 'PJQLQ' 'VAVKN' 'FSJVU'],0.999948288,15258.0,2224.553984,vt,999.948288,15258.0,Question: Find all variables that are assigned the value 55525 in the text above. ,65.536, DIFEW EHSGM PJQLQ VAVKN FSJVU,"Answer: According to the chain(s) of variable assignment in the text above, 5 variables are assgined the value 55525, they are: ",1.0,0.5504949328305444,32768,33944.0,30
GB,2.225537024,['QWAKI' 'QCXHM' 'EAVLO' 'LKVGJ' 'IRHZW'],0.999948288,15258.0,2225.537024,vt,999.948288,15258.0,Question: Find all variables that are assigned the value 29830 in the text above. ,65.536, QWAKI QCXHM EAVLO LKVGJ IRHZW,"Answer: According to the chain(s) of variable assignment in the text above, 5 variables are assgined the value 29830, they are: ",1.0,0.550693483318119,32768,33959.0,30
GB,2.224816128,['ITULE' 'ADWHC' 'GFCGR' 'VJMIM' 'RSXRV'],0.999948288,15258.0,2224.816128,vt,999.948288,15258.0,Question: Find all variables that are assigned the value 27429 in the text above. ,65.536, ITULE ADWHC GFCGR VJMIM RSXRV,"Answer: According to the chain(s) of variable assignment in the text above, 5 variables are assgined the value 27429, they are: ",1.0,0.5505478967833157,32768,33948.0,30
GB,2.225209344,['JIVPT' 'XQDEF' 'LIRLH' 'KVAYK' 'ERVMC'],0.999948288,15258.0,2225.209344,vt,999.948288,15258.0,Question: Find all variables that are assigned the value 16893 in the text above. ,65.536, JIVPT XQDEF LIRLH KVAYK ERVMC,"Answer: According to the chain(s) of variable assignment in the text above, 5 variables are assgined the value 16893, they are: ",1.0,0.5506273193143665,32768,33954.0,30
GB,2.224750592,['SVZCE' 'LTWCA' 'YSGNP' 'WLMBW' 'LBPJL'],0.999948288,15258.0,2224.750592,vt,999.948288,15258.0,Question: Find all variables that are assigned the value 89909 in the text above. ,65.536, SVZCE LTWCA YSGNP WLMBW LBPJL,"Answer: According to the chain(s) of variable assignment in the text above, 5 variables are assgined the value 89909, they are: ",1.0,0.5505346569652694,32768,33947.0,30
GB,2.2249472,['ILQXX' 'YVOBI' 'APSVC' 'NSIQH' 'KETST'],0.999948288,15258.0,2224.9472,vt,999.948288,15258.0,Question: Find all variables that are assigned the value 57333 in the text above. ,65.536, ILQXX YVOBI APSVC NSIQH KETST,"Answer: According to the chain(s) of variable assignment in the text above, 5 variables are assgined the value 57333, they are: ",1.0,0.5505743740795287,32768,33950.0,30
GB,2.22527488,['XRHKA' 'KDGPZ' 'IFAIB' 'HSVPQ' 'IKYAI'],0.999948288,15258.0,2225.27488,vt,999.948288,15258.0,Question: Find all variables that are assigned the value 13436 in the text above. ,65.536, XRHKA KDGPZ IFAIB HSVPQ IKYAI,"Answer: According to the chain(s) of variable assignment in the text above, 5 variables are assgined the value 13436, they are: ",1.0,0.5506405536739802,32768,33955.0,30
GB,2.225078272,['RAQEJ' 'LZAZO' 'MGXDP' 'WCFZO' 'EEUTK'],0.999948288,15258.0,2225.078272,vt,999.948288,15258.0,Question: Find all variables that are assigned the value 84290 in the text above. ,65.536, RAQEJ LZAZO MGXDP WCFZO EEUTK,"Answer: According to the chain(s) of variable assignment in the text above, 5 variables are assgined the value 84290, they are: ",1.0,0.5506008482563619,32768,33952.0,30
GB,2.2249472,['WKAVT' 'RRCPK' 'KEAFP' 'NCOKA' 'PEQRY'],0.999948288,15258.0,2224.9472,vt,999.948288,15258.0,Question: Find all variables that are assigned the value 86213 in the text above. ,65.536, WKAVT RRCPK KEAFP NCOKA PEQRY,"Answer: According to the chain(s) of variable assignment in the text above, 5 variables are assgined the value 86213, they are: ",1.0,0.5505743740795287,32768,33950.0,30
GB,2.225143808,['LGELQ' 'UVWXG' 'SBTRK' 'NMKUY' 'WNSPZ'],0.999948288,15258.0,2225.143808,vt,999.948288,15258.0,Question: Find all variables that are assigned the value 15895 in the text above. ,65.536, LGELQ UVWXG SBTRK NMKUY WNSPZ,"Answer: According to the chain(s) of variable assignment in the text above, 5 variables are assgined the value 15895, they are: ",1.0,0.5506140841751833,32768,33953.0,30
GB,2.224881664,['JRDGM' 'GISLS' 'TTIRI' 'LGHAD' 'NAWOS'],0.999948288,15258.0,2224.881664,vt,999.948288,15258.0,Question: Find all variables that are assigned the value 29738 in the text above. ,65.536, JRDGM GISLS TTIRI LGHAD NAWOS,"Answer: According to the chain(s) of variable assignment in the text above, 5 variables are assgined the value 29738, they are: ",1.0,0.5505611358213791,32768,33949.0,30
GB,2.2249472,['TZKQE' 'IEWIJ' 'WMENE' 'XAYII' 'FHUUQ'],0.999948288,15258.0,2224.9472,vt,999.948288,15258.0,Question: Find all variables that are assigned the value 40746 in the text above. ,65.536, TZKQE IEWIJ WMENE XAYII FHUUQ,"Answer: According to the chain(s) of variable assignment in the text above, 5 variables are assgined the value 40746, they are: ",1.0,0.5505743740795287,32768,33950.0,30
GB,2.225209344,['WZBOG' 'GTRQG' 'RLBPO' 'CEVBX' 'NBFPP'],0.999948288,15258.0,2225.209344,vt,999.948288,15258.0,Question: Find all variables that are assigned the value 59377 in the text above. ,65.536, WZBOG GTRQG RLBPO CEVBX NBFPP,"Answer: According to the chain(s) of variable assignment in the text above, 5 variables are assgined the value 59377, they are: ",1.0,0.5506273193143665,32768,33954.0,30
GB,2.225209344,['PQTZG' 'KHQIM' 'HQGNI' 'RNQCT' 'EAXNM'],0.999948288,15258.0,2225.209344,vt,999.948288,15258.0,Question: Find all variables that are assigned the value 58404 in the text above. ,65.536, PQTZG KHQIM HQGNI RNQCT EAXNM,"Answer: According to the chain(s) of variable assignment in the text above, 5 variables are assgined the value 58404, they are: ",1.0,0.5506273193143665,32768,33954.0,30
GB,2.225078272,['EETUW' 'PEYZQ' 'UUHYM' 'WHDIJ' 'TLLKK'],0.999948288,15258.0,2225.078272,vt,999.948288,15258.0,Question: Find all variables that are assigned the value 64045 in the text above. ,65.536, EETUW PEYZQ UUHYM WHDIJ TLLKK,"Answer: According to the chain(s) of variable assignment in the text above, 5 variables are assgined the value 64045, they are: ",1.0,0.5506008482563619,32768,33952.0,30
GB,2.2249472,['NWCGI' 'MSMZB' 'RRXMH' 'PJCQH' 'JYCDT'],0.999948288,15258.0,2224.9472,vt,999.948288,15258.0,Question: Find all variables that are assigned the value 49790 in the text above. ,65.536, NWCGI MSMZB RRXMH PJCQH JYCDT,"Answer: According to the chain(s) of variable assignment in the text above, 5 variables are assgined the value 49790, they are: ",1.0,0.5505743740795287,32768,33950.0,30
GB,2.2249472,['WXLWE' 'MLIRS' 'GTADK' 'KMBNX' 'NALAN'],0.999948288,15258.0,2224.9472,vt,999.948288,15258.0,Question: Find all variables that are assigned the value 15600 in the text above. ,65.536, WXLWE MLIRS GTADK KMBNX NALAN,"Answer: According to the chain(s) of variable assignment in the text above, 5 variables are assgined the value 15600, they are: ",1.0,0.5505743740795287,32768,33950.0,30
GB,2.225209344,['VMXZD' 'IEOLU' 'TYXKH' 'QKAID' 'WPTNQ'],0.999948288,15258.0,2225.209344,vt,999.948288,15258.0,Question: Find all variables that are assigned the value 50764 in the text above. ,65.536, VMXZD IEOLU TYXKH QKAID WPTNQ,"Answer: According to the chain(s) of variable assignment in the text above, 5 variables are assgined the value 50764, they are: ",1.0,0.5506273193143665,32768,33954.0,30
GB,2.225340416,['ZGXUA' 'WYDYA' 'WWFBL' 'FUPDZ' 'NPNEF'],0.999948288,15258.0,2225.340416,vt,999.948288,15258.0,Question: Find all variables that are assigned the value 84543 in the text above. ,65.536, ZGXUA WYDYA WWFBL FUPDZ NPNEF,"Answer: According to the chain(s) of variable assignment in the text above, 5 variables are assgined the value 84543, they are: ",1.0,0.5506537872540935,32768,33956.0,30
GB,2.225078272,['WHZCQ' 'KMYHQ' 'IDGOD' 'ESTBU' 'WRJKE'],0.999948288,15258.0,2225.078272,vt,999.948288,15258.0,Question: Find all variables that are assigned the value 55714 in the text above. ,65.536, WHZCQ KMYHQ IDGOD ESTBU WRJKE,"Answer: According to the chain(s) of variable assignment in the text above, 5 variables are assgined the value 55714, they are: ",1.0,0.5506008482563619,32768,33952.0,30
GB,2.225078272,['KOTSE' 'CJFKB' 'ZMKXL' 'WVAMX' 'GIOYR'],0.999948288,15258.0,2225.078272,vt,999.948288,15258.0,Question: Find all variables that are assigned the value 66835 in the text above. ,65.536, KOTSE CJFKB ZMKXL WVAMX GIOYR,"Answer: According to the chain(s) of variable assignment in the text above, 5 variables are assgined the value 66835, they are: ",1.0,0.5506008482563619,32768,33952.0,30
GB,2.225209344,['PNZGX' 'IJDTW' 'TUQUZ' 'AQVGK' 'AMWEW'],0.999948288,15258.0,2225.209344,vt,999.948288,15258.0,Question: Find all variables that are assigned the value 83744 in the text above. ,65.536, PNZGX IJDTW TUQUZ AQVGK AMWEW,"Answer: According to the chain(s) of variable assignment in the text above, 5 variables are assgined the value 83744, they are: ",1.0,0.5506273193143665,32768,33954.0,30
GB,2.22527488,['NBJQZ' 'DFLCO' 'HWHLZ' 'CWNKY' 'ZFVFA'],0.999948288,15258.0,2225.27488,vt,999.948288,15258.0,Question: Find all variables that are assigned the value 66491 in the text above. ,65.536, NBJQZ DFLCO HWHLZ CWNKY ZFVFA,"Answer: According to the chain(s) of variable assignment in the text above, 5 variables are assgined the value 66491, they are: ",1.0,0.5506405536739802,32768,33955.0,30
GB,2.225209344,['YPWHY' 'YHXZX' 'MDYAG' 'OIXPY' 'BKDVT'],0.999948288,15258.0,2225.209344,vt,999.948288,15258.0,Question: Find all variables that are assigned the value 28589 in the text above. ,65.536, YPWHY YHXZX MDYAG OIXPY BKDVT,"Answer: According to the chain(s) of variable assignment in the text above, 5 variables are assgined the value 28589, they are: ",1.0,0.5506273193143665,32768,33954.0,30
GB,2.225209344,['DICQM' 'RHDTL' 'BZXIH' 'ZJXCM' 'PWRUT'],0.999948288,15258.0,2225.209344,vt,999.948288,15258.0,Question: Find all variables that are assigned the value 53484 in the text above. ,65.536, DICQM RHDTL BZXIH ZJXCM PWRUT,"Answer: According to the chain(s) of variable assignment in the text above, 5 variables are assgined the value 53484, they are: ",1.0,0.5506273193143665,32768,33954.0,30
GB,2.225143808,['RGJAS' 'MPFLG' 'ZVMPO' 'PWRBC' 'VQCCZ'],0.999948288,15258.0,2225.143808,vt,999.948288,15258.0,Question: Find all variables that are assigned the value 92989 in the text above. ,65.536, RGJAS MPFLG ZVMPO PWRBC VQCCZ,"Answer: According to the chain(s) of variable assignment in the text above, 5 variables are assgined the value 92989, they are: ",1.0,0.5506140841751833,32768,33953.0,30
GB,2.225078272,['QIHKA' 'LXJRJ' 'ZHUIS' 'QTEOW' 'QTTUE'],0.999948288,15258.0,2225.078272,vt,999.948288,15258.0,Question: Find all variables that are assigned the value 46212 in the text above. ,65.536, QIHKA LXJRJ ZHUIS QTEOW QTTUE,"Answer: According to the chain(s) of variable assignment in the text above, 5 variables are assgined the value 46212, they are: ",1.0,0.5506008482563619,32768,33952.0,30
GB,2.224881664,['LJEEA' 'EINQH' 'OEQBC' 'SXRWD' 'IJDKV'],0.999948288,15258.0,2224.881664,vt,999.948288,15258.0,Question: Find all variables that are assigned the value 53525 in the text above. ,65.536, LJEEA EINQH OEQBC SXRWD IJDKV,"Answer: According to the chain(s) of variable assignment in the text above, 5 variables are assgined the value 53525, they are: ",1.0,0.5505611358213791,32768,33949.0,30
GB,2.22527488,['APVKO' 'OKWPQ' 'XZTSZ' 'UGJXY' 'IJYDW'],0.999948288,15258.0,2225.27488,vt,999.948288,15258.0,Question: Find all variables that are assigned the value 57202 in the text above. ,65.536, APVKO OKWPQ XZTSZ UGJXY IJYDW,"Answer: According to the chain(s) of variable assignment in the text above, 5 variables are assgined the value 57202, they are: ",1.0,0.5506405536739802,32768,33955.0,30
GB,2.225209344,['QMLYE' 'OOBJW' 'DRBSO' 'YSSMS' 'YZFLN'],0.999948288,15258.0,2225.209344,vt,999.948288,15258.0,Question: Find all variables that are assigned the value 42635 in the text above. ,65.536, QMLYE OOBJW DRBSO YSSMS YZFLN,"Answer: According to the chain(s) of variable assignment in the text above, 5 variables are assgined the value 42635, they are: ",1.0,0.5506273193143665,32768,33954.0,30
GB,2.22527488,['GPTEE' 'QMDCY' 'OYKKS' 'DICJS' 'WMEKF'],0.999948288,15258.0,2225.27488,vt,999.948288,15258.0,Question: Find all variables that are assigned the value 73208 in the text above. ,65.536, GPTEE QMDCY OYKKS DICJS WMEKF,"Answer: According to the chain(s) of variable assignment in the text above, 5 variables are assgined the value 73208, they are: ",1.0,0.5506405536739802,32768,33955.0,30
GB,2.225340416,['WYEQE' 'FIWXP' 'OXSWE' 'DVABN' 'YYUIH'],0.999948288,15258.0,2225.340416,vt,999.948288,15258.0,Question: Find all variables that are assigned the value 43828 in the text above. ,65.536, WYEQE FIWXP OXSWE DVABN YYUIH,"Answer: According to the chain(s) of variable assignment in the text above, 5 variables are assgined the value 43828, they are: ",1.0,0.5506537872540935,32768,33956.0,30
GB,2.225209344,['VEKJX' 'XVXSV' 'CNRIN' 'ONKOF' 'ILFYL'],0.999948288,15258.0,2225.209344,vt,999.948288,15258.0,Question: Find all variables that are assigned the value 28711 in the text above. ,65.536, VEKJX XVXSV CNRIN ONKOF ILFYL,"Answer: According to the chain(s) of variable assignment in the text above, 5 variables are assgined the value 28711, they are: ",1.0,0.5506273193143665,32768,33954.0,30
GB,2.225209344,['EIBAZ' 'KJNVR' 'LNWNR' 'BFLEF' 'ISMOP'],0.999948288,15258.0,2225.209344,vt,999.948288,15258.0,Question: Find all variables that are assigned the value 13420 in the text above. ,65.536, EIBAZ KJNVR LNWNR BFLEF ISMOP,"Answer: According to the chain(s) of variable assignment in the text above, 5 variables are assgined the value 13420, they are: ",1.0,0.5506273193143665,32768,33954.0,30
GB,2.225012736,['OWQFW' 'THRKK' 'HXVMP' 'QKSLR' 'FQCXM'],0.999948288,15258.0,2225.012736,vt,999.948288,15258.0,Question: Find all variables that are assigned the value 10301 in the text above. ,65.536, OWQFW THRKK HXVMP QKSLR FQCXM,"Answer: According to the chain(s) of variable assignment in the text above, 5 variables are assgined the value 10301, they are: ",1.0,0.5505876115578334,32768,33951.0,30
GB,2.225078272,['AMCAK' 'CSBLJ' 'TLTRN' 'ZTSBA' 'DWGEM'],0.999948288,15258.0,2225.078272,vt,999.948288,15258.0,Question: Find all variables that are assigned the value 55236 in the text above. ,65.536, AMCAK CSBLJ TLTRN ZTSBA DWGEM,"Answer: According to the chain(s) of variable assignment in the text above, 5 variables are assgined the value 55236, they are: ",1.0,0.5506008482563619,32768,33952.0,30
GB,2.2249472,['BNASS' 'IAXRA' 'ABKOW' 'TAOAV' 'MOKRK'],0.999948288,15258.0,2224.9472,vt,999.948288,15258.0,Question: Find all variables that are assigned the value 76235 in the text above. ,65.536, BNASS IAXRA ABKOW TAOAV MOKRK,"Answer: According to the chain(s) of variable assignment in the text above, 5 variables are assgined the value 76235, they are: ",1.0,0.5505743740795287,32768,33950.0,30
GB,2.225405952,['HBKWW' 'ZDQFK' 'WLLYM' 'IRDNG' 'SOYSU'],0.999948288,15258.0,2225.405952,vt,999.948288,15258.0,Question: Find all variables that are assigned the value 64240 in the text above. ,65.536, HBKWW ZDQFK WLLYM IRDNG SOYSU,"Answer: According to the chain(s) of variable assignment in the text above, 5 variables are assgined the value 64240, they are: ",1.0,0.5506670200547752,32768,33957.0,30
GB,2.225078272,['ELSKR' 'HTOEK' 'UFKMW' 'DYIYP' 'TWRUC'],0.999948288,15258.0,2225.078272,vt,999.948288,15258.0,Question: Find all variables that are assigned the value 75726 in the text above. ,65.536, ELSKR HTOEK UFKMW DYIYP TWRUC,"Answer: According to the chain(s) of variable assignment in the text above, 5 variables are assgined the value 75726, they are: ",1.0,0.5506008482563619,32768,33952.0,30
GB,2.225405952,['WEDXK' 'OQSHW' 'GCYXC' 'BWMMT' 'PZJLO'],0.999948288,15258.0,2225.405952,vt,999.948288,15258.0,Question: Find all variables that are assigned the value 20492 in the text above. ,65.536, WEDXK OQSHW GCYXC BWMMT PZJLO,"Answer: According to the chain(s) of variable assignment in the text above, 5 variables are assgined the value 20492, they are: ",1.0,0.5506670200547752,32768,33957.0,30
GB,2.224881664,['CPUAX' 'KEWEH' 'NXMXB' 'GHLLB' 'TTLCO'],0.999948288,15258.0,2224.881664,vt,999.948288,15258.0,Question: Find all variables that are assigned the value 16102 in the text above. ,65.536, CPUAX KEWEH NXMXB GHLLB TTLCO,"Answer: According to the chain(s) of variable assignment in the text above, 5 variables are assgined the value 16102, they are: ",1.0,0.5505611358213791,32768,33949.0,30
GB,2.2249472,['FHCLR' 'UXWXA' 'DTGEB' 'OGCBS' 'TIXBP'],0.999948288,15258.0,2224.9472,vt,999.948288,15258.0,Question: Find all variables that are assigned the value 60336 in the text above. ,65.536, FHCLR UXWXA DTGEB OGCBS TIXBP,"Answer: According to the chain(s) of variable assignment in the text above, 5 variables are assgined the value 60336, they are: ",1.0,0.5505743740795287,32768,33950.0,30
