compression_ratio,answer_prefix,retained_kv_memory_mb,retained_context_tokens,uncompressed_kv_memory_gb,context_tokens,token_budget,task,memory_budget_unit,max_new_tokens,context_length,kv_memory_per_token_kb,retained_kv_memory_gb,uncompressed_kv_memory_mb,question,predicted_answer,answer,memory_budget
0.7166862660147304,The special magic uuid for mute-cupboard mentioned in the provided text is,599.98208,9155.0,2.117730304,32314.0,9155.0,niah_single_3,GB,128,32768,65.536,0.59998208,2117.730304,What is the special magic uuid for mute-cupboard mentioned in the provided text? ,":

**85d51695-90b2-4633-956b-8c0ca8499b92**",['85d51695-90b2-4633-956b-8c0ca8499b92'],0.6
0.7166599610039924,The special magic uuid for excellent-land mentioned in the provided text is,599.98208,9155.0,2.117533696,32311.0,9155.0,niah_single_3,GB,128,32768,65.536,0.59998208,2117.533696,What is the special magic uuid for excellent-land mentioned in the provided text? ,":

**3d1a85dd-506e-4a9a-b758-588dab73295b**",['3d1a85dd-506e-4a9a-b758-588dab73295b'],0.6
0.7166161084628242,The special magic uuid for curved-sender mentioned in the provided text is,599.98208,9155.0,2.117206016,32306.0,9155.0,niah_single_3,GB,128,32768,65.536,0.59998208,2117.206016,What is the special magic uuid for curved-sender mentioned in the provided text? ,":

**750cab75-4ccc-4bc2-a53f-8a28abf3e3fc**",['750cab75-4ccc-4bc2-a53f-8a28abf3e3fc'],0.6
0.7166511915815537,The special magic uuid for aboard-line mentioned in the provided text is,599.98208,9155.0,2.11746816,32310.0,9155.0,niah_single_3,GB,128,32768,65.536,0.59998208,2117.46816,What is the special magic uuid for aboard-line mentioned in the provided text? ,":

**902059e4-ff9a-45c2-9f04-4aed75523327**",['902059e4-ff9a-45c2-9f04-4aed75523327'],0.6
0.7166424216162679,The special magic uuid for rotten-oatmeal mentioned in the provided text is,599.98208,9155.0,2.117402624,32309.0,9155.0,niah_single_3,GB,128,32768,65.536,0.59998208,2117.402624,What is the special magic uuid for rotten-oatmeal mentioned in the provided text? ,":

**21e8ac68-43e4-4caf-8181-a8cc369147eb**",['21e8ac68-43e4-4caf-8181-a8cc369147eb'],0.6
0.7166687298836345,The special magic uuid for fresh-weed mentioned in the provided text is,599.98208,9155.0,2.117599232,32312.0,9155.0,niah_single_3,GB,128,32768,65.536,0.59998208,2117.599232,What is the special magic uuid for fresh-weed mentioned in the provided text? ,":

**702cdd20-2862-48b8-88f4-ef125e9953d2**",['702cdd20-2862-48b8-88f4-ef125e9953d2'],0.6
0.7165897904219423,The special magic uuid for subsequent-cart mentioned in the provided text is,599.98208,9155.0,2.117009408,32303.0,9155.0,niah_single_3,GB,128,32768,65.536,0.59998208,2117.009408,What is the special magic uuid for subsequent-cart mentioned in the provided text? ,":

**a76afde6-ce9e-4a11-bcbb-4e59fbddcf7c**",['a76afde6-ce9e-4a11-bcbb-4e59fbddcf7c'],0.6
0.7166073363256462,The special magic uuid for unarmed-neck mentioned in the provided text is,599.98208,9155.0,2.11714048,32305.0,9155.0,niah_single_3,GB,128,32768,65.536,0.59998208,2117.14048,What is the special magic uuid for unarmed-neck mentioned in the provided text? ,":

**ee87905e-4ca4-45ea-8dfa-6a56d12dbc9a**",['ee87905e-4ca4-45ea-8dfa-6a56d12dbc9a'],0.6
0.7166424216162679,The special magic uuid for godly-transfer mentioned in the provided text is,599.98208,9155.0,2.117402624,32309.0,9155.0,niah_single_3,GB,128,32768,65.536,0.59998208,2117.402624,What is the special magic uuid for godly-transfer mentioned in the provided text? ,":

**be0f051b-1b66-45a9-a3c4-36571d8cbbac**

It appears in the section discussing ""Imagination"" within the essay dated October 2010.",['be0f051b-1b66-45a9-a3c4-36571d8cbbac'],0.6
0.7166248800569537,The special magic uuid for grieving-planning mentioned in the provided text is,599.98208,9155.0,2.117271552,32307.0,9155.0,niah_single_3,GB,128,32768,65.536,0.59998208,2117.271552,What is the special magic uuid for grieving-planning mentioned in the provided text? ,":

**b7b56ea7-35eb-432d-9ad6-20ab48212ddb**

It appears in the section discussing the detection of bias in selection processes, embedded within the sentence: ""One of the special magic uuids for grieving-planning is: b7b56ea7-35eb-432d-9ad6-20ab48212ddb.""",['b7b56ea7-35eb-432d-9ad6-20ab48212ddb'],0.6
0.7166774982205304,The special magic uuid for vengeful-stream mentioned in the provided text is,599.98208,9155.0,2.117664768,32313.0,9155.0,niah_single_3,GB,128,32768,65.536,0.59998208,2117.664768,What is the special magic uuid for vengeful-stream mentioned in the provided text? ,":

**81627cf1-4394-42e6-9a58-7e8aa25d6b29**",['81627cf1-4394-42e6-9a58-7e8aa25d6b29'],0.6
0.7166599610039924,The special magic uuid for aromatic-shelter mentioned in the provided text is,599.98208,9155.0,2.117533696,32311.0,9155.0,niah_single_3,GB,128,32768,65.536,0.59998208,2117.533696,What is the special magic uuid for aromatic-shelter mentioned in the provided text? ,":

**d450281c-6c6f-4633-a260-772317a0df49**

It appears in the section discussing Larry Page and Google, embedded within the sentence: ""One of the special magic uuids for aromatic-shelter is: d450281c-6c6f-4633-a260-772317a0df49.""",['d450281c-6c6f-4633-a260-772317a0df49'],0.6
0.7166687298836345,The special magic uuid for abashed-geometry mentioned in the provided text is,599.98208,9155.0,2.117599232,32312.0,9155.0,niah_single_3,GB,128,32768,65.536,0.59998208,2117.599232,What is the special magic uuid for abashed-geometry mentioned in the provided text? ,":

**a319dcb4-217d-45a0-8568-11cd5563f616**",['a319dcb4-217d-45a0-8568-11cd5563f616'],0.6
0.7166862660147304,The special magic uuid for nutty-colloquy mentioned in the provided text is,599.98208,9155.0,2.117730304,32314.0,9155.0,niah_single_3,GB,128,32768,65.536,0.59998208,2117.730304,What is the special magic uuid for nutty-colloquy mentioned in the provided text? ,":

**8f9797b0-6d7c-43c9-b4a6-9f3c8d3aed99**",['8f9797b0-6d7c-43c9-b4a6-9f3c8d3aed99'],0.6
0.7166161084628242,The special magic uuid for boiling-afterlife mentioned in the provided text is,599.98208,9155.0,2.117206016,32306.0,9155.0,niah_single_3,GB,128,32768,65.536,0.59998208,2117.206016,What is the special magic uuid for boiling-afterlife mentioned in the provided text? ,":

**e767dcea-b0e6-4969-a213-42b0f1eedba3**",['e767dcea-b0e6-4969-a213-42b0f1eedba3'],0.6
0.716695033266285,The special magic uuid for lewd-handgun mentioned in the provided text is,599.98208,9155.0,2.11779584,32315.0,9155.0,niah_single_3,GB,128,32768,65.536,0.59998208,2117.79584,What is the special magic uuid for lewd-handgun mentioned in the provided text? ,":

**6e068097-25e9-4977-8d72-48e2951f58d0**",['6e068097-25e9-4977-8d72-48e2951f58d0'],0.6
0.7165897904219423,The special magic uuid for hot-backdrop mentioned in the provided text is,599.98208,9155.0,2.117009408,32303.0,9155.0,niah_single_3,GB,128,32768,65.536,0.59998208,2117.009408,What is the special magic uuid for hot-backdrop mentioned in the provided text? ,":

**cbceabde-eede-4b07-a623-a6895d59cd2a**

It appears in the section discussing Note [4] within the essay ""The Acceleration of Addictiveness"" (July 2010).",['cbceabde-eede-4b07-a623-a6895d59cd2a'],0.6
0.7165897904219423,The special magic uuid for fabulous-press mentioned in the provided text is,599.98208,9155.0,2.117009408,32303.0,9155.0,niah_single_3,GB,128,32768,65.536,0.59998208,2117.009408,What is the special magic uuid for fabulous-press mentioned in the provided text? ,":

**1a50aec3-aabc-45fa-bfe1-2e47ae9bec36**",['1a50aec3-aabc-45fa-bfe1-2e47ae9bec36'],0.6
0.7165897904219423,The special magic uuid for symptomatic-darkness mentioned in the provided text is,599.98208,9155.0,2.117009408,32303.0,9155.0,niah_single_3,GB,128,32768,65.536,0.59998208,2117.009408,What is the special magic uuid for symptomatic-darkness mentioned in the provided text? ,":

**ee0caeb5-ecfe-4b99-a790-cebdbfddc3d9**

It appears in the section dated October 2014, within the sentence: ""One of the special magic uuids for symptomatic-darkness is: ee0caeb5-ecfe-4b99-a790-cebdbfddc3d9.""",['ee0caeb5-ecfe-4b99-a790-cebdbfddc3d9'],0.6
0.7166687298836345,The special magic uuid for dynamic-subsidiary mentioned in the provided text is,599.98208,9155.0,2.117599232,32312.0,9155.0,niah_single_3,GB,128,32768,65.536,0.59998208,2117.599232,What is the special magic uuid for dynamic-subsidiary mentioned in the provided text? ,":

**2dea9493-0658-463a-a98c-206fe1a47e10**",['2dea9493-0658-463a-a98c-206fe1a47e10'],0.6
0.7166336511080846,The special magic uuid for uncovered-bungalow mentioned in the provided text is,599.98208,9155.0,2.117337088,32308.0,9155.0,niah_single_3,GB,128,32768,65.536,0.59998208,2117.337088,What is the special magic uuid for uncovered-bungalow mentioned in the provided text? ,":

**3f87e362-cf8d-446a-bc2c-bb0ddd334cc7**",['3f87e362-cf8d-446a-bc2c-bb0ddd334cc7'],0.6
0.7166336511080846,The special magic uuid for warm-tender mentioned in the provided text is,599.98208,9155.0,2.117337088,32308.0,9155.0,niah_single_3,GB,128,32768,65.536,0.59998208,2117.337088,What is the special magic uuid for warm-tender mentioned in the provided text? ,":

**09e9db0a-df46-4290-a1ee-411a1bac27a7**",['09e9db0a-df46-4290-a1ee-411a1bac27a7'],0.6
0.7166511915815537,The special magic uuid for erect-psychology mentioned in the provided text is,599.98208,9155.0,2.11746816,32310.0,9155.0,niah_single_3,GB,128,32768,65.536,0.59998208,2117.46816,What is the special magic uuid for erect-psychology mentioned in the provided text? ,":

**598336e3-75d6-4ed4-ab1f-a9f2d10bd1d0**",['598336e3-75d6-4ed4-ab1f-a9f2d10bd1d0'],0.6
0.7166424216162679,The special magic uuid for fertile-mob mentioned in the provided text is,599.98208,9155.0,2.117402624,32309.0,9155.0,niah_single_3,GB,128,32768,65.536,0.59998208,2117.402624,What is the special magic uuid for fertile-mob mentioned in the provided text? ,":

**6601ddd0-3170-4437-a8f7-ef5a060edf5b**

It appears in the section discussing the detection of bias in selection processes: ""One of the special magic uuids for fertile-mob is: 6601ddd0-3170-4437-a8f7-ef5a060edf5b.""",['6601ddd0-3170-4437-a8f7-ef5a060edf5b'],0.6
0.7166862660147304,The special magic uuid for billowy-slippers mentioned in the provided text is,599.98208,9155.0,2.117730304,32314.0,9155.0,niah_single_3,GB,128,32768,65.536,0.59998208,2117.730304,What is the special magic uuid for billowy-slippers mentioned in the provided text? ,":

**59e4b671-4774-4c58-85f8-bc16f7860b50**

It appears in the section discussing the history of Lisp and its new ideas, specifically within point number 2 regarding function types.",['59e4b671-4774-4c58-85f8-bc16f7860b50'],0.6
0.7166511915815537,The special magic uuid for upset-yew mentioned in the provided text is,599.98208,9155.0,2.11746816,32310.0,9155.0,niah_single_3,GB,128,32768,65.536,0.59998208,2117.46816,What is the special magic uuid for upset-yew mentioned in the provided text? ,":

**54c63cd8-8945-4f27-97fa-2d8dfb2ca025**",['54c63cd8-8945-4f27-97fa-2d8dfb2ca025'],0.6
0.7166424216162679,The special magic uuid for gleaming-thrust mentioned in the provided text is,599.98208,9155.0,2.117402624,32309.0,9155.0,niah_single_3,GB,128,32768,65.536,0.59998208,2117.402624,What is the special magic uuid for gleaming-thrust mentioned in the provided text? ,":

**fbc9f87a-f668-4617-94a1-875d2db69edb**",['fbc9f87a-f668-4617-94a1-875d2db69edb'],0.6
0.7166424216162679,The special magic uuid for clumsy-acceptance mentioned in the provided text is,599.98208,9155.0,2.117402624,32309.0,9155.0,niah_single_3,GB,128,32768,65.536,0.59998208,2117.402624,What is the special magic uuid for clumsy-acceptance mentioned in the provided text? ,":

**ba81edd9-587e-4344-af3f-920c98b8e4cc**",['ba81edd9-587e-4344-af3f-920c98b8e4cc'],0.6
0.7166599610039924,The special magic uuid for stingy-future mentioned in the provided text is,599.98208,9155.0,2.117533696,32311.0,9155.0,niah_single_3,GB,128,32768,65.536,0.59998208,2117.533696,What is the special magic uuid for stingy-future mentioned in the provided text? ,":

**629c2ae3-1d9a-4659-82ec-9f2dfbf6e16f**",['629c2ae3-1d9a-4659-82ec-9f2dfbf6e16f'],0.6
0.7166511915815537,The special magic uuid for garrulous-swing mentioned in the provided text is,599.98208,9155.0,2.11746816,32310.0,9155.0,niah_single_3,GB,128,32768,65.536,0.59998208,2117.46816,What is the special magic uuid for garrulous-swing mentioned in the provided text? ,":

**006ed6e3-6fa1-4735-b572-f3d00b5cea6a**

It appears in the section discussing the essay ""The Blub Paradox"" (specifically within the paragraph starting ""One of the special magic uuids for garrulous-swing is..."").",['006ed6e3-6fa1-4735-b572-f3d00b5cea6a'],0.6
0.7166424216162679,The special magic uuid for lazy-daily mentioned in the provided text is,599.98208,9155.0,2.117402624,32309.0,9155.0,niah_single_3,GB,128,32768,65.536,0.59998208,2117.402624,What is the special magic uuid for lazy-daily mentioned in the provided text? ,":

**aa0b7b14-f2e9-4020-91e9-cdaa6e6981a3**

*(Note: The text actually contains a slight typo in the UUID provided within the essay, listing it as `aa0b7b14-f2e9-402d-91e9-cdaa6e6981a3`. Based on standard UUID formatting, the third segment is usually 4 hex digits. The text explicitly says: ""One of the special magic uuids for lazy-daily is: aa",['aa0b7b14-f2e9-402d-91e9-cdaa6e6981a3'],0.6
0.7166687298836345,The special magic uuid for ugly-avocado mentioned in the provided text is,599.98208,9155.0,2.117599232,32312.0,9155.0,niah_single_3,GB,128,32768,65.536,0.59998208,2117.599232,What is the special magic uuid for ugly-avocado mentioned in the provided text? ,":

**e6697833-b841-40a0-9fe7-71d6d9178793**",['e6697833-b841-40a0-9fe7-71d6d9178793'],0.6
0.716695033266285,The special magic uuid for unadvised-glutamate mentioned in the provided text is,599.98208,9155.0,2.11779584,32315.0,9155.0,niah_single_3,GB,128,32768,65.536,0.59998208,2117.79584,What is the special magic uuid for unadvised-glutamate mentioned in the provided text? ,":

**b27c4026-6703-4636-9380-b904688c7015**",['b27c4026-6703-4636-9380-b904688c7015'],0.6
0.7166161084628242,The special magic uuid for empty-chaise mentioned in the provided text is,599.98208,9155.0,2.117206016,32306.0,9155.0,niah_single_3,GB,128,32768,65.536,0.59998208,2117.206016,What is the special magic uuid for empty-chaise mentioned in the provided text? ,":

**610faa3f-f0bb-4c67-aa38-d0a16ba25efe**",['610faa3f-f0bb-4c67-aa38-d0a16ba25efe'],0.6
0.7166511915815537,The special magic uuid for mere-wedge mentioned in the provided text is,599.98208,9155.0,2.11746816,32310.0,9155.0,niah_single_3,GB,128,32768,65.536,0.59998208,2117.46816,What is the special magic uuid for mere-wedge mentioned in the provided text? ,":

**4dcabfb7-001a-4a8b-956f-03508c459ce2**",['4dcabfb7-001a-4a8b-956f-03508c459ce2'],0.6
0.7166511915815537,The special magic uuid for new-handover mentioned in the provided text is,599.98208,9155.0,2.11746816,32310.0,9155.0,niah_single_3,GB,128,32768,65.536,0.59998208,2117.46816,What is the special magic uuid for new-handover mentioned in the provided text? ,":

**a79ac9aa-9b4e-4c24-9479-e1e6c9277d9b**

It appears in the section discussing how great startup ideas often start as side projects, specifically in the sentence: ""One of the special magic uuids for new-handover is: a79ac9aa-9b4e-4c24-9479-e1e6c9277d9b.""",['a79ac9aa-9b4e-4c24-9479-e1e6c9277d9b'],0.6
0.7166687298836345,The special magic uuid for nutty-cabana mentioned in the provided text is,599.98208,9155.0,2.117599232,32312.0,9155.0,niah_single_3,GB,128,32768,65.536,0.59998208,2117.599232,What is the special magic uuid for nutty-cabana mentioned in the provided text? ,":

**82dc4c8e-36b5-429a-acf5-e81e71316269**",['82dc4c8e-36b5-429a-acf5-e81e71316269'],0.6
0.7166774982205304,The special magic uuid for trite-icon mentioned in the provided text is,599.98208,9155.0,2.117664768,32313.0,9155.0,niah_single_3,GB,128,32768,65.536,0.59998208,2117.664768,What is the special magic uuid for trite-icon mentioned in the provided text? ,":

**a9f25336-83f4-49a9-88a6-39d015b52908**",['a9f25336-83f4-49a9-88a6-39d015b52908'],0.6
0.7166774982205304,The special magic uuid for capricious-hunt mentioned in the provided text is,599.98208,9155.0,2.117664768,32313.0,9155.0,niah_single_3,GB,128,32768,65.536,0.59998208,2117.664768,What is the special magic uuid for capricious-hunt mentioned in the provided text? ,":

**3c20592f-c04a-46c4-b3b6-3fe1d1843324**",['3c20592f-c04a-46c4-b3b6-3fe1d1843324'],0.6
0.7166511915815537,The special magic uuid for erect-chivalry mentioned in the provided text is,599.98208,9155.0,2.11746816,32310.0,9155.0,niah_single_3,GB,128,32768,65.536,0.59998208,2117.46816,What is the special magic uuid for erect-chivalry mentioned in the provided text? ,":

**3eae0032-0bd4-4990-8640-be0f25b8fd4b**",['3eae0032-0bd4-4990-8640-be0f25b8fd4b'],0.6
0.7166511915815537,The special magic uuid for onerous-warming mentioned in the provided text is,599.98208,9155.0,2.11746816,32310.0,9155.0,niah_single_3,GB,128,32768,65.536,0.59998208,2117.46816,What is the special magic uuid for onerous-warming mentioned in the provided text? ,":

**935f2b0a-a138-4ddc-a2d9-de5d6a18ce4c**",['935f2b0a-a138-4ddc-a2d9-de5d6a18ce4c'],0.6
0.7166248800569537,The special magic uuid for productive-care mentioned in the provided text is,599.98208,9155.0,2.117271552,32307.0,9155.0,niah_single_3,GB,128,32768,65.536,0.59998208,2117.271552,What is the special magic uuid for productive-care mentioned in the provided text? ,":

**a7f36ae9-25c7-4c44-be75-c3b4664fa663**",['a7f36ae9-25c7-4c44-be75-c3b4664fa663'],0.6
0.7166161084628242,The special magic uuid for nauseating-measure mentioned in the provided text is,599.98208,9155.0,2.117206016,32306.0,9155.0,niah_single_3,GB,128,32768,65.536,0.59998208,2117.206016,What is the special magic uuid for nauseating-measure mentioned in the provided text? ,":

**f53d4330-cdda-44ba-ad06-e8cf3805f907**",['f53d4330-cdda-44ba-ad06-e8cf3805f907'],0.6
0.7166336511080846,The special magic uuid for aromatic-believer mentioned in the provided text is,599.98208,9155.0,2.117337088,32308.0,9155.0,niah_single_3,GB,128,32768,65.536,0.59998208,2117.337088,What is the special magic uuid for aromatic-believer mentioned in the provided text? ,":

**d92c9227-eadf-4085-bfcb-75468eb22579**",['d92c9227-eadf-4085-bfcb-75468eb22579'],0.6
0.7166424216162679,The special magic uuid for daffy-south mentioned in the provided text is,599.98208,9155.0,2.117402624,32309.0,9155.0,niah_single_3,GB,128,32768,65.536,0.59998208,2117.402624,What is the special magic uuid for daffy-south mentioned in the provided text? ,":

**87f8424d-aae6-4fc1-b6f2-dbfecd29a36f**",['87f8424d-aae6-4fc1-b6f2-dbfecd29a36f'],0.6
0.7166862660147304,The special magic uuid for oafish-bonding mentioned in the provided text is,599.98208,9155.0,2.117730304,32314.0,9155.0,niah_single_3,GB,128,32768,65.536,0.59998208,2117.730304,What is the special magic uuid for oafish-bonding mentioned in the provided text? ,":

**e45b72e-b822-4688-90a4-44329cd6c852**

*(Note: The text actually contains a typo in the UUID, listing it as `e45b712e-b822-4688-90a4-44329cd6c852`. Standard UUIDs are 32 hexadecimal characters. The text provided has `e45b712e` which is 8 characters, followed by the rest. If we assume",['e45b712e-b822-4688-90a4-44329cd6c852'],0.6
0.7166687298836345,The special magic uuid for scandalous-dictaphone mentioned in the provided text is,599.98208,9155.0,2.117599232,32312.0,9155.0,niah_single_3,GB,128,32768,65.536,0.59998208,2117.599232,What is the special magic uuid for scandalous-dictaphone mentioned in the provided text? ,":

**be6033f7-28be-4288-a5af-6e39722764e6**",['be6033f7-28be-4288-a5af-6e39722764e6'],0.6
0.7166424216162679,The special magic uuid for gigantic-growth mentioned in the provided text is,599.98208,9155.0,2.117402624,32309.0,9155.0,niah_single_3,GB,128,32768,65.536,0.59998208,2117.402624,What is the special magic uuid for gigantic-growth mentioned in the provided text? ,":

**a33dc7af-d701-410d-bf4b-1a70c074718e**

It appears in the section discussing the ""all-consuming"" nature of startups, specifically within the sentence: ""One of the special magic uuids for gigantic-growth is: a33dc7af-d701-410d-bf4b-1a70c074718e.""",['a33dc7af-d701-410d-bf4b-1a70c074718e'],0.6
0.7166862660147304,The special magic uuid for tame-sadness mentioned in the provided text is,599.98208,9155.0,2.117730304,32314.0,9155.0,niah_single_3,GB,128,32768,65.536,0.59998208,2117.730304,What is the special magic uuid for tame-sadness mentioned in the provided text? ,":

**13d5f2f7-709b-4d97-864c-04af3d3f3799**",['13d5f2f7-709b-4d97-864c-04af3d3f3799'],0.6
0.7166687298836345,The special magic uuid for green-tailor mentioned in the provided text is,599.98208,9155.0,2.117599232,32312.0,9155.0,niah_single_3,GB,128,32768,65.536,0.59998208,2117.599232,What is the special magic uuid for green-tailor mentioned in the provided text? ,":

**8a476a87-e49d-481d-91d8-7c6455fa1ab8**",['8a476a87-e49d-481d-91d8-7c6455fa1ab8'],0.6
0.7166774982205304,The special magic uuid for delightful-impairment mentioned in the provided text is,599.98208,9155.0,2.117664768,32313.0,9155.0,niah_single_3,GB,128,32768,65.536,0.59998208,2117.664768,What is the special magic uuid for delightful-impairment mentioned in the provided text? ,":

**271e3ee2-b1a6-41f1-a20e-99d33b33f3d8**

It appears in the section discussing Lisp macros: ""One of the special magic uuids for delightful-impairment is: 271e3ee2-b1a6-41f1-a20e-99d33b33f3d8.""",['271e3ee2-b1a6-41f1-a20e-99d33b33f3d8'],0.6
0.7166599610039924,The special magic uuid for motionless-staircase mentioned in the provided text is,599.98208,9155.0,2.117533696,32311.0,9155.0,niah_single_3,GB,128,32768,65.536,0.59998208,2117.533696,What is the special magic uuid for motionless-staircase mentioned in the provided text? ,":

**7746d0ba-8ae8-405b-94b4-a48268586eba**",['7746d0ba-8ae8-405b-94b4-a48268586eba'],0.6
0.7166424216162679,The special magic uuid for exotic-position mentioned in the provided text is,599.98208,9155.0,2.117402624,32309.0,9155.0,niah_single_3,GB,128,32768,65.536,0.59998208,2117.402624,What is the special magic uuid for exotic-position mentioned in the provided text? ,":

**e7a37e81-63b4-408b-ab8e-869fd5385b0e**",['e7a37e81-63b4-408b-ab8e-869fd5385b0e'],0.6
0.7166774982205304,The special magic uuid for small-penicillin mentioned in the provided text is,599.98208,9155.0,2.117664768,32313.0,9155.0,niah_single_3,GB,128,32768,65.536,0.59998208,2117.664768,What is the special magic uuid for small-penicillin mentioned in the provided text? ,":

**f1578470-0182-47c4-ba1b-58066160a6b4**",['f1578470-0182-47c4-ba1b-58066160a6b4'],0.6
0.7166424216162679,The special magic uuid for madly-blazer mentioned in the provided text is,599.98208,9155.0,2.117402624,32309.0,9155.0,niah_single_3,GB,128,32768,65.536,0.59998208,2117.402624,What is the special magic uuid for madly-blazer mentioned in the provided text? ,":

**d5f25073-f414-42b1-a442-9ebbda7b9095**",['d5f25073-f414-42b1-a442-9ebbda7b9095'],0.6
0.7166774982205304,The special magic uuid for political-maestro mentioned in the provided text is,599.98208,9155.0,2.117664768,32313.0,9155.0,niah_single_3,GB,128,32768,65.536,0.59998208,2117.664768,What is the special magic uuid for political-maestro mentioned in the provided text? ,":

**7c5308bf-6f92-425e-85df-16b6382c043f**",['7c5308bf-6f92-425e-85df-16b6382c043f'],0.6
0.7166511915815537,The special magic uuid for inquisitive-library mentioned in the provided text is,599.98208,9155.0,2.11746816,32310.0,9155.0,niah_single_3,GB,128,32768,65.536,0.59998208,2117.46816,What is the special magic uuid for inquisitive-library mentioned in the provided text? ,":

**67814c1f-cc53-4e36-addc-3e13ab3b4d37**",['67814c1f-cc53-4e36-addc-3e13ab3b4d37'],0.6
0.7166862660147304,The special magic uuid for cuddly-sandwich mentioned in the provided text is,599.98208,9155.0,2.117730304,32314.0,9155.0,niah_single_3,GB,128,32768,65.536,0.59998208,2117.730304,What is the special magic uuid for cuddly-sandwich mentioned in the provided text? ,":

**06e745f9-88bc-439c-9f4c-3b79fb10987f**",['06e745f9-88bc-439c-9f4c-3b79fb10987f'],0.6
0.7166336511080846,The special magic uuid for breezy-scalp mentioned in the provided text is,599.98208,9155.0,2.117337088,32308.0,9155.0,niah_single_3,GB,128,32768,65.536,0.59998208,2117.337088,What is the special magic uuid for breezy-scalp mentioned in the provided text? ,":

**dde9f863-22bd-4388-adb9-9102a48b3dbe**",['dde9f863-22bd-4388-adb9-9102a48b3dbe'],0.6
0.7166599610039924,The special magic uuid for aromatic-chronograph mentioned in the provided text is,599.98208,9155.0,2.117533696,32311.0,9155.0,niah_single_3,GB,128,32768,65.536,0.59998208,2117.533696,What is the special magic uuid for aromatic-chronograph mentioned in the provided text? ,":

**362f5e5c-53cd-4268-a10c-f37342999aa4**

It appears in the section discussing design and the ""Daddy Model of Wealth,"" embedded within the sentence: ""One of the special magic uuids for aromatic-chronograph is: 362f5e5c-53cd-4268-a10c-f37342999aa4.""",['362f5e5c-53cd-4268-a10c-f37342999aa4'],0.6
0.7166511915815537,The special magic uuid for internal-coordination mentioned in the provided text is,599.98208,9155.0,2.11746816,32310.0,9155.0,niah_single_3,GB,128,32768,65.536,0.59998208,2117.46816,What is the special magic uuid for internal-coordination mentioned in the provided text? ,":

**473bd358-610e-4a64-a130-1617c2dff335**

It appears in the section discussing painting and the distinction between doing good work and being an insider.",['473bd358-610e-4a64-a130-1617c2dff335'],0.6
0.7166774982205304,The special magic uuid for brawny-dentist mentioned in the provided text is,599.98208,9155.0,2.117664768,32313.0,9155.0,niah_single_3,GB,128,32768,65.536,0.59998208,2117.664768,What is the special magic uuid for brawny-dentist mentioned in the provided text? ,":

**8a175dfe-bfc0-4dc8-84f6-4d8678660765**",['8a175dfe-bfc0-4dc8-84f6-4d8678660765'],0.6
0.7166424216162679,The special magic uuid for few-cobweb mentioned in the provided text is,599.98208,9155.0,2.117402624,32309.0,9155.0,niah_single_3,GB,128,32768,65.536,0.59998208,2117.402624,What is the special magic uuid for few-cobweb mentioned in the provided text? ,":

**f510ab53-c7fe-439f-9190-f938a66fd7f7**

It appears in the section discussing Note [4] within the essay ""July 2010"" (specifically in the paragraph starting with ""People commonly use the word 'procrastination'..."").",['f510ab53-c7fe-439f-9190-f938a66fd7f7'],0.6
0.7166599610039924,The special magic uuid for functional-pot mentioned in the provided text is,599.98208,9155.0,2.117533696,32311.0,9155.0,niah_single_3,GB,128,32768,65.536,0.59998208,2117.533696,What is the special magic uuid for functional-pot mentioned in the provided text? ,":

**9f0fda8d-0537-4ff6-96d7-b3b833094d35**",['9f0fda8d-0537-4ff6-96d7-b3b833094d35'],0.6
0.7166687298836345,The special magic uuid for cruel-anguish mentioned in the provided text is,599.98208,9155.0,2.117599232,32312.0,9155.0,niah_single_3,GB,128,32768,65.536,0.59998208,2117.599232,What is the special magic uuid for cruel-anguish mentioned in the provided text? ,":

**90604f62-1d48-4071-ab61-a7b1793b4c32**

It appears in the section discussing Lisp macros: ""One of the special magic uuids for cruel-anguish is: 90604f62-1d48-4071-ab61-a7b1793b4c32.""",['90604f62-1d48-4071-ab61-a7b1793b4c32'],0.6
0.7166599610039924,The special magic uuid for wanting-pharmacist mentioned in the provided text is,599.98208,9155.0,2.117533696,32311.0,9155.0,niah_single_3,GB,128,32768,65.536,0.59998208,2117.533696,What is the special magic uuid for wanting-pharmacist mentioned in the provided text? ,":

**2af43ab7-5e6f-4a07-8453-6f1d41992fdf**",['2af43ab7-5e6f-4a07-8453-6f1d41992fdf'],0.6
0.7166424216162679,The special magic uuid for disgusted-hunchback mentioned in the provided text is,599.98208,9155.0,2.117402624,32309.0,9155.0,niah_single_3,GB,128,32768,65.536,0.59998208,2117.402624,What is the special magic uuid for disgusted-hunchback mentioned in the provided text? ,":

**9424aed5-1bac-4c15-8fa0-3f26f6f7f0cc**",['9424aed5-1bac-4c15-8fa0-3f26f6f7f0cc'],0.6
0.7166511915815537,The special magic uuid for small-screwdriver mentioned in the provided text is,599.98208,9155.0,2.11746816,32310.0,9155.0,niah_single_3,GB,128,32768,65.536,0.59998208,2117.46816,What is the special magic uuid for small-screwdriver mentioned in the provided text? ,":

**60141de9-f54a-40a2-a874-66d7ad66a1bd**

It appears in the section discussing ""July 2006"" within the text, embedded in a sentence about copying the wrong things and the cost of screwdrivers and toilet seats.",['60141de9-f54a-40a2-a874-66d7ad66a1bd'],0.6
0.7166511915815537,The special magic uuid for boiling-urge mentioned in the provided text is,599.98208,9155.0,2.11746816,32310.0,9155.0,niah_single_3,GB,128,32768,65.536,0.59998208,2117.46816,What is the special magic uuid for boiling-urge mentioned in the provided text? ,":

**a092f52a-d4a0-47a7-b0cc-1b3b9793b9b4**

It appears in the section dated October 2014, within the sentence: ""One of the special magic uuids for boiling-urge is: a092f52a-d4a0-47a7-b0cc-1b3b9793b9b4.""",['a092f52a-d4a0-47a7-b0cc-1b3b9793b9b4'],0.6
0.7166687298836345,The special magic uuid for waggish-staircase mentioned in the provided text is,599.98208,9155.0,2.117599232,32312.0,9155.0,niah_single_3,GB,128,32768,65.536,0.59998208,2117.599232,What is the special magic uuid for waggish-staircase mentioned in the provided text? ,":

**af2b99b4-d9ac-4158-8d34-85c5c5c14eb4**",['af2b99b4-d9ac-4158-8d34-85c5c5c14eb4'],0.6
0.7166424216162679,The special magic uuid for shy-mutt mentioned in the provided text is,599.98208,9155.0,2.117402624,32309.0,9155.0,niah_single_3,GB,128,32768,65.536,0.59998208,2117.402624,What is the special magic uuid for shy-mutt mentioned in the provided text? ,":

**8861fe18-58e2-4888-8a83-81bec85aca46**",['8861fe18-58e2-4888-8a83-81bec85aca46'],0.6
0.7166774982205304,The special magic uuid for billowy-dealing mentioned in the provided text is,599.98208,9155.0,2.117664768,32313.0,9155.0,niah_single_3,GB,128,32768,65.536,0.59998208,2117.664768,What is the special magic uuid for billowy-dealing mentioned in the provided text? ,":

**033d2bce-575a-4d2c-a5c5-650c8186a576**",['033d2bce-575a-4d2c-a5c5-650c8186a576'],0.6
0.7166424216162679,The special magic uuid for clear-innocent mentioned in the provided text is,599.98208,9155.0,2.117402624,32309.0,9155.0,niah_single_3,GB,128,32768,65.536,0.59998208,2117.402624,What is the special magic uuid for clear-innocent mentioned in the provided text? ,":

**a2b5b498-5cb8-4aed-b5f6-2c976efb63b1**",['a2b5b498-5cb8-4aed-b5f6-2c976efb63b1'],0.6
0.7166687298836345,The special magic uuid for nonstop-fallacy mentioned in the provided text is,599.98208,9155.0,2.117599232,32312.0,9155.0,niah_single_3,GB,128,32768,65.536,0.59998208,2117.599232,What is the special magic uuid for nonstop-fallacy mentioned in the provided text? ,":

**f7294951-8591-41d2-bbda-02422d174fc9**",['f7294951-8591-41d2-bbda-02422d174fc9'],0.6
0.7166599610039924,The special magic uuid for overrated-pile mentioned in the provided text is,599.98208,9155.0,2.117533696,32311.0,9155.0,niah_single_3,GB,128,32768,65.536,0.59998208,2117.533696,What is the special magic uuid for overrated-pile mentioned in the provided text? ,":

**97ac6aa8-bb24-48a3-9363-57b66f81cf4f**",['97ac6aa8-bb24-48a3-9363-57b66f81cf4f'],0.6
0.7166511915815537,The special magic uuid for friendly-intuition mentioned in the provided text is,599.98208,9155.0,2.11746816,32310.0,9155.0,niah_single_3,GB,128,32768,65.536,0.59998208,2117.46816,What is the special magic uuid for friendly-intuition mentioned in the provided text? ,":

**4767d76c-162f-4a24-af43-613cd4aac9a3**

It appears in the section discussing ""Corp Dev"" (Corporate Development) within the essay dated January 2015.",['4767d76c-162f-4a24-af43-613cd4aac9a3'],0.6
0.7166511915815537,The special magic uuid for overrated-income mentioned in the provided text is,599.98208,9155.0,2.11746816,32310.0,9155.0,niah_single_3,GB,128,32768,65.536,0.59998208,2117.46816,What is the special magic uuid for overrated-income mentioned in the provided text? ,":

**6105716b-ab0e-464e-9c3e-b2d591e1aa96**",['6105716b-ab0e-464e-9c3e-b2d591e1aa96'],0.6
0.7166862660147304,The special magic uuid for productive-artery mentioned in the provided text is,599.98208,9155.0,2.117730304,32314.0,9155.0,niah_single_3,GB,128,32768,65.536,0.59998208,2117.730304,What is the special magic uuid for productive-artery mentioned in the provided text? ,":

**7cd0129d-2e8d-4e87-9334-20e6d9d80b8d**

It appears in the section discussing Lisp macros: ""One of the special magic uuids for productive-artery is: 7cd0129d-2e8d-4e87-9334-20e6d9d80b8d.""",['7cd0129d-2e8d-4e87-9334-20e6d9d80b8d'],0.6
0.7166774982205304,The special magic uuid for gifted-fratricide mentioned in the provided text is,599.98208,9155.0,2.117664768,32313.0,9155.0,niah_single_3,GB,128,32768,65.536,0.59998208,2117.664768,What is the special magic uuid for gifted-fratricide mentioned in the provided text? ,":

**989d9d4a-e15c-4666-8797-b2c957207246**

It appears in the section discussing the ""opportunity cost"" of starting a startup, specifically within the sentence: ""One of the special magic uuids for gifted-fratricide is: 989d9d4a-e15c-4666-8797-b2c957207246.""",['989d9d4a-e15c-4666-8797-b2c957207246'],0.6
0.7166511915815537,The special magic uuid for rapid-particular mentioned in the provided text is,599.98208,9155.0,2.11746816,32310.0,9155.0,niah_single_3,GB,128,32768,65.536,0.59998208,2117.46816,What is the special magic uuid for rapid-particular mentioned in the provided text? ,":

**3dc98290-15ea-4b27-b0e9-12f2f2b43abf**

It appears in the section discussing painting and the art world, embedded within the sentence: ""One of the special magic uuids for rapid-particular is: 3dc98290-15ea-4b27-b0e9-12f2f2b43abf.""",['3dc98290-15ea-4b27-b0e9-12f2f2b43abf'],0.6
0.7166336511080846,The special magic uuid for sedate-dune mentioned in the provided text is,599.98208,9155.0,2.117337088,32308.0,9155.0,niah_single_3,GB,128,32768,65.536,0.59998208,2117.337088,What is the special magic uuid for sedate-dune mentioned in the provided text? ,":

**79e13cea-b0cb-461f-bd85-de89c2171429**

It appears in the section discussing painting and prototypes: ""One of the special magic uuids for sedate-dune is: 79e13cea-b0cb-461f-bd85-de89c2171429.""",['79e13cea-b0cb-461f-bd85-de89c2171429'],0.6
0.7166511915815537,The special magic uuid for absurd-error mentioned in the provided text is,599.98208,9155.0,2.11746816,32310.0,9155.0,niah_single_3,GB,128,32768,65.536,0.59998208,2117.46816,What is the special magic uuid for absurd-error mentioned in the provided text? ,":

**6786d506-38ba-4abc-8b53-05e517d2582e**

It appears in the section dated October 2014, within the sentence: ""One of the special magic uuids for absurd-error is: 6786d506-38ba-4abc-8b53-05e517d2582e.""",['6786d506-38ba-4abc-8b53-05e517d2582e'],0.6
0.7166599610039924,The special magic uuid for ugly-sack mentioned in the provided text is,599.98208,9155.0,2.117533696,32311.0,9155.0,niah_single_3,GB,128,32768,65.536,0.59998208,2117.533696,What is the special magic uuid for ugly-sack mentioned in the provided text? ,":

**8db06746-7927-4973-9e78-1fd794e0d3ba**",['8db06746-7927-4973-9e78-1fd794e0d3ba'],0.6
0.7166424216162679,The special magic uuid for nauseating-wrench mentioned in the provided text is,599.98208,9155.0,2.117402624,32309.0,9155.0,niah_single_3,GB,128,32768,65.536,0.59998208,2117.402624,What is the special magic uuid for nauseating-wrench mentioned in the provided text? ,":

**54aebd1b-8ce6-424d-bef5-9fe6ff233d5f**",['54aebd1b-8ce6-424d-bef5-9fe6ff233d5f'],0.6
0.7166424216162679,The special magic uuid for greedy-termite mentioned in the provided text is,599.98208,9155.0,2.117402624,32309.0,9155.0,niah_single_3,GB,128,32768,65.536,0.59998208,2117.402624,What is the special magic uuid for greedy-termite mentioned in the provided text? ,":

**1ee34dc4-3b04-4a8b-805b-fdc94e7ed827**",['1ee34dc4-3b04-4a8b-805b-fdc94e7ed827'],0.6
0.7166336511080846,The special magic uuid for courageous-serial mentioned in the provided text is,599.98208,9155.0,2.117337088,32308.0,9155.0,niah_single_3,GB,128,32768,65.536,0.59998208,2117.337088,What is the special magic uuid for courageous-serial mentioned in the provided text? ,":

**c31edbbc-f36c-462b-892e-6161be2d740a**",['c31edbbc-f36c-462b-892e-6161be2d740a'],0.6
0.7166424216162679,The special magic uuid for fancy-keeper mentioned in the provided text is,599.98208,9155.0,2.117402624,32309.0,9155.0,niah_single_3,GB,128,32768,65.536,0.59998208,2117.402624,What is the special magic uuid for fancy-keeper mentioned in the provided text? ,":

**b97e6703-46c8-4dfe-bbf4-7042bd1531c8**",['b97e6703-46c8-4dfe-bbf4-7042bd1531c8'],0.6
0.7166687298836345,The special magic uuid for chivalrous-disclosure mentioned in the provided text is,599.98208,9155.0,2.117599232,32312.0,9155.0,niah_single_3,GB,128,32768,65.536,0.59998208,2117.599232,What is the special magic uuid for chivalrous-disclosure mentioned in the provided text? ,":

**3a3c563e-4bd6-4ee6-b1b1-b099d52721e7**",['3a3c563e-4bd6-4ee6-b1b1-b099d52721e7'],0.6
0.7166424216162679,The special magic uuid for historical-pest mentioned in the provided text is,599.98208,9155.0,2.117402624,32309.0,9155.0,niah_single_3,GB,128,32768,65.536,0.59998208,2117.402624,What is the special magic uuid for historical-pest mentioned in the provided text? ,":

**2067bdac-88bd-43d1-b540-b30e039f3a25**

It appears in the section discussing the difficulty of being a successful startup founder, embedded within a sentence about Larry Page and Google.",['2067bdac-88bd-43d1-b540-b30e039f3a25'],0.6
0.7166161084628242,The special magic uuid for astonishing-grove mentioned in the provided text is,599.98208,9155.0,2.117206016,32306.0,9155.0,niah_single_3,GB,128,32768,65.536,0.59998208,2117.206016,What is the special magic uuid for astonishing-grove mentioned in the provided text? ,":

**f1afdb65-b289-4224-8ac9-778d8da8eee4**",['f1afdb65-b289-4224-8ac9-778d8da8eee4'],0.6
0.7166687298836345,The special magic uuid for chunky-slip mentioned in the provided text is,599.98208,9155.0,2.117599232,32312.0,9155.0,niah_single_3,GB,128,32768,65.536,0.59998208,2117.599232,What is the special magic uuid for chunky-slip mentioned in the provided text? ,":

**48ca7651-92f5-4f7b-8323-d342df6a8f93**",['48ca7651-92f5-4f7b-8323-d342df6a8f93'],0.6
0.7166687298836345,The special magic uuid for numerous-kite mentioned in the provided text is,599.98208,9155.0,2.117599232,32312.0,9155.0,niah_single_3,GB,128,32768,65.536,0.59998208,2117.599232,What is the special magic uuid for numerous-kite mentioned in the provided text? ,":

**0d270659-f72a-4a9b-af32-751e5738811d**",['0d270659-f72a-4a9b-af32-751e5738811d'],0.6
0.7166687298836345,The special magic uuid for concerned-ankle mentioned in the provided text is,599.98208,9155.0,2.117599232,32312.0,9155.0,niah_single_3,GB,128,32768,65.536,0.59998208,2117.599232,What is the special magic uuid for concerned-ankle mentioned in the provided text? ,":

**7de31a51-6694-4343-90ba-58e3d2762bdc**",['7de31a51-6694-4343-90ba-58e3d2762bdc'],0.6
0.7166599610039924,The special magic uuid for demonic-mid-course mentioned in the provided text is,599.98208,9155.0,2.117533696,32311.0,9155.0,niah_single_3,GB,128,32768,65.536,0.59998208,2117.533696,What is the special magic uuid for demonic-mid-course mentioned in the provided text? ,":

**f2f9e5fa-9016-4161-8fa7-01cd2631d00b**",['f2f9e5fa-9016-4161-8fa7-01cd2631d00b'],0.6
0.7166336511080846,The special magic uuid for funny-sign mentioned in the provided text is,599.98208,9155.0,2.117337088,32308.0,9155.0,niah_single_3,GB,128,32768,65.536,0.59998208,2117.337088,What is the special magic uuid for funny-sign mentioned in the provided text? ,":

**6a8a616f-c3b2-40d0-8edd-dfcd1e52d770**",['6a8a616f-c3b2-40d0-8edd-dfcd1e52d770'],0.6
0.7166687298836345,The special magic uuid for recondite-wiring mentioned in the provided text is,599.98208,9155.0,2.117599232,32312.0,9155.0,niah_single_3,GB,128,32768,65.536,0.59998208,2117.599232,What is the special magic uuid for recondite-wiring mentioned in the provided text? ,":

**715629ee-e893-4e3d-b354-ea6f61607459**",['715629ee-e893-4e3d-b354-ea6f61607459'],0.6
0.7166774982205304,The special magic uuid for homely-lark mentioned in the provided text is,599.98208,9155.0,2.117664768,32313.0,9155.0,niah_single_3,GB,128,32768,65.536,0.59998208,2117.664768,What is the special magic uuid for homely-lark mentioned in the provided text? ,":

**9c10c572-0f6b-40d0-9efb-a58b9191b363**",['9c10c572-0f6b-40d0-9efb-a58b9191b363'],0.6
0.7166511915815537,The special magic uuid for tall-dare mentioned in the provided text is,599.98208,9155.0,2.11746816,32310.0,9155.0,niah_single_3,GB,128,32768,65.536,0.59998208,2117.46816,What is the special magic uuid for tall-dare mentioned in the provided text? ,":

**14c8b3b4-a911-4192-83bf-d9313605bf54**",['14c8b3b4-a911-4192-83bf-d9313605bf54'],0.6
0.7166774982205304,The special magic uuid for drunk-study mentioned in the provided text is,599.98208,9155.0,2.117664768,32313.0,9155.0,niah_single_3,GB,128,32768,65.536,0.59998208,2117.664768,What is the special magic uuid for drunk-study mentioned in the provided text? ,":

**00af5b3a-2812-459a-9337-739e8d4f5d27**",['00af5b3a-2812-459a-9337-739e8d4f5d27'],0.6
0.7166862660147304,The special magic uuid for versed-cocktail mentioned in the provided text is,599.98208,9155.0,2.117730304,32314.0,9155.0,niah_single_3,GB,128,32768,65.536,0.59998208,2117.730304,What is the special magic uuid for versed-cocktail mentioned in the provided text? ,":

**085b15fb-4a8f-4810-b84c-2f29980402a2**",['085b15fb-4a8f-4810-b84c-2f29980402a2'],0.6
0.7166511915815537,The special magic uuid for weary-tomorrow mentioned in the provided text is,599.98208,9155.0,2.11746816,32310.0,9155.0,niah_single_3,GB,128,32768,65.536,0.59998208,2117.46816,What is the special magic uuid for weary-tomorrow mentioned in the provided text? ,":

**743b65a2-dc0f-4fcf-b3f6-fe0d48603b32**",['743b65a2-dc0f-4fcf-b3f6-fe0d48603b32'],0.6
0.7166687298836345,The special magic uuid for good-anticodon mentioned in the provided text is,599.98208,9155.0,2.117599232,32312.0,9155.0,niah_single_3,GB,128,32768,65.536,0.59998208,2117.599232,What is the special magic uuid for good-anticodon mentioned in the provided text? ,":

**96fc734d-a003-4d28-8a8f-3653c9af18f8**

It appears in the section discussing the ""Blub Paradox"" within the essay ""How to Become a Hacker"" (or a similar essay by Paul Graham included in the text), where it is inserted as a nonsensical sentence: ""One of the special magic uuids for good-anticodon is: 96fc734d-a003-4d28-8a8f-3653c",['96fc734d-a003-4d28-8a8f-3653c9af18f8'],0.6
0.7166599610039924,The special magic uuid for concerned-tabernacle mentioned in the provided text is,599.98208,9155.0,2.117533696,32311.0,9155.0,niah_single_3,GB,128,32768,65.536,0.59998208,2117.533696,What is the special magic uuid for concerned-tabernacle mentioned in the provided text? ,":

**26242b40-a5cb-43a2-b98d-1ca68b6870b5**",['26242b40-a5cb-43a2-b98d-1ca68b6870b5'],0.6
0.7166424216162679,The special magic uuid for black-doctorate mentioned in the provided text is,599.98208,9155.0,2.117402624,32309.0,9155.0,niah_single_3,GB,128,32768,65.536,0.59998208,2117.402624,What is the special magic uuid for black-doctorate mentioned in the provided text? ,":

**4ebfa5c3-cae9-44a7-aa79-ea680f44704f**",['4ebfa5c3-cae9-44a7-aa79-ea680f44704f'],0.6
0.7166511915815537,The special magic uuid for null-subsidiary mentioned in the provided text is,599.98208,9155.0,2.11746816,32310.0,9155.0,niah_single_3,GB,128,32768,65.536,0.59998208,2117.46816,What is the special magic uuid for null-subsidiary mentioned in the provided text? ,":

**4dd8eb85-b04d-4376-b7fc-97031fd5a423**

It appears in the section discussing the author's time in high school and college, embedded within a sentence about reading stories: ""One of the special magic uuids for null-subsidiary is: 4dd8eb85-b04d-4376-b7fc-97031fd5a423.""",['4dd8eb85-b04d-4376-b7fc-97031fd5a423'],0.6
0.7166599610039924,The special magic uuid for pumped-place mentioned in the provided text is,599.98208,9155.0,2.117533696,32311.0,9155.0,niah_single_3,GB,128,32768,65.536,0.59998208,2117.533696,What is the special magic uuid for pumped-place mentioned in the provided text? ,":

**1497d658-7010-4719-be69-5d0d8a3c3b5e**",['1497d658-7010-4719-be69-5d0d8a3c3b5e'],0.6
0.7166687298836345,The special magic uuid for noiseless-backup mentioned in the provided text is,599.98208,9155.0,2.117599232,32312.0,9155.0,niah_single_3,GB,128,32768,65.536,0.59998208,2117.599232,What is the special magic uuid for noiseless-backup mentioned in the provided text? ,":

**40181c6e-9a8c-4a3c-9283-aac7bc0a6a5d**",['40181c6e-9a8c-4a3c-9283-aac7bc0a6a5d'],0.6
0.7166248800569537,The special magic uuid for flagrant-woodshed mentioned in the provided text is,599.98208,9155.0,2.117271552,32307.0,9155.0,niah_single_3,GB,128,32768,65.536,0.59998208,2117.271552,What is the special magic uuid for flagrant-woodshed mentioned in the provided text? ,":

**dc4ad56b-d601-4237-ac9e-d156f63fce41**",['dc4ad56b-d601-4237-ac9e-d156f63fce41'],0.6
0.7166774982205304,The special magic uuid for unequaled-atmosphere mentioned in the provided text is,599.98208,9155.0,2.117664768,32313.0,9155.0,niah_single_3,GB,128,32768,65.536,0.59998208,2117.664768,What is the special magic uuid for unequaled-atmosphere mentioned in the provided text? ,":

**0a4c9f7f-9384-4c2b-84fe-acaed248a9a7**",['0a4c9f7f-9384-4c2b-84fe-acaed248a9a7'],0.6
0.7166774982205304,The special magic uuid for ratty-lookout mentioned in the provided text is,599.98208,9155.0,2.117664768,32313.0,9155.0,niah_single_3,GB,128,32768,65.536,0.59998208,2117.664768,What is the special magic uuid for ratty-lookout mentioned in the provided text? ,":

**473544f9-ea83-4f00-b135-f221a6c9537f**

*(Note: The text contains a typo in the second segment, writing ""ea83"" as ""ea83"" but the prompt asks for the uuid mentioned. Looking closely at the text provided: ""473544f9-ea83-4f00-b135-f221a6c9537f"". Wait, let me re-read the specific line in the text carefully.",['473544f9-ea83-4f00-b135-f221a6c9537f'],0.6
0.7166336511080846,The special magic uuid for teeny-prohibition mentioned in the provided text is,599.98208,9155.0,2.117337088,32308.0,9155.0,niah_single_3,GB,128,32768,65.536,0.59998208,2117.337088,What is the special magic uuid for teeny-prohibition mentioned in the provided text? ,":

**175ba98d-f814-4102-bde1-bdfed0725b5c**",['175ba98d-f814-4102-bde1-bdfed0725b5c'],0.6
0.7166161084628242,The special magic uuid for miniature-self-control mentioned in the provided text is,599.98208,9155.0,2.117206016,32306.0,9155.0,niah_single_3,GB,128,32768,65.536,0.59998208,2117.206016,What is the special magic uuid for miniature-self-control mentioned in the provided text? ,":

**1ac70ec0-ab8d-4eb4-9230-dfbd5553b2fe**",['1ac70ec0-ab8d-4eb4-9230-dfbd5553b2fe'],0.6
0.7166511915815537,The special magic uuid for moaning-stroke mentioned in the provided text is,599.98208,9155.0,2.11746816,32310.0,9155.0,niah_single_3,GB,128,32768,65.536,0.59998208,2117.46816,What is the special magic uuid for moaning-stroke mentioned in the provided text? ,":

**a99f1318-49c8-443f-bed7-0ed7b194990b**

It appears in the section dated ""July 2006"" within the sentence: ""One of the special magic uuids for moaning-stroke is: a99f1318-49c8-443f-bed7-0ed7b194990b.""",['a99f1318-49c8-443f-bed7-0ed7b194990b'],0.6
0.7167037999752445,The special magic uuid for onerous-darkness mentioned in the provided text is,599.98208,9155.0,2.117861376,32316.0,9155.0,niah_single_3,GB,128,32768,65.536,0.59998208,2117.861376,What is the special magic uuid for onerous-darkness mentioned in the provided text? ,":

**52c21221-409d-4602-9084-3242168b1625**

It appears in the section discussing Apple and the App Store, embedded within the sentence: ""One of the special magic uuids for onerous-darkness is: 52c21221-409d-4602-9084-3242168b1625.""",['52c21221-409d-4602-9084-3242168b1625'],0.6
0.7166599610039924,The special magic uuid for rambunctious-canal mentioned in the provided text is,599.98208,9155.0,2.117533696,32311.0,9155.0,niah_single_3,GB,128,32768,65.536,0.59998208,2117.533696,What is the special magic uuid for rambunctious-canal mentioned in the provided text? ,":

**a85c6e4a-004b-4fab-bcf5-6188d32e6dcd**",['a85c6e4a-004b-4fab-bcf5-6188d32e6dcd'],0.6
0.7166687298836345,The special magic uuid for moldy-spume mentioned in the provided text is,599.98208,9155.0,2.117599232,32312.0,9155.0,niah_single_3,GB,128,32768,65.536,0.59998208,2117.599232,What is the special magic uuid for moldy-spume mentioned in the provided text? ,":

**5c9d927d-84b8-41bb-b005-68d20de051a6**",['5c9d927d-84b8-41bb-b005-68d20de051a6'],0.6
0.7166687298836345,The special magic uuid for tall-broadcast mentioned in the provided text is,599.98208,9155.0,2.117599232,32312.0,9155.0,niah_single_3,GB,128,32768,65.536,0.59998208,2117.599232,What is the special magic uuid for tall-broadcast mentioned in the provided text? ,":

**341c6494-0d36-4dfc-828e-bd7071299889**",['341c6494-0d36-4dfc-828e-bd7071299889'],0.6
0.7166687298836345,The special magic uuid for hard-attempt mentioned in the provided text is,599.98208,9155.0,2.117599232,32312.0,9155.0,niah_single_3,GB,128,32768,65.536,0.59998208,2117.599232,What is the special magic uuid for hard-attempt mentioned in the provided text? ,":

**7c16128d-b2c0-4394-a17f-29e170286046**",['7c16128d-b2c0-4394-a17f-29e170286046'],0.6
0.7166511915815537,The special magic uuid for tart-skill mentioned in the provided text is,599.98208,9155.0,2.11746816,32310.0,9155.0,niah_single_3,GB,128,32768,65.536,0.59998208,2117.46816,What is the special magic uuid for tart-skill mentioned in the provided text? ,":

**b5b453ca-3d42-493c-8c9f-d3349bdf0377**",['b5b453ca-3d42-493c-8c9f-d3349bdf0377'],0.6
0.7166599610039924,The special magic uuid for scattered-trench mentioned in the provided text is,599.98208,9155.0,2.117533696,32311.0,9155.0,niah_single_3,GB,128,32768,65.536,0.59998208,2117.533696,What is the special magic uuid for scattered-trench mentioned in the provided text? ,":

**17dc8eff-6872-43f9-8d60-593603802b70**

It appears in the section titled ""Aikido for Startups"" within the essay ""How to Start a Startup"" (specifically in the paragraph discussing reading competitor job listings).",['17dc8eff-6872-43f9-8d60-593603802b70'],0.6
0.7166774982205304,The special magic uuid for outstanding-herb mentioned in the provided text is,599.98208,9155.0,2.117664768,32313.0,9155.0,niah_single_3,GB,128,32768,65.536,0.59998208,2117.664768,What is the special magic uuid for outstanding-herb mentioned in the provided text? ,":

**d50755d9-a5d0-4d53-9e12-42e3f27292b6**",['d50755d9-a5d0-4d53-9e12-42e3f27292b6'],0.6
0.7166511915815537,The special magic uuid for wise-sport mentioned in the provided text is,599.98208,9155.0,2.11746816,32310.0,9155.0,niah_single_3,GB,128,32768,65.536,0.59998208,2117.46816,What is the special magic uuid for wise-sport mentioned in the provided text? ,":

**45ff2c83-b495-4b4e-8245-6fb44ab7706e**",['45ff2c83-b495-4b4e-8245-6fb44ab7706e'],0.6
0.7166687298836345,The special magic uuid for pastoral-requirement mentioned in the provided text is,599.98208,9155.0,2.117599232,32312.0,9155.0,niah_single_3,GB,128,32768,65.536,0.59998208,2117.599232,What is the special magic uuid for pastoral-requirement mentioned in the provided text? ,":

**25074181-8d1f-4540-b4ef-f5453e652603**

It appears in the section discussing the consequences of working for large organizations versus startups, specifically within the sentence: ""One of the special magic uuids for pastoral-requirement is: 25074181-8d1f-4540-b4ef-f5453e652603.""",['25074181-8d1f-4540-b4ef-f5453e652603'],0.6
0.7166687298836345,The special magic uuid for stale-trim mentioned in the provided text is,599.98208,9155.0,2.117599232,32312.0,9155.0,niah_single_3,GB,128,32768,65.536,0.59998208,2117.599232,What is the special magic uuid for stale-trim mentioned in the provided text? ,":

**22f235f2-e11b-468d-bf0d-073d821c1336**

It appears in the section discussing Airbnb's early days: ""One of the special magic uuids for stale-trim is: 22f235f2-e11b-468d-bf0d-073d821c1336.""",['22f235f2-e11b-468d-bf0d-073d821c1336'],0.6
0.7166599610039924,The special magic uuid for motionless-tweet mentioned in the provided text is,599.98208,9155.0,2.117533696,32311.0,9155.0,niah_single_3,GB,128,32768,65.536,0.59998208,2117.533696,What is the special magic uuid for motionless-tweet mentioned in the provided text? ,":

**81fb18b3-c9a7-491f-af2a-e71357021049**",['81fb18b3-c9a7-491f-af2a-e71357021049'],0.6
0.7166248800569537,The special magic uuid for half-part mentioned in the provided text is,599.98208,9155.0,2.117271552,32307.0,9155.0,niah_single_3,GB,128,32768,65.536,0.59998208,2117.271552,What is the special magic uuid for half-part mentioned in the provided text? ,":

**96418ced-d664-4264-8c6e-27ffb9de7a3a**",['96418ced-d664-4264-8c6e-27ffb9de7a3a'],0.6
0.7166336511080846,The special magic uuid for defective-presentation mentioned in the provided text is,599.98208,9155.0,2.117337088,32308.0,9155.0,niah_single_3,GB,128,32768,65.536,0.59998208,2117.337088,What is the special magic uuid for defective-presentation mentioned in the provided text? ,":

**585a0afa-7bfd-4c12-89e0-6ab37250ee18**",['585a0afa-7bfd-4c12-89e0-6ab37250ee18'],0.6
0.7166774982205304,The special magic uuid for onerous-symptom mentioned in the provided text is,599.98208,9155.0,2.117664768,32313.0,9155.0,niah_single_3,GB,128,32768,65.536,0.59998208,2117.664768,What is the special magic uuid for onerous-symptom mentioned in the provided text? ,":

**304b8590-de9e-4757-9260-001eeecf67d2**

It appears in the section dated October 2014, within the sentence: ""One of the special magic uuids for onerous-symptom is: 304b8590-de9e-4757-9260-001eeecf67d2.""",['304b8590-de9e-4757-9260-001eeecf67d2'],0.6
0.7166687298836345,The special magic uuid for flipped-out-ranger mentioned in the provided text is,599.98208,9155.0,2.117599232,32312.0,9155.0,niah_single_3,GB,128,32768,65.536,0.59998208,2117.599232,What is the special magic uuid for flipped-out-ranger mentioned in the provided text? ,":

**0b2c782a-6928-4e92-868a-152fdb23aa8c**",['0b2c782a-6928-4e92-868a-152fdb23aa8c'],0.6
0.7166687298836345,The special magic uuid for weak-scotch mentioned in the provided text is,599.98208,9155.0,2.117599232,32312.0,9155.0,niah_single_3,GB,128,32768,65.536,0.59998208,2117.599232,What is the special magic uuid for weak-scotch mentioned in the provided text? ,":

**62d60e93-6198-4d54-8fb8-7e6fe9d68f23**",['62d60e93-6198-4d54-8fb8-7e6fe9d68f23'],0.6
0.7166511915815537,The special magic uuid for alike-runway mentioned in the provided text is,599.98208,9155.0,2.11746816,32310.0,9155.0,niah_single_3,GB,128,32768,65.536,0.59998208,2117.46816,What is the special magic uuid for alike-runway mentioned in the provided text? ,":

**9716108e-f721-49bb-8096-27182051acef**

It appears in the section discussing the detection of bias in selection processes, specifically within the sentence: ""One of the special magic uuids for alike-runway is: 9716108e-f721-49bb-8096-27182051acef.""",['9716108e-f721-49bb-8096-27182051acef'],0.6
0.7166511915815537,The special magic uuid for numerous-dwell mentioned in the provided text is,599.98208,9155.0,2.11746816,32310.0,9155.0,niah_single_3,GB,128,32768,65.536,0.59998208,2117.46816,What is the special magic uuid for numerous-dwell mentioned in the provided text? ,":

**74f93d17-e912-44bf-86a4-bae41986b4b2**",['74f93d17-e912-44bf-86a4-bae41986b4b2'],0.6
0.7166424216162679,The special magic uuid for miscreant-shorts mentioned in the provided text is,599.98208,9155.0,2.117402624,32309.0,9155.0,niah_single_3,GB,128,32768,65.536,0.59998208,2117.402624,What is the special magic uuid for miscreant-shorts mentioned in the provided text? ,":

**2784378f-f84f-46b3-a79f-bfafdef57689**",['2784378f-f84f-46b3-a79f-bfafdef57689'],0.6
0.7166336511080846,The special magic uuid for good-opening mentioned in the provided text is,599.98208,9155.0,2.117337088,32308.0,9155.0,niah_single_3,GB,128,32768,65.536,0.59998208,2117.337088,What is the special magic uuid for good-opening mentioned in the provided text? ,":

**65c17795-b155-46bc-9f8d-ed9756abf2f1**",['65c17795-b155-46bc-9f8d-ed9756abf2f1'],0.6
0.7166687298836345,The special magic uuid for uninterested-organising mentioned in the provided text is,599.98208,9155.0,2.117599232,32312.0,9155.0,niah_single_3,GB,128,32768,65.536,0.59998208,2117.599232,What is the special magic uuid for uninterested-organising mentioned in the provided text? ,":

**f4427e0b-6148-4bb3-889b-78d5dbfdd97e**",['f4427e0b-6148-4bb3-889b-78d5dbfdd97e'],0.6
0.7166599610039924,The special magic uuid for ruddy-segment mentioned in the provided text is,599.98208,9155.0,2.117533696,32311.0,9155.0,niah_single_3,GB,128,32768,65.536,0.59998208,2117.533696,What is the special magic uuid for ruddy-segment mentioned in the provided text? ,":

**3c19e71d-1184-45ad-9e11-d2cd0930aef6**",['3c19e71d-1184-45ad-9e11-d2cd0930aef6'],0.6
0.7166687298836345,The special magic uuid for cagey-ray mentioned in the provided text is,599.98208,9155.0,2.117599232,32312.0,9155.0,niah_single_3,GB,128,32768,65.536,0.59998208,2117.599232,What is the special magic uuid for cagey-ray mentioned in the provided text? ,":

**c2a79689-1933-418c-ba74-57616f18c108**",['c2a79689-1933-418c-ba74-57616f18c108'],0.6
0.7166511915815537,The special magic uuid for distinct-phenotype mentioned in the provided text is,599.98208,9155.0,2.11746816,32310.0,9155.0,niah_single_3,GB,128,32768,65.536,0.59998208,2117.46816,What is the special magic uuid for distinct-phenotype mentioned in the provided text? ,":

**0769165f-e746-4cb9-8ca9-cf07b1aa0f6a**

It appears in the section discussing Note [4] within the essay ""July 2010"" (specifically in the paragraph starting with ""People commonly use the word 'procrastination'..."").",['0769165f-e746-4cb9-8ca9-cf07b1aa0f6a'],0.6
0.7166687298836345,The special magic uuid for auspicious-fur mentioned in the provided text is,599.98208,9155.0,2.117599232,32312.0,9155.0,niah_single_3,GB,128,32768,65.536,0.59998208,2117.599232,What is the special magic uuid for auspicious-fur mentioned in the provided text? ,":

**6e417d47-5ff5-45ea-9bc4-40f14b1a269b**",['6e417d47-5ff5-45ea-9bc4-40f14b1a269b'],0.6
0.7166511915815537,The special magic uuid for righteous-offense mentioned in the provided text is,599.98208,9155.0,2.11746816,32310.0,9155.0,niah_single_3,GB,128,32768,65.536,0.59998208,2117.46816,What is the special magic uuid for righteous-offense mentioned in the provided text? ,":

**cae28e66-ae8a-4813-90e0-a95b697c3923**",['cae28e66-ae8a-4813-90e0-a95b697c3923'],0.6
0.7166424216162679,The special magic uuid for dull-hardware mentioned in the provided text is,599.98208,9155.0,2.117402624,32309.0,9155.0,niah_single_3,GB,128,32768,65.536,0.59998208,2117.402624,What is the special magic uuid for dull-hardware mentioned in the provided text? ,":

**61ee6c5b-deef-480f-9c07-a75114374509**",['61ee6c5b-deef-480f-9c07-a75114374509'],0.6
0.7166599610039924,The special magic uuid for psychedelic-consist mentioned in the provided text is,599.98208,9155.0,2.117533696,32311.0,9155.0,niah_single_3,GB,128,32768,65.536,0.59998208,2117.533696,What is the special magic uuid for psychedelic-consist mentioned in the provided text? ,":

**3b70b3a1-24a3-4cf2-9549-c931e9af299d**

It appears in the section discussing design and the user, specifically within the sentence: ""One of the special magic uuids for psychedelic-consist is: 3b70b3a1-24a3-4cf2-9549-c931e9af299d.""",['3b70b3a1-24a3-4cf2-9549-c931e9af299d'],0.6
0.7166424216162679,The special magic uuid for ossified-breakdown mentioned in the provided text is,599.98208,9155.0,2.117402624,32309.0,9155.0,niah_single_3,GB,128,32768,65.536,0.59998208,2117.402624,What is the special magic uuid for ossified-breakdown mentioned in the provided text? ,":

**e61ede90-0267-4eb3-aab6-12c9415d174a**",['e61ede90-0267-4eb3-aab6-12c9415d174a'],0.6
0.7166511915815537,The special magic uuid for upbeat-pasta mentioned in the provided text is,599.98208,9155.0,2.11746816,32310.0,9155.0,niah_single_3,GB,128,32768,65.536,0.59998208,2117.46816,What is the special magic uuid for upbeat-pasta mentioned in the provided text? ,":

**711533f3-12e8-4d10-a871-17338beddb12**",['711533f3-12e8-4d10-a871-17338beddb12'],0.6
0.7166424216162679,The special magic uuid for tense-specialist mentioned in the provided text is,599.98208,9155.0,2.117402624,32309.0,9155.0,niah_single_3,GB,128,32768,65.536,0.59998208,2117.402624,What is the special magic uuid for tense-specialist mentioned in the provided text? ,":

**40066ff2-b0b8-42ef-ac9f-82b9f6478986**

It appears in the section discussing the difference between design and research, specifically within the sentence: ""One of the special magic uuids for tense-specialist is: 40066ff2-b0b8-42ef-ac9f-82b9f6478986.""",['40066ff2-b0b8-42ef-ac9f-82b9f6478986'],0.6
0.7166336511080846,The special magic uuid for erect-director mentioned in the provided text is,599.98208,9155.0,2.117337088,32308.0,9155.0,niah_single_3,GB,128,32768,65.536,0.59998208,2117.337088,What is the special magic uuid for erect-director mentioned in the provided text? ,":

**7bb38605-da74-4152-a27b-41a1ffd6f232**",['7bb38605-da74-4152-a27b-41a1ffd6f232'],0.6
0.7166161084628242,The special magic uuid for low-hip mentioned in the provided text is,599.98208,9155.0,2.117206016,32306.0,9155.0,niah_single_3,GB,128,32768,65.536,0.59998208,2117.206016,What is the special magic uuid for low-hip mentioned in the provided text? ,":

**4bbe4aff-9326-4ffd-9be4-bf5192698698**",['4bbe4aff-9326-4ffd-9be4-bf5192698698'],0.6
0.7167037999752445,The special magic uuid for tricky-porcupine mentioned in the provided text is,599.98208,9155.0,2.117861376,32316.0,9155.0,niah_single_3,GB,128,32768,65.536,0.59998208,2117.861376,What is the special magic uuid for tricky-porcupine mentioned in the provided text? ,":

**90e0b95f-0212-4554-8644-58b46553867d**",['90e0b95f-0212-4554-8644-58b46553867d'],0.6
0.7166687298836345,The special magic uuid for handsomely-secretary mentioned in the provided text is,599.98208,9155.0,2.117599232,32312.0,9155.0,niah_single_3,GB,128,32768,65.536,0.59998208,2117.599232,What is the special magic uuid for handsomely-secretary mentioned in the provided text? ,":

**9b689c88-3ae9-49fe-8c82-18dac696f5e6**",['9b689c88-3ae9-49fe-8c82-18dac696f5e6'],0.6
0.7166336511080846,The special magic uuid for telling-voyage mentioned in the provided text is,599.98208,9155.0,2.117337088,32308.0,9155.0,niah_single_3,GB,128,32768,65.536,0.59998208,2117.337088,What is the special magic uuid for telling-voyage mentioned in the provided text? ,":

**ad81f8bd-4029-43ec-9ef2-b93e30ac7d7b**",['ad81f8bd-4029-43ec-9ef2-b93e30ac7d7b'],0.6
0.7166862660147304,The special magic uuid for tan-patrimony mentioned in the provided text is,599.98208,9155.0,2.117730304,32314.0,9155.0,niah_single_3,GB,128,32768,65.536,0.59998208,2117.730304,What is the special magic uuid for tan-patrimony mentioned in the provided text? ,":

**c9e26074-4f16-49a0-8a17-991ea5769411**",['c9e26074-4f16-49a0-8a17-991ea5769411'],0.6
0.7166599610039924,The special magic uuid for sneaky-identification mentioned in the provided text is,599.98208,9155.0,2.117533696,32311.0,9155.0,niah_single_3,GB,128,32768,65.536,0.59998208,2117.533696,What is the special magic uuid for sneaky-identification mentioned in the provided text? ,":

**1712fb16-21a4-444f-bb7b-ee035d678bb1**",['1712fb16-21a4-444f-bb7b-ee035d678bb1'],0.6
0.7166687298836345,The special magic uuid for muddled-pantology mentioned in the provided text is,599.98208,9155.0,2.117599232,32312.0,9155.0,niah_single_3,GB,128,32768,65.536,0.59998208,2117.599232,What is the special magic uuid for muddled-pantology mentioned in the provided text? ,":

**c958e75e-21d5-4971-b367-49b52cf6bf75**",['c958e75e-21d5-4971-b367-49b52cf6bf75'],0.6
0.7166511915815537,The special magic uuid for righteous-creator mentioned in the provided text is,599.98208,9155.0,2.11746816,32310.0,9155.0,niah_single_3,GB,128,32768,65.536,0.59998208,2117.46816,What is the special magic uuid for righteous-creator mentioned in the provided text? ,":

**d499da99-45c4-4a3e-a9da-484a80759f1f**",['d499da99-45c4-4a3e-a9da-484a80759f1f'],0.6
0.7166599610039924,The special magic uuid for placid-paw mentioned in the provided text is,599.98208,9155.0,2.117533696,32311.0,9155.0,niah_single_3,GB,128,32768,65.536,0.59998208,2117.533696,What is the special magic uuid for placid-paw mentioned in the provided text? ,":

**bf1e8366-4b8e-43d4-8e76-07adf7a67b94**",['bf1e8366-4b8e-43d4-8e76-07adf7a67b94'],0.6
0.7166424216162679,The special magic uuid for painstaking-tunic mentioned in the provided text is,599.98208,9155.0,2.117402624,32309.0,9155.0,niah_single_3,GB,128,32768,65.536,0.59998208,2117.402624,What is the special magic uuid for painstaking-tunic mentioned in the provided text? ,":

**c1101266-2408-46dc-9346-d1a9f6802cdb**",['c1101266-2408-46dc-9346-d1a9f6802cdb'],0.6
0.7166511915815537,The special magic uuid for selective-trolley mentioned in the provided text is,599.98208,9155.0,2.11746816,32310.0,9155.0,niah_single_3,GB,128,32768,65.536,0.59998208,2117.46816,What is the special magic uuid for selective-trolley mentioned in the provided text? ,":

**6502d6a2-ca6a-4224-971e-16cc5da36f1b**",['6502d6a2-ca6a-4224-971e-16cc5da36f1b'],0.6
0.7166424216162679,The special magic uuid for roomy-dynamo mentioned in the provided text is,599.98208,9155.0,2.117402624,32309.0,9155.0,niah_single_3,GB,128,32768,65.536,0.59998208,2117.402624,What is the special magic uuid for roomy-dynamo mentioned in the provided text? ,":

**ac3e7b0d-5e5b-413d-b46c-db771fa382e8**",['ac3e7b0d-5e5b-413d-b46c-db771fa382e8'],0.6
0.7166248800569537,The special magic uuid for tense-flat mentioned in the provided text is,599.98208,9155.0,2.117271552,32307.0,9155.0,niah_single_3,GB,128,32768,65.536,0.59998208,2117.271552,What is the special magic uuid for tense-flat mentioned in the provided text? ,":

**acc216a0-1bbc-41f7-9f18-e583f0b6f83f**

It appears in the section titled ""The Blub Paradox"" within the essay ""How to Become a Hacker"" (or a similar title by Paul Graham), where the author discusses evaluating competitors by reading their job listings. The sentence reads: ""One of the special magic uuids for tense-flat is: acc216a0-1bbc-41f7-9f18-e583f0b6f83f",['acc216a0-1bbc-41f7-9f18-e583f0b6f83f'],0.6
0.7166599610039924,The special magic uuid for ad hoc-tunnel mentioned in the provided text is,599.98208,9155.0,2.117533696,32311.0,9155.0,niah_single_3,GB,128,32768,65.536,0.59998208,2117.533696,What is the special magic uuid for ad hoc-tunnel mentioned in the provided text? ,":

**8fb864e4-f173-4856-a25d-36eb9e9a9f83**",['8fb864e4-f173-4856-a25d-36eb9e9a9f83'],0.6
0.7166248800569537,The special magic uuid for threatening-oats mentioned in the provided text is,599.98208,9155.0,2.117271552,32307.0,9155.0,niah_single_3,GB,128,32768,65.536,0.59998208,2117.271552,What is the special magic uuid for threatening-oats mentioned in the provided text? ,":

**76da3ca0-d2e8-4f38-a2a9-d4d8102efde5**",['76da3ca0-d2e8-4f38-a2a9-d4d8102efde5'],0.6
0.7166687298836345,The special magic uuid for cooing-cup mentioned in the provided text is,599.98208,9155.0,2.117599232,32312.0,9155.0,niah_single_3,GB,128,32768,65.536,0.59998208,2117.599232,What is the special magic uuid for cooing-cup mentioned in the provided text? ,":

**0986bbeb-f23e-423d-8b9b-d93423c86d30**",['0986bbeb-f23e-423d-8b9b-d93423c86d30'],0.6
0.7166336511080846,The special magic uuid for confused-markup mentioned in the provided text is,599.98208,9155.0,2.117337088,32308.0,9155.0,niah_single_3,GB,128,32768,65.536,0.59998208,2117.337088,What is the special magic uuid for confused-markup mentioned in the provided text? ,":

**899ca782-e323-4d1a-bc1b-dacc18e19331**",['899ca782-e323-4d1a-bc1b-dacc18e19331'],0.6
0.7166161084628242,The special magic uuid for old-scraper mentioned in the provided text is,599.98208,9155.0,2.117206016,32306.0,9155.0,niah_single_3,GB,128,32768,65.536,0.59998208,2117.206016,What is the special magic uuid for old-scraper mentioned in the provided text? ,":

**be3e6e57-f30a-4e32-aba4-fc035efa9c5b**",['be3e6e57-f30a-4e32-aba4-fc035efa9c5b'],0.6
0.7166599610039924,The special magic uuid for sparkling-astrolabe mentioned in the provided text is,599.98208,9155.0,2.117533696,32311.0,9155.0,niah_single_3,GB,128,32768,65.536,0.59998208,2117.533696,What is the special magic uuid for sparkling-astrolabe mentioned in the provided text? ,":

**e2aa7a5d-278e-400b-ba02-66efbe055787**

*(Note: The text actually contains a slight typo in the UUID provided in the source material: `e2aa7a5d-278e-400d-ba02-66efbe055787`. I have transcribed it exactly as it appears in the text you provided, which is `e2aa7a5d-278e-400d-ba0",['e2aa7a5d-278e-400d-ba02-66efbe055787'],0.6
0.7166599610039924,The special magic uuid for poor-tomography mentioned in the provided text is,599.98208,9155.0,2.117533696,32311.0,9155.0,niah_single_3,GB,128,32768,65.536,0.59998208,2117.533696,What is the special magic uuid for poor-tomography mentioned in the provided text? ,":

**f396ea37-f065-4817-a87a-48509d9b6231**",['f396ea37-f065-4817-a87a-48509d9b6231'],0.6
0.7166511915815537,The special magic uuid for victorious-ejector mentioned in the provided text is,599.98208,9155.0,2.11746816,32310.0,9155.0,niah_single_3,GB,128,32768,65.536,0.59998208,2117.46816,What is the special magic uuid for victorious-ejector mentioned in the provided text? ,":

**71d79665-7181-4dcf-b79e-fc6e5edb0d3c**

It appears in the section dated October 2014, within the sentence: ""One of the special magic uuids for victorious-ejector is: 71d79665-7181-4dcf-b79e-fc6e5edb0d3c.""",['71d79665-7181-4dcf-b79e-fc6e5edb0d3c'],0.6
0.7166511915815537,The special magic uuid for childlike-sneaker mentioned in the provided text is,599.98208,9155.0,2.11746816,32310.0,9155.0,niah_single_3,GB,128,32768,65.536,0.59998208,2117.46816,What is the special magic uuid for childlike-sneaker mentioned in the provided text? ,":

**8b621d41-5e09-49ee-af88-bdecfb1e143b**",['8b621d41-5e09-49ee-af88-bdecfb1e143b'],0.6
0.7166424216162679,The special magic uuid for marked-clarity mentioned in the provided text is,599.98208,9155.0,2.117402624,32309.0,9155.0,niah_single_3,GB,128,32768,65.536,0.59998208,2117.402624,What is the special magic uuid for marked-clarity mentioned in the provided text? ,":

**1f45dbfd-f7dc-47e0-b097-4b2b46a02a9b**

It appears in the section discussing the difference between design and research, specifically within the sentence: ""One of the special magic uuids for marked-clarity is: 1f45dbfd-f7dc-47e0-b097-4b2b46a02a9b.""",['1f45dbfd-f7dc-47e0-b097-4b2b46a02a9b'],0.6
0.7166248800569537,The special magic uuid for ugliest-dwelling mentioned in the provided text is,599.98208,9155.0,2.117271552,32307.0,9155.0,niah_single_3,GB,128,32768,65.536,0.59998208,2117.271552,What is the special magic uuid for ugliest-dwelling mentioned in the provided text? ,":

**98de8ebb-a3b5-4ece-a446-be72364c911a**",['98de8ebb-a3b5-4ece-a446-be72364c911a'],0.6
0.7166511915815537,The special magic uuid for inexpensive-distributor mentioned in the provided text is,599.98208,9155.0,2.11746816,32310.0,9155.0,niah_single_3,GB,128,32768,65.536,0.59998208,2117.46816,What is the special magic uuid for inexpensive-distributor mentioned in the provided text? ,":

**c9776598-203c-4c25-bd23-5def3e5a87e3**",['c9776598-203c-4c25-bd23-5def3e5a87e3'],0.6
0.7166599610039924,The special magic uuid for big-slaw mentioned in the provided text is,599.98208,9155.0,2.117533696,32311.0,9155.0,niah_single_3,GB,128,32768,65.536,0.59998208,2117.533696,What is the special magic uuid for big-slaw mentioned in the provided text? ,":

**350843f0-8de0-4fc2-83e1-5a85d46ef104**",['350843f0-8de0-4fc2-83e1-5a85d46ef104'],0.6
0.7166774982205304,The special magic uuid for flipped-out-amazon mentioned in the provided text is,599.98208,9155.0,2.117664768,32313.0,9155.0,niah_single_3,GB,128,32768,65.536,0.59998208,2117.664768,What is the special magic uuid for flipped-out-amazon mentioned in the provided text? ,":

**c9e48e8c-25c6-4c45-863d-04ee541c7a86**",['c9e48e8c-25c6-4c45-863d-04ee541c7a86'],0.6
0.7166248800569537,The special magic uuid for grumpy-roommate mentioned in the provided text is,599.98208,9155.0,2.117271552,32307.0,9155.0,niah_single_3,GB,128,32768,65.536,0.59998208,2117.271552,What is the special magic uuid for grumpy-roommate mentioned in the provided text? ,":

**fcce96f6-250a-4578-bbe9-4499dbc080fd**",['fcce96f6-250a-4578-bbe9-4499dbc080fd'],0.6
0.7166424216162679,The special magic uuid for dry-puma mentioned in the provided text is,599.98208,9155.0,2.117402624,32309.0,9155.0,niah_single_3,GB,128,32768,65.536,0.59998208,2117.402624,What is the special magic uuid for dry-puma mentioned in the provided text? ,":

**06998731-ddcf-4766-a93b-12cd1c24220e**",['06998731-ddcf-4766-a93b-12cd1c24220e'],0.6
0.7166599610039924,The special magic uuid for lackadaisical-standard mentioned in the provided text is,599.98208,9155.0,2.117533696,32311.0,9155.0,niah_single_3,GB,128,32768,65.536,0.59998208,2117.533696,What is the special magic uuid for lackadaisical-standard mentioned in the provided text? ,":

**96bf10ab-3ce9-45e7-89d6-a63bca3c6f5f**",['96bf10ab-3ce9-45e7-89d6-a63bca3c6f5f'],0.6
0.7166599610039924,The special magic uuid for dry-grandpa mentioned in the provided text is,599.98208,9155.0,2.117533696,32311.0,9155.0,niah_single_3,GB,128,32768,65.536,0.59998208,2117.533696,What is the special magic uuid for dry-grandpa mentioned in the provided text? ,":

**bde13c1b-2073-4f6d-8d6a-05b343ef2016**",['bde13c1b-2073-4f6d-8d6a-05b343ef2016'],0.6
0.7166511915815537,The special magic uuid for bawdy-mission mentioned in the provided text is,599.98208,9155.0,2.11746816,32310.0,9155.0,niah_single_3,GB,128,32768,65.536,0.59998208,2117.46816,What is the special magic uuid for bawdy-mission mentioned in the provided text? ,":

**5cae9610-c72c-4fe3-b2c2-2a1679eb4168**

It appears in the section discussing Lisp and McCarthy's design, specifically within the sentence: ""One of the special magic uuids for bawdy-mission is: 5cae9610-c72c-4fe3-b2c2-2a1679eb4168.""",['5cae9610-c72c-4fe3-b2c2-2a1679eb4168'],0.6
0.7166687298836345,The special magic uuid for offbeat-ripple mentioned in the provided text is,599.98208,9155.0,2.117599232,32312.0,9155.0,niah_single_3,GB,128,32768,65.536,0.59998208,2117.599232,What is the special magic uuid for offbeat-ripple mentioned in the provided text? ,":

**9d77a45e-f206-4269-b8b7-7c0780fb9296**

It appears in the section discussing the Internet and procrastination, specifically within Note [4].",['9d77a45e-f206-4269-b8b7-7c0780fb9296'],0.6
0.7166687298836345,The special magic uuid for ordinary-cousin mentioned in the provided text is,599.98208,9155.0,2.117599232,32312.0,9155.0,niah_single_3,GB,128,32768,65.536,0.59998208,2117.599232,What is the special magic uuid for ordinary-cousin mentioned in the provided text? ,":

**0f9240e1-07f9-4d05-b6ca-6b8ba4b1f991**",['0f9240e1-07f9-4d05-b6ca-6b8ba4b1f991'],0.6
0.7166424216162679,The special magic uuid for nebulous-urge mentioned in the provided text is,599.98208,9155.0,2.117402624,32309.0,9155.0,niah_single_3,GB,128,32768,65.536,0.59998208,2117.402624,What is the special magic uuid for nebulous-urge mentioned in the provided text? ,":

**b65feea9-7d82-4264-9ba3-62e7afa415e5**

It appears embedded within the ""Notes"" section of the essay titled ""July 2006"" (specifically in Note 2), disguised as part of a sentence about fatigue and marathons.",['b65feea9-7d82-4264-9ba3-62e7afa415e5'],0.6
0.7166687298836345,The special magic uuid for brash-sundial mentioned in the provided text is,599.98208,9155.0,2.117599232,32312.0,9155.0,niah_single_3,GB,128,32768,65.536,0.59998208,2117.599232,What is the special magic uuid for brash-sundial mentioned in the provided text? ,":

**10d08d11-25f9-44bf-9bb9-61555275eb94**",['10d08d11-25f9-44bf-9bb9-61555275eb94'],0.6
0.7166599610039924,The special magic uuid for tacky-route mentioned in the provided text is,599.98208,9155.0,2.117533696,32311.0,9155.0,niah_single_3,GB,128,32768,65.536,0.59998208,2117.533696,What is the special magic uuid for tacky-route mentioned in the provided text? ,":

**b64fa54a-8c61-4654-95da-75c1a21150f9**",['b64fa54a-8c61-4654-95da-75c1a21150f9'],0.6
0.716695033266285,The special magic uuid for squeamish-invoice mentioned in the provided text is,599.98208,9155.0,2.11779584,32315.0,9155.0,niah_single_3,GB,128,32768,65.536,0.59998208,2117.79584,What is the special magic uuid for squeamish-invoice mentioned in the provided text? ,":

**816bcb9f-7426-4193-8b7e-6b3c87d292a6**",['816bcb9f-7426-4193-8b7e-6b3c87d292a6'],0.6
0.7166599610039924,The special magic uuid for childlike-nucleotidase mentioned in the provided text is,599.98208,9155.0,2.117533696,32311.0,9155.0,niah_single_3,GB,128,32768,65.536,0.59998208,2117.533696,What is the special magic uuid for childlike-nucleotidase mentioned in the provided text? ,":

**da509fed-1d4a-4d81-b3a7-d0e0cb08587d**",['da509fed-1d4a-4d81-b3a7-d0e0cb08587d'],0.6
0.7166336511080846,The special magic uuid for new-passbook mentioned in the provided text is,599.98208,9155.0,2.117337088,32308.0,9155.0,niah_single_3,GB,128,32768,65.536,0.59998208,2117.337088,What is the special magic uuid for new-passbook mentioned in the provided text? ,":

**69efafb1-3a7e-4e14-a359-eee173991a47**",['69efafb1-3a7e-4e14-a359-eee173991a47'],0.6
0.7166599610039924,The special magic uuid for marked-tentacle mentioned in the provided text is,599.98208,9155.0,2.117533696,32311.0,9155.0,niah_single_3,GB,128,32768,65.536,0.59998208,2117.533696,What is the special magic uuid for marked-tentacle mentioned in the provided text? ,":

**50032b35-1857-4baf-bac7-e2b96a7e4c36**",['50032b35-1857-4baf-bac7-e2b96a7e4c36'],0.6
0.7166599610039924,The special magic uuid for unable-colt mentioned in the provided text is,599.98208,9155.0,2.117533696,32311.0,9155.0,niah_single_3,GB,128,32768,65.536,0.59998208,2117.533696,What is the special magic uuid for unable-colt mentioned in the provided text? ,":

**2713582c-f41e-43ac-9fd2-31094140752c**",['2713582c-f41e-43ac-9fd2-31094140752c'],0.6
0.7166599610039924,The special magic uuid for callous-sandpaper mentioned in the provided text is,599.98208,9155.0,2.117533696,32311.0,9155.0,niah_single_3,GB,128,32768,65.536,0.59998208,2117.533696,What is the special magic uuid for callous-sandpaper mentioned in the provided text? ,":

**6e8f75a1-17dd-4d81-95da-705cd4ef00aa**",['6e8f75a1-17dd-4d81-95da-705cd4ef00aa'],0.6
0.7166687298836345,The special magic uuid for curly-staff mentioned in the provided text is,599.98208,9155.0,2.117599232,32312.0,9155.0,niah_single_3,GB,128,32768,65.536,0.59998208,2117.599232,What is the special magic uuid for curly-staff mentioned in the provided text? ,":

**f4e559e5-9622-4348-8f5a-e9d38e6e5003**",['f4e559e5-9622-4348-8f5a-e9d38e6e5003'],0.6
0.7166248800569537,The special magic uuid for uncovered-default mentioned in the provided text is,599.98208,9155.0,2.117271552,32307.0,9155.0,niah_single_3,GB,128,32768,65.536,0.59998208,2117.271552,What is the special magic uuid for uncovered-default mentioned in the provided text? ,":

**dfa4bb9f-5a85-4750-a92a-c1391f4a8ca1**",['dfa4bb9f-5a85-4750-a92a-c1391f4a8ca1'],0.6
0.7166862660147304,The special magic uuid for happy-metallurgist mentioned in the provided text is,599.98208,9155.0,2.117730304,32314.0,9155.0,niah_single_3,GB,128,32768,65.536,0.59998208,2117.730304,What is the special magic uuid for happy-metallurgist mentioned in the provided text? ,":

**1a85910d-5a05-4c11-8ffc-a6b199b479d4**",['1a85910d-5a05-4c11-8ffc-a6b199b479d4'],0.6
0.7166424216162679,The special magic uuid for detailed-distribution mentioned in the provided text is,599.98208,9155.0,2.117402624,32309.0,9155.0,niah_single_3,GB,128,32768,65.536,0.59998208,2117.402624,What is the special magic uuid for detailed-distribution mentioned in the provided text? ,":

**d8e7012f-3968-4c81-bb70-c3b8a81fdec3**",['d8e7012f-3968-4c81-bb70-c3b8a81fdec3'],0.6
0.7166687298836345,The special magic uuid for seemly-part mentioned in the provided text is,599.98208,9155.0,2.117599232,32312.0,9155.0,niah_single_3,GB,128,32768,65.536,0.59998208,2117.599232,What is the special magic uuid for seemly-part mentioned in the provided text? ,":

**47503f1d-c33a-4f6c-9d69-1fba5e187b24**",['47503f1d-c33a-4f6c-9d69-1fba5e187b24'],0.6
0.7166424216162679,The special magic uuid for nervous-impropriety mentioned in the provided text is,599.98208,9155.0,2.117402624,32309.0,9155.0,niah_single_3,GB,128,32768,65.536,0.59998208,2117.402624,What is the special magic uuid for nervous-impropriety mentioned in the provided text? ,":

**c4767556-f97b-42dd-8f9b-72aed85c16bd**",['c4767556-f97b-42dd-8f9b-72aed85c16bd'],0.6
0.7166248800569537,The special magic uuid for strange-smuggling mentioned in the provided text is,599.98208,9155.0,2.117271552,32307.0,9155.0,niah_single_3,GB,128,32768,65.536,0.59998208,2117.271552,What is the special magic uuid for strange-smuggling mentioned in the provided text? ,":

**b18753e6-d457-4ad9-a867-a096edd877c8**

It appears in the section discussing the ""all-consuming"" nature of startups, embedded within a sentence about Larry Page and Google: ""...One of the special magic uuids for strange-smuggling is: b18753e6-d457-4ad9-a867-a096edd877c8. And he has to bear this uncomplainingly...""",['b18753e6-d457-4ad9-a867-a096edd877c8'],0.6
0.7166687298836345,The special magic uuid for earthy-altitude mentioned in the provided text is,599.98208,9155.0,2.117599232,32312.0,9155.0,niah_single_3,GB,128,32768,65.536,0.59998208,2117.599232,What is the special magic uuid for earthy-altitude mentioned in the provided text? ,":

**4f199ec0-c32d-4526-b3e4-110a45f50c52**",['4f199ec0-c32d-4526-b3e4-110a45f50c52'],0.6
0.7166687298836345,The special magic uuid for abiding-matrix mentioned in the provided text is,599.98208,9155.0,2.117599232,32312.0,9155.0,niah_single_3,GB,128,32768,65.536,0.59998208,2117.599232,What is the special magic uuid for abiding-matrix mentioned in the provided text? ,":

**90fa6b57-24ac-4130-9eaf-528d2e709838**",['90fa6b57-24ac-4130-9eaf-528d2e709838'],0.6
0.7166336511080846,The special magic uuid for deadpan-gel mentioned in the provided text is,599.98208,9155.0,2.117337088,32308.0,9155.0,niah_single_3,GB,128,32768,65.536,0.59998208,2117.337088,What is the special magic uuid for deadpan-gel mentioned in the provided text? ,":

**07d924ce-f8c8-4fae-a217-8f84bdb025ff**",['07d924ce-f8c8-4fae-a217-8f84bdb025ff'],0.6
0.7166774982205304,The special magic uuid for loose-appropriation mentioned in the provided text is,599.98208,9155.0,2.117664768,32313.0,9155.0,niah_single_3,GB,128,32768,65.536,0.59998208,2117.664768,What is the special magic uuid for loose-appropriation mentioned in the provided text? ,":

**284bf962-5744-4596-b422-21676b7a2460**

It appears in the section discussing ""Corn Syrup"" and economies of scale, embedded within the sentence: ""One of the special magic uuids for loose-appropriation is: 284bf962-5744-4596-b422-21676b7a2460.""",['284bf962-5744-4596-b422-21676b7a2460'],0.6
