uncompressed_kv_memory_gb,question,predicted_answer,memory_budget_unit,retained_context_tokens,task,uncompressed_kv_memory_mb,kv_memory_per_token_kb,context_length,retained_kv_memory_mb,context_tokens,answer,compression_ratio,memory_budget,token_budget,max_new_tokens,retained_kv_memory_gb,answer_prefix
2.015297536,Question: Do not provide any explanation. Please ignore the dots '....'. What are the three most frequently appeared words in the above coded text? ,"

1.  **tsayl**
2.  **ultalu**
3.  **kjsvgb**",GB,3051.0,fwe,2015.297536,65.536,32768,199.950336,30751.0,['tsamyl' 'kjsvgb' 'ultalu'],0.9007837143507528,0.2,3051.0,50,0.199950336,"Answer: According to the coded text above, the three most frequently appeared words are:"
1.939931136,Question: Do not provide any explanation. Please ignore the dots '....'. What are the three most frequently appeared words in the above coded text? ,"
1. tuhrpx
2. jqafhp
3. ustkw",GB,3051.0,fwe,1939.931136,65.536,32768,199.950336,29601.0,['tuhrpx' 'jqafhp' 'ustkrw'],0.8969291577987231,0.2,3051.0,50,0.199950336,"Answer: According to the coded text above, the three most frequently appeared words are:"
2.059993088,Question: Do not provide any explanation. Please ignore the dots '....'. What are the three most frequently appeared words in the above coded text? ,"
1. ueiomi
2. jxpvms
3. jxpvms",GB,3051.0,fwe,2059.993088,65.536,32768,199.950336,31433.0,['ueiomi' 'jynvfj' 'uyrfxo'],0.9029364044157414,0.2,3051.0,50,0.199950336,"Answer: According to the coded text above, the three most frequently appeared words are:"
2.034827264,Question: Do not provide any explanation. Please ignore the dots '....'. What are the three most frequently appeared words in the above coded text? ,"
1. uafuav
2. jszgky
3. gvqrbm",GB,3051.0,fwe,2034.827264,65.536,32768,199.950336,31049.0,['uafuav' 'jszgky' 'utolmb'],0.9017359657315855,0.2,3051.0,50,0.199950336,"Answer: According to the coded text above, the three most frequently appeared words are:"
2.023030784,Question: Do not provide any explanation. Please ignore the dots '....'. What are the three most frequently appeared words in the above coded text? ,"
1. tgvkhd
2. udhtfp
3. hgkwax",GB,3051.0,fwe,2023.030784,65.536,32768,199.950336,30869.0,['tgvkhd' 'izxmvr' 'udhtfp'],0.9011629790404613,0.2,3051.0,50,0.199950336,"Answer: According to the coded text above, the three most frequently appeared words are:"
2.031091712,Question: Do not provide any explanation. Please ignore the dots '....'. What are the three most frequently appeared words in the above coded text? ," sxkaak, sxkaak, sxkaak.",GB,3051.0,fwe,2031.091712,65.536,32768,199.950336,30992.0,['sxbyjn' 'joqdsh' 'uamnpv'],0.9015552400619514,0.2,3051.0,50,0.199950336,"Answer: According to the coded text above, the three most frequently appeared words are:"
1.982464,Question: Do not provide any explanation. Please ignore the dots '....'. What are the three most frequently appeared words in the above coded text? ,"
1. tqggpf
2. jsbnkl
3. joboz",GB,3051.0,fwe,1982.464,65.536,32768,199.950336,30250.0,['tqggpf' 'jsbnkl' 'uqcvbj'],0.8991404958677686,0.2,3051.0,50,0.199950336,"Answer: According to the coded text above, the three most frequently appeared words are:"
1.941962752,Question: Do not provide any explanation. Please ignore the dots '....'. What are the three most frequently appeared words in the above coded text? ,"
1. tskcze
2. unejer
3. jfygvq",GB,3051.0,fwe,1941.962752,65.536,32768,199.950336,29632.0,['tskcze' 'jifiht' 'unejer'],0.8970369870410367,0.2,3051.0,50,0.199950336,"Answer: According to the coded text above, the three most frequently appeared words are:"
2.141126656,Question: Do not provide any explanation. Please ignore the dots '....'. What are the three most frequently appeared words in the above coded text? ,"

1.  **klxlhw**
2.  **tvcasv**
3.  **kgpusg**",GB,3051.0,fwe,2141.126656,65.536,32768,199.950336,32671.0,['tvcasv' 'klxlhw' 'uushyt'],0.9066144286982339,0.2,3051.0,50,0.199950336,"Answer: According to the coded text above, the three most frequently appeared words are:"
1.971191808,Question: Do not provide any explanation. Please ignore the dots '....'. What are the three most frequently appeared words in the above coded text? ,"
1. tjsool
2. kivmmc
3. gbuxls",GB,3051.0,fwe,1971.191808,65.536,32768,199.950336,30078.0,['tjsool' 'kmapsx' 'ujeuea'],0.8985637342908438,0.2,3051.0,50,0.199950336,"Answer: According to the coded text above, the three most frequently appeared words are:"
2.029125632,Question: Do not provide any explanation. Please ignore the dots '....'. What are the three most frequently appeared words in the above coded text? ,"

1. tdhpgl
2. hjemkg
3. kagiza",GB,3051.0,fwe,2029.125632,65.536,32768,199.950336,30962.0,['tdhpgl' 'kagiza' 'twjdoo'],0.9014598540145985,0.2,3051.0,50,0.199950336,"Answer: According to the coded text above, the three most frequently appeared words are:"
2.075066368,Question: Do not provide any explanation. Please ignore the dots '....'. What are the three most frequently appeared words in the above coded text? ,"
1. tkuhxi
2. jqoiak
3. jmluyx",GB,3051.0,fwe,2075.066368,65.536,32768,199.950336,31663.0,['tkuhxi' 'jqoiak' 'uowynw'],0.9036414742759687,0.2,3051.0,50,0.199950336,"Answer: According to the coded text above, the three most frequently appeared words are:"
2.04832768,Question: Do not provide any explanation. Please ignore the dots '....'. What are the three most frequently appeared words in the above coded text? ,"
1. tqsvko
2. unhqst
3. jlfk",GB,3051.0,fwe,2048.32768,65.536,32768,199.950336,31255.0,['tqsvko' 'jwzcvg' 'unhqst'],0.9023836186210207,0.2,3051.0,50,0.199950336,"Answer: According to the coded text above, the three most frequently appeared words are:"
2.041184256,Question: Do not provide any explanation. Please ignore the dots '....'. What are the three most frequently appeared words in the above coded text? ,"
1.  **swrfml**
2.  **jupfmm**
3.  **ubwqu**",GB,3051.0,fwe,2041.184256,65.536,32768,199.950336,31146.0,['swrfml' 'jupfmm' 'ubwrqu'],0.9020419957618956,0.2,3051.0,50,0.199950336,"Answer: According to the coded text above, the three most frequently appeared words are:"
2.02276864,Question: Do not provide any explanation. Please ignore the dots '....'. What are the three most frequently appeared words in the above coded text? ,"
1. tiqjnk
2. kcziwx
3. hlhmfs",GB,3051.0,fwe,2022.76864,65.536,32768,199.950336,30865.0,['tiqjnk' 'kcziwx' 'ujwtbp'],0.9011501700955775,0.2,3051.0,50,0.199950336,"Answer: According to the coded text above, the three most frequently appeared words are:"
2.066481152,Question: Do not provide any explanation. Please ignore the dots '....'. What are the three most frequently appeared words in the above coded text? ,"

1.  **urnvfc**
2.  **tuylvy**
3.  **jkhhvw**",GB,3051.0,fwe,2066.481152,65.536,32768,199.950336,31532.0,['tuylvy' 'jkhhvw' 'urnvfc'],0.903241151845744,0.2,3051.0,50,0.199950336,"Answer: According to the coded text above, the three most frequently appeared words are:"
2.00704,Question: Do not provide any explanation. Please ignore the dots '....'. What are the three most frequently appeared words in the above coded text? ,"
1. ""jyqese""
2. ""ulpypr""
3. ""jyqese""",GB,3051.0,fwe,2007.04,65.536,32768,199.950336,30625.0,['tolshv' 'jyqese' 'ulpypr'],0.9003755102040816,0.2,3051.0,50,0.199950336,"Answer: According to the coded text above, the three most frequently appeared words are:"
2.095972352,Question: Do not provide any explanation. Please ignore the dots '....'. What are the three most frequently appeared words in the above coded text? ,"
1. tkvogi
2. tkvogi
3. tkvogi",GB,3051.0,fwe,2095.972352,65.536,32768,199.950336,31982.0,['tkhiww' 'kiuobu' 'ucxvst'],0.9046025889562879,0.2,3051.0,50,0.199950336,"Answer: According to the coded text above, the three most frequently appeared words are:"
1.995702272,Question: Do not provide any explanation. Please ignore the dots '....'. What are the three most frequently appeared words in the above coded text? ,"
1. tfmdcn
2. iwustt
3. bcmkuk",GB,3051.0,fwe,1995.702272,65.536,32768,199.950336,30452.0,['tfmdcn' 'iwustt' 'uhnhea'],0.8998095363194536,0.2,3051.0,50,0.199950336,"Answer: According to the coded text above, the three most frequently appeared words are:"
1.95592192,Question: Do not provide any explanation. Please ignore the dots '....'. What are the three most frequently appeared words in the above coded text? ,"

1.  **swmmom**
2.  **junupb**
3.  **ucwlpm**",GB,3051.0,fwe,1955.92192,65.536,32768,199.950336,29845.0,['swmmom' 'junupb' 'ucwlpm'],0.8977718210755571,0.2,3051.0,50,0.199950336,"Answer: According to the coded text above, the three most frequently appeared words are:"
2.033975296,Question: Do not provide any explanation. Please ignore the dots '....'. What are the three most frequently appeared words in the above coded text? ,"

1. ubzgun
2. jrvvyj
3. jxseyh",GB,3051.0,fwe,2033.975296,65.536,32768,199.950336,31036.0,['ubzgun' 'jxseyh' 'uupusp'],0.9016948060317052,0.2,3051.0,50,0.199950336,"Answer: According to the coded text above, the three most frequently appeared words are:"
2.088108032,Question: Do not provide any explanation. Please ignore the dots '....'. What are the three most frequently appeared words in the above coded text? ,"
1. sxttgf
2. gujuta
3. vrhcmg",GB,3051.0,fwe,2088.108032,65.536,32768,199.950336,31862.0,['sxttgf' 'jcdpyd' 'trlola'],0.9042432992279203,0.2,3051.0,50,0.199950336,"Answer: According to the coded text above, the three most frequently appeared words are:"
2.048786432,Question: Do not provide any explanation. Please ignore the dots '....'. What are the three most frequently appeared words in the above coded text? ,"
1. tuqpcf
2. unafot
3. jfcgoh",GB,3051.0,fwe,2048.786432,65.536,32768,199.950336,31262.0,['tuqpcf' 'jjszjo' 'unafot'],0.9024054762971019,0.2,3051.0,50,0.199950336,"Answer: According to the coded text above, the three most frequently appeared words are:"
1.9890176,Question: Do not provide any explanation. Please ignore the dots '....'. What are the three most frequently appeared words in the above coded text? ,"
1. sxuwqf
2. khiuol
3. jyvnrx",GB,3051.0,fwe,1989.0176,65.536,32768,199.950336,30350.0,['sxuwqf' 'khiuol' 'udvqry'],0.8994728171334432,0.2,3051.0,50,0.199950336,"Answer: According to the coded text above, the three most frequently appeared words are:"
2.050228224,Question: Do not provide any explanation. Please ignore the dots '....'. What are the three most frequently appeared words in the above coded text? ,"
1. ""jojajd""
2. ""tllhdg""
3. ""ukcfdj""",GB,3051.0,fwe,2050.228224,65.536,32768,199.950336,31284.0,['tllhdg' 'jojajd' 'ukcfdj'],0.9024741081703107,0.2,3051.0,50,0.199950336,"Answer: According to the coded text above, the three most frequently appeared words are:"
2.133721088,Question: Do not provide any explanation. Please ignore the dots '....'. What are the three most frequently appeared words in the above coded text? ," sxkbsg, ikzcjw, and eudjka.",GB,3051.0,fwe,2133.721088,65.536,32768,199.950336,32558.0,['sxkbsg' 'iouhkp' 'uosbxf'],0.9062903126727686,0.2,3051.0,50,0.199950336,"Answer: According to the coded text above, the three most frequently appeared words are:"
1.960771584,Question: Do not provide any explanation. Please ignore the dots '....'. What are the three most frequently appeared words in the above coded text? ,"
1. tqcecw
2. uudjdj
3. jifzio",GB,3051.0,fwe,1960.771584,65.536,32768,199.950336,29919.0,['tqcecw' 'jpvudi' 'uudjdj'],0.8980246665998195,0.2,3051.0,50,0.199950336,"Answer: According to the coded text above, the three most frequently appeared words are:"
2.066153472,Question: Do not provide any explanation. Please ignore the dots '....'. What are the three most frequently appeared words in the above coded text? ,"

1.  **ugxmui**
2.  **ugxmui**
3.  **ugxmui**

(Note: The text appears to be a repetition of the same word ""ugxmui"" with some variations and",GB,3051.0,fwe,2066.153472,65.536,32768,199.950336,31527.0,['ugpdfh' 'jxussu' 'vbossy'],0.9032258064516129,0.2,3051.0,50,0.199950336,"Answer: According to the coded text above, the three most frequently appeared words are:"
2.069495808,Question: Do not provide any explanation. Please ignore the dots '....'. What are the three most frequently appeared words in the above coded text? ,"

1.  **sspqc**
2.  **jhelfw**
3.  **sspqc**

(Note: The text appears to be a repetition of the same few words, with ""sspqc"" and",GB,3051.0,fwe,2069.495808,65.536,32768,199.950336,31578.0,['sspqcq' 'jncpao' 'ttacqa'],0.9033821014630439,0.2,3051.0,50,0.199950336,"Answer: According to the coded text above, the three most frequently appeared words are:"
2.09092608,Question: Do not provide any explanation. Please ignore the dots '....'. What are the three most frequently appeared words in the above coded text? ,"
1. tpyoz
2. jlrhaa
3. wbctnq",GB,3051.0,fwe,2090.92608,65.536,32768,199.950336,31905.0,['tpyoyz' 'jlrhaa' 'uktzia'],0.9043723554301834,0.2,3051.0,50,0.199950336,"Answer: According to the coded text above, the three most frequently appeared words are:"
2.123104256,Question: Do not provide any explanation. Please ignore the dots '....'. What are the three most frequently appeared words in the above coded text? ,"

1. tgmzjy
2. jkkdsz
3. ebzizj",GB,3051.0,fwe,2123.104256,65.536,32768,199.950336,32396.0,['tgmzjy' 'jkkdsz' 'ugnpzb'],0.9058217063835041,0.2,3051.0,50,0.199950336,"Answer: According to the coded text above, the three most frequently appeared words are:"
2.11877888,Question: Do not provide any explanation. Please ignore the dots '....'. What are the three most frequently appeared words in the above coded text? ,"
1. ""jqqtiv""
2. ""exsoph""
3. ""mmtnjp""",GB,3051.0,fwe,2118.77888,65.536,32768,199.950336,32330.0,['sqdsfz' 'jqqtiv' 'uabolb'],0.9056294463346737,0.2,3051.0,50,0.199950336,"Answer: According to the coded text above, the three most frequently appeared words are:"
2.007826432,Question: Do not provide any explanation. Please ignore the dots '....'. What are the three most frequently appeared words in the above coded text? ,"
1. tunzbq
2. jtywfy
3. maidcs",GB,3051.0,fwe,2007.826432,65.536,32768,199.950336,30637.0,['tunzbq' 'jtywfy' 'uxdnje'],0.9004145314489016,0.2,3051.0,50,0.199950336,"Answer: According to the coded text above, the three most frequently appeared words are:"
2.03128832,Question: Do not provide any explanation. Please ignore the dots '....'. What are the three most frequently appeared words in the above coded text? ,"
1. trnrid
2. ulavee
3. jplkgv",GB,3051.0,fwe,2031.28832,65.536,32768,199.950336,30995.0,['trnrid' 'jwiwws' 'ulavee'],0.9015647685110502,0.2,3051.0,50,0.199950336,"Answer: According to the coded text above, the three most frequently appeared words are:"
1.989214208,Question: Do not provide any explanation. Please ignore the dots '....'. What are the three most frequently appeared words in the above coded text? ,"
1. ""kdxeez""
2. ""kdxeez""
3. ""kdxeez""",GB,3051.0,fwe,1989.214208,65.536,32768,199.950336,30353.0,['tnlccd' 'kjgpic' 'uhatfc'],0.8994827529404013,0.2,3051.0,50,0.199950336,"Answer: According to the coded text above, the three most frequently appeared words are:"
2.060976128,Question: Do not provide any explanation. Please ignore the dots '....'. What are the three most frequently appeared words in the above coded text? ,"
1. tnklu
2. upuwyt
3. jgnngr",GB,3051.0,fwe,2060.976128,65.536,32768,199.950336,31448.0,['tnkelu' 'jplnpd' 'upuwyt'],0.9029827016026456,0.2,3051.0,50,0.199950336,"Answer: According to the coded text above, the three most frequently appeared words are:"
1.79437568,Question: Do not provide any explanation. Please ignore the dots '....'. What are the three most frequently appeared words in the above coded text? ,"
1. **tlkzeg**
2. **kautlt**
3. **ubjlev**",GB,3051.0,fwe,1794.37568,65.536,32768,199.950336,27380.0,['tlkzeg' 'kautlt' 'ubjlev'],0.8885682980277575,0.2,3051.0,50,0.199950336,"Answer: According to the coded text above, the three most frequently appeared words are:"
1.9939328,Question: Do not provide any explanation. Please ignore the dots '....'. What are the three most frequently appeared words in the above coded text? ,"
1. tmsxxu
2. akfmxy
3. xxcmgp",GB,3051.0,fwe,1993.9328,65.536,32768,199.950336,30425.0,['tmsxxu' 'jgbhao' 'unddmc'],0.8997206244864421,0.2,3051.0,50,0.199950336,"Answer: According to the coded text above, the three most frequently appeared words are:"
2.044657664,Question: Do not provide any explanation. Please ignore the dots '....'. What are the three most frequently appeared words in the above coded text? ,"
1. ""tpkbtl""
2. ""unhnfk""
3. ""jlcoqh""",GB,3051.0,fwe,2044.657664,65.536,32768,199.950336,31199.0,['tpkbtl' 'jnkywg' 'unhnfk'],0.9022084041155165,0.2,3051.0,50,0.199950336,"Answer: According to the coded text above, the three most frequently appeared words are:"
2.043936768,Question: Do not provide any explanation. Please ignore the dots '....'. What are the three most frequently appeared words in the above coded text? ,"

1.  **tedgxm**
2.  **udhkmi**
3.  **jfqfcn**",GB,3051.0,fwe,2043.936768,65.536,32768,199.950336,31188.0,['tedgxm' 'jlyhlb' 'udhkmi'],0.9021739130434783,0.2,3051.0,50,0.199950336,"Answer: According to the coded text above, the three most frequently appeared words are:"
2.044919808,Question: Do not provide any explanation. Please ignore the dots '....'. What are the three most frequently appeared words in the above coded text? ,"
1. titoxe
2. juzfqr
3. urffg",GB,3051.0,fwe,2044.919808,65.536,32768,199.950336,31203.0,['titoxe' 'juzfqr' 'urrffg'],0.9022209402942025,0.2,3051.0,50,0.199950336,"Answer: According to the coded text above, the three most frequently appeared words are:"
1.959133184,Question: Do not provide any explanation. Please ignore the dots '....'. What are the three most frequently appeared words in the above coded text? ," tezdoq, ulrrzp, and jcwrxm.",GB,3051.0,fwe,1959.133184,65.536,32768,199.950336,29894.0,['tezdoq' 'jcwxrm' 'ulrrzp'],0.8979393858299324,0.2,3051.0,50,0.199950336,"Answer: According to the coded text above, the three most frequently appeared words are:"
2.070347776,Question: Do not provide any explanation. Please ignore the dots '....'. What are the three most frequently appeared words in the above coded text? ,"

1. tozmgv
2. jmspat
3. jtagsw",GB,3051.0,fwe,2070.347776,65.536,32768,199.950336,31591.0,['tozmgv' 'jtagsw' 'uwykbb'],0.9034218606565161,0.2,3051.0,50,0.199950336,"Answer: According to the coded text above, the three most frequently appeared words are:"
1.99786496,Question: Do not provide any explanation. Please ignore the dots '....'. What are the three most frequently appeared words in the above coded text? ,"

1. tmugem
2. tmugem
3. tmugem",GB,3051.0,fwe,1997.86496,65.536,32768,199.950336,30485.0,['tmugem' 'kiuzxx' 'ulyrri'],0.8999179924553059,0.2,3051.0,50,0.199950336,"Answer: According to the coded text above, the three most frequently appeared words are:"
1.944518656,Question: Do not provide any explanation. Please ignore the dots '....'. What are the three most frequently appeared words in the above coded text? ,"

1.  **twztrz**
2.  **uuieeb**
3.  **jtzkyn**",GB,3051.0,fwe,1944.518656,65.536,32768,199.950336,29671.0,['twztrz' 'jzpfpc' 'uuieeb'],0.8971723231438105,0.2,3051.0,50,0.199950336,"Answer: According to the coded text above, the three most frequently appeared words are:"
2.127495168,Question: Do not provide any explanation. Please ignore the dots '....'. What are the three most frequently appeared words in the above coded text? ,"
1. ""ungmlj""
2. ""tgxekj""
3. ""kbvhrg""",GB,3051.0,fwe,2127.495168,65.536,32768,199.950336,32463.0,['tsoyfe' 'kbvhrg' 'ungmlj'],0.9060160798447463,0.2,3051.0,50,0.199950336,"Answer: According to the coded text above, the three most frequently appeared words are:"
1.99032832,Question: Do not provide any explanation. Please ignore the dots '....'. What are the three most frequently appeared words in the above coded text? ,"

1.  **sow**
2.  **sow**
3.  **sow**

(Note: The word ""sow"" appears significantly more often than any other word in the text, followed by ""isvx",GB,3051.0,fwe,1990.32832,65.536,32768,199.950336,30370.0,['sowrdw' 'ivypqr' 'uaqpmz'],0.8995390187685216,0.2,3051.0,50,0.199950336,"Answer: According to the coded text above, the three most frequently appeared words are:"
1.995374592,Question: Do not provide any explanation. Please ignore the dots '....'. What are the three most frequently appeared words in the above coded text? ,"

1.  **tlzbge**
2.  **ulcagx**
3.  **keelzz**",GB,3051.0,fwe,1995.374592,65.536,32768,199.950336,30447.0,['tlzbge' 'keelzz' 'ulcagx'],0.8997930830623707,0.2,3051.0,50,0.199950336,"Answer: According to the coded text above, the three most frequently appeared words are:"
1.991573504,Question: Do not provide any explanation. Please ignore the dots '....'. What are the three most frequently appeared words in the above coded text? ,"
1. ssndpx
2. jaddpb
3. ltiekd",GB,3051.0,fwe,1991.573504,65.536,32768,199.950336,30389.0,['ssndpx' 'jaddpb' 'twrlhf'],0.8996018296093982,0.2,3051.0,50,0.199950336,"Answer: According to the coded text above, the three most frequently appeared words are:"
1.785790464,Question: Do not provide any explanation. Please ignore the dots '....'. What are the three most frequently appeared words in the above coded text? ,"
1. tatsjf
2. ktruag
3. ngaimk",GB,3051.0,fwe,1785.790464,65.536,32768,199.950336,27249.0,['tatsjf' 'ktruag' 'uboihe'],0.8880325883518662,0.2,3051.0,50,0.199950336,"Answer: According to the coded text above, the three most frequently appeared words are:"
1.991049216,Question: Do not provide any explanation. Please ignore the dots '....'. What are the three most frequently appeared words in the above coded text? ,"
1. trrlbn
2. jnavpb
3. jizzvz",GB,3051.0,fwe,1991.049216,65.536,32768,199.950336,30381.0,['trrlbn' 'jnavpb' 'uodecj'],0.8995753925150587,0.2,3051.0,50,0.199950336,"Answer: According to the coded text above, the three most frequently appeared words are:"
2.02604544,Question: Do not provide any explanation. Please ignore the dots '....'. What are the three most frequently appeared words in the above coded text? ,"
1. tfgcax
2. vxjzzp
3. kefhac",GB,3051.0,fwe,2026.04544,65.536,32768,199.950336,30915.0,['tfgcax' 'kefhac' 'ucfeus'],0.9013100436681223,0.2,3051.0,50,0.199950336,"Answer: According to the coded text above, the three most frequently appeared words are:"
2.090336256,Question: Do not provide any explanation. Please ignore the dots '....'. What are the three most frequently appeared words in the above coded text? ,"
1. sskhgc
2. amtjhx
3. mxnafi",GB,3051.0,fwe,2090.336256,65.536,32768,199.950336,31896.0,['sskhgc' 'jrcxma' 'udivog'],0.9043453724604966,0.2,3051.0,50,0.199950336,"Answer: According to the coded text above, the three most frequently appeared words are:"
2.061303808,Question: Do not provide any explanation. Please ignore the dots '....'. What are the three most frequently appeared words in the above coded text? ,"
1. tlnhmy
2. uhonv
3. juwae",GB,3051.0,fwe,2061.303808,65.536,32768,199.950336,31453.0,['tlnhmy' 'jylexj' 'uhonsv'],0.9029981241852924,0.2,3051.0,50,0.199950336,"Answer: According to the coded text above, the three most frequently appeared words are:"
2.084765696,Question: Do not provide any explanation. Please ignore the dots '....'. What are the three most frequently appeared words in the above coded text? ,"
1. tvzqhi
2. uspksd
3. jdyvur",GB,3051.0,fwe,2084.765696,65.536,32768,199.950336,31811.0,['tvzqhi' 'jdyvur' 'uspksd'],0.9040897802646883,0.2,3051.0,50,0.199950336,"Answer: According to the coded text above, the three most frequently appeared words are:"
2.080243712,Question: Do not provide any explanation. Please ignore the dots '....'. What are the three most frequently appeared words in the above coded text? ,"

1.  **udnqzy**
2.  **akpszu**
3.  **akvvel**",GB,3051.0,fwe,2080.243712,65.536,32768,199.950336,31742.0,['udnqzy' 'jkrgww' 'vaotio'],0.9038812929242014,0.2,3051.0,50,0.199950336,"Answer: According to the coded text above, the three most frequently appeared words are:"
2.119499776,Question: Do not provide any explanation. Please ignore the dots '....'. What are the three most frequently appeared words in the above coded text? ,"
1. tvkqvn
2. jogfbp
3. jxbbfc",GB,3051.0,fwe,2119.499776,65.536,32768,199.950336,32341.0,['tvkqvn' 'jxbbfc' 'uvbytx'],0.905661544169939,0.2,3051.0,50,0.199950336,"Answer: According to the coded text above, the three most frequently appeared words are:"
1.983053824,Question: Do not provide any explanation. Please ignore the dots '....'. What are the three most frequently appeared words in the above coded text? ,"
1.  **tmdcaa**
2.  **tmdcaa**
3.  **tmdcaa**

Wait, I need to re-evaluate the text provided. The text contains many repetitions of ""tmdcaa",GB,3051.0,fwe,1983.053824,65.536,32768,199.950336,30259.0,['tmdcaa' 'joyrjr' 'uobisu'],0.899170494728841,0.2,3051.0,50,0.199950336,"Answer: According to the coded text above, the three most frequently appeared words are:"
2.08011264,Question: Do not provide any explanation. Please ignore the dots '....'. What are the three most frequently appeared words in the above coded text? ,"
1. trcvmw
2. rnulqg
3. msgdmu",GB,3051.0,fwe,2080.11264,65.536,32768,199.950336,31740.0,['trcvmw' 'kdlfyq' 'ultjxn'],0.9038752362948961,0.2,3051.0,50,0.199950336,"Answer: According to the coded text above, the three most frequently appeared words are:"
1.830813696,Question: Do not provide any explanation. Please ignore the dots '....'. What are the three most frequently appeared words in the above coded text? ,"

1.  **tldomt**
2.  **ujggwd**
3.  **kqzocd**",GB,3051.0,fwe,1830.813696,65.536,32768,199.950336,27936.0,['tldomt' 'khqqia' 'ujggwd'],0.8907860824742269,0.2,3051.0,50,0.199950336,"Answer: According to the coded text above, the three most frequently appeared words are:"
2.103508992,Question: Do not provide any explanation. Please ignore the dots '....'. What are the three most frequently appeared words in the above coded text? ,"
1. tbwfer
2. guipng
3. hkgzsg",GB,3051.0,fwe,2103.508992,65.536,32768,199.950336,32097.0,['tbwfer' 'izpmpv' 'ugpqdh'],0.9049443873259183,0.2,3051.0,50,0.199950336,"Answer: According to the coded text above, the three most frequently appeared words are:"
2.036793344,Question: Do not provide any explanation. Please ignore the dots '....'. What are the three most frequently appeared words in the above coded text? ,"
1. ""tods""
2. ""tods""
3. ""tods""",GB,3051.0,fwe,2036.793344,65.536,32768,199.950336,31079.0,['todxse' 'jzbqrq' 'uxncvn'],0.9018308182373951,0.2,3051.0,50,0.199950336,"Answer: According to the coded text above, the three most frequently appeared words are:"
1.993670656,Question: Do not provide any explanation. Please ignore the dots '....'. What are the three most frequently appeared words in the above coded text? ,"

1. svwwxl
2. jjupmi
3. aylcqq",GB,3051.0,fwe,1993.670656,65.536,32768,199.950336,30421.0,['svwwxl' 'jjupmi' 'ubrbof'],0.8997074389402058,0.2,3051.0,50,0.199950336,"Answer: According to the coded text above, the three most frequently appeared words are:"
2.139357184,Question: Do not provide any explanation. Please ignore the dots '....'. What are the three most frequently appeared words in the above coded text? ,"
1. ""unshhq""
2. ""kenqlx""
3. ""tmtuiq""",GB,3051.0,fwe,2139.357184,65.536,32768,199.950336,32644.0,['tmsxpg' 'kenqlx' 'unshhq'],0.9065371890699669,0.2,3051.0,50,0.199950336,"Answer: According to the coded text above, the three most frequently appeared words are:"
2.021261312,Question: Do not provide any explanation. Please ignore the dots '....'. What are the three most frequently appeared words in the above coded text? ,"
1.  **thvkox**
2.  **thvkox**
3.  **thvkox**

Wait, I need to re-evaluate the text provided. The text is a long string of words separated by",GB,3051.0,fwe,2021.261312,65.536,32768,199.950336,30842.0,['thgrqa' 'jsbetc' 'uenqdu'],0.9010764541858505,0.2,3051.0,50,0.199950336,"Answer: According to the coded text above, the three most frequently appeared words are:"
2.019295232,Question: Do not provide any explanation. Please ignore the dots '....'. What are the three most frequently appeared words in the above coded text? ," tjlgaw, kgosrp, and iiwzzh.",GB,3051.0,fwe,2019.295232,65.536,32768,199.950336,30812.0,['tjlgaw' 'kgosrp' 'ufwgdz'],0.9009801376087239,0.2,3051.0,50,0.199950336,"Answer: According to the coded text above, the three most frequently appeared words are:"
2.074476544,Question: Do not provide any explanation. Please ignore the dots '....'. What are the three most frequently appeared words in the above coded text? ,"

1. tpvjlo
2. kxxypk
3. kxxypk",GB,3051.0,fwe,2074.476544,65.536,32768,199.950336,31654.0,['tpvjlo' 'kxxypk' 'uqskhr'],0.9036140772098313,0.2,3051.0,50,0.199950336,"Answer: According to the coded text above, the three most frequently appeared words are:"
1.97165056,Question: Do not provide any explanation. Please ignore the dots '....'. What are the three most frequently appeared words in the above coded text? ,"
1.  **tlsivw**
2.  **upxpjm**
3.  **kbhsld**",GB,3051.0,fwe,1971.65056,65.536,32768,199.950336,30085.0,['tlsivw' 'kbhsld' 'upxpjm'],0.8985873358816686,0.2,3051.0,50,0.199950336,"Answer: According to the coded text above, the three most frequently appeared words are:"
2.059075584,Question: Do not provide any explanation. Please ignore the dots '....'. What are the three most frequently appeared words in the above coded text? ,"
1. tpvbyq
2. wfthte
3. xwhnbj",GB,3051.0,fwe,2059.075584,65.536,32768,199.950336,31419.0,['tpvbyq' 'jxpnst' 'ungnye'],0.9028931538241192,0.2,3051.0,50,0.199950336,"Answer: According to the coded text above, the three most frequently appeared words are:"
2.060320768,Question: Do not provide any explanation. Please ignore the dots '....'. What are the three most frequently appeared words in the above coded text? ,"
1. tgcbzp
2. ujftth
3. kqebhu",GB,3051.0,fwe,2060.320768,65.536,32768,199.950336,31438.0,['tgcbzp' 'kwdkuh' 'ujftth'],0.9029518417202113,0.2,3051.0,50,0.199950336,"Answer: According to the coded text above, the three most frequently appeared words are:"
2.046558208,Question: Do not provide any explanation. Please ignore the dots '....'. What are the three most frequently appeared words in the above coded text? ,"
1. tcmsqh
2. jrjtn
3. uiaauu",GB,3051.0,fwe,2046.558208,65.536,32768,199.950336,31228.0,['tcmsqh' 'jrjetn' 'uiaauu'],0.9022992186499296,0.2,3051.0,50,0.199950336,"Answer: According to the coded text above, the three most frequently appeared words are:"
2.071658496,Question: Do not provide any explanation. Please ignore the dots '....'. What are the three most frequently appeared words in the above coded text? ,"
1. stihu
2. stihu
3. stihu",GB,3051.0,fwe,2071.658496,65.536,32768,199.950336,31611.0,['stnihu' 'jlyufo' 'tuptjn'],0.9034829647907374,0.2,3051.0,50,0.199950336,"Answer: According to the coded text above, the three most frequently appeared words are:"
2.026242048,Question: Do not provide any explanation. Please ignore the dots '....'. What are the three most frequently appeared words in the above coded text? ,"
1. tclpbq
2. tclpbq
3. tclpbq",GB,3051.0,fwe,2026.242048,65.536,32768,199.950336,30918.0,['tntvox' 'kiakkr' 'ulyavn'],0.9013196196390452,0.2,3051.0,50,0.199950336,"Answer: According to the coded text above, the three most frequently appeared words are:"
2.121465856,Question: Do not provide any explanation. Please ignore the dots '....'. What are the three most frequently appeared words in the above coded text? ,"
1. tixjwh
2. tixjwh
3. tixjwh",GB,3051.0,fwe,2121.465856,65.536,32768,199.950336,32371.0,['tixjwh' 'jhgawc' 'upzfgq'],0.9057489728460659,0.2,3051.0,50,0.199950336,"Answer: According to the coded text above, the three most frequently appeared words are:"
1.88973056,Question: Do not provide any explanation. Please ignore the dots '....'. What are the three most frequently appeared words in the above coded text? ,"
1. szynoo
2. jenqml
3. tromqw",GB,3051.0,fwe,1889.73056,65.536,32768,199.950336,28835.0,['szynoo' 'jenqml' 'tromqw'],0.8941910872203919,0.2,3051.0,50,0.199950336,"Answer: According to the coded text above, the three most frequently appeared words are:"
2.028797952,Question: Do not provide any explanation. Please ignore the dots '....'. What are the three most frequently appeared words in the above coded text? ,"
1.  **kdoebm**
2.  **urcfpv**
3.  **kdoebm**",GB,3051.0,fwe,2028.797952,65.536,32768,199.950336,30957.0,['twavwz' 'kdoebm' 'urcfpv'],0.9014439383661208,0.2,3051.0,50,0.199950336,"Answer: According to the coded text above, the three most frequently appeared words are:"
2.040397824,Question: Do not provide any explanation. Please ignore the dots '....'. What are the three most frequently appeared words in the above coded text? ," svzznn, svzznn, svzznn.",GB,3051.0,fwe,2040.397824,65.536,32768,199.950336,31134.0,['svnuoo' 'jlcgwo' 'tumaaf'],0.9020042397379071,0.2,3051.0,50,0.199950336,"Answer: According to the coded text above, the three most frequently appeared words are:"
2.017067008,Question: Do not provide any explanation. Please ignore the dots '....'. What are the three most frequently appeared words in the above coded text? ,"
1. tnzqss
2. urfwst
3. kbimcr",GB,3051.0,fwe,2017.067008,65.536,32768,199.950336,30778.0,['tnzqss' 'kepbaf' 'urfwst'],0.9008707518357268,0.2,3051.0,50,0.199950336,"Answer: According to the coded text above, the three most frequently appeared words are:"
2.124414976,Question: Do not provide any explanation. Please ignore the dots '....'. What are the three most frequently appeared words in the above coded text? ,"

1.  **tliwzl**
2.  **uegqku**
3.  **gryvvz**",GB,3051.0,fwe,2124.414976,65.536,32768,199.950336,32416.0,['tliwzl' 'jevmwv' 'uegqku'],0.9058798124383021,0.2,3051.0,50,0.199950336,"Answer: According to the coded text above, the three most frequently appeared words are:"
2.071461888,Question: Do not provide any explanation. Please ignore the dots '....'. What are the three most frequently appeared words in the above coded text? ,"

1. ubbxmt
2. vatugb
3. koxynh",GB,3051.0,fwe,2071.461888,65.536,32768,199.950336,31608.0,['ubbxmt' 'koxynh' 'vatugb'],0.9034738041002278,0.2,3051.0,50,0.199950336,"Answer: According to the coded text above, the three most frequently appeared words are:"
2.039676928,Question: Do not provide any explanation. Please ignore the dots '....'. What are the three most frequently appeared words in the above coded text? ,"

1.  **swlkzm**
2.  **ivyzvv**
3.  **ivyzvv**

(Note: The text contains a high frequency of ""swlkzm"" and ""ivyzvv"", with """,GB,3051.0,fwe,2039.676928,65.536,32768,199.950336,31123.0,['swlkzm' 'ivyzvv' 'tpyofp'],0.9019696044725766,0.2,3051.0,50,0.199950336,"Answer: According to the coded text above, the three most frequently appeared words are:"
1.96411392,Question: Do not provide any explanation. Please ignore the dots '....'. What are the three most frequently appeared words in the above coded text? ,"
1. ""tjnje""
2. ""uvwurg""
3. ""asqveq""",GB,3051.0,fwe,1964.11392,65.536,32768,199.950336,29970.0,['txdnje' 'kasfcu' 'uvwurg'],0.8981981981981982,0.2,3051.0,50,0.199950336,"Answer: According to the coded text above, the three most frequently appeared words are:"
1.974992896,Question: Do not provide any explanation. Please ignore the dots '....'. What are the three most frequently appeared words in the above coded text? ,"
1. tmcaex
2. unaqb
3. iyzlex",GB,3051.0,fwe,1974.992896,65.536,32768,199.950336,30136.0,['tmceax' 'iyzlex' 'unawqb'],0.8987589593841253,0.2,3051.0,50,0.199950336,"Answer: According to the coded text above, the three most frequently appeared words are:"
2.03685888,Question: Do not provide any explanation. Please ignore the dots '....'. What are the three most frequently appeared words in the above coded text? ,"
1. tmxdzx
2. umciyu
3. jmtaqs",GB,3051.0,fwe,2036.85888,65.536,32768,199.950336,31080.0,['tmxdzx' 'jmtaqs' 'umciyu'],0.9018339768339768,0.2,3051.0,50,0.199950336,"Answer: According to the coded text above, the three most frequently appeared words are:"
2.011037696,Question: Do not provide any explanation. Please ignore the dots '....'. What are the three most frequently appeared words in the above coded text? ,"

1.  **t**
2.  **i**
3.  **k**",GB,3051.0,fwe,2011.037696,65.536,32768,199.950336,30686.0,['tikkdz' 'jnzjai' 'umnluq'],0.9005735514566904,0.2,3051.0,50,0.199950336,"Answer: According to the coded text above, the three most frequently appeared words are:"
2.022703104,Question: Do not provide any explanation. Please ignore the dots '....'. What are the three most frequently appeared words in the above coded text? ,"
1. ug
2. if
3. or",GB,3051.0,fwe,2022.703104,65.536,32768,199.950336,30864.0,['ugfaor' 'ksufif' 'vbdvxe'],0.901146967340591,0.2,3051.0,50,0.199950336,"Answer: According to the coded text above, the three most frequently appeared words are:"
2.043543552,Question: Do not provide any explanation. Please ignore the dots '....'. What are the three most frequently appeared words in the above coded text? ,"

1.  **tsqwtq**
2.  **tsqwtq**
3.  **tsqwtq**

Wait, I need to re-evaluate the text provided. The text is a long string of",GB,3051.0,fwe,2043.543552,65.536,32768,199.950336,31182.0,['tsisok' 'jjpsed' 'uwaapq'],0.9021550894746969,0.2,3051.0,50,0.199950336,"Answer: According to the coded text above, the three most frequently appeared words are:"
2.089549824,Question: Do not provide any explanation. Please ignore the dots '....'. What are the three most frequently appeared words in the above coded text? ,"
1.  **jeptwc**
2.  **tjmrke**
3.  **hicekw**",GB,3051.0,fwe,2089.549824,65.536,32768,199.950336,31884.0,['twqdfg' 'jeptwc' 'uujpsb'],0.9043093714715845,0.2,3051.0,50,0.199950336,"Answer: According to the coded text above, the three most frequently appeared words are:"
2.028535808,Question: Do not provide any explanation. Please ignore the dots '....'. What are the three most frequently appeared words in the above coded text? ,"
1. tvmncl
2. anevwt
3. ycvpil",GB,3051.0,fwe,2028.535808,65.536,32768,199.950336,30953.0,['tvmncl' 'kalztx' 'uyelfo'],0.9014312021451879,0.2,3051.0,50,0.199950336,"Answer: According to the coded text above, the three most frequently appeared words are:"
1.800732672,Question: Do not provide any explanation. Please ignore the dots '....'. What are the three most frequently appeared words in the above coded text? ,"
1. teiato
2. tzpelm
3. ictrge",GB,3051.0,fwe,1800.732672,65.536,32768,199.950336,27477.0,['teiato' 'itzvbp' 'tzplem'],0.8889616770389781,0.2,3051.0,50,0.199950336,"Answer: According to the coded text above, the three most frequently appeared words are:"
2.039742464,Question: Do not provide any explanation. Please ignore the dots '....'. What are the three most frequently appeared words in the above coded text? ,"
1. tnkcza
2. wnvetg
3. jsealy",GB,3051.0,fwe,2039.742464,65.536,32768,199.950336,31124.0,['tnkcza' 'jyrhnx' 'uvmcop'],0.9019727541447115,0.2,3051.0,50,0.199950336,"Answer: According to the coded text above, the three most frequently appeared words are:"
1.977483264,Question: Do not provide any explanation. Please ignore the dots '....'. What are the three most frequently appeared words in the above coded text? ,"

1.  **szfhxs**
2.  **gqltal**
3.  **lkyzat**",GB,3051.0,fwe,1977.483264,65.536,32768,199.950336,30174.0,['szfhxs' 'irbodg' 'twtsni'],0.8988864585404653,0.2,3051.0,50,0.199950336,"Answer: According to the coded text above, the three most frequently appeared words are:"
1.959329792,Question: Do not provide any explanation. Please ignore the dots '....'. What are the three most frequently appeared words in the above coded text? ,"
1. tvrzwh
2. usjciu
3. rkuecv",GB,3051.0,fwe,1959.329792,65.536,32768,199.950336,29897.0,['tvrzwh' 'koovbn' 'usjciu'],0.8979496270528815,0.2,3051.0,50,0.199950336,"Answer: According to the coded text above, the three most frequently appeared words are:"
2.095775744,Question: Do not provide any explanation. Please ignore the dots '....'. What are the three most frequently appeared words in the above coded text? ,"
1. tskmlk
2. jtlxic
3. jptshu",GB,3051.0,fwe,2095.775744,65.536,32768,199.950336,31979.0,['tskmlk' 'jtlxic' 'uqbtpm'],0.9045936395759717,0.2,3051.0,50,0.199950336,"Answer: According to the coded text above, the three most frequently appeared words are:"
2.042494976,Question: Do not provide any explanation. Please ignore the dots '....'. What are the three most frequently appeared words in the above coded text? ,"
1.  **tyabqa**
2.  **uvgnrq**
3.  **kczjhi**",GB,3051.0,fwe,2042.494976,65.536,32768,199.950336,31166.0,['tyabqa' 'kczjhi' 'uvgnrq'],0.902104857857922,0.2,3051.0,50,0.199950336,"Answer: According to the coded text above, the three most frequently appeared words are:"
2.05684736,Question: Do not provide any explanation. Please ignore the dots '....'. What are the three most frequently appeared words in the above coded text? ,"
1. tupmnq
2. unigdj
3. klgaxv",GB,3051.0,fwe,2056.84736,65.536,32768,199.950336,31385.0,['tupmnq' 'kslbqh' 'unigdj'],0.9027879560299507,0.2,3051.0,50,0.199950336,"Answer: According to the coded text above, the three most frequently appeared words are:"
1.994719232,Question: Do not provide any explanation. Please ignore the dots '....'. What are the three most frequently appeared words in the above coded text? ,"
1. tbnoyx
2. kjjkcr
3. kfjqyf",GB,3051.0,fwe,1994.719232,65.536,32768,199.950336,30437.0,['tbnoyx' 'kjjkcr' 'ubiked'],0.8997601603311759,0.2,3051.0,50,0.199950336,"Answer: According to the coded text above, the three most frequently appeared words are:"
2.025324544,Question: Do not provide any explanation. Please ignore the dots '....'. What are the three most frequently appeared words in the above coded text? ,"
1. tnxijw
2. unspbd
3. ieghon",GB,3051.0,fwe,2025.324544,65.536,32768,199.950336,30904.0,['tnxijw' 'kjevbi' 'unspbd'],0.901274915868496,0.2,3051.0,50,0.199950336,"Answer: According to the coded text above, the three most frequently appeared words are:"
2.117664768,Question: Do not provide any explanation. Please ignore the dots '....'. What are the three most frequently appeared words in the above coded text? ,"
1. uluqim
2. uluqim
3. uluqim",GB,3051.0,fwe,2117.664768,65.536,32768,199.950336,32313.0,['uluqim' 'kbuzgo' 'viuscl'],0.9055797976046792,0.2,3051.0,50,0.199950336,"Answer: According to the coded text above, the three most frequently appeared words are:"
2.019557376,Question: Do not provide any explanation. Please ignore the dots '....'. What are the three most frequently appeared words in the above coded text? ," 1. ""ubufic"" 2. ""ubufic"" 3. ""ubufic""",GB,3051.0,fwe,2019.557376,65.536,32768,199.950336,30816.0,['ubrwfn' 'jticcc' 'uxcqgz'],0.9009929906542056,0.2,3051.0,50,0.199950336,"Answer: According to the coded text above, the three most frequently appeared words are:"
2.102460416,Question: Do not provide any explanation. Please ignore the dots '....'. What are the three most frequently appeared words in the above coded text? ,"

1.  **tkqfnd**
2.  **kqsyfm**
3.  **rdwhdw**",GB,3051.0,fwe,2102.460416,65.536,32768,199.950336,32081.0,['tkqfnd' 'kjrlay' 'umdiaa'],0.9048969795205886,0.2,3051.0,50,0.199950336,"Answer: According to the coded text above, the three most frequently appeared words are:"
2.00900608,Question: Do not provide any explanation. Please ignore the dots '....'. What are the three most frequently appeared words in the above coded text? ,"
1. tzonzy
2. uxncru
3. jpjysg",GB,3051.0,fwe,2009.00608,65.536,32768,199.950336,30655.0,['tzonzy' 'jpjysg' 'uxncru'],0.9004730060349045,0.2,3051.0,50,0.199950336,"Answer: According to the coded text above, the three most frequently appeared words are:"
2.098921472,Question: Do not provide any explanation. Please ignore the dots '....'. What are the three most frequently appeared words in the above coded text? ,"
1. tlrkag
2. unipdb
3. jgkbf",GB,3051.0,fwe,2098.921472,65.536,32768,199.950336,32027.0,['tlrqag' 'jmodqk' 'unipdb'],0.9047366284697287,0.2,3051.0,50,0.199950336,"Answer: According to the coded text above, the three most frequently appeared words are:"
2.058747904,Question: Do not provide any explanation. Please ignore the dots '....'. What are the three most frequently appeared words in the above coded text? ,"

1. trpwcu
2. ktqsxj
3. upsrky",GB,3051.0,fwe,2058.747904,65.536,32768,199.950336,31414.0,['trpwcu' 'ktqsxj' 'upsrky'],0.9028776978417266,0.2,3051.0,50,0.199950336,"Answer: According to the coded text above, the three most frequently appeared words are:"
2.060976128,Question: Do not provide any explanation. Please ignore the dots '....'. What are the three most frequently appeared words in the above coded text? ,"

1.  **tmrgty**
2.  **kdakac**
3.  **uofqqo**",GB,3051.0,fwe,2060.976128,65.536,32768,199.950336,31448.0,['tmrgty' 'kdakac' 'uofqqo'],0.9029827016026456,0.2,3051.0,50,0.199950336,"Answer: According to the coded text above, the three most frequently appeared words are:"
2.0135936,Question: Do not provide any explanation. Please ignore the dots '....'. What are the three most frequently appeared words in the above coded text? ,"
1. ""tihgrt""
2. ""kdmt""
3. ""elwrzs""",GB,3051.0,fwe,2013.5936,65.536,32768,199.950336,30725.0,['tihgrt' 'kdmytm' 'uhzssf'],0.900699755899105,0.2,3051.0,50,0.199950336,"Answer: According to the coded text above, the three most frequently appeared words are:"
2.019753984,Question: Do not provide any explanation. Please ignore the dots '....'. What are the three most frequently appeared words in the above coded text? ,"
1. **tpnrkg**
2. **jgbczh**
3. **eetgtl**",GB,3051.0,fwe,2019.753984,65.536,32768,199.950336,30819.0,['tpnrkg' 'joneej' 'uqwaqw'],0.9010026282488075,0.2,3051.0,50,0.199950336,"Answer: According to the coded text above, the three most frequently appeared words are:"
2.015297536,Question: Do not provide any explanation. Please ignore the dots '....'. What are the three most frequently appeared words in the above coded text? ,"
1. jykkys
2. unqdxf
3. vfxavh",GB,3051.0,fwe,2015.297536,65.536,32768,199.950336,30751.0,['unqdxf' 'jykkys' 'vfxavh'],0.9007837143507528,0.2,3051.0,50,0.199950336,"Answer: According to the coded text above, the three most frequently appeared words are:"
2.112159744,Question: Do not provide any explanation. Please ignore the dots '....'. What are the three most frequently appeared words in the above coded text? ,"
1. ucyhqy
2. ucyhqy
3. ucyhqy",GB,3051.0,fwe,2112.159744,65.536,32768,199.950336,32229.0,['ucyhqy' 'kaxojm' 'vcheya'],0.9053337056688076,0.2,3051.0,50,0.199950336,"Answer: According to the coded text above, the three most frequently appeared words are:"
1.88284928,Question: Do not provide any explanation. Please ignore the dots '....'. What are the three most frequently appeared words in the above coded text? ,"
1. ubxalp
2. jielyv
3. enhvwd",GB,3051.0,fwe,1882.84928,65.536,32768,199.950336,28730.0,['ubxalp' 'jielyv' 'uxcdds'],0.8938043856595893,0.2,3051.0,50,0.199950336,"Answer: According to the coded text above, the three most frequently appeared words are:"
2.031026176,Question: Do not provide any explanation. Please ignore the dots '....'. What are the three most frequently appeared words in the above coded text? ,"
1. tuqlxi
2. uxkcze
3. jxawkq",GB,3051.0,fwe,2031.026176,65.536,32768,199.950336,30991.0,['tuqlxi' 'jxawkq' 'uxkcze'],0.9015520635023071,0.2,3051.0,50,0.199950336,"Answer: According to the coded text above, the three most frequently appeared words are:"
2.069561344,Question: Do not provide any explanation. Please ignore the dots '....'. What are the three most frequently appeared words in the above coded text? ,"

1.  **ufawr**
2.  **kccpj**
3.  **vqix**",GB,3051.0,fwe,2069.561344,65.536,32768,199.950336,31579.0,['ufaryw' 'kccpkj' 'vcdqix'],0.9033851610247317,0.2,3051.0,50,0.199950336,"Answer: According to the coded text above, the three most frequently appeared words are:"
2.025586688,Question: Do not provide any explanation. Please ignore the dots '....'. What are the three most frequently appeared words in the above coded text? ,"
1. tqgwa
2. qxbamh
3. hhscfm",GB,3051.0,fwe,2025.586688,65.536,32768,199.950336,30908.0,['tqgewa' 'jwenpp' 'uqmzys'],0.9012876925067943,0.2,3051.0,50,0.199950336,"Answer: According to the coded text above, the three most frequently appeared words are:"
2.080309248,Question: Do not provide any explanation. Please ignore the dots '....'. What are the three most frequently appeared words in the above coded text? ,"
1.  **jlbyfj**
2.  **hpwyvf**
3.  **urwzp**",GB,3051.0,fwe,2080.309248,65.536,32768,199.950336,31743.0,['thsbax' 'jlbyfj' 'ugecyu'],0.903884320952651,0.2,3051.0,50,0.199950336,"Answer: According to the coded text above, the three most frequently appeared words are:"
1.963524096,Question: Do not provide any explanation. Please ignore the dots '....'. What are the three most frequently appeared words in the above coded text? ,"
1. tlxxwo
2. jefplu
3. jiwou",GB,3051.0,fwe,1963.524096,65.536,32768,199.950336,29961.0,['tltxwo' 'jiwwou' 'ufrora'],0.8981676179032743,0.2,3051.0,50,0.199950336,"Answer: According to the coded text above, the three most frequently appeared words are:"
2.049376256,Question: Do not provide any explanation. Please ignore the dots '....'. What are the three most frequently appeared words in the above coded text? ,"
1. udtbml
2. anwpzf
3. ... (Note: The dots '....' are ignored as per the instruction.)",GB,3051.0,fwe,2049.376256,65.536,32768,199.950336,31271.0,['udtbml' 'kaomlw' 'vdlktf'],0.9024335646445588,0.2,3051.0,50,0.199950336,"Answer: According to the coded text above, the three most frequently appeared words are:"
1.923678208,Question: Do not provide any explanation. Please ignore the dots '....'. What are the three most frequently appeared words in the above coded text? ,"
1. txjniq
2. uuhsid
3. kalcac",GB,3051.0,fwe,1923.678208,65.536,32768,199.950336,29353.0,['txjniq' 'kalcac' 'uuhsid'],0.8960583245324157,0.2,3051.0,50,0.199950336,"Answer: According to the coded text above, the three most frequently appeared words are:"
1.928527872,Question: Do not provide any explanation. Please ignore the dots '....'. What are the three most frequently appeared words in the above coded text? ,"
1.  **tlvlwh**
2.  **kbamed**
3.  **ucufb**",GB,3051.0,fwe,1928.527872,65.536,32768,199.950336,29427.0,['tlvlwh' 'kbamed' 'ucjufb'],0.8963197063920889,0.2,3051.0,50,0.199950336,"Answer: According to the coded text above, the three most frequently appeared words are:"
2.04111872,Question: Do not provide any explanation. Please ignore the dots '....'. What are the three most frequently appeared words in the above coded text? ,"
1. ucwznq
2. auaoqz
3. hvqlsb",GB,3051.0,fwe,2041.11872,65.536,32768,199.950336,31145.0,['ucwznq' 'kyclsr' 'vjopty'],0.9020388505378071,0.2,3051.0,50,0.199950336,"Answer: According to the coded text above, the three most frequently appeared words are:"
2.077229056,Question: Do not provide any explanation. Please ignore the dots '....'. What are the three most frequently appeared words in the above coded text? ,"
1. trfot
2. unuvib
3. jpvotj",GB,3051.0,fwe,2077.229056,65.536,32768,199.950336,31696.0,['trhfot' 'jpvotj' 'unuvib'],0.9037417970721857,0.2,3051.0,50,0.199950336,"Answer: According to the coded text above, the three most frequently appeared words are:"
2.077032448,Question: Do not provide any explanation. Please ignore the dots '....'. What are the three most frequently appeared words in the above coded text? ,"
1. tqqzhs
2. ulcetr
3. jgmxdk",GB,3051.0,fwe,2077.032448,65.536,32768,199.950336,31693.0,['tqqzhs' 'joqstn' 'ulcetr'],0.903732685451046,0.2,3051.0,50,0.199950336,"Answer: According to the coded text above, the three most frequently appeared words are:"
1.86712064,Question: Do not provide any explanation. Please ignore the dots '....'. What are the three most frequently appeared words in the above coded text? ,"

1. toedom
2. ullmou
3. kfapvr",GB,3051.0,fwe,1867.12064,65.536,32768,199.950336,28490.0,['toedom' 'kfapvr' 'ullmou'],0.8929097929097929,0.2,3051.0,50,0.199950336,"Answer: According to the coded text above, the three most frequently appeared words are:"
2.010382336,Question: Do not provide any explanation. Please ignore the dots '....'. What are the three most frequently appeared words in the above coded text? ,"
1. ""ueptpn""
2. ""hnlygj""
3. ""kdatmg""",GB,3051.0,fwe,2010.382336,65.536,32768,199.950336,30676.0,['teepca' 'kdatmg' 'ueptpn'],0.9005411396531491,0.2,3051.0,50,0.199950336,"Answer: According to the coded text above, the three most frequently appeared words are:"
2.106195968,Question: Do not provide any explanation. Please ignore the dots '....'. What are the three most frequently appeared words in the above coded text? ,"
1. tfcska
2. hnwpmb
3. jgkhws",GB,3051.0,fwe,2106.195968,65.536,32768,199.950336,32138.0,['tfcska' 'jkkcei' 'uieeaz'],0.9050656543655485,0.2,3051.0,50,0.199950336,"Answer: According to the coded text above, the three most frequently appeared words are:"
2.065104896,Question: Do not provide any explanation. Please ignore the dots '....'. What are the three most frequently appeared words in the above coded text? ,"

1. tituqs
2. ulmwgt
3. jwevrp",GB,3051.0,fwe,2065.104896,65.536,32768,199.950336,31511.0,['tituqs' 'jxfpdk' 'ulmwgt'],0.9031766684649805,0.2,3051.0,50,0.199950336,"Answer: According to the coded text above, the three most frequently appeared words are:"
2.077097984,Question: Do not provide any explanation. Please ignore the dots '....'. What are the three most frequently appeared words in the above coded text? ,"

1.  **sohfdu**
2.  **tqadzp**
3.  **ijxttq**",GB,3051.0,fwe,2077.097984,65.536,32768,199.950336,31694.0,['sohfdu' 'ijxttq' 'tqadzp'],0.9037357228497508,0.2,3051.0,50,0.199950336,"Answer: According to the coded text above, the three most frequently appeared words are:"
2.0512768,Question: Do not provide any explanation. Please ignore the dots '....'. What are the three most frequently appeared words in the above coded text? ,"
1. tkvsme
2. uivetu
3. jhkmbt",GB,3051.0,fwe,2051.2768,65.536,32768,199.950336,31300.0,['tkvsme' 'jhkmbt' 'uivetu'],0.9025239616613419,0.2,3051.0,50,0.199950336,"Answer: According to the coded text above, the three most frequently appeared words are:"
2.11877888,Question: Do not provide any explanation. Please ignore the dots '....'. What are the three most frequently appeared words in the above coded text? ,"
1.  **ttjsbl**
2.  **jtvfqn**
3.  **jyrghz**",GB,3051.0,fwe,2118.77888,65.536,32768,199.950336,32330.0,['ttjsbl' 'jyrghz' 'uqfnvw'],0.9056294463346737,0.2,3051.0,50,0.199950336,"Answer: According to the coded text above, the three most frequently appeared words are:"
2.064384,Question: Do not provide any explanation. Please ignore the dots '....'. What are the three most frequently appeared words in the above coded text? ,"
1.  **thjs**
2.  **umtpd**
3.  **jrlsib**",GB,3051.0,fwe,2064.384,65.536,32768,199.950336,31500.0,['thszjs' 'jrlsib' 'umtlpd'],0.9031428571428571,0.2,3051.0,50,0.199950336,"Answer: According to the coded text above, the three most frequently appeared words are:"
1.912078336,Question: Do not provide any explanation. Please ignore the dots '....'. What are the three most frequently appeared words in the above coded text? ,"

1. sovrbq
2. jtuoqn
3. vxxibi",GB,3051.0,fwe,1912.078336,65.536,32768,199.950336,29176.0,['sovrbq' 'jtuoqn' 'twhwbr'],0.8954277488346586,0.2,3051.0,50,0.199950336,"Answer: According to the coded text above, the three most frequently appeared words are:"
2.0299776,Question: Do not provide any explanation. Please ignore the dots '....'. What are the three most frequently appeared words in the above coded text? ,"
1. javalc
2. sfdz
3. tmboxk",GB,3051.0,fwe,2029.9776,65.536,32768,199.950336,30975.0,['srsdzd' 'javalc' 'twetcn'],0.901501210653753,0.2,3051.0,50,0.199950336,"Answer: According to the coded text above, the three most frequently appeared words are:"
1.933180928,Question: Do not provide any explanation. Please ignore the dots '....'. What are the three most frequently appeared words in the above coded text? ,"
1. jigply
2. tbftxm
3. lywgan",GB,3051.0,fwe,1933.180928,65.536,32768,199.950336,29498.0,['tlzytg' 'jigply' 'uhneco'],0.896569258932809,0.2,3051.0,50,0.199950336,"Answer: According to the coded text above, the three most frequently appeared words are:"
2.065956864,Question: Do not provide any explanation. Please ignore the dots '....'. What are the three most frequently appeared words in the above coded text? ,"
1. swfjzu
2. auvwrd
3. mxbumw",GB,3051.0,fwe,2065.956864,65.536,32768,199.950336,31524.0,['swfjzu' 'jychvb' 'udtbne'],0.9032165968785687,0.2,3051.0,50,0.199950336,"Answer: According to the coded text above, the three most frequently appeared words are:"
1.98148096,Question: Do not provide any explanation. Please ignore the dots '....'. What are the three most frequently appeared words in the above coded text? ,"

1.  **stbrco**
2.  **tvitvl**
3.  **injdqz**",GB,3051.0,fwe,1981.48096,65.536,32768,199.950336,30235.0,['stbrco' 'iuttgi' 'tvitvl'],0.899090458078386,0.2,3051.0,50,0.199950336,"Answer: According to the coded text above, the three most frequently appeared words are:"
2.08896,Question: Do not provide any explanation. Please ignore the dots '....'. What are the three most frequently appeared words in the above coded text? ,"
1. tmmhqd
2. ujmhva
3. jyhqpq",GB,3051.0,fwe,2088.96,65.536,32768,199.950336,31875.0,['tmmhqd' 'jyhqpq' 'ujmhva'],0.9042823529411764,0.2,3051.0,50,0.199950336,"Answer: According to the coded text above, the three most frequently appeared words are:"
2.032074752,Question: Do not provide any explanation. Please ignore the dots '....'. What are the three most frequently appeared words in the above coded text? ,"
1. tmtnun
2. uvhqmm
3. qilvny",GB,3051.0,fwe,2032.074752,65.536,32768,199.950336,31007.0,['tmtnun' 'iuoupn' 'uvhqmm'],0.9016028638694489,0.2,3051.0,50,0.199950336,"Answer: According to the coded text above, the three most frequently appeared words are:"
2.081554432,Question: Do not provide any explanation. Please ignore the dots '....'. What are the three most frequently appeared words in the above coded text? ,"
1.  **trnmep**
2.  **uxulbm**
3.  **kgdpeh**",GB,3051.0,fwe,2081.554432,65.536,32768,199.950336,31762.0,['trnmep' 'kgdpeh' 'uxulbm'],0.9039418172659153,0.2,3051.0,50,0.199950336,"Answer: According to the coded text above, the three most frequently appeared words are:"
1.810694144,Question: Do not provide any explanation. Please ignore the dots '....'. What are the three most frequently appeared words in the above coded text? ,"

1. togggy
2. ushzsj
3. jskeck",GB,3051.0,fwe,1810.694144,65.536,32768,199.950336,27629.0,['togggy' 'jskeck' 'ushzsj'],0.8895725505809113,0.2,3051.0,50,0.199950336,"Answer: According to the coded text above, the three most frequently appeared words are:"
1.967652864,Question: Do not provide any explanation. Please ignore the dots '....'. What are the three most frequently appeared words in the above coded text? ,"
1. tadcl
2. umlxns
3. klhofz",GB,3051.0,fwe,1967.652864,65.536,32768,199.950336,30024.0,['tadkcl' 'klhofz' 'umlxns'],0.8983812949640287,0.2,3051.0,50,0.199950336,"Answer: According to the coded text above, the three most frequently appeared words are:"
2.123956224,Question: Do not provide any explanation. Please ignore the dots '....'. What are the three most frequently appeared words in the above coded text? ,"
1. ""tjtqhj""
2. ""vzlelk""
3. ""unrolw""",GB,3051.0,fwe,2123.956224,65.536,32768,199.950336,32409.0,['tjlglv' 'klddev' 'unrolw'],0.905859483476812,0.2,3051.0,50,0.199950336,"Answer: According to the coded text above, the three most frequently appeared words are:"
2.064515072,Question: Do not provide any explanation. Please ignore the dots '....'. What are the three most frequently appeared words in the above coded text? ,"
1.  **thkxwk**
2.  **usmmdp**
3.  **jvcrpi**",GB,3051.0,fwe,2064.515072,65.536,32768,199.950336,31502.0,['thkxwk' 'jxrcyi' 'uskmdp'],0.9031490064122913,0.2,3051.0,50,0.199950336,"Answer: According to the coded text above, the three most frequently appeared words are:"
1.966342144,Question: Do not provide any explanation. Please ignore the dots '....'. What are the three most frequently appeared words in the above coded text? ,"
1. tfvvsh
2. kgonjh
3. tyebks",GB,3051.0,fwe,1966.342144,65.536,32768,199.950336,30004.0,['tfvvsh' 'kgonjh' 'uctlfg'],0.898313558192241,0.2,3051.0,50,0.199950336,"Answer: According to the coded text above, the three most frequently appeared words are:"
1.82157312,Question: Do not provide any explanation. Please ignore the dots '....'. What are the three most frequently appeared words in the above coded text? ," szkpkg, szkpkg, and szkpkg.",GB,3051.0,fwe,1821.57312,65.536,32768,199.950336,27795.0,['szkpkg' 'jramlp' 'tuufax'],0.8902320561252024,0.2,3051.0,50,0.199950336,"Answer: According to the coded text above, the three most frequently appeared words are:"
2.169831424,Question: Do not provide any explanation. Please ignore the dots '....'. What are the three most frequently appeared words in the above coded text? ,"
1. tkkukx
2. jhwbqh
3. hcddjc",GB,3051.0,fwe,2169.831424,65.536,32768,199.950336,33109.0,['tkkukx' 'jooovo' 'uixcup'],0.9078498293515358,0.2,3051.0,50,0.199950336,"Answer: According to the coded text above, the three most frequently appeared words are:"
1.993015296,Question: Do not provide any explanation. Please ignore the dots '....'. What are the three most frequently appeared words in the above coded text? ,"
1.  **tffwhy**
2.  **jyomds**
3.  **hmrtue**",GB,3051.0,fwe,1993.015296,65.536,32768,199.950336,30411.0,['tffwhy' 'jyomds' 'uhdtpf'],0.8996744598993786,0.2,3051.0,50,0.199950336,"Answer: According to the coded text above, the three most frequently appeared words are:"
2.04341248,Question: Do not provide any explanation. Please ignore the dots '....'. What are the three most frequently appeared words in the above coded text? ,"
1. tjtdrf
2. tjtdrf
3. tjtdrf",GB,3051.0,fwe,2043.41248,65.536,32768,199.950336,31180.0,['tjcuag' 'keckqe' 'uqfnih'],0.9021488133418858,0.2,3051.0,50,0.199950336,"Answer: According to the coded text above, the three most frequently appeared words are:"
2.044657664,Question: Do not provide any explanation. Please ignore the dots '....'. What are the three most frequently appeared words in the above coded text? ,"
1. trjvhp
2. jqnrlq
3. ulzmod",GB,3051.0,fwe,2044.657664,65.536,32768,199.950336,31199.0,['trjvhp' 'jqnrlq' 'ulzmod'],0.9022084041155165,0.2,3051.0,50,0.199950336,"Answer: According to the coded text above, the three most frequently appeared words are:"
2.101149696,Question: Do not provide any explanation. Please ignore the dots '....'. What are the three most frequently appeared words in the above coded text? ,"
1. sdvsvf
2. aokecs
3. xbrejg",GB,3051.0,fwe,2101.149696,65.536,32768,199.950336,32061.0,['sdvsvf' 'iokjxr' 'thosjb'],0.9048376532235426,0.2,3051.0,50,0.199950336,"Answer: According to the coded text above, the three most frequently appeared words are:"
2.112749568,Question: Do not provide any explanation. Please ignore the dots '....'. What are the three most frequently appeared words in the above coded text? ,"
1. szpzfc
2. szpzfc
3. szpzfc",GB,3051.0,fwe,2112.749568,65.536,32768,199.950336,32238.0,['szpzfc' 'jfnrqe' 'trelgk'],0.9053601340033501,0.2,3051.0,50,0.199950336,"Answer: According to the coded text above, the three most frequently appeared words are:"
2.08437248,Question: Do not provide any explanation. Please ignore the dots '....'. What are the three most frequently appeared words in the above coded text? ,"
1. tgfnki
2. umnyp
3. jkiqce",GB,3051.0,fwe,2084.37248,65.536,32768,199.950336,31805.0,['tgfnki' 'jkiqce' 'ummnyp'],0.9040716868416916,0.2,3051.0,50,0.199950336,"Answer: According to the coded text above, the three most frequently appeared words are:"
1.979252736,Question: Do not provide any explanation. Please ignore the dots '....'. What are the three most frequently appeared words in the above coded text? ,"

1. ttbrn
2. ttbrn
3. ttbrn",GB,3051.0,fwe,1979.252736,65.536,32768,199.950336,30201.0,['ttubrn' 'krfsyt' 'uspvag'],0.8989768550710241,0.2,3051.0,50,0.199950336,"Answer: According to the coded text above, the three most frequently appeared words are:"
1.939472384,Question: Do not provide any explanation. Please ignore the dots '....'. What are the three most frequently appeared words in the above coded text? ,"
1. txyzmc
2. uvhiui
3. kjyiis",GB,3051.0,fwe,1939.472384,65.536,32768,199.950336,29594.0,['txyzmc' 'kjyiis' 'uvhiui'],0.8969047779955397,0.2,3051.0,50,0.199950336,"Answer: According to the coded text above, the three most frequently appeared words are:"
2.047279104,Question: Do not provide any explanation. Please ignore the dots '....'. What are the three most frequently appeared words in the above coded text? , 1. tacihv 2. jendop 3. jendop,GB,3051.0,fwe,2047.279104,65.536,32768,199.950336,31239.0,['tacihv' 'jkyvyp' 'tyobne'],0.902333621434745,0.2,3051.0,50,0.199950336,"Answer: According to the coded text above, the three most frequently appeared words are:"
2.044002304,Question: Do not provide any explanation. Please ignore the dots '....'. What are the three most frequently appeared words in the above coded text? ,"

1. tvb
2. uslafj
3. kgrhkv",GB,3051.0,fwe,2044.002304,65.536,32768,199.950336,31189.0,['tvbckf' 'kgrhkv' 'uslafj'],0.9021770496008208,0.2,3051.0,50,0.199950336,"Answer: According to the coded text above, the three most frequently appeared words are:"
2.042494976,Question: Do not provide any explanation. Please ignore the dots '....'. What are the three most frequently appeared words in the above coded text? ,"
1.  **tddxby**
2.  **kzprl**
3.  **jykbnf**",GB,3051.0,fwe,2042.494976,65.536,32768,199.950336,31166.0,['tddxby' 'kazprl' 'uckjfj'],0.902104857857922,0.2,3051.0,50,0.199950336,"Answer: According to the coded text above, the three most frequently appeared words are:"
2.019950592,Question: Do not provide any explanation. Please ignore the dots '....'. What are the three most frequently appeared words in the above coded text? ,"
1. tjzoii
2. uhmnzr
3. jotyzr",GB,3051.0,fwe,2019.950592,65.536,32768,199.950336,30822.0,['tjzoii' 'jscepk' 'uhmnzr'],0.9010122639672961,0.2,3051.0,50,0.199950336,"Answer: According to the coded text above, the three most frequently appeared words are:"
2.048,Question: Do not provide any explanation. Please ignore the dots '....'. What are the three most frequently appeared words in the above coded text? ,"
1. tqxgmn
2. ajzssp
3. ...",GB,3051.0,fwe,2048.0,65.536,32768,199.950336,31250.0,['tqxgmn' 'jpghyz' 'uihkps'],0.9023680000000001,0.2,3051.0,50,0.199950336,"Answer: According to the coded text above, the three most frequently appeared words are:"
2.028601344,Question: Do not provide any explanation. Please ignore the dots '....'. What are the three most frequently appeared words in the above coded text? ,"
1. tlvwxq
2. ahblgi
3. ydujpj",GB,3051.0,fwe,2028.601344,65.536,32768,199.950336,30954.0,['tlvwxq' 'jwuuhn' 'urfkpg'],0.9014343865090134,0.2,3051.0,50,0.199950336,"Answer: According to the coded text above, the three most frequently appeared words are:"
1.877671936,Question: Do not provide any explanation. Please ignore the dots '....'. What are the three most frequently appeared words in the above coded text? ,"
1. sinkqh
2. tfvugz
3. isyihs",GB,3051.0,fwe,1877.671936,65.536,32768,199.950336,28651.0,['sinkqh' 'iwrver' 'tfvugz'],0.8935115702767792,0.2,3051.0,50,0.199950336,"Answer: According to the coded text above, the three most frequently appeared words are:"
2.032467968,Question: Do not provide any explanation. Please ignore the dots '....'. What are the three most frequently appeared words in the above coded text? ,"
1.  **trbwsu**
2.  **jsyhen**
3.  **jmgyzh**",GB,3051.0,fwe,2032.467968,65.536,32768,199.950336,31013.0,['trbwsu' 'jsyhen' 'usbynv'],0.9016219004933415,0.2,3051.0,50,0.199950336,"Answer: According to the coded text above, the three most frequently appeared words are:"
2.08863232,Question: Do not provide any explanation. Please ignore the dots '....'. What are the three most frequently appeared words in the above coded text? ,"
1. tklprp
2. jqyxbu
3. uejbfq",GB,3051.0,fwe,2088.63232,65.536,32768,199.950336,31870.0,['tklprp' 'jqyxbu' 'uejbfq'],0.9042673360527141,0.2,3051.0,50,0.199950336,"Answer: According to the coded text above, the three most frequently appeared words are:"
2.004549632,Question: Do not provide any explanation. Please ignore the dots '....'. What are the three most frequently appeared words in the above coded text? ,"
1. ""tmfwc""
2. ""upbmzj""
3. ""kaobmx""",GB,3051.0,fwe,2004.549632,65.536,32768,199.950336,30587.0,['tmcfwc' 'kaobmx' 'upbmzj'],0.9002517409356916,0.2,3051.0,50,0.199950336,"Answer: According to the coded text above, the three most frequently appeared words are:"
2.034368512,Question: Do not provide any explanation. Please ignore the dots '....'. What are the three most frequently appeared words in the above coded text? ,"
1. tofebf
2. uhcvhf
3. kbpquc",GB,3051.0,fwe,2034.368512,65.536,32768,199.950336,31042.0,['tofebf' 'kbpquc' 'uhcvhf'],0.901713807100058,0.2,3051.0,50,0.199950336,"Answer: According to the coded text above, the three most frequently appeared words are:"
2.057437184,Question: Do not provide any explanation. Please ignore the dots '....'. What are the three most frequently appeared words in the above coded text? ,"
1.  **ujssfg**
2.  **tbkjyj**
3.  **fjswuh**",GB,3051.0,fwe,2057.437184,65.536,32768,199.950336,31394.0,['tmndpu' 'jweodn' 'ujssfg'],0.9028158246798751,0.2,3051.0,50,0.199950336,"Answer: According to the coded text above, the three most frequently appeared words are:"
1.986658304,Question: Do not provide any explanation. Please ignore the dots '....'. What are the three most frequently appeared words in the above coded text? ,"

1. synbhi
2. txrulu
3. kcgibo",GB,3051.0,fwe,1986.658304,65.536,32768,199.950336,30314.0,['synbhi' 'kcgibo' 'txrulu'],0.8993534340568714,0.2,3051.0,50,0.199950336,"Answer: According to the coded text above, the three most frequently appeared words are:"
2.036924416,Question: Do not provide any explanation. Please ignore the dots '....'. What are the three most frequently appeared words in the above coded text? ,"

1.  **jagqtu**
2.  **jagqtu**
3.  **jagqtu**

(Note: The text provided contains a high frequency of the word ""jagqtu"" repeated",GB,3051.0,fwe,2036.924416,65.536,32768,199.950336,31081.0,['skronu' 'jfjuuw' 'thsvua'],0.9018371352273093,0.2,3051.0,50,0.199950336,"Answer: According to the coded text above, the three most frequently appeared words are:"
2.0791296,Question: Do not provide any explanation. Please ignore the dots '....'. What are the three most frequently appeared words in the above coded text? ,"

1.  **tvtqjg**
2.  **uteoa**
3.  **jwepxd**",GB,3051.0,fwe,2079.1296,65.536,32768,199.950336,31725.0,['tvtqjg' 'jwepxd' 'uteioa'],0.9038297872340426,0.2,3051.0,50,0.199950336,"Answer: According to the coded text above, the three most frequently appeared words are:"
2.057699328,Question: Do not provide any explanation. Please ignore the dots '....'. What are the three most frequently appeared words in the above coded text? ,"

1. tfnzt
2. unqg
3. jkqvi",GB,3051.0,fwe,2057.699328,65.536,32768,199.950336,31398.0,['tfnczt' 'jkvaqi' 'unqugz'],0.9028282056181922,0.2,3051.0,50,0.199950336,"Answer: According to the coded text above, the three most frequently appeared words are:"
2.005794816,Question: Do not provide any explanation. Please ignore the dots '....'. What are the three most frequently appeared words in the above coded text? ," unlbgx, trumch, and hixcbm.",GB,3051.0,fwe,2005.794816,65.536,32768,199.950336,30606.0,['trtocy' 'jitrny' 'unlbgx'],0.9003136639874534,0.2,3051.0,50,0.199950336,"Answer: According to the coded text above, the three most frequently appeared words are:"
2.112815104,Question: Do not provide any explanation. Please ignore the dots '....'. What are the three most frequently appeared words in the above coded text? ,"
1. ttcmwq
2. jwgrzo
3. jrnypl",GB,3051.0,fwe,2112.815104,65.536,32768,199.950336,32239.0,['ttcmwq' 'jwgrzo' 'uqlmkh'],0.9053630695741183,0.2,3051.0,50,0.199950336,"Answer: According to the coded text above, the three most frequently appeared words are:"
2.016083968,Question: Do not provide any explanation. Please ignore the dots '....'. What are the three most frequently appeared words in the above coded text? ,"
1. **twikv**
2. **uxucfz**
3. **kbjwot**",GB,3051.0,fwe,2016.083968,65.536,32768,199.950336,30763.0,['twbikv' 'kbjwot' 'uxucfz'],0.9008224165393492,0.2,3051.0,50,0.199950336,"Answer: According to the coded text above, the three most frequently appeared words are:"
1.94904064,Question: Do not provide any explanation. Please ignore the dots '....'. What are the three most frequently appeared words in the above coded text? ,"
1. ""ssqtay""
2. ""isskpq""
3. ""lnnswn""",GB,3051.0,fwe,1949.04064,65.536,32768,199.950336,29740.0,['ssqtay' 'iznzir' 'twnttw'],0.8974108944182919,0.2,3051.0,50,0.199950336,"Answer: According to the coded text above, the three most frequently appeared words are:"
1.950875648,Question: Do not provide any explanation. Please ignore the dots '....'. What are the three most frequently appeared words in the above coded text? ," 1. ""jjwneg"" 2. ""tifsg"" 3. ""ukjccp""",GB,3051.0,fwe,1950.875648,65.536,32768,199.950336,29768.0,['tisbqg' 'jjwneg' 'ukjccp'],0.8975073904864284,0.2,3051.0,50,0.199950336,"Answer: According to the coded text above, the three most frequently appeared words are:"
2.050752512,Question: Do not provide any explanation. Please ignore the dots '....'. What are the three most frequently appeared words in the above coded text? ,"
1. ticuoo
2. ticuoo
3. ticuoo",GB,3051.0,fwe,2050.752512,65.536,32768,199.950336,31292.0,['ticuoo' 'kesjzh' 'tzeayb'],0.9024990412885082,0.2,3051.0,50,0.199950336,"Answer: According to the coded text above, the three most frequently appeared words are:"
2.106195968,Question: Do not provide any explanation. Please ignore the dots '....'. What are the three most frequently appeared words in the above coded text? ,"

1. tklfvr
2. tklfvr
3. tklfvr",GB,3051.0,fwe,2106.195968,65.536,32768,199.950336,32138.0,['tklfvr' 'kfxoik' 'uiggis'],0.9050656543655485,0.2,3051.0,50,0.199950336,"Answer: According to the coded text above, the three most frequently appeared words are:"
2.0627456,Question: Do not provide any explanation. Please ignore the dots '....'. What are the three most frequently appeared words in the above coded text? ,"

1. svyykb
2. svyykb
3. svyykb",GB,3051.0,fwe,2062.7456,65.536,32768,199.950336,31475.0,['svyykb' 'jzlksq' 'txdujw'],0.9030659253375695,0.2,3051.0,50,0.199950336,"Answer: According to the coded text above, the three most frequently appeared words are:"
2.022506496,Question: Do not provide any explanation. Please ignore the dots '....'. What are the three most frequently appeared words in the above coded text? ,"
1. ucxhns
2. jottzx
3. hfetif",GB,3051.0,fwe,2022.506496,65.536,32768,199.950336,30861.0,['ucxhns' 'jottzx' 'uuoxtp'],0.9011373578302713,0.2,3051.0,50,0.199950336,"Answer: According to the coded text above, the three most frequently appeared words are:"
2.108751872,Question: Do not provide any explanation. Please ignore the dots '....'. What are the three most frequently appeared words in the above coded text? ," tyiaxg, kfwqkw, and kbecqw.",GB,3051.0,fwe,2108.751872,65.536,32768,199.950336,32177.0,['tyiaxg' 'kfwqkw' 'uqeujm'],0.905180719147217,0.2,3051.0,50,0.199950336,"Answer: According to the coded text above, the three most frequently appeared words are:"
2.01949184,Question: Do not provide any explanation. Please ignore the dots '....'. What are the three most frequently appeared words in the above coded text? ,"

1. ssptfv
2. ssptfv
3. ssptfv",GB,3051.0,fwe,2019.49184,65.536,32768,199.950336,30815.0,['ssnyie' 'jhbfpa' 'tvprih'],0.9009897777056628,0.2,3051.0,50,0.199950336,"Answer: According to the coded text above, the three most frequently appeared words are:"
2.021064704,Question: Do not provide any explanation. Please ignore the dots '....'. What are the three most frequently appeared words in the above coded text? ,"
1. ""jjzdon""
2. ""tmctcv""
3. ""eqldmv""",GB,3051.0,fwe,2021.064704,65.536,32768,199.950336,30839.0,['sudtho' 'jjzdon' 'twhmyd'],0.9010668309607964,0.2,3051.0,50,0.199950336,"Answer: According to the coded text above, the three most frequently appeared words are:"
2.079391744,Question: Do not provide any explanation. Please ignore the dots '....'. What are the three most frequently appeared words in the above coded text? ,"
1. srhtw
2. jnstqk
3. jhlvdg",GB,3051.0,fwe,2079.391744,65.536,32768,199.950336,31729.0,['srhatw' 'jnstqk' 'tmltsj'],0.903841911185351,0.2,3051.0,50,0.199950336,"Answer: According to the coded text above, the three most frequently appeared words are:"
1.923219456,Question: Do not provide any explanation. Please ignore the dots '....'. What are the three most frequently appeared words in the above coded text? ,"
1.  **teqtad**
2.  **jutloh**
3.  **uboomg**",GB,3051.0,fwe,1923.219456,65.536,32768,199.950336,29346.0,['teqtad' 'jutloh' 'uboomg'],0.8960335309752607,0.2,3051.0,50,0.199950336,"Answer: According to the coded text above, the three most frequently appeared words are:"
1.871642624,Question: Do not provide any explanation. Please ignore the dots '....'. What are the three most frequently appeared words in the above coded text? ,"
1. sujxxl
2. vgtxjy
3. mxqovy",GB,3051.0,fwe,1871.642624,65.536,32768,199.950336,28559.0,['sujxxl' 'khavdd' 'tvmjds'],0.8931685283098147,0.2,3051.0,50,0.199950336,"Answer: According to the coded text above, the three most frequently appeared words are:"
1.913389056,Question: Do not provide any explanation. Please ignore the dots '....'. What are the three most frequently appeared words in the above coded text? ," 1. ""svojhn"" 2. ""svojhn"" 3. ""svojhn""",GB,3051.0,fwe,1913.389056,65.536,32768,199.950336,29196.0,['svojhn' 'jhrhuz' 'twlzuy'],0.8954993834771887,0.2,3051.0,50,0.199950336,"Answer: According to the coded text above, the three most frequently appeared words are:"
2.050490368,Question: Do not provide any explanation. Please ignore the dots '....'. What are the three most frequently appeared words in the above coded text? ,"
1.  **tdcjm**
2.  **tdcjm**
3.  **tdcjm**

(Note: The text appears to be a repetition of the same word ""tdcjm"" interspersed with",GB,3051.0,fwe,2050.490368,65.536,32768,199.950336,31288.0,['tducjm' 'khzjur' 'ulykgc'],0.902486576323191,0.2,3051.0,50,0.199950336,"Answer: According to the coded text above, the three most frequently appeared words are:"
2.032861184,Question: Do not provide any explanation. Please ignore the dots '....'. What are the three most frequently appeared words in the above coded text? ,"
1. tdppez
2. tdppez
3. tdppez",GB,3051.0,fwe,2032.861184,65.536,32768,199.950336,31019.0,['tddpez' 'jshxed' 'udtmno'],0.9016409297527321,0.2,3051.0,50,0.199950336,"Answer: According to the coded text above, the three most frequently appeared words are:"
1.997930496,Question: Do not provide any explanation. Please ignore the dots '....'. What are the three most frequently appeared words in the above coded text? ,"
1. ufeylo
2. mqmhff
3. jfhxjc",GB,3051.0,fwe,1997.930496,65.536,32768,199.950336,30486.0,['tmzpct' 'jqqtku' 'ufeylo'],0.8999212753395001,0.2,3051.0,50,0.199950336,"Answer: According to the coded text above, the three most frequently appeared words are:"
1.97296128,Question: Do not provide any explanation. Please ignore the dots '....'. What are the three most frequently appeared words in the above coded text? ,"
1. tiitjt
2. iyxamd
3. ulkm",GB,3051.0,fwe,1972.96128,65.536,32768,199.950336,30105.0,['tiitjt' 'iyxamd' 'ululkm'],0.8986547085201794,0.2,3051.0,50,0.199950336,"Answer: According to the coded text above, the three most frequently appeared words are:"
2.006646784,Question: Do not provide any explanation. Please ignore the dots '....'. What are the three most frequently appeared words in the above coded text? ,"

1. twc
2. twc
3. twc",GB,3051.0,fwe,2006.646784,65.536,32768,199.950336,30619.0,['twcyew' 'koesct' 'uwhhla'],0.9003559881119566,0.2,3051.0,50,0.199950336,"Answer: According to the coded text above, the three most frequently appeared words are:"
2.084110336,Question: Do not provide any explanation. Please ignore the dots '....'. What are the three most frequently appeared words in the above coded text? ,"
1. tngyip
2. tngyip
3. tngyip",GB,3051.0,fwe,2084.110336,65.536,32768,199.950336,31801.0,['tnfuty' 'jujwql' 'unpyqu'],0.9040596207666426,0.2,3051.0,50,0.199950336,"Answer: According to the coded text above, the three most frequently appeared words are:"
2.0332544,Question: Do not provide any explanation. Please ignore the dots '....'. What are the three most frequently appeared words in the above coded text? ,"
1. kdeglk
2. toqgbo
3. unrjmz",GB,3051.0,fwe,2033.2544,65.536,32768,199.950336,31025.0,['toqgbo' 'kdeglk' 'unrjmz'],0.9016599516518936,0.2,3051.0,50,0.199950336,"Answer: According to the coded text above, the three most frequently appeared words are:"
2.076901376,Question: Do not provide any explanation. Please ignore the dots '....'. What are the three most frequently appeared words in the above coded text? ," 1. ""tbwnem"" 2. ""jlqhiy"" 3. ""ucgmet""",GB,3051.0,fwe,2076.901376,65.536,32768,199.950336,31691.0,['tbwnem' 'jlqhiy' 'ucgemt'],0.9037266100785712,0.2,3051.0,50,0.199950336,"Answer: According to the coded text above, the three most frequently appeared words are:"
2.05062144,Question: Do not provide any explanation. Please ignore the dots '....'. What are the three most frequently appeared words in the above coded text? ,"
1. ""tjqqil""
2. ""tjqqil""
3. ""tjqqil""",GB,3051.0,fwe,2050.62144,65.536,32768,199.950336,31290.0,['tjoocy' 'jlqwyd' 'ugcbdk'],0.9024928092042186,0.2,3051.0,50,0.199950336,"Answer: According to the coded text above, the three most frequently appeared words are:"
2.093350912,Question: Do not provide any explanation. Please ignore the dots '....'. What are the three most frequently appeared words in the above coded text? ,"
1. tvsjjm
2. urdxyt
3. jrqz",GB,3051.0,fwe,2093.350912,65.536,32768,199.950336,31942.0,['tvsjjm' 'jrosqz' 'urdxyt'],0.9044831256652683,0.2,3051.0,50,0.199950336,"Answer: According to the coded text above, the three most frequently appeared words are:"
2.114125824,Question: Do not provide any explanation. Please ignore the dots '....'. What are the three most frequently appeared words in the above coded text? ,"
1. swzybd
2. ttgwst
3. jfmfmp",GB,3051.0,fwe,2114.125824,65.536,32768,199.950336,32259.0,['swzybd' 'jkiqaw' 'tvgddt'],0.9054217427694597,0.2,3051.0,50,0.199950336,"Answer: According to the coded text above, the three most frequently appeared words are:"
2.026242048,Question: Do not provide any explanation. Please ignore the dots '....'. What are the three most frequently appeared words in the above coded text? ,"

1. tcxpfg
2. txedel
3. txedel",GB,3051.0,fwe,2026.242048,65.536,32768,199.950336,30918.0,['tcxpfg' 'jtxrcl' 'ugyswf'],0.9013196196390452,0.2,3051.0,50,0.199950336,"Answer: According to the coded text above, the three most frequently appeared words are:"
1.940324352,Question: Do not provide any explanation. Please ignore the dots '....'. What are the three most frequently appeared words in the above coded text? ," sylavd, jnqubl, and wbawok.",GB,3051.0,fwe,1940.324352,65.536,32768,199.950336,29607.0,['sylavd' 'jnqubl' 'tzvqkp'],0.8969500455973249,0.2,3051.0,50,0.199950336,"Answer: According to the coded text above, the three most frequently appeared words are:"
2.070413312,Question: Do not provide any explanation. Please ignore the dots '....'. What are the three most frequently appeared words in the above coded text? ,"
1. toqgov
2. jkjpps
3. hakdjg",GB,3051.0,fwe,2070.413312,65.536,32768,199.950336,31592.0,['toqgov' 'jkjpps' 'uqxsdb'],0.9034249177006837,0.2,3051.0,50,0.199950336,"Answer: According to the coded text above, the three most frequently appeared words are:"
1.960247296,Question: Do not provide any explanation. Please ignore the dots '....'. What are the three most frequently appeared words in the above coded text? ,"
1. ""tmnas""
2. ""tmnas""
3. ""tmnas""",GB,3051.0,fwe,1960.247296,65.536,32768,199.950336,29911.0,['tnmfas' 'jmueix' 'ukemkf'],0.8979973922637157,0.2,3051.0,50,0.199950336,"Answer: According to the coded text above, the three most frequently appeared words are:"
2.03587584,Question: Do not provide any explanation. Please ignore the dots '....'. What are the three most frequently appeared words in the above coded text? ,"
1. tpdpxx
2. upngor
3. ewulth",GB,3051.0,fwe,2035.87584,65.536,32768,199.950336,31065.0,['tpdpxx' 'kdgajo' 'upngor'],0.9017865765330758,0.2,3051.0,50,0.199950336,"Answer: According to the coded text above, the three most frequently appeared words are:"
