id,answers,prediction,tokens,latency_s,score
loft:quest_128k:0,"[""A Case of Need""]","[{'TITLE': ""In this painting, 'The Scarlet Letter' by Hugues Merle (1861), Hester Prynne and Pearl are in the foreground and Arthur Dimmesdale and Roger Chillingworth are in the background."", 'ID': '69'}]",18982,101.31,0.0
loft:quest_128k:1,"[""Five Point Someone"", ""One Night @ the Call Center"", ""The 3 Mistakes of My Life""]","[{'title': 'Five Point Someone: What not to do at IIT', 'id': 112}]",8590,93.29,0.0
loft:quest_128k:2,"[""Duel with Death"", ""Fly Away Home (2016 film)"", ""Sunshine (1999 film)""]",,14060,87.47,0.0
loft:quest_128k:3,"[""Moomins and the Comet Chase"", ""Quest for a Heart"", ""Santa Claus and the Magic Drum""]","[{'TITLE': 'Santa Claus and the Magic Drum', 'ID': '142'}]",5615,27.07,0.0
loft:quest_128k:4,"[""At Night We Walk in Circles"", ""La reina de América"", ""Lost City Radio""]",,4320,34.7,0.0
loft:quest_128k:5,"[""One Way Trip 3D""]",,8799,76.95,0.0
loft:quest_128k:6,"[""Lego Scooby-Doo! Blowout Beach Bash"", ""Scooby-Doo! and the Curse of the 13th Ghost"", ""The Magic Snowflake""]","['Hotel Transylvania (film)', 'Blinky Bill the Movie']",35357,85.0,0.0
loft:quest_128k:7,"[""Firecrest (novel)"", ""Lament for Leto""]",,13891,49.68,0.0
loft:quest_128k:8,"[""Crisis of Conscience""]","Final Answer: [[{'TITLE': 'Crisis of Conscience', 'ID': '289'}]]",4704,16.57,0.0
loft:quest_128k:9,"[""Demi-Gods and Semi-Devils"", ""The Adventures of Peregrine Pickle"", ""The History of Sir Charles Grandison""]",[],18897,58.68,0.0
loft:quest_128k:10,"[""Chain of Attack"", ""The Final Nexus"", ""The Peacekeepers""]","Title: The Final Nexus  
ID: 1",1686,13.05,0.0
loft:quest_128k:11,"[""Best Defense"", ""Red Dawn""]",,9535,71.09,0.0
loft:quest_128k:12,"[""Seveneves""]",,12639,53.77,0.0
loft:quest_128k:13,"[""Alega Gang: Public Enemy No.1 of Cebu"", ""Lapu-Lapu (2002 film)"", ""Patay na si Hesus""]","[{'TITLE': 'Alega Gang: Public Enemy No.1 of Cebu', 'ID': '30'}]",8663,38.4,0.0
loft:quest_128k:14,"[""All She Was Worth"", ""Crossfire (novel)"", ""Out (novel)""]","[{'TITLE': 'Out (novel)', 'ID': '255'}]",17461,67.59,0.0
loft:quest_128k:15,"[""Elizabeth (film)""]",,5047,73.27,0.0
loft:quest_128k:16,"[""Personal Recollections of Joan of Arc""]",,3446,15.87,0.0
loft:quest_128k:17,"[""Hitman's Wife's Bodyguard"", ""Red Notice (film)"", ""The King's Man""]","No documents provide information about 2021 films that are both action and comedy. The extracted material mentions ""2021 American action comedy film"" and references ""The Hitman's Bodyguard,"" but does not specify a title or confirm it as a 2021 action-comedy film. Therefore, no valid film title and ID can be determined from the provided text.",44686,167.21,0.0
loft:quest_128k:18,"[""The Way of the Scarlet Pimpernel""]",,3496,17.73,0.0
loft:quest_128k:19,"[""Batman & Bill"", ""Batman & Robin (film)"", ""Batman (serial)""]",Final Answer: [],5545,34.94,0.0
loft:quest_128k:20,"[""Batman: The Killing Joke (film)"", ""Pérák: The Shadow over Prague"", ""The League of Extraordinary Gentlemen (film)""]","['TITLE: Batman: The Killing Joke (film)', 'TITLE: The League of Extraordinary Gentlemen (film)', 'TITLE: Pérák: The Shadow over Prague']",5728,112.13,0.0
loft:quest_128k:21,"[""Poison in Jest"", ""The Waxworks Murder""]",,8704,54.09,0.0
loft:quest_128k:22,"[""Battle Cry (Uris novel)"", ""Go Tell It on the Mountain (novel)"", ""Junkie (novel)""]","TITLE: Go Tell It on the Mountain (novel) | ID: 85  
[No debut novels released in 1953 are mentioned in the text.]",11092,40.27,0.0
loft:quest_128k:23,"[""P4W: Prison for Women"", ""The Phantom (2021 film)"", ""Waseskun""]","There is no documentary about the penal system in the United States that is not about law enforcement mentioned in the provided text. Therefore, no title or ID can be extracted.",60237,137.72,0.0
loft:quest_128k:24,"[""Mythago Wood"", ""Nights at the Circus""]",,15185,85.3,0.0
loft:quest_128k:25,"[""Laughing Gas (novel)""]",[],11248,28.04,0.0
loft:quest_128k:26,"[""Hannibal Rising"", ""Jewel (novel)""]",,2241,37.09,0.0
loft:quest_128k:27,"[""Ryan (film)""]",No such Canadian documentary about homelessness and LGBT issues exists in the provided text.,7736,78.96,0.0
loft:quest_128k:28,"[""Cavalleria rusticana (1982 film)"", ""The Deadly Game (1982 film)"", ""The Life of Verdi (miniseries)""]",,6930,56.48,0.0
loft:quest_128k:29,"[""Hulk: Where Monsters Dwell"", ""Resident Evil: Vendetta""]",nothing,4178,40.82,0.0
loft:quest_128k:30,"[""A Lingering Face"", ""Looking Up (film)"", ""Ni Jing: Thou Shalt Not Steal""]","[('Looking Up', 84)]",22266,94.27,0.0
loft:quest_128k:31,"[""Child Bride"", ""I Accuse My Parents"", ""The Devil's Sleep""]",[],3679,34.32,0.0
loft:quest_128k:32,"[""Time and the Wind""]","[{'TITLE': 'Time and the Wind', 'ID': '185'}]",5772,16.26,0.0
loft:quest_128k:33,"[""Midnight Sun (Meyer novel)"", ""New Moon (novel)"", ""Twilight (Meyer novel)""]","[{'title': 'The Changeover', 'id': '46'}]",7291,58.04,0.0
loft:quest_128k:34,"[""Boy at War"", ""The Changeover"", ""The Firebird Rocket""]",,3670,90.69,0.0
loft:quest_128k:35,"[""Killing Them Softly"", ""Mac & Devin Go to High School""]","No, there is no 2012 comedy film about social issues in the United States based on the provided text. The text does not mention such a film, and the information given is unrelated to a comedy film addressing social issues. Therefore, neither a title nor an ID can be extracted.",6708,66.3,0.0
loft:quest_128k:36,"[""My Uncle Napoleon"", ""Savushun"", ""The Blind Owl""]",ID: 35 | TITLE: The Blind Owl,7123,33.94,0.0
loft:quest_128k:37,"[""Doctor Zhivago (film)""]",,10064,63.82,0.0
loft:quest_128k:38,"[""The Picturegoers"", ""The Violent Bear It Away""]",,1961,35.31,0.0
loft:quest_128k:39,"[""Undercover with the KKK""]",,3524,34.85,0.0
loft:quest_128k:40,"[""An Obvious Situation"", ""That Night's Wife"", ""The Copper (1930 film)""]","[{'TITLE': 'The Copper (1930 film)', 'ID': '92'}, {'TITLE': 'An Obvious Situation', 'ID': '203'}, {'TITLE': ""That Night's Wife"", 'ID': '231'}]",10616,40.22,0.0
loft:quest_128k:41,"[""Ace Attorney (film)"", ""True Story (film)""]",,1780,21.47,0.0
loft:quest_128k:42,"[""Le Grand Meaulnes"", ""The Mysteries of Paris"", ""The Mystery of the Yellow Room""]",,25246,137.84,0.0
loft:quest_128k:43,"[""Casta Diva (1935 film)"", ""The Fire Devil"", ""Under Capricorn""]",[],1808,32.93,0.0
loft:quest_128k:44,"[""First Invasion: The War of 1812"", ""Last of the Buccaneers"", ""Mohawk (2017 film)""]",,5744,30.42,0.0
loft:quest_128k:45,"[""Going Vertical"", ""Prefontaine (film)""]","[{'TITLE': 'Going Vertical', 'ID': '122'}]",10602,57.88,0.0
loft:quest_128k:46,"[""Ilium (novel)"", ""Summer of Night"", ""The Fall of Hyperion (novel)""]","- Summer of Night  
- Children of the Night  
- Fires of Eden  
- A Winter Haunting",1976,21.63,0.3333333333333333
loft:quest_128k:47,"[""We the Living""]",,6862,66.22,0.0
loft:quest_128k:48,"[""Le Divorce"", ""Peppermint Soda"", ""Two English Girls""]","Yes, the text describes a film about sisters shot in Paris.

TITLE: Peppermint Soda, ID: 138",3706,36.07,0.0
loft:quest_128k:49,"[""Aftermath (1994 film)"", ""Amoklauf"", ""Aya: Imagined Autobiography""]","[{'title': 'Aftermath', 'origin': 'Spain'}]",8575,55.16,0.0
loft:quest_128k:50,"[""Circe (novel)"", ""Julian (novel)""]",no,11710,68.94,0.0
loft:quest_128k:51,"[""Alice's Adventures in Wonderland"", ""Prince Caspian"", ""The Magician's Nephew""]",,7153,32.88,0.0
loft:quest_128k:52,"[""A.P.E.X.""]",,9016,26.45,0.0
loft:quest_128k:53,"[""Babes in Toyland (1934 film)"", ""Mad Monster Party?""]","TITLE: None  
ID: None  
['No']",13411,40.22,0.0
loft:quest_128k:54,"[""Come in Spinner"", ""The Thorn Birds"", ""Zuleika Dobson""]","TITLE: Illywhacker, ID: 20",4133,33.34,0.0
