id,campaign,task,label,selection,k,window,read_chars,finding_chars,hops,metric,score,em,n,tokens_per_query,total_tokens,latency_s,root_peak_tokens,document_coverage,map_calls,abstained,errors,unfinished,run_name
query-a5636ec8f10dab22,query,hotpotqa_128k,BM25 · task + question · k=10,aware,10,2000,0,2000,1,subspan_em,47.27272727272727,36.36363636363637,55,7950.163636363636,437259,22.38836363636364,516.7735849056604,0.04313490312082019,10.0,2,0,0,loft__hotpotqa_128k__Qwen_Qwen3-4B-Instruct-2507__structured__split-test__chunks-bm2510__mapg-window
query-3f4d12a91168b862,query,hotpotqa_128k,BM25 · question only · k=10,aware,10,2000,0,2000,1,subspan_em,50.90909090909091,38.18181818181819,55,8362.89090909091,459959,19.735818181818182,566.7735849056604,0.04476353798519606,10.0,2,0,0,loft__hotpotqa_128k__Qwen_Qwen3-4B-Instruct-2507__structured__split-test__chunks-bm2510__mapg-window__qbare
query-bf77dae04c724c15,query,hotpotqa_128k,BM25 · task + question · k=2,aware,2,2000,0,2000,1,subspan_em,0.0,0.0,55,1221.3636363636363,67175,0.6936363636363635,,0.006782047956120525,2.0,55,0,0,loft__hotpotqa_128k__Qwen_Qwen3-4B-Instruct-2507__structured__split-test__chunks-bm252__mapg-window
query-568256d704bdab4d,query,hotpotqa_128k,BM25 · question only · k=2,aware,2,2000,0,2000,1,subspan_em,34.54545454545455,25.454545454545453,55,2175.3454545454547,119644,15.614545454545453,447.25,0.008995562862812617,2.0,3,0,0,loft__hotpotqa_128k__Qwen_Qwen3-4B-Instruct-2507__structured__split-test__chunks-bm252__mapg-window__qbare
query-8a120026821d01ca,query,hotpotqa_128k,BM25 · task + question · k=5,aware,5,2000,0,2000,1,subspan_em,34.54545454545455,23.636363636363637,55,4120.618181818182,226634,24.145454545454555,415.1698113207547,0.020443848483725442,5.0,2,0,0,loft__hotpotqa_128k__Qwen_Qwen3-4B-Instruct-2507__structured__split-test__chunks-bm255__mapg-window
query-33168ac74cdb06a8,query,hotpotqa_128k,BM25 · question only · k=5,aware,5,2000,0,2000,1,subspan_em,50.90909090909091,32.72727272727273,55,4587.490909090909,252312,35.42527272727273,532.9056603773585,0.022426915263145483,5.0,2,0,0,loft__hotpotqa_128k__Qwen_Qwen3-4B-Instruct-2507__structured__split-test__chunks-bm255__mapg-window__qbare
query-f14a7daf9c98fb16,query,hotpotqa_128k,Lead windows · k=10,independent,10,2000,0,2000,1,subspan_em,1.8181818181818181,1.8181818181818181,55,7431.454545454545,408730,3.7301818181818187,313.5,0.037986880628543926,10.0,51,0,0,loft__hotpotqa_128k__Qwen_Qwen3-4B-Instruct-2507__structured__split-test__chunks-file10__sel-lead__mapg-window
query-ee6a45a4f8618f71,query,hotpotqa_128k,Evenly spaced windows · k=10,independent,10,2000,0,2000,1,subspan_em,3.6363636363636362,3.6363636363636362,55,7440.309090909091,409217,3.578,307.0,0.044768928584664455,10.0,48,0,0,loft__hotpotqa_128k__Qwen_Qwen3-4B-Instruct-2507__structured__split-test__chunks-file10__sel-stride__mapg-window
query-b2a83ceaac5d0555,query,hotpotqa_128k,Lead windows · k=2,independent,2,2000,0,2000,1,subspan_em,0.0,0.0,55,1514.9636363636364,83323,1.6854545454545458,265.0,0.008338583552607194,2.0,54,0,0,loft__hotpotqa_128k__Qwen_Qwen3-4B-Instruct-2507__structured__split-test__chunks-file2__sel-lead__mapg-window
query-2424adc96dca798f,query,hotpotqa_128k,Evenly spaced windows · k=2,independent,2,2000,0,2000,1,subspan_em,0.0,0.0,55,1321.3636363636363,72675,1.3390909090909087,,0.007708557239743548,2.0,55,0,0,loft__hotpotqa_128k__Qwen_Qwen3-4B-Instruct-2507__structured__split-test__chunks-file2__sel-stride__mapg-window
query-bdf71df918014360,query,hotpotqa_128k,Oracle · gold-answer windows · k=5,oracle,5,2000,0,2000,1,subspan_em,45.45454545454545,34.54545454545455,55,4115.636363636364,226360,9.784,469.85,0.020699901958472176,5.0,15,0,0,loft__hotpotqa_128k__Qwen_Qwen3-4B-Instruct-2507__structured__split-test__chunks-file5__mapg-window
query-e39125a010c6d07a,query,hotpotqa_128k,Lead windows · k=5,independent,5,2000,0,2000,1,subspan_em,1.8181818181818181,1.8181818181818181,55,3741.7090909090907,205794,4.224181818181819,288.0,0.01945669495608348,5.0,53,0,0,loft__hotpotqa_128k__Qwen_Qwen3-4B-Instruct-2507__structured__split-test__chunks-file5__sel-lead__mapg-window
query-94b77952f1f2d8ed,query,hotpotqa_128k,Random · seed 0 · k=5,independent,5,2000,0,2000,1,subspan_em,0.0,0.0,55,3753.7818181818184,206458,2.332909090909091,403.8,0.02303874830280345,5.0,50,0,0,loft__hotpotqa_128k__Qwen_Qwen3-4B-Instruct-2507__structured__split-test__chunks-file5__sel-random-s0__mapg-window
query-2f30085b3cc915ad,query,hotpotqa_128k,Random · seed 1 · k=5,independent,5,2000,0,2000,1,subspan_em,3.6363636363636362,1.8181818181818181,55,3817.3636363636365,209955,2.837272727272727,379.625,0.0231007401966895,5.0,47,0,0,loft__hotpotqa_128k__Qwen_Qwen3-4B-Instruct-2507__structured__split-test__chunks-file5__sel-random-s1__mapg-window
query-c8fd1e99317409a3,query,hotpotqa_128k,Random · seed 2 · k=5,independent,5,2000,0,2000,1,subspan_em,0.0,0.0,55,3737.2909090909093,205551,1.9841818181818178,325.5,0.023095349597221152,5.0,53,0,0,loft__hotpotqa_128k__Qwen_Qwen3-4B-Instruct-2507__structured__split-test__chunks-file5__sel-random-s2__mapg-window
query-855f1476a7f86e75,query,hotpotqa_128k,Evenly spaced windows · k=5,independent,5,2000,0,2000,1,subspan_em,1.8181818181818181,0.0,55,3528.818181818182,194085,3.717454545454545,341.0,0.021606196494088868,5.0,53,0,0,loft__hotpotqa_128k__Qwen_Qwen3-4B-Instruct-2507__structured__split-test__chunks-file5__sel-stride__mapg-window
query-721d07f675e10463,query,hotpotqa_128k,Exhaustive · every window,independent,68,8000,0,1764,1,subspan_em,63.63636363636363,40.0,55,164798.81818181818,9063935,89.75127272727275,606.4181818181818,1.0,68.0,0,0,0,loft__hotpotqa_128k__Qwen_Qwen3-4B-Instruct-2507__structured__split-test__chunks-file68__sel-all__win8000o1600__mapg-window__find1764
query-8c94ffde7a185cab,query,musique_128k,BM25 · task + question · k=10,aware,10,2000,0,2000,1,subspan_em,12.727272727272727,10.909090909090908,55,7664.490909090909,421547,19.675090909090912,465.8888888888889,0.04060566967420056,10.0,1,0,0,loft__musique_128k__Qwen_Qwen3-4B-Instruct-2507__structured__split-test__chunks-bm2510__mapg-window
query-84acc49e8b80411e,query,musique_128k,BM25 · question only · k=10,aware,10,2000,0,2000,1,subspan_em,21.818181818181817,16.363636363636363,55,7841.472727272727,431281,17.845090909090914,578.2444444444444,0.04181713581131304,10.0,10,0,0,loft__musique_128k__Qwen_Qwen3-4B-Instruct-2507__structured__split-test__chunks-bm2510__mapg-window__qbare
query-208d167dd4551ed4,query,musique_128k,BM25 · task + question · k=2,aware,2,2000,0,2000,1,subspan_em,0.0,0.0,55,1576.9818181818182,86734,3.626363636363636,255.16666666666666,0.006293474660483597,2.0,1,0,0,loft__musique_128k__Qwen_Qwen3-4B-Instruct-2507__structured__split-test__chunks-bm252__mapg-window
query-c0852282b62e7bf0,query,musique_128k,BM25 · question only · k=2,aware,2,2000,0,2000,1,subspan_em,10.909090909090908,7.2727272727272725,55,1858.3454545454545,102209,13.460545454545455,437.27027027027026,0.008397850297398769,2.0,18,0,0,loft__musique_128k__Qwen_Qwen3-4B-Instruct-2507__structured__split-test__chunks-bm252__mapg-window__qbare
query-0702a4868a34dddd,query,musique_128k,BM25 · task + question · k=5,aware,5,2000,0,2000,1,subspan_em,7.2727272727272725,7.2727272727272725,55,3842.909090909091,211360,18.115454545454547,337.05555555555554,0.019305166164530537,5.0,1,0,0,loft__musique_128k__Qwen_Qwen3-4B-Instruct-2507__structured__split-test__chunks-bm255__mapg-window
query-031bed41fc0dab03,query,musique_128k,BM25 · question only · k=5,aware,5,2000,0,2000,1,subspan_em,21.818181818181817,14.545454545454545,55,4180.709090909091,229939,28.996363636363636,526.0,0.021039635736032236,5.0,12,0,0,loft__musique_128k__Qwen_Qwen3-4B-Instruct-2507__structured__split-test__chunks-bm255__mapg-window__qbare
query-089e11fec4ae3df5,query,musique_128k,Lead windows · k=10,independent,10,2000,0,2000,1,subspan_em,0.0,0.0,55,6961.290909090909,382871,3.4356363636363634,273.2,0.03573856801659668,10.0,50,0,0,loft__musique_128k__Qwen_Qwen3-4B-Instruct-2507__structured__split-test__chunks-file10__sel-lead__mapg-window
query-a1e533c23bd40f8b,query,musique_128k,Evenly spaced windows · k=10,independent,10,2000,0,2000,1,subspan_em,0.0,0.0,55,7159.981818181818,393799,6.878727272727272,262.4259259259259,0.04203204267708024,10.0,1,0,0,loft__musique_128k__Qwen_Qwen3-4B-Instruct-2507__structured__split-test__chunks-file10__sel-stride__mapg-window
query-d14e2e20f28668d1,query,musique_128k,Lead windows · k=2,independent,2,2000,0,2000,1,subspan_em,0.0,0.0,55,1396.6727272727273,76817,1.5738181818181816,213.5,0.007845051515838293,2.0,53,0,0,loft__musique_128k__Qwen_Qwen3-4B-Instruct-2507__structured__split-test__chunks-file2__sel-lead__mapg-window
query-6b434e94325e8acd,query,musique_128k,Evenly spaced windows · k=2,independent,2,2000,0,2000,1,subspan_em,0.0,0.0,55,1563.0727272727272,85969,9.574363636363637,254.96296296296296,0.007165147051132303,2.0,1,0,0,loft__musique_128k__Qwen_Qwen3-4B-Instruct-2507__structured__split-test__chunks-file2__sel-stride__mapg-window
query-373c8384ceb51721,query,musique_128k,Oracle · gold-answer windows · k=5,oracle,5,2000,0,2000,1,subspan_em,20.0,16.363636363636363,55,3929.018181818182,216096,9.185272727272729,405.8936170212766,0.019684264411518115,5.0,8,0,0,loft__musique_128k__Qwen_Qwen3-4B-Instruct-2507__structured__split-test__chunks-file5__mapg-window
query-a203f520962ac0b7,query,musique_128k,Lead windows · k=5,independent,5,2000,0,2000,1,subspan_em,0.0,0.0,55,3465.2363636363634,190588,4.523090909090909,256.75,0.018305120203622655,5.0,51,0,0,loft__musique_128k__Qwen_Qwen3-4B-Instruct-2507__structured__split-test__chunks-file5__sel-lead__mapg-window
query-1877ad76fcaa2ac1,query,musique_128k,Random · seed 0 · k=5,independent,5,2000,0,2000,1,subspan_em,0.0,0.0,55,3574.6545454545453,196606,2.56090909090909,407.6666666666667,0.02170020492225474,5.0,52,0,0,loft__musique_128k__Qwen_Qwen3-4B-Instruct-2507__structured__split-test__chunks-file5__sel-random-s0__mapg-window
query-d99f26db17b53dbe,query,musique_128k,Random · seed 1 · k=5,independent,5,2000,0,2000,1,subspan_em,0.0,0.0,55,3560.163636363636,195809,1.9760000000000004,371.5,0.021760112588375687,5.0,53,0,0,loft__musique_128k__Qwen_Qwen3-4B-Instruct-2507__structured__split-test__chunks-file5__sel-random-s1__mapg-window
query-ac23e5c4505f9769,query,musique_128k,Random · seed 2 · k=5,independent,5,2000,0,2000,1,subspan_em,0.0,0.0,55,3545.2727272727275,194990,1.909636363636364,238.0,0.02166850774441297,5.0,53,0,0,loft__musique_128k__Qwen_Qwen3-4B-Instruct-2507__structured__split-test__chunks-file5__sel-random-s2__mapg-window
query-9cb01817b8fce590,query,musique_128k,Evenly spaced windows · k=5,independent,5,2000,0,2000,1,subspan_em,0.0,0.0,55,3620.418181818182,199123,10.286363636363633,253.0,0.020240232910862774,5.0,1,0,0,loft__musique_128k__Qwen_Qwen3-4B-Instruct-2507__structured__split-test__chunks-file5__sel-stride__mapg-window
query-34cedd10ab38c78e,query,musique_128k,Exhaustive · every window,independent,72,8000,0,1666,1,subspan_em,20.0,9.090909090909092,55,164092.07272727272,9025064,88.45727272727272,712.9473684210526,1.0,72.0,17,0,0,loft__musique_128k__Qwen_Qwen3-4B-Instruct-2507__structured__split-test__chunks-file72__sel-all__win8000o1600__mapg-window__find1666
query-585fd52b82ed46ed,query,nq_128k,BM25 · task + question · k=10,aware,10,2000,0,2000,1,subspan_em,58.18181818181818,47.27272727272727,55,6710.509090909091,369078,21.488363636363637,342.6909090909091,0.03568869492203304,10.0,0,0,0,loft__nq_128k__Qwen_Qwen3-4B-Instruct-2507__structured__split-test__chunks-bm2510__mapg-window
query-85f4047bb3774950,query,nq_128k,BM25 · question only · k=10,aware,10,2000,0,2000,1,subspan_em,76.36363636363637,56.36363636363636,55,7202.072727272727,396114,15.156727272727272,388.09615384615387,0.039890216866806515,9.89090909090909,3,0,0,loft__nq_128k__Qwen_Qwen3-4B-Instruct-2507__structured__split-test__chunks-bm2510__mapg-window__qbare
query-ab985a49199b865b,query,nq_128k,BM25 · task + question · k=2,aware,2,2000,0,2000,1,subspan_em,0.0,0.0,55,1141.090909090909,62760,2.3418181818181822,213.54545454545453,0.004029307110591436,2.0,0,0,0,loft__nq_128k__Qwen_Qwen3-4B-Instruct-2507__structured__split-test__chunks-bm252__mapg-window
query-e834df866fc4bdb8,query,nq_128k,BM25 · question only · k=2,aware,2,2000,0,2000,1,subspan_em,78.18181818181819,56.36363636363636,55,1839.3818181818183,101166,11.430909090909092,341.44,0.008148698179738137,2.0,5,0,0,loft__nq_128k__Qwen_Qwen3-4B-Instruct-2507__structured__split-test__chunks-bm252__mapg-window__qbare
query-e54e1012daf42583,query,nq_128k,BM25 · task + question · k=5,aware,5,2000,0,2000,1,subspan_em,49.09090909090909,36.36363636363637,55,3279.6545454545453,180381,15.411636363636362,302.09090909090907,0.015790693210590765,5.0,0,0,0,loft__nq_128k__Qwen_Qwen3-4B-Instruct-2507__structured__split-test__chunks-bm255__mapg-window
query-4a7da4836fe0fb19,query,nq_128k,BM25 · question only · k=5,aware,5,2000,0,2000,1,subspan_em,76.36363636363637,54.54545454545454,55,3901.9454545454546,214607,21.633272727272725,370.0576923076923,0.02028923221396241,5.0,3,0,0,loft__nq_128k__Qwen_Qwen3-4B-Instruct-2507__structured__split-test__chunks-bm255__mapg-window__qbare
query-ef00c2e47002dbbb,query,nq_128k,Lead windows · k=10,independent,10,2000,0,2000,1,subspan_em,1.8181818181818181,1.8181818181818181,55,6748.727272727273,371180,4.306363636363637,296.3333333333333,0.03448885000715009,10.0,52,0,0,loft__nq_128k__Qwen_Qwen3-4B-Instruct-2507__structured__split-test__chunks-file10__sel-lead__mapg-window
query-5a0ce185266920b0,query,nq_128k,Evenly spaced windows · k=10,independent,10,2000,0,2000,1,subspan_em,1.8181818181818181,1.8181818181818181,55,6535.436363636363,359449,6.2629090909090905,220.6727272727273,0.038518157117741564,10.0,0,0,0,loft__nq_128k__Qwen_Qwen3-4B-Instruct-2507__structured__split-test__chunks-file10__sel-stride__mapg-window
query-e666ccfb07ca9639,query,nq_128k,Lead windows · k=2,independent,2,2000,0,2000,1,subspan_em,0.0,0.0,55,1367.6,75218,1.7001818181818185,317.0,0.007570723172301243,2.0,54,0,0,loft__nq_128k__Qwen_Qwen3-4B-Instruct-2507__structured__split-test__chunks-file2__sel-lead__mapg-window
query-6dc9675263fee146,query,nq_128k,Evenly spaced windows · k=2,independent,2,2000,0,2000,1,subspan_em,0.0,0.0,55,1157.6909090909091,63673,5.609818181818182,213.4,0.004870498574180476,2.0,0,0,0,loft__nq_128k__Qwen_Qwen3-4B-Instruct-2507__structured__split-test__chunks-file2__sel-stride__mapg-window
query-2f75c1622fed8974,query,nq_128k,Oracle · gold-answer windows · k=5,oracle,5,2000,0,2000,1,subspan_em,69.0909090909091,58.18181818181818,55,3439.890909090909,189194,8.568727272727273,352.3018867924528,0.016387939149738972,5.0,2,0,0,loft__nq_128k__Qwen_Qwen3-4B-Instruct-2507__structured__split-test__chunks-file5__mapg-window
query-ba7c6ffefd3a6190,query,nq_128k,Lead windows · k=5,independent,5,2000,0,2000,1,subspan_em,0.0,0.0,55,3395.9454545454546,186777,4.3527272727272734,352.0,0.017665020735369578,5.0,54,0,0,loft__nq_128k__Qwen_Qwen3-4B-Instruct-2507__structured__split-test__chunks-file5__sel-lead__mapg-window
query-8bfa1f9e85dd2635,query,nq_128k,Random · seed 0 · k=5,independent,5,2000,0,2000,1,subspan_em,0.0,0.0,55,3396.581818181818,186812,1.9883636363636363,362.0,0.020980691597032582,5.0,52,0,0,loft__nq_128k__Qwen_Qwen3-4B-Instruct-2507__structured__split-test__chunks-file5__sel-random-s0__mapg-window
query-e2ebc6fa7a617aba,query,nq_128k,Random · seed 1 · k=5,independent,5,2000,0,2000,1,subspan_em,0.0,0.0,55,3362.8,184954,1.7592727272727273,328.5,0.020904219645797213,5.0,53,0,0,loft__nq_128k__Qwen_Qwen3-4B-Instruct-2507__structured__split-test__chunks-file5__sel-random-s1__mapg-window
query-e3bea14a72fbe34c,query,nq_128k,Random · seed 2 · k=5,independent,5,2000,0,2000,1,subspan_em,3.6363636363636362,3.6363636363636362,55,3385.909090909091,186225,1.834545454545455,288.0,0.02092272585799617,5.0,51,0,0,loft__nq_128k__Qwen_Qwen3-4B-Instruct-2507__structured__split-test__chunks-file5__sel-random-s2__mapg-window
query-44ff59b5ca033e5b,query,nq_128k,Evenly spaced windows · k=5,independent,5,2000,0,2000,1,subspan_em,0.0,0.0,55,3435.163636363636,188934,8.363454545454545,213.54545454545453,0.01748837052801588,5.0,0,0,0,loft__nq_128k__Qwen_Qwen3-4B-Instruct-2507__structured__split-test__chunks-file5__sel-stride__mapg-window
query-b154d7ffb8ba70c0,query,nq_128k,Exhaustive · every window,independent,75,8000,0,1600,1,subspan_em,78.18181818181819,58.18181818181818,55,161713.41818181818,8894238,76.67127272727272,386.38461538461536,1.0,75.0,3,0,0,loft__nq_128k__Qwen_Qwen3-4B-Instruct-2507__structured__split-test__chunks-file75__sel-all__win8000o1600__mapg-window__find1600
query-a7f9d9caa8e683bd,query,qampari_128k,BM25 · task + question · k=10,aware,10,2000,0,2000,1,coverage,31.575757575757567,1.8181818181818181,55,7914.890909090909,435319,24.06672727272727,581.9056603773585,0.040172441816981645,10.0,2,0,0,loft__qampari_128k__Qwen_Qwen3-4B-Instruct-2507__structured__split-test__chunks-bm2510__mapg-window__listfmt
query-15e29a1df58c2dc3,query,qampari_128k,BM25 · question only · k=10,aware,10,2000,0,2000,1,coverage,54.66666666666667,18.181818181818183,55,8463.418181818182,465488,32.80945454545454,864.3272727272728,0.041775174689140146,9.909090909090908,0,0,0,loft__qampari_128k__Qwen_Qwen3-4B-Instruct-2507__structured__split-test__chunks-bm2510__mapg-window__qbare__listfmt
query-2c38bb8f12f60ced,query,qampari_128k,BM25 · task + question · k=2,aware,2,2000,0,2000,1,coverage,0.0,0.0,55,1407.6,77418,0.7636363636363636,282.5,0.006806349095328234,2.0,53,0,0,loft__qampari_128k__Qwen_Qwen3-4B-Instruct-2507__structured__split-test__chunks-bm252__mapg-window__listfmt
query-a4d2cc6aaec96bea,query,qampari_128k,BM25 · question only · k=2,aware,2,2000,0,2000,1,coverage,22.000000000000004,0.0,55,2073.3636363636365,114035,15.428545454545453,465.5098039215686,0.008615732375005307,2.0,4,0,0,loft__qampari_128k__Qwen_Qwen3-4B-Instruct-2507__structured__split-test__chunks-bm252__mapg-window__qbare__listfmt
query-c5808442b4699497,query,qampari_128k,BM25 · task + question · k=5,aware,5,2000,0,2000,1,coverage,8.666666666666668,0.0,55,3818.1272727272726,209997,12.209636363636362,372.6875,0.0190464116945055,5.0,23,0,0,loft__qampari_128k__Qwen_Qwen3-4B-Instruct-2507__structured__split-test__chunks-bm255__mapg-window__listfmt
query-7566409a85d3e9ce,query,qampari_128k,BM25 · question only · k=5,aware,5,2000,0,2000,1,coverage,39.09090909090909,1.8181818181818181,55,4691.218181818182,258017,51.998363636363635,696.7592592592592,0.0212849919744135,5.0,1,0,0,loft__qampari_128k__Qwen_Qwen3-4B-Instruct-2507__structured__split-test__chunks-bm255__mapg-window__qbare__listfmt
query-3e26e1d789fb6883,query,qampari_128k,Lead windows · k=10,independent,10,2000,0,2000,1,coverage,3.272727272727273,0.0,55,7100.981818181818,390554,7.094,437.38461538461536,0.03584589761187633,10.0,42,0,0,loft__qampari_128k__Qwen_Qwen3-4B-Instruct-2507__structured__split-test__chunks-file10__sel-lead__mapg-window__listfmt
query-6113111984026e22,query,qampari_128k,Evenly spaced windows · k=10,independent,10,2000,0,2000,1,coverage,1.8181818181818181,0.0,55,6976.2,383691,3.796909090909091,353.64285714285717,0.04265224670720461,10.0,41,0,0,loft__qampari_128k__Qwen_Qwen3-4B-Instruct-2507__structured__split-test__chunks-file10__sel-stride__mapg-window__listfmt
query-8bccc95952865221,query,qampari_128k,Lead windows · k=2,independent,2,2000,0,2000,1,coverage,0.36363636363636365,0.0,55,1423.2,78276,1.5940000000000003,274.0,0.007868611670899693,2.0,54,0,0,loft__qampari_128k__Qwen_Qwen3-4B-Instruct-2507__structured__split-test__chunks-file2__sel-lead__mapg-window__listfmt
query-a364314437fcb915,query,qampari_128k,Evenly spaced windows · k=2,independent,2,2000,0,2000,1,coverage,0.36363636363636365,0.0,55,1358.8545454545454,74737,1.473090909090909,274.0,0.007680639280983742,2.0,53,0,0,loft__qampari_128k__Qwen_Qwen3-4B-Instruct-2507__structured__split-test__chunks-file2__sel-stride__mapg-window__listfmt
query-2466c9e20897e75a,query,qampari_128k,Oracle · gold-answer windows · k=5,oracle,5,2000,0,2000,1,coverage,54.606060606060616,10.909090909090908,55,4752.763636363637,261402,18.14745454545454,707.6727272727272,0.021571123307900755,5.0,0,0,0,loft__qampari_128k__Qwen_Qwen3-4B-Instruct-2507__structured__split-test__chunks-file5__mapg-window__listfmt
query-7eeb55d05f31d5b0,query,qampari_128k,Lead windows · k=5,independent,5,2000,0,2000,1,coverage,1.090909090909091,0.0,55,3565.690909090909,196113,4.249818181818182,354.8333333333333,0.018360093898765924,5.0,49,0,0,loft__qampari_128k__Qwen_Qwen3-4B-Instruct-2507__structured__split-test__chunks-file5__sel-lead__mapg-window__listfmt
query-33a82689200bbfb7,query,qampari_128k,Random · seed 0 · k=5,independent,5,2000,0,2000,1,coverage,2.1212121212121215,0.0,55,3555.2909090909093,195541,1.8027272727272723,341.5,0.02178683454097976,5.0,47,0,0,loft__qampari_128k__Qwen_Qwen3-4B-Instruct-2507__structured__split-test__chunks-file5__sel-random-s0__mapg-window__listfmt
query-6aa49813159a7eb1,query,qampari_128k,Random · seed 1 · k=5,independent,5,2000,0,2000,1,coverage,1.393939393939394,0.0,55,3594.8,197714,4.259454545454546,463.3333333333333,0.021716414440571506,5.0,49,0,0,loft__qampari_128k__Qwen_Qwen3-4B-Instruct-2507__structured__split-test__chunks-file5__sel-random-s1__mapg-window__listfmt
query-ff4cbf323d22ee52,query,qampari_128k,Random · seed 2 · k=5,independent,5,2000,0,2000,1,coverage,1.4545454545454546,0.0,55,3526.309090909091,193947,1.814727272727273,371.3333333333333,0.021822044591183885,5.0,49,0,0,loft__qampari_128k__Qwen_Qwen3-4B-Instruct-2507__structured__split-test__chunks-file5__sel-random-s2__mapg-window__listfmt
query-6b659160deb85d6f,query,qampari_128k,Evenly spaced windows · k=5,independent,5,2000,0,2000,1,coverage,1.8181818181818181,0.0,55,3456.090909090909,190085,3.7183636363636356,306.0,0.02079499206581658,5.0,44,0,0,loft__qampari_128k__Qwen_Qwen3-4B-Instruct-2507__structured__split-test__chunks-file5__sel-stride__mapg-window__listfmt
query-84991bdf058f7754,query,qampari_128k,Exhaustive · every window,independent,72,8000,0,1666,1,coverage,59.27272727272728,23.636363636363637,55,164315.8,9037369,113.08036363636361,1047.8,1.0,72.0,0,0,0,loft__qampari_128k__Qwen_Qwen3-4B-Instruct-2507__structured__split-test__chunks-file72__sel-all__win8000o1600__mapg-window__find1666__listfmt
query-f650e9b3c71a95a5,query,quest_128k,BM25 · task + question · k=10,aware,10,2000,0,2000,1,coverage,21.515151515151512,12.727272727272727,55,7412.418181818181,407683,22.158000000000005,747.7555555555556,0.03798795299440869,10.0,10,0,0,loft__quest_128k__Qwen_Qwen3-4B-Instruct-2507__structured__split-test__chunks-bm2510__mapg-window__listfmt
query-a2da7d734acea379,query,quest_128k,BM25 · question only · k=10,aware,10,2000,0,2000,1,coverage,30.0,12.727272727272727,55,8374.527272727273,460599,33.324000000000005,1093.7,0.03958427261178034,10.0,5,0,0,loft__quest_128k__Qwen_Qwen3-4B-Instruct-2507__structured__split-test__chunks-bm2510__mapg-window__qbare__listfmt
query-855fe35cafdee015,query,quest_128k,BM25 · task + question · k=2,aware,2,2000,0,2000,1,coverage,0.0,0.0,55,1127.6,62018,0.6934545454545453,,0.005220519813727542,2.0,55,0,0,loft__quest_128k__Qwen_Qwen3-4B-Instruct-2507__structured__split-test__chunks-bm252__mapg-window__listfmt
query-074030eeb75e68ee,query,quest_128k,BM25 · question only · k=2,aware,2,2000,0,2000,1,coverage,25.757575757575758,10.909090909090908,55,2071.509090909091,113933,18.95581818181818,610.0243902439024,0.008133000509259275,2.0,14,0,0,loft__quest_128k__Qwen_Qwen3-4B-Instruct-2507__structured__split-test__chunks-bm252__mapg-window__qbare__listfmt
query-84e72517e64e9d86,query,quest_128k,BM25 · task + question · k=5,aware,5,2000,0,2000,1,coverage,12.12121212121212,5.454545454545454,55,3545.327272727273,194993,19.75072727272727,521.0,0.017625118483323023,5.0,23,0,0,loft__quest_128k__Qwen_Qwen3-4B-Instruct-2507__structured__split-test__chunks-bm255__mapg-window__listfmt
query-d6d856be2c4cda28,query,quest_128k,BM25 · question only · k=5,aware,5,2000,0,2000,1,coverage,30.303030303030305,14.545454545454545,55,4660.509090909091,256328,53.48,892.3333333333334,0.019978299488536383,5.0,7,0,0,loft__quest_128k__Qwen_Qwen3-4B-Instruct-2507__structured__split-test__chunks-bm255__mapg-window__qbare__listfmt
query-e64aa6e30fa52771,query,quest_128k,Lead windows · k=10,independent,10,2000,0,2000,1,coverage,1.8181818181818181,0.0,55,6554.236363636363,360483,4.245636363636364,492.27272727272725,0.03398829890636428,10.0,44,0,0,loft__quest_128k__Qwen_Qwen3-4B-Instruct-2507__structured__split-test__chunks-file10__sel-lead__mapg-window__listfmt
query-015c8c6c28c8ced4,query,quest_128k,Evenly spaced windows · k=10,independent,10,2000,0,2000,1,coverage,4.8484848484848495,3.6363636363636362,55,6716.8,369424,7.670545454545454,566.6428571428571,0.03920881872009187,10.0,27,0,0,loft__quest_128k__Qwen_Qwen3-4B-Instruct-2507__structured__split-test__chunks-file10__sel-stride__mapg-window__listfmt
query-58908b917c8088db,query,quest_128k,Lead windows · k=2,independent,2,2000,0,2000,1,coverage,1.2121212121212122,0.0,55,1355.6363636363637,74560,2.5016363636363637,401.0,0.007460846101397039,2.0,50,0,0,loft__quest_128k__Qwen_Qwen3-4B-Instruct-2507__structured__split-test__chunks-file2__sel-lead__mapg-window__listfmt
query-cd953ecbd85c0e65,query,quest_128k,Evenly spaced windows · k=2,independent,2,2000,0,2000,1,coverage,0.6060606060606061,0.0,55,1070.7454545454545,58891,1.994181818181818,423.0,0.00604950271388277,2.0,54,0,0,loft__quest_128k__Qwen_Qwen3-4B-Instruct-2507__structured__split-test__chunks-file2__sel-stride__mapg-window__listfmt
query-717607fb3b328b0f,query,quest_128k,Lead windows · k=5,independent,5,2000,0,2000,1,coverage,1.2121212121212122,0.0,55,3296.6,181313,2.8665454545454545,395.0,0.017408640903259772,5.0,48,0,0,loft__quest_128k__Qwen_Qwen3-4B-Instruct-2507__structured__split-test__chunks-file5__sel-lead__mapg-window__listfmt
query-1ffad61595bb6f8e,query,quest_128k,Random · seed 0 · k=5,independent,5,2000,0,2000,1,coverage,0.0,0.0,55,3428.163636363636,188549,2.3956363636363633,445.1,0.02065369446591742,5.0,45,0,0,loft__quest_128k__Qwen_Qwen3-4B-Instruct-2507__structured__split-test__chunks-file5__sel-random-s0__mapg-window__listfmt
query-27583fa44707b104,query,quest_128k,Random · seed 1 · k=5,independent,5,2000,0,2000,1,coverage,0.0,0.0,55,3397.7272727272725,186875,2.0821818181818186,423.25,0.02063862204955096,5.0,47,0,0,loft__quest_128k__Qwen_Qwen3-4B-Instruct-2507__structured__split-test__chunks-file5__sel-random-s1__mapg-window__listfmt
query-f59a5a89946521ed,query,quest_128k,Random · seed 2 · k=5,independent,5,2000,0,2000,1,coverage,0.0,0.0,55,3361.4545454545455,184880,1.6394545454545455,452.3333333333333,0.02063862204955096,5.0,52,0,0,loft__quest_128k__Qwen_Qwen3-4B-Instruct-2507__structured__split-test__chunks-file5__sel-random-s2__mapg-window__listfmt
query-56dce71250fbada2,query,quest_128k,Evenly spaced windows · k=5,independent,5,2000,0,2000,1,coverage,0.6060606060606061,0.0,55,3263.8545454545456,179512,5.407272727272727,504.93333333333334,0.018484246216211166,5.0,40,0,0,loft__quest_128k__Qwen_Qwen3-4B-Instruct-2507__structured__split-test__chunks-file5__sel-stride__mapg-window__listfmt
query-f556ea00bf3eefad,query,quest_128k,Exhaustive · every window,independent,76,8000,0,1578,1,coverage,34.84848484848485,16.363636363636363,55,164358.65454545454,9039726,148.75709090909092,1988.851851851852,1.0,76.0,1,0,0,loft__quest_128k__Qwen_Qwen3-4B-Instruct-2507__structured__split-test__chunks-file76__sel-all__win8000o1600__mapg-window__find1578__listfmt
geometry-5bcb4ac927fa2dbe,geometry,hotpotqa_128k,"BM25 · task + question · k=10 · w=2,000",aware,10,2000,0,2000,1,subspan_em,45.45454545454545,34.54545454545455,55,7300.909090909091,401550,8.177454545454548,446.40384615384613,0.04313490312082019,8.236363636363636,3,0,0,loft__hotpotqa_128k__Qwen_Qwen3-4B-Instruct-2507__structured__split-test__chunks-bm2510
geometry-ab7fb55b9ee97014,geometry,hotpotqa_128k,"BM25 · question only · k=10 · w=2,000",aware,10,2000,0,2000,1,subspan_em,45.45454545454545,30.909090909090907,55,7704.945454545455,423772,8.27890909090909,471.65384615384613,0.04476353798519606,8.436363636363636,3,0,0,loft__hotpotqa_128k__Qwen_Qwen3-4B-Instruct-2507__structured__split-test__chunks-bm2510__qbare
geometry-f2752b1d1faf6ccd,geometry,hotpotqa_128k,"BM25 · task + question · k=10 · w=1,000",aware,10,1000,0,2000,1,subspan_em,45.45454545454545,34.54545454545455,55,4187.945454545455,230337,5.482363636363637,423.7692307692308,0.02033435193202454,6.254545454545455,3,0,0,loft__hotpotqa_128k__Qwen_Qwen3-4B-Instruct-2507__structured__split-test__chunks-bm2510__win1000o200
geometry-bd0d7bb11738ac23,geometry,hotpotqa_128k,"BM25 · question only · k=10 · w=1,000",aware,10,1000,0,2000,1,subspan_em,50.90909090909091,38.18181818181819,55,5018.254545454545,276004,6.4310909090909085,465.0,0.022432305862613834,8.50909090909091,2,0,0,loft__hotpotqa_128k__Qwen_Qwen3-4B-Instruct-2507__structured__split-test__chunks-bm2510__win1000o200__qbare
geometry-2151e970e9524fe5,geometry,hotpotqa_128k,"BM25 · task + question · k=10 · w=4,000",aware,10,4000,0,4000,1,subspan_em,50.90909090909091,40.0,55,12762.418181818182,701933,9.670181818181819,434.1132075471698,0.08784318746146556,8.745454545454546,2,0,0,loft__hotpotqa_128k__Qwen_Qwen3-4B-Instruct-2507__structured__split-test__chunks-bm2510__win4000o800__find4000
geometry-0d3850402035c634,geometry,hotpotqa_128k,"BM25 · task + question · k=10 · w=8,000",aware,10,8000,0,8000,1,subspan_em,47.27272727272727,30.909090909090907,55,21327.52727272727,1173014,8.700727272727272,397.0377358490566,0.16230084261807937,6.963636363636364,2,0,0,loft__hotpotqa_128k__Qwen_Qwen3-4B-Instruct-2507__structured__split-test__chunks-bm2510__win8000o1600__find8000
geometry-52086ed18fa56bda,geometry,hotpotqa_128k,"BM25 · task + question · k=2 · w=2,000",aware,2,2000,0,2000,1,subspan_em,0.0,0.0,55,941.1818181818181,51765,0.21581818181818183,,0.006782047956120525,1.0,55,0,0,loft__hotpotqa_128k__Qwen_Qwen3-4B-Instruct-2507__structured__split-test__chunks-bm252
geometry-9ad140121c2b71bb,geometry,hotpotqa_128k,"BM25 · question only · k=2 · w=2,000",aware,2,2000,0,2000,1,subspan_em,36.36363636363637,27.27272727272727,55,2018.4545454545455,111015,4.639272727272727,414.6470588235294,0.008995562862812617,1.709090909090909,4,0,0,loft__hotpotqa_128k__Qwen_Qwen3-4B-Instruct-2507__structured__split-test__chunks-bm252__qbare
geometry-cc15f6739a4cadae,geometry,hotpotqa_128k,"BM25 · task + question · k=2 · w=1,000",aware,2,1000,0,2000,1,subspan_em,0.0,0.0,55,629.1454545454545,34603,0.3258181818181818,228.0,0.004169291776303597,1.0,53,0,0,loft__hotpotqa_128k__Qwen_Qwen3-4B-Instruct-2507__structured__split-test__chunks-bm252__win1000o200
geometry-cf1a4190002865cb,geometry,hotpotqa_128k,"BM25 · question only · k=2 · w=1,000",aware,2,1000,0,2000,1,subspan_em,38.18181818181819,25.454545454545453,55,1449.9272727272728,79746,3.8096363636363635,389.78846153846155,0.0045146270547449085,1.7454545454545454,3,0,0,loft__hotpotqa_128k__Qwen_Qwen3-4B-Instruct-2507__structured__split-test__chunks-bm252__win1000o200__qbare
geometry-e03ac75fb5ff6da1,geometry,hotpotqa_128k,"BM25 · task + question · k=2 · w=4,000",aware,2,4000,0,4000,1,subspan_em,3.6363636363636362,3.6363636363636362,55,2365.1272727272726,130082,1.315090909090909,391.125,0.016047140792350728,2.0,47,0,0,loft__hotpotqa_128k__Qwen_Qwen3-4B-Instruct-2507__structured__split-test__chunks-bm252__win4000o800__find4000
geometry-ac420277a346cd45,geometry,hotpotqa_128k,"BM25 · question only · k=2 · w=4,000",aware,2,4000,0,4000,1,subspan_em,47.27272727272727,29.09090909090909,55,3067.5636363636363,168716,6.137090909090908,428.3673469387755,0.017822669492239224,1.6181818181818182,6,0,0,loft__hotpotqa_128k__Qwen_Qwen3-4B-Instruct-2507__structured__split-test__chunks-bm252__win4000o800__find4000__qbare
geometry-51e3b0db2d5c76a6,geometry,hotpotqa_128k,"BM25 · task + question · k=2 · w=8,000",aware,2,8000,0,8000,1,subspan_em,0.0,0.0,55,2736.181818181818,150490,0.654,245.25,0.021606196494088868,1.0,51,0,0,loft__hotpotqa_128k__Qwen_Qwen3-4B-Instruct-2507__structured__split-test__chunks-bm252__win8000o1600__find8000
geometry-dd907c9231876465,geometry,hotpotqa_128k,"BM25 · task + question · k=5 · w=2,000",aware,5,2000,0,2000,1,subspan_em,34.54545454545455,25.454545454545453,55,3689.581818181818,202927,4.891272727272727,385.7843137254902,0.020443848483725442,3.7454545454545456,4,0,0,loft__hotpotqa_128k__Qwen_Qwen3-4B-Instruct-2507__structured__split-test__chunks-bm255
geometry-a8c103354e85b23f,geometry,hotpotqa_128k,"BM25 · task + question · k=5 · w=2,000 · 2 hops",aware,5,2000,0,2000,2,subspan_em,58.18181818181818,43.63636363636363,55,7235.618181818182,397959,6.558181818181817,509.70588235294116,0.04116396519020393,7.9818181818181815,4,0,0,loft__hotpotqa_128k__Qwen_Qwen3-4B-Instruct-2507__structured__split-test__chunks-bm255__hops2
geometry-630d92aef5cf6816,geometry,hotpotqa_128k,"BM25 · question only · k=5 · w=2,000",aware,5,2000,0,2000,1,subspan_em,49.09090909090909,32.72727272727273,55,4195.6,230758,6.13218181818182,454.1923076923077,0.022426915263145483,4.236363636363636,3,0,0,loft__hotpotqa_128k__Qwen_Qwen3-4B-Instruct-2507__structured__split-test__chunks-bm255__qbare
geometry-f0fc0002449a1995,geometry,hotpotqa_128k,"BM25 · task + question · k=5 · w=1,000",aware,5,1000,0,2000,1,subspan_em,1.8181818181818181,1.8181818181818181,55,1477.2,81246,0.8354545454545456,343.7142857142857,0.00909832116517807,2.0,48,0,0,loft__hotpotqa_128k__Qwen_Qwen3-4B-Instruct-2507__structured__split-test__chunks-bm255__win1000o200
geometry-4f290d7eff1784e9,geometry,hotpotqa_128k,"BM25 · question only · k=5 · w=1,000",aware,5,1000,0,2000,1,subspan_em,52.72727272727272,40.0,55,2790.309090909091,153467,5.011090909090909,431.6730769230769,0.011171006660759467,4.2,3,0,0,loft__hotpotqa_128k__Qwen_Qwen3-4B-Instruct-2507__structured__split-test__chunks-bm255__win1000o200__qbare
geometry-293a5978fc435613,geometry,hotpotqa_128k,"BM25 · task + question · k=5 · w=4,000",aware,5,4000,0,4000,1,subspan_em,47.27272727272727,32.72727272727273,55,6516.181818181818,358390,8.850181818181818,403.72549019607845,0.042797990654048185,4.4363636363636365,4,0,0,loft__hotpotqa_128k__Qwen_Qwen3-4B-Instruct-2507__structured__split-test__chunks-bm255__win4000o800__find4000
geometry-5f8e17ca87096b17,geometry,hotpotqa_128k,"BM25 · question only · k=5 · w=4,000",aware,5,4000,0,4000,1,subspan_em,54.54545454545454,45.45454545454545,55,6844.563636363637,376451,9.24690909090909,428.3333333333333,0.044674593093968255,4.109090909090909,1,0,0,loft__hotpotqa_128k__Qwen_Qwen3-4B-Instruct-2507__structured__split-test__chunks-bm255__win4000o800__find4000__qbare
geometry-b9cb1ef0e2c888ab,geometry,hotpotqa_128k,"BM25 · task + question · k=5 · w=8,000",aware,5,8000,0,8000,1,subspan_em,38.18181818181819,30.909090909090907,55,10303.763636363636,566707,7.335636363636365,384.6,0.07571433865767341,3.6,5,0,0,loft__hotpotqa_128k__Qwen_Qwen3-4B-Instruct-2507__structured__split-test__chunks-bm255__win8000o1600__find8000
geometry-036c44b8d67c7748,geometry,hotpotqa_128k,"BM25 · task + question · k=5 · w=8,000 · read=1,500",aware,5,8000,1500,2000,1,subspan_em,1.8181818181818181,0.0,55,2183.6,120098,0.6689090909090909,293.0,0.012507875328910794,3.6,53,0,0,loft__hotpotqa_128k__Qwen_Qwen3-4B-Instruct-2507__structured__split-test__chunks-bm255__win8000o1600__mapchars1500
geometry-4d13c99ec1d14add,geometry,hotpotqa_128k,"BM25 · task + question · k=5 · w=8,000 · read=2,000",aware,5,8000,2000,2000,1,subspan_em,3.6363636363636362,1.8181818181818181,55,2740.927272727273,150751,0.9416363636363638,366.57142857142856,0.016677167105214396,3.6,48,0,0,loft__hotpotqa_128k__Qwen_Qwen3-4B-Instruct-2507__structured__split-test__chunks-bm255__win8000o1600__mapchars2000
geometry-dd3c3538a6ee409b,geometry,hotpotqa_128k,"BM25 · task + question · k=5 · w=8,000 · read=400",aware,5,8000,400,2000,1,subspan_em,0.0,0.0,55,1031.290909090909,56721,0.6829090909090909,271.0,0.003335433421042878,3.6,54,0,0,loft__hotpotqa_128k__Qwen_Qwen3-4B-Instruct-2507__structured__split-test__chunks-bm255__win8000o1600__mapchars400
geometry-1d56a8dc422815c6,geometry,hotpotqa_128k,"BM25 · task + question · k=5 · w=8,000 · read=4,000",aware,5,8000,4000,4000,1,subspan_em,10.909090909090908,5.454545454545454,55,4891.963636363636,269058,2.170181818181818,350.22727272727275,0.03335433421042879,3.6,33,0,0,loft__hotpotqa_128k__Qwen_Qwen3-4B-Instruct-2507__structured__split-test__chunks-bm255__win8000o1600__mapchars4000__find4000
geometry-3bcdef5fc193c08a,geometry,hotpotqa_128k,"BM25 · task + question · k=5 · w=8,000 · read=800",aware,5,8000,800,2000,1,subspan_em,0.0,0.0,55,1438.0181818181818,79091,0.5750909090909091,366.0,0.006670866842085756,3.6,54,0,0,loft__hotpotqa_128k__Qwen_Qwen3-4B-Instruct-2507__structured__split-test__chunks-bm255__win8000o1600__mapchars800
geometry-47ed2fa53fa29bd7,geometry,hotpotqa_128k,"BM25 · task + question · k=5 · w=8,000 · read=8,000",aware,5,8000,8000,8000,1,subspan_em,38.18181818181819,29.09090909090909,55,9245.854545454546,508522,5.171090909090909,389.8979591836735,0.06670866842085758,3.6,6,0,0,loft__hotpotqa_128k__Qwen_Qwen3-4B-Instruct-2507__structured__split-test__chunks-bm255__win8000o1600__mapchars8000__find8000
geometry-f8bd36d438d96463,geometry,hotpotqa_128k,"Oracle · gold-answer windows · k=5 · w=2,000",oracle,5,2000,0,2000,1,subspan_em,49.09090909090909,36.36363636363637,55,3647.309090909091,200602,3.785090909090908,422.1951219512195,0.020699901958472176,3.5636363636363635,14,0,0,loft__hotpotqa_128k__Qwen_Qwen3-4B-Instruct-2507__structured__split-test__chunks-file5
geometry-3bcc25b23e40e0ab,geometry,musique_128k,"BM25 · task + question · k=10 · w=2,000",aware,10,2000,0,2000,1,subspan_em,18.181818181818183,10.909090909090908,55,6953.472727272727,382441,5.907636363636363,460.12820512820514,0.04060566967420056,8.363636363636363,16,0,0,loft__musique_128k__Qwen_Qwen3-4B-Instruct-2507__structured__split-test__chunks-bm2510
geometry-6bd58173b415a875,geometry,musique_128k,"BM25 · question only · k=10 · w=2,000",aware,10,2000,0,2000,1,subspan_em,18.181818181818183,10.909090909090908,55,7060.327272727272,388318,5.590909090909091,479.28205128205127,0.04181713581131304,8.2,16,0,0,loft__musique_128k__Qwen_Qwen3-4B-Instruct-2507__structured__split-test__chunks-bm2510__qbare
geometry-e41b7ff466ce5d0a,geometry,musique_128k,"BM25 · task + question · k=10 · w=1,000",aware,10,1000,0,2000,1,subspan_em,12.727272727272727,1.8181818181818181,55,3966.090909090909,218135,4.003454545454545,423.030303030303,0.019257620397767874,6.745454545454545,22,0,0,loft__musique_128k__Qwen_Qwen3-4B-Instruct-2507__structured__split-test__chunks-bm2510__win1000o200
geometry-c53281aa9869b0eb,geometry,musique_128k,"BM25 · question only · k=10 · w=1,000",aware,10,1000,0,2000,1,subspan_em,10.909090909090908,3.6363636363636362,55,4670.4,256872,5.366727272727272,485.0731707317073,0.02104502425626535,8.472727272727273,14,0,0,loft__musique_128k__Qwen_Qwen3-4B-Instruct-2507__structured__split-test__chunks-bm2510__win1000o200__qbare
geometry-07ae39f3ebc7a028,geometry,musique_128k,"BM25 · task + question · k=10 · w=4,000",aware,10,4000,0,4000,1,subspan_em,21.818181818181817,12.727272727272727,55,11160.690909090908,613838,6.183454545454546,436.3333333333333,0.07770721633799338,7.963636363636364,22,0,0,loft__musique_128k__Qwen_Qwen3-4B-Instruct-2507__structured__split-test__chunks-bm2510__win4000o800__find4000
geometry-3ff64bc64b1be00e,geometry,musique_128k,"BM25 · question only · k=10 · w=4,000",aware,10,4000,0,4000,1,subspan_em,9.090909090909092,9.090909090909092,55,11978.690909090908,658828,6.039272727272729,471.5882352941176,0.08324534725050753,8.181818181818182,21,0,0,loft__musique_128k__Qwen_Qwen3-4B-Instruct-2507__structured__split-test__chunks-bm2510__win4000o800__find4000__qbare
geometry-d4989fc9ea729c7e,geometry,musique_128k,"BM25 · task + question · k=10 · w=8,000",aware,10,8000,0,8000,1,subspan_em,12.727272727272727,7.2727272727272725,55,20865.727272727272,1147615,6.451454545454544,405.04,0.16059533639422421,8.254545454545454,30,0,0,loft__musique_128k__Qwen_Qwen3-4B-Instruct-2507__structured__split-test__chunks-bm2510__win8000o1600__find8000
geometry-4da57480bd4a1a57,geometry,musique_128k,"BM25 · question only · k=10 · w=8,000",aware,10,8000,0,8000,1,subspan_em,10.909090909090908,5.454545454545454,55,21414.563636363637,1177801,6.0270909090909095,473.95238095238096,0.16376473720662285,7.527272727272727,34,0,0,loft__musique_128k__Qwen_Qwen3-4B-Instruct-2507__structured__split-test__chunks-bm2510__win8000o1600__find8000__qbare
geometry-4cf0c93e343d62c3,geometry,musique_128k,"BM25 · task + question · k=2 · w=2,000",aware,2,2000,0,2000,1,subspan_em,1.8181818181818181,1.8181818181818181,55,948.9818181818182,52194,0.25400000000000006,270.5,0.006293474660483597,1.0,53,0,0,loft__musique_128k__Qwen_Qwen3-4B-Instruct-2507__structured__split-test__chunks-bm252
geometry-531b6f25cd1738ad,geometry,musique_128k,"BM25 · question only · k=2 · w=2,000",aware,2,2000,0,2000,1,subspan_em,10.909090909090908,7.2727272727272725,55,1721.7818181818182,94698,2.899090909090909,403.0571428571429,0.008397850297398769,1.7636363636363637,20,0,0,loft__musique_128k__Qwen_Qwen3-4B-Instruct-2507__structured__split-test__chunks-bm252__qbare
geometry-5c99246911f57802,geometry,musique_128k,"BM25 · task + question · k=2 · w=1,000",aware,2,1000,0,2000,1,subspan_em,1.8181818181818181,1.8181818181818181,55,682.4545454545455,37535,0.3427272727272727,271.0,0.00393045005237959,1.018181818181818,53,0,0,loft__musique_128k__Qwen_Qwen3-4B-Instruct-2507__structured__split-test__chunks-bm252__win1000o200
geometry-b52bef534123799a,geometry,musique_128k,"BM25 · question only · k=2 · w=1,000",aware,2,1000,0,2000,1,subspan_em,9.090909090909092,5.454545454545454,55,1213.490909090909,66742,2.401818181818182,370.85714285714283,0.004294967597559949,1.8545454545454545,20,0,0,loft__musique_128k__Qwen_Qwen3-4B-Instruct-2507__structured__split-test__chunks-bm252__win1000o200__qbare
geometry-c88b4a7151534926,geometry,musique_128k,"BM25 · task + question · k=2 · w=4,000",aware,2,4000,0,4000,1,subspan_em,5.454545454545454,3.6363636363636362,55,1325.3272727272727,72893,0.3290909090909091,232.75,0.009780164223078409,1.0,51,0,0,loft__musique_128k__Qwen_Qwen3-4B-Instruct-2507__structured__split-test__chunks-bm252__win4000o800__find4000
geometry-0816185227c37838,geometry,musique_128k,"BM25 · question only · k=2 · w=4,000",aware,2,4000,0,4000,1,subspan_em,10.909090909090908,7.2727272727272725,55,2646.690909090909,145568,2.7563636363636363,394.41379310344826,0.016718359480863615,1.8363636363636364,26,0,0,loft__musique_128k__Qwen_Qwen3-4B-Instruct-2507__structured__split-test__chunks-bm252__win4000o800__find4000__qbare
geometry-bf488217e30b3f5d,geometry,musique_128k,"BM25 · task + question · k=2 · w=8,000",aware,2,8000,0,8000,1,subspan_em,7.2727272727272725,3.6363636363636362,55,3580.672727272727,196937,1.0945454545454545,308.1666666666667,0.02721361203605238,2.0,49,0,0,loft__musique_128k__Qwen_Qwen3-4B-Instruct-2507__structured__split-test__chunks-bm252__win8000o1600__find8000
geometry-b0a9d9b4bc587ac8,geometry,musique_128k,"BM25 · question only · k=2 · w=8,000",aware,2,8000,0,8000,1,subspan_em,7.2727272727272725,3.6363636363636362,55,4496.4,247302,2.443636363636364,406.5,0.03319550343835135,1.8,37,0,0,loft__musique_128k__Qwen_Qwen3-4B-Instruct-2507__structured__split-test__chunks-bm252__win8000o1600__find8000__qbare
geometry-7140f48861e921b4,geometry,musique_128k,"BM25 · task + question · k=5 · w=2,000",aware,5,2000,0,2000,1,subspan_em,10.909090909090908,3.6363636363636362,55,3279.8727272727274,180393,2.362545454545455,379.5416666666667,0.019305166164530537,3.9272727272727272,31,0,0,loft__musique_128k__Qwen_Qwen3-4B-Instruct-2507__structured__split-test__chunks-bm255
geometry-71dc4cc1377919c5,geometry,musique_128k,"BM25 · task + question · k=5 · w=2,000 · 2 hops",aware,5,2000,0,2000,2,subspan_em,12.727272727272727,9.090909090909092,55,4862.218181818182,267422,4.573454545454545,509.7916666666667,0.028354710438356117,5.836363636363636,31,0,0,loft__musique_128k__Qwen_Qwen3-4B-Instruct-2507__structured__split-test__chunks-bm255__hops2
geometry-2baa4997dca62ff7,geometry,musique_128k,"BM25 · question only · k=5 · w=2,000",aware,5,2000,0,2000,1,subspan_em,16.363636363636363,10.909090909090908,55,3838.981818181818,211144,4.563454545454545,463.4102564102564,0.021039635736032236,4.363636363636363,16,0,0,loft__musique_128k__Qwen_Qwen3-4B-Instruct-2507__structured__split-test__chunks-bm255__qbare
geometry-1ffea0cf7aea02ee,geometry,musique_128k,"BM25 · task + question · k=5 · w=1,000",aware,5,1000,0,2000,1,subspan_em,1.8181818181818181,1.8181818181818181,55,1382.4363636363637,76034,0.5363636363636363,302.3333333333333,0.00847265563710536,2.0,52,0,0,loft__musique_128k__Qwen_Qwen3-4B-Instruct-2507__structured__split-test__chunks-bm255__win1000o200
geometry-95b0ec4d38f36de5,geometry,musique_128k,"BM25 · question only · k=5 · w=1,000",aware,5,1000,0,2000,1,subspan_em,18.181818181818183,9.090909090909092,55,2593.509090909091,142643,3.8894545454545457,436.28205128205127,0.010658176049295445,4.454545454545454,16,0,0,loft__musique_128k__Qwen_Qwen3-4B-Instruct-2507__structured__split-test__chunks-bm255__win1000o200__qbare
geometry-b672891c5ef2619d,geometry,musique_128k,"BM25 · task + question · k=5 · w=4,000",aware,5,4000,0,4000,1,subspan_em,12.727272727272727,9.090909090909092,55,5202.381818181818,286131,2.957454545454546,368.51851851851853,0.0357718500533305,3.909090909090909,28,0,0,loft__musique_128k__Qwen_Qwen3-4B-Instruct-2507__structured__split-test__chunks-bm255__win4000o800__find4000
geometry-f48b4f22b11bd989,geometry,musique_128k,"BM25 · question only · k=5 · w=4,000",aware,5,4000,0,4000,1,subspan_em,10.909090909090908,10.909090909090908,55,6284.927272727273,345671,4.615818181818182,447.27272727272725,0.04192458924419661,4.418181818181818,22,0,0,loft__musique_128k__Qwen_Qwen3-4B-Instruct-2507__structured__split-test__chunks-bm255__win4000o800__find4000__qbare
geometry-755103c099855df7,geometry,musique_128k,"BM25 · task + question · k=5 · w=8,000",aware,5,8000,0,8000,1,subspan_em,16.363636363636363,12.727272727272727,55,10382.836363636363,571056,4.2,377.0,0.0783728570726705,4.672727272727273,31,0,0,loft__musique_128k__Qwen_Qwen3-4B-Instruct-2507__structured__split-test__chunks-bm255__win8000o1600__find8000
geometry-7354c5269e72f508,geometry,musique_128k,"BM25 · question only · k=5 · w=8,000",aware,5,8000,0,8000,1,subspan_em,10.909090909090908,3.6363636363636362,55,10994.709090909091,604709,4.580181818181818,461.0952380952381,0.08265704762976425,4.1454545454545455,34,0,0,loft__musique_128k__Qwen_Qwen3-4B-Instruct-2507__structured__split-test__chunks-bm255__win8000o1600__find8000__qbare
geometry-5f88c367047a2235,geometry,musique_128k,"BM25 · task + question · k=5 · w=8,000 · read=1,500",aware,5,8000,1500,2000,1,subspan_em,9.090909090909092,5.454545454545454,55,2722.5454545454545,149740,1.901090909090909,351.0,0.015274077572503347,4.672727272727273,45,0,0,loft__musique_128k__Qwen_Qwen3-4B-Instruct-2507__structured__split-test__chunks-bm255__win8000o1600__mapchars1500
geometry-460476624a955064,geometry,musique_128k,"BM25 · task + question · k=5 · w=8,000 · read=2,000",aware,5,8000,2000,2000,1,subspan_em,7.2727272727272725,3.6363636363636362,55,3361.3818181818183,184876,3.057090909090909,375.125,0.020365436763337765,4.672727272727273,39,0,0,loft__musique_128k__Qwen_Qwen3-4B-Instruct-2507__structured__split-test__chunks-bm255__win8000o1600__mapchars2000
geometry-0240e37ce56d9a25,geometry,musique_128k,"BM25 · task + question · k=5 · w=8,000 · read=400",aware,5,8000,400,2000,1,subspan_em,3.6363636363636362,1.8181818181818181,55,1339.8727272727272,73693,0.9265454545454546,287.3333333333333,0.004073087352667552,4.672727272727273,52,0,0,loft__musique_128k__Qwen_Qwen3-4B-Instruct-2507__structured__split-test__chunks-bm255__win8000o1600__mapchars400
geometry-9703b59bd77c074f,geometry,musique_128k,"BM25 · task + question · k=5 · w=8,000 · read=4,000",aware,5,8000,4000,4000,1,subspan_em,10.909090909090908,7.2727272727272725,55,5757.836363636364,316681,2.978545454545455,339.0,0.04073087352667553,4.672727272727273,38,0,0,loft__musique_128k__Qwen_Qwen3-4B-Instruct-2507__structured__split-test__chunks-bm255__win8000o1600__mapchars4000__find4000
geometry-40fa68ff6510d698,geometry,musique_128k,"BM25 · task + question · k=5 · w=8,000 · read=800",aware,5,8000,800,2000,1,subspan_em,5.454545454545454,1.8181818181818181,55,1841.5272727272727,101284,1.4170909090909087,343.875,0.008146174705335104,4.672727272727273,47,0,0,loft__musique_128k__Qwen_Qwen3-4B-Instruct-2507__structured__split-test__chunks-bm255__win8000o1600__mapchars800
geometry-52fc5c6b39482dad,geometry,musique_128k,"BM25 · task + question · k=5 · w=8,000 · read=8,000",aware,5,8000,8000,8000,1,subspan_em,16.363636363636363,12.727272727272727,55,9869.963636363636,542848,4.391090909090909,367.84615384615387,0.0738084634634555,4.672727272727273,29,0,0,loft__musique_128k__Qwen_Qwen3-4B-Instruct-2507__structured__split-test__chunks-bm255__win8000o1600__mapchars8000__find8000
geometry-96325a82aca445a2,geometry,musique_128k,"Oracle · gold-answer windows · k=5 · w=2,000",oracle,5,2000,0,2000,1,subspan_em,21.818181818181817,18.181818181818183,55,3397.9636363636364,186888,4.509454545454546,399.1333333333333,0.019684264411518115,3.909090909090909,25,0,0,loft__musique_128k__Qwen_Qwen3-4B-Instruct-2507__structured__split-test__chunks-file5
geometry-d509f7b04a8b98d7,geometry,nq_128k,"BM25 · task + question · k=10 · w=2,000",aware,10,2000,0,2000,1,subspan_em,67.27272727272727,47.27272727272727,55,5674.636363636364,312105,4.001636363636362,325.64285714285717,0.03568869492203304,6.636363636363637,13,0,0,loft__nq_128k__Qwen_Qwen3-4B-Instruct-2507__structured__split-test__chunks-bm2510
geometry-5ca5ab2623b8d463,geometry,nq_128k,"BM25 · question only · k=10 · w=2,000",aware,10,2000,0,2000,1,subspan_em,78.18181818181819,60.0,55,6513.981818181818,358269,4.1712727272727275,315.3921568627451,0.039890216866806515,7.945454545454545,4,0,0,loft__nq_128k__Qwen_Qwen3-4B-Instruct-2507__structured__split-test__chunks-bm2510__qbare
geometry-7814850804c5742b,geometry,nq_128k,"BM25 · task + question · k=10 · w=1,000",aware,10,1000,0,2000,1,subspan_em,63.63636363636363,38.18181818181819,55,3788.490909090909,208367,3.566545454545454,326.5952380952381,0.018459564308705045,7.3090909090909095,13,0,0,loft__nq_128k__Qwen_Qwen3-4B-Instruct-2507__structured__split-test__chunks-bm2510__win1000o200
geometry-fea40ea4686f8055,geometry,nq_128k,"BM25 · question only · k=10 · w=1,000",aware,10,1000,0,2000,1,subspan_em,70.9090909090909,50.90909090909091,55,4247.309090909091,233602,4.289454545454546,337.54,0.020067463555379847,8.127272727272727,5,0,0,loft__nq_128k__Qwen_Qwen3-4B-Instruct-2507__structured__split-test__chunks-bm2510__win1000o200__qbare
geometry-2256e55cabb3ca39,geometry,nq_128k,"BM25 · task + question · k=10 · w=4,000",aware,10,4000,0,4000,1,subspan_em,70.9090909090909,49.09090909090909,55,10451.036363636364,574807,4.962909090909091,313.60869565217394,0.07551528712541165,7.490909090909091,9,0,0,loft__nq_128k__Qwen_Qwen3-4B-Instruct-2507__structured__split-test__chunks-bm2510__win4000o800__find4000
geometry-d3ad705ac937da05,geometry,nq_128k,"BM25 · question only · k=10 · w=4,000",aware,10,4000,0,4000,1,subspan_em,78.18181818181819,52.72727272727272,55,11287.181818181818,620795,5.199090909090909,323.78,0.07997681370438549,8.090909090909092,5,0,0,loft__nq_128k__Qwen_Qwen3-4B-Instruct-2507__structured__split-test__chunks-bm2510__win4000o800__find4000__qbare
geometry-b1c1c12f355052a9,geometry,nq_128k,"BM25 · task + question · k=10 · w=8,000",aware,10,8000,0,8000,1,subspan_em,70.9090909090909,49.09090909090909,55,18820.254545454547,1035114,7.067636363636363,308.9130434782609,0.14663420177430214,7.381818181818182,9,0,0,loft__nq_128k__Qwen_Qwen3-4B-Instruct-2507__structured__split-test__chunks-bm2510__win8000o1600__find8000
geometry-cd08a63a7c8aafc8,geometry,nq_128k,"BM25 · question only · k=10 · w=8,000",aware,10,8000,0,8000,1,subspan_em,74.54545454545455,56.36363636363636,55,20257.727272727272,1114175,6.870727272727274,313.6875,0.15679732409348243,7.454545454545454,7,0,0,loft__nq_128k__Qwen_Qwen3-4B-Instruct-2507__structured__split-test__chunks-bm2510__win8000o1600__find8000__qbare
geometry-536682ef35435c6d,geometry,nq_128k,"BM25 · task + question · k=2 · w=2,000",aware,2,2000,0,2000,1,subspan_em,0.0,0.0,55,632.6545454545454,34796,0.18454545454545462,,0.004029307110591436,1.0,55,0,0,loft__nq_128k__Qwen_Qwen3-4B-Instruct-2507__structured__split-test__chunks-bm252
geometry-af1e73d4e7ac9d69,geometry,nq_128k,"BM25 · question only · k=2 · w=2,000",aware,2,2000,0,2000,1,subspan_em,80.0,60.0,55,1688.3454545454545,92859,2.8512727272727276,309.94,0.008148698179738137,1.690909090909091,5,0,0,loft__nq_128k__Qwen_Qwen3-4B-Instruct-2507__structured__split-test__chunks-bm252__qbare
geometry-a187d88a4f6a3bdc,geometry,nq_128k,"BM25 · task + question · k=2 · w=1,000",aware,2,1000,0,2000,1,subspan_em,0.0,0.0,55,606.6545454545454,33366,0.2781818181818182,,0.0037853615861506216,1.0,55,0,0,loft__nq_128k__Qwen_Qwen3-4B-Instruct-2507__structured__split-test__chunks-bm252__win1000o200
geometry-f669c646e89ec1bc,geometry,nq_128k,"BM25 · question only · k=2 · w=1,000",aware,2,1000,0,2000,1,subspan_em,63.63636363636363,43.63636363636363,55,1229.7454545454545,67636,3.445636363636363,334.625,0.004022424634980255,1.5636363636363637,7,0,0,loft__nq_128k__Qwen_Qwen3-4B-Instruct-2507__structured__split-test__chunks-bm252__win1000o200__qbare
geometry-413c07dfe1abd226,geometry,nq_128k,"BM25 · task + question · k=2 · w=4,000",aware,2,4000,0,4000,1,subspan_em,1.8181818181818181,1.8181818181818181,55,1370.4727272727273,75376,0.2898181818181818,221.0,0.010758838819303663,1.0,54,0,0,loft__nq_128k__Qwen_Qwen3-4B-Instruct-2507__structured__split-test__chunks-bm252__win4000o800__find4000
geometry-9334550112c13ff8,geometry,nq_128k,"BM25 · question only · k=2 · w=4,000",aware,2,4000,0,4000,1,subspan_em,78.18181818181819,52.72727272727272,55,2635.8545454545456,144972,3.006363636363637,306.7647058823529,0.016193547449698645,1.6727272727272726,4,0,0,loft__nq_128k__Qwen_Qwen3-4B-Instruct-2507__structured__split-test__chunks-bm252__win4000o800__find4000__qbare
geometry-f9dc5fd44aa4d6a0,geometry,nq_128k,"BM25 · task + question · k=2 · w=8,000",aware,2,8000,0,8000,1,subspan_em,1.8181818181818181,1.8181818181818181,55,2107.2181818181816,115897,0.5130909090909092,220.0,0.01748837052801588,1.0,53,0,0,loft__nq_128k__Qwen_Qwen3-4B-Instruct-2507__structured__split-test__chunks-bm252__win8000o1600__find8000
geometry-6ab57417718bc723,geometry,nq_128k,"BM25 · question only · k=2 · w=8,000",aware,2,8000,0,8000,1,subspan_em,76.36363636363637,52.72727272727272,55,4461.490909090909,245382,3.346,300.9795918367347,0.03206912452616064,1.6,6,0,0,loft__nq_128k__Qwen_Qwen3-4B-Instruct-2507__structured__split-test__chunks-bm252__win8000o1600__find8000__qbare
geometry-3e0bc731f792aebe,geometry,nq_128k,"BM25 · task + question · k=5 · w=2,000",aware,5,2000,0,2000,1,subspan_em,54.54545454545454,34.54545454545455,55,2640.818181818182,145245,2.7432727272727275,316.7837837837838,0.015790693210590765,2.981818181818182,18,0,0,loft__nq_128k__Qwen_Qwen3-4B-Instruct-2507__structured__split-test__chunks-bm255
geometry-008fd82f48733822,geometry,nq_128k,"BM25 · task + question · k=5 · w=2,000 · 2 hops",aware,5,2000,0,2000,2,subspan_em,52.72727272727272,38.18181818181819,55,4915.6,270358,5.502545454545454,373.7837837837838,0.029326228579250574,6.109090909090909,18,0,0,loft__nq_128k__Qwen_Qwen3-4B-Instruct-2507__structured__split-test__chunks-bm255__hops2
geometry-a7a6d4ce09511835,geometry,nq_128k,"BM25 · question only · k=5 · w=2,000",aware,5,2000,0,2000,1,subspan_em,78.18181818181819,61.81818181818181,55,3536.309090909091,194497,3.381636363636364,315.05882352941177,0.02028923221396241,4.127272727272727,4,0,0,loft__nq_128k__Qwen_Qwen3-4B-Instruct-2507__structured__split-test__chunks-bm255__qbare
geometry-37e3b28db2efc5ea,geometry,nq_128k,"BM25 · task + question · k=5 · w=1,000",aware,5,1000,0,2000,1,subspan_em,45.45454545454545,29.09090909090909,55,1709.1454545454546,94003,2.2365454545454546,310.2258064516129,0.008227617233413035,2.981818181818182,24,0,0,loft__nq_128k__Qwen_Qwen3-4B-Instruct-2507__structured__split-test__chunks-bm255__win1000o200
geometry-4d18b7c77df1b9ac,geometry,nq_128k,"BM25 · question only · k=5 · w=1,000",aware,5,1000,0,2000,1,subspan_em,69.0909090909091,49.09090909090909,55,2378.6545454545453,130826,3.7558181818181824,344.74,0.010101944758191869,4.0181818181818185,5,0,0,loft__nq_128k__Qwen_Qwen3-4B-Instruct-2507__structured__split-test__chunks-bm255__win1000o200__qbare
geometry-806c1679dd17d469,geometry,nq_128k,"BM25 · task + question · k=5 · w=4,000",aware,5,4000,0,4000,1,subspan_em,58.18181818181818,36.36363636363637,55,5023.763636363637,276307,3.194909090909091,314.27777777777777,0.03544398467807986,3.672727272727273,19,0,0,loft__nq_128k__Qwen_Qwen3-4B-Instruct-2507__structured__split-test__chunks-bm255__win4000o800__find4000
geometry-a97f8a0ee2bf8a72,geometry,nq_128k,"BM25 · question only · k=5 · w=4,000",aware,5,4000,0,4000,1,subspan_em,80.0,52.72727272727272,55,5961.545454545455,327885,3.9029090909090907,317.2549019607843,0.040554299291334445,4.2,4,0,0,loft__nq_128k__Qwen_Qwen3-4B-Instruct-2507__structured__split-test__chunks-bm255__win4000o800__find4000__qbare
geometry-26b62dec89f331c7,geometry,nq_128k,"BM25 · task + question · k=5 · w=8,000",aware,5,8000,0,8000,1,subspan_em,69.0909090909091,43.63636363636363,55,8751.436363636363,481329,4.376545454545456,297.59090909090907,0.06704219492853311,3.727272727272727,11,0,0,loft__nq_128k__Qwen_Qwen3-4B-Instruct-2507__structured__split-test__chunks-bm255__win8000o1600__find8000
geometry-b4cf8da759939ec9,geometry,nq_128k,"BM25 · question only · k=5 · w=8,000",aware,5,8000,0,8000,1,subspan_em,76.36363636363637,56.36363636363636,55,10636.745454545455,585021,4.679090909090909,309.4,0.08058293038987697,4.0181818181818185,5,0,0,loft__nq_128k__Qwen_Qwen3-4B-Instruct-2507__structured__split-test__chunks-bm255__win8000o1600__find8000__qbare
geometry-43b148466ac17096,geometry,nq_128k,"BM25 · task + question · k=5 · w=8,000 · read=1,500",aware,5,8000,1500,2000,1,subspan_em,10.909090909090908,3.6363636363636362,55,2062.6181818181817,113444,1.2490909090909093,286.22222222222223,0.011757562502437547,3.727272727272727,46,0,0,loft__nq_128k__Qwen_Qwen3-4B-Instruct-2507__structured__split-test__chunks-bm255__win8000o1600__mapchars1500
geometry-f0b73bad6b22ca7f,geometry,nq_128k,"BM25 · task + question · k=5 · w=8,000 · read=2,000",aware,5,8000,2000,2000,1,subspan_em,14.545454545454545,5.454545454545454,55,2572.0,141460,1.9794545454545458,359.8,0.01567675000325005,3.727272727272727,45,0,0,loft__nq_128k__Qwen_Qwen3-4B-Instruct-2507__structured__split-test__chunks-bm255__win8000o1600__mapchars2000
geometry-e1b21fc40e0b65be,geometry,nq_128k,"BM25 · task + question · k=5 · w=8,000 · read=400",aware,5,8000,400,2000,1,subspan_em,3.6363636363636362,1.8181818181818181,55,1064.9818181818182,58574,1.355818181818182,276.3333333333333,0.0031353500006500103,3.727272727272727,49,0,0,loft__nq_128k__Qwen_Qwen3-4B-Instruct-2507__structured__split-test__chunks-bm255__win8000o1600__mapchars400
geometry-e717c39d1b983355,geometry,nq_128k,"BM25 · task + question · k=5 · w=8,000 · read=4,000",aware,5,8000,4000,4000,1,subspan_em,32.72727272727273,20.0,55,4458.672727272728,245227,3.0856363636363637,321.17391304347825,0.0313535000065001,3.727272727272727,32,0,0,loft__nq_128k__Qwen_Qwen3-4B-Instruct-2507__structured__split-test__chunks-bm255__win8000o1600__mapchars4000__find4000
geometry-02228922c2349b09,geometry,nq_128k,"BM25 · task + question · k=5 · w=8,000 · read=800",aware,5,8000,800,2000,1,subspan_em,7.2727272727272725,5.454545454545454,55,1399.3818181818183,76966,0.8438181818181818,291.6,0.006270700001300021,3.727272727272727,50,0,0,loft__nq_128k__Qwen_Qwen3-4B-Instruct-2507__structured__split-test__chunks-bm255__win8000o1600__mapchars800
geometry-ff0208d1735d557a,geometry,nq_128k,"BM25 · task + question · k=5 · w=8,000 · read=8,000",aware,5,8000,8000,8000,1,subspan_em,60.0,36.36363636363637,55,8233.89090909091,452864,4.5894545454545455,298.0,0.0627070000130002,3.727272727272727,13,0,0,loft__nq_128k__Qwen_Qwen3-4B-Instruct-2507__structured__split-test__chunks-bm255__win8000o1600__mapchars8000__find8000
geometry-ebba7d91f96c9211,geometry,nq_128k,"Oracle · gold-answer windows · k=5 · w=2,000",oracle,5,2000,0,2000,1,subspan_em,80.0,60.0,55,2866.581818181818,157662,5.160727272727273,304.7647058823529,0.016387939149738972,3.1636363636363636,4,0,0,loft__nq_128k__Qwen_Qwen3-4B-Instruct-2507__structured__split-test__chunks-file5
geometry-02f72c33be957924,geometry,qampari_128k,"BM25 · task + question · k=10 · w=2,000",aware,10,2000,0,2000,1,coverage,30.12121212121212,0.0,55,7022.909090909091,386260,10.236727272727272,552.8846153846154,0.040172441816981645,7.163636363636364,3,0,0,loft__qampari_128k__Qwen_Qwen3-4B-Instruct-2507__structured__split-test__chunks-bm2510__listfmt
geometry-fbf2be91090cce6b,geometry,qampari_128k,"BM25 · task + question · k=10 · w=1,000",aware,10,1000,0,2000,1,coverage,26.848484848484848,0.0,55,4387.309090909091,241302,7.790181818181818,544.9607843137255,0.019682259102254986,6.454545454545454,4,0,0,loft__qampari_128k__Qwen_Qwen3-4B-Instruct-2507__structured__split-test__chunks-bm2510__win1000o200__listfmt
geometry-28117b29e1d558d2,geometry,qampari_128k,"BM25 · question only · k=10 · w=1,000",aware,10,1000,0,2000,1,coverage,53.87878787878788,16.363636363636363,55,5137.345454545454,282554,12.098727272727272,712.3454545454546,0.020863743066779468,8.018181818181818,0,0,0,loft__qampari_128k__Qwen_Qwen3-4B-Instruct-2507__structured__split-test__chunks-bm2510__win1000o200__qbare__listfmt
geometry-4381d47bc7c8e7c0,geometry,qampari_128k,"BM25 · task + question · k=10 · w=4,000",aware,10,4000,0,4000,1,coverage,27.21212121212121,0.0,55,11702.272727272728,643625,11.53290909090909,519.0,0.07996059335690471,6.836363636363636,2,0,0,loft__qampari_128k__Qwen_Qwen3-4B-Instruct-2507__structured__split-test__chunks-bm2510__win4000o800__find4000__listfmt
geometry-de1415825254bfe2,geometry,qampari_128k,"BM25 · task + question · k=10 · w=8,000",aware,10,8000,0,8000,1,coverage,36.848484848484844,3.6363636363636362,55,20995.745454545453,1154766,12.128363636363638,542.566037735849,0.15514954932327968,7.418181818181818,2,0,0,loft__qampari_128k__Qwen_Qwen3-4B-Instruct-2507__structured__split-test__chunks-bm2510__win8000o1600__find8000__listfmt
geometry-5e4f621069b8225c,geometry,qampari_128k,"BM25 · task + question · k=2 · w=2,000",aware,2,2000,0,2000,1,coverage,0.0,0.0,55,1079.7818181818182,59388,0.2590909090909091,291.0,0.006806349095328234,1.0,54,0,0,loft__qampari_128k__Qwen_Qwen3-4B-Instruct-2507__structured__split-test__chunks-bm252__listfmt
geometry-acc062104a14f69c,geometry,qampari_128k,"BM25 · question only · k=2 · w=2,000",aware,2,2000,0,2000,1,coverage,21.393939393939394,0.0,55,1991.9272727272728,109556,5.433090909090909,445.7647058823529,0.008615732375005307,1.8545454545454545,4,0,0,loft__qampari_128k__Qwen_Qwen3-4B-Instruct-2507__structured__split-test__chunks-bm252__qbare__listfmt
geometry-23a28096b5e7bacf,geometry,qampari_128k,"BM25 · task + question · k=2 · w=1,000",aware,2,1000,0,2000,1,coverage,0.0,0.0,55,686.7818181818182,37773,0.31527272727272726,291.0,0.003934305835449846,1.0,54,0,0,loft__qampari_128k__Qwen_Qwen3-4B-Instruct-2507__structured__split-test__chunks-bm252__win1000o200__listfmt
geometry-f4c7670f4eabc5a9,geometry,qampari_128k,"BM25 · question only · k=2 · w=1,000",aware,2,1000,0,2000,1,coverage,18.12121212121212,0.0,55,1429.8181818181818,78640,3.9418181818181814,426.96078431372547,0.004291970002308917,1.8181818181818181,4,0,0,loft__qampari_128k__Qwen_Qwen3-4B-Instruct-2507__structured__split-test__chunks-bm252__win1000o200__qbare__listfmt
geometry-395a7db4418eac2d,geometry,qampari_128k,"BM25 · task + question · k=2 · w=4,000",aware,2,4000,0,4000,1,coverage,0.7272727272727273,0.0,55,1967.2545454545455,108199,0.6363636363636365,277.6,0.013800670580572409,1.0,50,0,0,loft__qampari_128k__Qwen_Qwen3-4B-Instruct-2507__structured__split-test__chunks-bm252__win4000o800__find4000__listfmt
geometry-3c6bd1aed964241c,geometry,qampari_128k,"BM25 · task + question · k=2 · w=8,000",aware,2,8000,0,8000,1,coverage,1.8181818181818181,0.0,55,2835.163636363636,155934,0.7256363636363637,281.9,0.02079499206581658,1.0,45,0,0,loft__qampari_128k__Qwen_Qwen3-4B-Instruct-2507__structured__split-test__chunks-bm252__win8000o1600__find8000__listfmt
geometry-60562e96baf69ce6,geometry,qampari_128k,"BM25 · task + question · k=5 · w=2,000 · 2 hops",aware,5,2000,0,2000,2,coverage,26.727272727272723,9.090909090909092,55,5656.472727272727,311106,6.352545454545453,768.75,0.03125468192329533,5.654545454545454,23,0,0,loft__qampari_128k__Qwen_Qwen3-4B-Instruct-2507__structured__split-test__chunks-bm255__hops2__listfmt
geometry-ab7cc90b7c474b82,geometry,qampari_128k,"BM25 · task + question · k=5 · w=2,000",aware,5,2000,0,2000,1,coverage,7.93939393939394,0.0,55,3216.0363636363636,176882,2.612909090909091,368.875,0.0190464116945055,3.0,23,0,0,loft__qampari_128k__Qwen_Qwen3-4B-Instruct-2507__structured__split-test__chunks-bm255__listfmt
geometry-bb422edd4ff7bb27,geometry,qampari_128k,"BM25 · question only · k=5 · w=2,000",aware,5,2000,0,2000,1,coverage,38.42424242424242,1.8181818181818181,55,4377.854545454546,240782,12.448545454545451,630.6111111111111,0.0212849919744135,4.345454545454546,1,0,0,loft__qampari_128k__Qwen_Qwen3-4B-Instruct-2507__structured__split-test__chunks-bm255__qbare__listfmt
geometry-51ec0f18c0f761d7,geometry,qampari_128k,"BM25 · task + question · k=5 · w=1,000",aware,5,1000,0,2000,1,coverage,0.0,0.0,55,1518.0,83490,0.4056363636363636,291.0,0.008992074559467041,2.0,54,0,0,loft__qampari_128k__Qwen_Qwen3-4B-Instruct-2507__structured__split-test__chunks-bm255__win1000o200__listfmt
geometry-3434fd0fba22aae4,geometry,qampari_128k,"BM25 · question only · k=5 · w=1,000",aware,5,1000,0,2000,1,coverage,32.606060606060595,1.8181818181818181,55,3002.5272727272727,165139,8.386545454545457,601.3454545454546,0.010555066968641197,4.1454545454545455,0,0,0,loft__qampari_128k__Qwen_Qwen3-4B-Instruct-2507__structured__split-test__chunks-bm255__win1000o200__qbare__listfmt
geometry-f6e022de0fbc28ea,geometry,qampari_128k,"BM25 · task + question · k=5 · w=4,000",aware,5,4000,0,4000,1,coverage,11.212121212121215,0.0,55,5864.309090909091,322537,4.845090909090909,391.42105263157896,0.03942532111287603,3.6545454545454548,17,0,0,loft__qampari_128k__Qwen_Qwen3-4B-Instruct-2507__structured__split-test__chunks-bm255__win4000o800__find4000__listfmt
geometry-50133416920de485,geometry,qampari_128k,"BM25 · task + question · k=5 · w=8,000",aware,5,8000,0,8000,1,coverage,13.393939393939396,0.0,55,10058.745454545455,553231,5.731454545454544,391.04545454545456,0.07293447950127319,3.909090909090909,11,0,0,loft__qampari_128k__Qwen_Qwen3-4B-Instruct-2507__structured__split-test__chunks-bm255__win8000o1600__find8000__listfmt
geometry-f51a52218939b688,geometry,qampari_128k,"BM25 · task + question · k=5 · w=8,000 · read=1,500",aware,5,8000,1500,2000,1,coverage,1.8181818181818181,0.0,55,2307.890909090909,126934,1.1007272727272728,359.4,0.012816299312450258,3.909090909090909,45,0,0,loft__qampari_128k__Qwen_Qwen3-4B-Instruct-2507__structured__split-test__chunks-bm255__win8000o1600__mapchars1500__listfmt
geometry-da86e2679c5f11ae,geometry,qampari_128k,"BM25 · task + question · k=5 · w=8,000 · read=2,000",aware,5,8000,2000,2000,1,coverage,3.6363636363636362,0.0,55,2838.7090909090907,156129,1.4145454545454546,364.84615384615387,0.01708839908326698,3.909090909090909,42,0,0,loft__qampari_128k__Qwen_Qwen3-4B-Instruct-2507__structured__split-test__chunks-bm255__win8000o1600__mapchars2000__listfmt
geometry-d623c20d56cf1980,geometry,qampari_128k,"BM25 · task + question · k=5 · w=8,000 · read=4,000",aware,5,8000,4000,4000,1,coverage,6.545454545454546,0.0,55,4985.327272727272,274193,2.3176363636363635,377.7826086956522,0.03417679816653396,3.909090909090909,32,0,0,loft__qampari_128k__Qwen_Qwen3-4B-Instruct-2507__structured__split-test__chunks-bm255__win8000o1600__mapchars4000__find4000__listfmt
geometry-2df10e1486d1aefa,geometry,qampari_128k,"BM25 · task + question · k=5 · w=8,000 · read=400",aware,5,8000,400,2000,1,coverage,0.7272727272727273,0.0,55,1121.0181818181818,61656,0.6427272727272729,297.25,0.003417679816653398,3.909090909090909,51,0,0,loft__qampari_128k__Qwen_Qwen3-4B-Instruct-2507__structured__split-test__chunks-bm255__win8000o1600__mapchars400__listfmt
geometry-0c0e293f6d4f8c5f,geometry,qampari_128k,"BM25 · task + question · k=5 · w=8,000 · read=8,000",aware,5,8000,8000,8000,1,coverage,13.75757575757576,0.0,55,9430.4,518672,3.940545454545454,390.3953488372093,0.06835359633306792,3.909090909090909,12,0,0,loft__qampari_128k__Qwen_Qwen3-4B-Instruct-2507__structured__split-test__chunks-bm255__win8000o1600__mapchars8000__find8000__listfmt
geometry-784a53b8187a017b,geometry,qampari_128k,"BM25 · task + question · k=5 · w=8,000 · read=800",aware,5,8000,800,2000,1,coverage,0.7272727272727273,0.0,55,1525.5454545454545,83905,0.7776363636363637,350.25,0.006835359633306796,3.909090909090909,51,0,0,loft__qampari_128k__Qwen_Qwen3-4B-Instruct-2507__structured__split-test__chunks-bm255__win8000o1600__mapchars800__listfmt
geometry-4fd0a1bed58c4638,geometry,qampari_128k,"Oracle · gold-answer windows · k=5 · w=2,000",oracle,5,2000,0,2000,1,coverage,58.78787878787879,12.727272727272727,55,4601.272727272727,253070,9.464363636363636,678.2363636363636,0.021571123307900755,4.672727272727273,0,0,0,loft__qampari_128k__Qwen_Qwen3-4B-Instruct-2507__structured__split-test__chunks-file5__listfmt
archive-0,baseline,nq_128k,vanilla · whole 128k in-window · no RLM,historical,,,,,,subspan_em,50.0,,110,,,,,,,,,,
archive-1,baseline,hotpotqa_128k,vanilla · whole 128k in-window · no RLM,historical,,,,,,subspan_em,45.5,,110,,,,,,,,,,
archive-2,full55,nq_128k,A · agentic · str.find,historical,,,,,,subspan_em,50.91,,55,8807.054545454546,484388,20.266909090909092,2255.0,,,,,,
archive-3,full55,hotpotqa_128k,A · agentic · str.find,historical,,,,,,subspan_em,38.18,,55,7862.0,432410,19.299636363636363,2170.0,,,,,,
archive-4,full55,nq_128k,B · agentic · search_k=5,historical,,,,,,subspan_em,60.0,,55,15540.654545454545,854736,5.625272727272727,2562.0,,,,,,
archive-5,full55,hotpotqa_128k,B · agentic · search_k=5,historical,,,,,,subspan_em,40.0,,55,15928.89090909091,876089,6.079999999999999,2619.0,,,,,,
archive-6,full55,nq_128k,B′ rev1 · structured · BM25,historical,,,,,,subspan_em,47.27,40.0,55,3216.3818181818183,176901,5.083454545454545,315.0,,,,,,
archive-7,full55,hotpotqa_128k,B′ rev1 · structured · BM25,historical,,,,,,subspan_em,40.0,12.7,55,4108.490909090909,225967,10.050181818181818,386.0,,,,,,
archive-8,full55,nq_128k,B′ rev2 · structured · BM25,historical,,,,,,subspan_em,52.73,36.4,55,2645.581818181818,145507,4.7976363636363635,315.0,,,,,,
archive-9,full55,hotpotqa_128k,B′ rev2 · structured · BM25,historical,,,,,,subspan_em,34.55,23.599999999999998,55,3686.7272727272725,202770,9.838181818181818,386.0,,,,,,
archive-10,full55,nq_128k,abl 1 · bare query map prompt,historical,,,,,,subspan_em,43.64,,55,2495.7636363636366,137267,3.354181818181818,,,,,,,
archive-11,full55,hotpotqa_128k,abl 1 · bare query map prompt,historical,,,,,,subspan_em,25.45,,55,3423.2545454545457,188279,5.7459999999999996,,,,,,,
archive-12,full55,nq_128k,abl 2 · one merged map call,historical,,,,,,subspan_em,54.55,,55,2192.9454545454546,120612,2.0856363636363637,,,,,,,
archive-13,full55,hotpotqa_128k,abl 2 · one merged map call,historical,,,,,,subspan_em,40.0,,55,2935.8727272727274,161473,2.409272727272727,,,,,,,
archive-14,hardslice,nq_128k,A · agentic · str.find,historical,,,,,,subspan_em,27.27,,22,9480.40909090909,208569,20.644545454545455,,,,,,,
archive-15,hardslice,hotpotqa_128k,A · agentic · str.find,historical,,,,,,subspan_em,41.38,,29,6552.896551724138,190034,17.830000000000002,,,,,,,
archive-16,hardslice,nq_128k,B · agentic · search_k=5,historical,,,,,,subspan_em,4.55,,22,19194.727272727272,422284,8.023181818181818,,,,,,,
archive-17,hardslice,hotpotqa_128k,B · agentic · search_k=5,historical,,,,,,subspan_em,3.45,,29,20855.689655172413,604815,8.23103448275862,,,,,,,
archive-18,hardslice,nq_128k,B′ rev2 · structured · BM25,historical,,,,,,subspan_em,36.36,,22,2584.909090909091,56868,4.13909090909091,,,,,,,
archive-19,hardslice,hotpotqa_128k,B′ rev2 · structured · BM25,historical,,,,,,subspan_em,31.03,,29,3690.0689655172414,107012,9.484827586206897,,,,,,,
archive-20,hardslice,nq_128k,C rev1 · structured · selector,historical,,,,,,subspan_em,68.17999999999999,9.1,22,1515.1818181818182,33334,7.128181818181818,,,,,,,
archive-21,hardslice,hotpotqa_128k,C rev1 · structured · selector,historical,,,,,,subspan_em,48.28,6.9,29,2280.551724137931,66136,10.224827586206896,,,,,,,
archive-22,hardslice,nq_128k,C rev2 · structured · selector,historical,,,,,,subspan_em,63.63999999999999,40.9,22,1328.5,29227,5.595,325.0,,,,,,
archive-23,hardslice,hotpotqa_128k,C rev2 · structured · selector,historical,,,,,,subspan_em,34.48,17.2,29,2263.9655172413795,65655,11.673103448275862,456.0,,,,,,
archive-24,rev2_2x2,pooled_n110,cluster off · shape offer (B′ rev1),historical,,,,,,subspan_em,43.64,26.36,110,3662.4363636363637,402868,7.566818181818182,,,,,,,
archive-25,rev2_2x2,pooled_n110,cluster off · shape require (abl 5),historical,,,,,,subspan_em,40.0,30.91,110,3710.3454545454547,408138,7.351181818181818,,,,,,,
archive-26,rev2_2x2,pooled_n110,cluster on · shape offer (abl 3),historical,,,,,,subspan_em,47.27,10.91,110,3136.6545454545453,345032,5.918181818181818,,,,,,,
archive-27,rev2_2x2,pooled_n110,cluster on · shape require (B′ rev2),historical,,,,,,subspan_em,43.64,30.0,110,3166.1545454545453,348277,7.317909090909091,,,,,,,
archive-28,transfer,pooled_n51,C · structured · selector chunks,historical,,,,,,subspan_em,47.06,27.450000000000003,51,1860.4313725490197,94882,9.051176470588235,400.0,,,,,,
archive-29,transfer,pooled_n51,A · agentic · no chunks,historical,,,,,,subspan_em,35.29,,51,7815.745098039216,398603,19.044117647058822,,,,,,,
archive-30,transfer,pooled_n51,4c · agentic · frozen BM25,historical,,,,,,subspan_em,27.450000000000003,23.53,51,8976.823529411764,457818,5.113921568627451,1971.0,,,,,,
archive-31,transfer,pooled_n51,4 · agentic · selector chunks,historical,,,,,,subspan_em,15.690000000000001,5.88,51,82146.07843137255,4189450,26.954705882352943,5166.0,,,,,,
archive-32,transfer,pooled_n51,4c capped · agentic · frozen BM25,historical,,,,,,subspan_em,35.29,29.409999999999997,51,11421.21568627451,582482,6.020980392156862,2184.0,,,,,,
archive-33,transfer,pooled_n51,4 capped · agentic · selector chunks,historical,,,,,,subspan_em,23.53,11.76,51,67608.60784313726,3448039,22.607058823529414,5284.0,,,,,,
